#pragma once
// GERADO por tools/bin2header.py — NAO editar a mao.
#include <cstddef>
static const unsigned char bl_cheatbridge_dex[] = {
    0x64, 0x65, 0x78, 0x0a, 0x30, 0x33, 0x38, 0x00, 0x1f, 0x7c, 0xb4, 0x02,
    0xf5, 0x12, 0x2d, 0xfc, 0x07, 0x73, 0x01, 0x33, 0xa6, 0xf0, 0xca, 0x9d,
    0x80, 0x20, 0xb3, 0x64, 0xf8, 0xfc, 0xc4, 0x85, 0x90, 0xe9, 0x00, 0x00,
    0x70, 0x00, 0x00, 0x00, 0x78, 0x56, 0x34, 0x12, 0x00, 0x00, 0x00, 0x00,
    0x00, 0x00, 0x00, 0x00, 0xc0, 0xe8, 0x00, 0x00, 0x1d, 0x04, 0x00, 0x00,
    0x70, 0x00, 0x00, 0x00, 0x90, 0x00, 0x00, 0x00, 0xe4, 0x10, 0x00, 0x00,
    0xc2, 0x00, 0x00, 0x00, 0x24, 0x13, 0x00, 0x00, 0xff, 0x00, 0x00, 0x00,
    0x3c, 0x1c, 0x00, 0x00, 0xe6, 0x01, 0x00, 0x00, 0x34, 0x24, 0x00, 0x00,
    0x26, 0x00, 0x00, 0x00, 0x64, 0x33, 0x00, 0x00, 0x6c, 0xb1, 0x00, 0x00,
    0x24, 0x38, 0x00, 0x00, 0xa6, 0xa0, 0x00, 0x00, 0xa8, 0xa0, 0x00, 0x00,
    0xac, 0xa0, 0x00, 0x00, 0xb2, 0xa0, 0x00, 0x00, 0xb9, 0xa0, 0x00, 0x00,
    0xc0, 0xa0, 0x00, 0x00, 0xc8, 0xa0, 0x00, 0x00, 0xce, 0xa0, 0x00, 0x00,
    0xd9, 0xa0, 0x00, 0x00, 0xe0, 0xa0, 0x00, 0x00, 0xe8, 0xa0, 0x00, 0x00,
    0xf2, 0xa0, 0x00, 0x00, 0xf8, 0xa0, 0x00, 0x00, 0xff, 0xa0, 0x00, 0x00,
    0x04, 0xa1, 0x00, 0x00, 0x15, 0xa1, 0x00, 0x00, 0x1e, 0xa1, 0x00, 0x00,
    0x3f, 0xa1, 0x00, 0x00, 0x43, 0xa1, 0x00, 0x00, 0x46, 0xa1, 0x00, 0x00,
    0x49, 0xa1, 0x00, 0x00, 0x4e, 0xa1, 0x00, 0x00, 0x54, 0xa1, 0x00, 0x00,
    0x5e, 0xa1, 0x00, 0x00, 0x67, 0xa1, 0x00, 0x00, 0x71, 0xa1, 0x00, 0x00,
    0x79, 0xa1, 0x00, 0x00, 0x7d, 0xa1, 0x00, 0x00, 0x83, 0xa1, 0x00, 0x00,
    0x89, 0xa1, 0x00, 0x00, 0x8f, 0xa1, 0x00, 0x00, 0xa0, 0xa1, 0x00, 0x00,
    0xad, 0xa1, 0x00, 0x00, 0xb4, 0xa1, 0x00, 0x00, 0xc3, 0xa1, 0x00, 0x00,
    0xd0, 0xa1, 0x00, 0x00, 0xda, 0xa1, 0x00, 0x00, 0xe5, 0xa1, 0x00, 0x00,
    0xf0, 0xa1, 0x00, 0x00, 0xf9, 0xa1, 0x00, 0x00, 0x00, 0xa2, 0x00, 0x00,
    0x0b, 0xa2, 0x00, 0x00, 0x1a, 0xa2, 0x00, 0x00, 0x2a, 0xa2, 0x00, 0x00,
    0x30, 0xa2, 0x00, 0x00, 0x3a, 0xa2, 0x00, 0x00, 0x44, 0xa2, 0x00, 0x00,
    0x4a, 0xa2, 0x00, 0x00, 0x51, 0xa2, 0x00, 0x00, 0x63, 0xa2, 0x00, 0x00,
    0x71, 0xa2, 0x00, 0x00, 0x7e, 0xa2, 0x00, 0x00, 0x85, 0xa2, 0x00, 0x00,
    0x95, 0xa2, 0x00, 0x00, 0xa1, 0xa2, 0x00, 0x00, 0xa9, 0xa2, 0x00, 0x00,
    0xbb, 0xa2, 0x00, 0x00, 0xcc, 0xa2, 0x00, 0x00, 0xd3, 0xa2, 0x00, 0x00,
    0xe4, 0xa2, 0x00, 0x00, 0xeb, 0xa2, 0x00, 0x00, 0xf8, 0xa2, 0x00, 0x00,
    0x0f, 0xa3, 0x00, 0x00, 0x1c, 0xa3, 0x00, 0x00, 0x1f, 0xa3, 0x00, 0x00,
    0x2e, 0xa3, 0x00, 0x00, 0x32, 0xa3, 0x00, 0x00, 0x40, 0xa3, 0x00, 0x00,
    0x49, 0xa3, 0x00, 0x00, 0x53, 0xa3, 0x00, 0x00, 0x5d, 0xa3, 0x00, 0x00,
    0x67, 0xa3, 0x00, 0x00, 0x71, 0xa3, 0x00, 0x00, 0x7b, 0xa3, 0x00, 0x00,
    0x86, 0xa3, 0x00, 0x00, 0x91, 0xa3, 0x00, 0x00, 0x9c, 0xa3, 0x00, 0x00,
    0xa5, 0xa3, 0x00, 0x00, 0xae, 0xa3, 0x00, 0x00, 0xb5, 0xa3, 0x00, 0x00,
    0xcf, 0xa3, 0x00, 0x00, 0xda, 0xa3, 0x00, 0x00, 0xe3, 0xa3, 0x00, 0x00,
    0xee, 0xa3, 0x00, 0x00, 0xf7, 0xa3, 0x00, 0x00, 0x01, 0xa4, 0x00, 0x00,
    0x15, 0xa4, 0x00, 0x00, 0x27, 0xa4, 0x00, 0x00, 0x37, 0xa4, 0x00, 0x00,
    0x3f, 0xa4, 0x00, 0x00, 0x49, 0xa4, 0x00, 0x00, 0x50, 0xa4, 0x00, 0x00,
    0x5a, 0xa4, 0x00, 0x00, 0x65, 0xa4, 0x00, 0x00, 0x89, 0xa4, 0x00, 0x00,
    0x93, 0xa4, 0x00, 0x00, 0xa0, 0xa4, 0x00, 0x00, 0xa8, 0xa4, 0x00, 0x00,
    0xc7, 0xa4, 0x00, 0x00, 0xcf, 0xa4, 0x00, 0x00, 0xde, 0xa4, 0x00, 0x00,
    0xf8, 0xa4, 0x00, 0x00, 0x03, 0xa5, 0x00, 0x00, 0x0d, 0xa5, 0x00, 0x00,
    0x13, 0xa5, 0x00, 0x00, 0x1f, 0xa5, 0x00, 0x00, 0x22, 0xa5, 0x00, 0x00,
    0x26, 0xa5, 0x00, 0x00, 0x2f, 0xa5, 0x00, 0x00, 0x3b, 0xa5, 0x00, 0x00,
    0x44, 0xa5, 0x00, 0x00, 0x4f, 0xa5, 0x00, 0x00, 0x5a, 0xa5, 0x00, 0x00,
    0x69, 0xa5, 0x00, 0x00, 0x7e, 0xa5, 0x00, 0x00, 0x8b, 0xa5, 0x00, 0x00,
    0x9b, 0xa5, 0x00, 0x00, 0xa8, 0xa5, 0x00, 0x00, 0xaf, 0xa5, 0x00, 0x00,
    0xbd, 0xa5, 0x00, 0x00, 0xc9, 0xa5, 0x00, 0x00, 0xda, 0xa5, 0x00, 0x00,
    0xf4, 0xa5, 0x00, 0x00, 0xfd, 0xa5, 0x00, 0x00, 0x06, 0xa6, 0x00, 0x00,
    0x16, 0xa6, 0x00, 0x00, 0x20, 0xa6, 0x00, 0x00, 0x2b, 0xa6, 0x00, 0x00,
    0x36, 0xa6, 0x00, 0x00, 0x3e, 0xa6, 0x00, 0x00, 0x41, 0xa6, 0x00, 0x00,
    0x45, 0xa6, 0x00, 0x00, 0x4a, 0xa6, 0x00, 0x00, 0x4e, 0xa6, 0x00, 0x00,
    0x54, 0xa6, 0x00, 0x00, 0x60, 0xa6, 0x00, 0x00, 0x64, 0xa6, 0x00, 0x00,
    0x6d, 0xa6, 0x00, 0x00, 0x7c, 0xa6, 0x00, 0x00, 0x84, 0xa6, 0x00, 0x00,
    0x8d, 0xa6, 0x00, 0x00, 0x97, 0xa6, 0x00, 0x00, 0xa0, 0xa6, 0x00, 0x00,
    0xa8, 0xa6, 0x00, 0x00, 0xb5, 0xa6, 0x00, 0x00, 0xd7, 0xa6, 0x00, 0x00,
    0xe0, 0xa6, 0x00, 0x00, 0xea, 0xa6, 0x00, 0x00, 0xf8, 0xa6, 0x00, 0x00,
    0xff, 0xa6, 0x00, 0x00, 0x08, 0xa7, 0x00, 0x00, 0x1a, 0xa7, 0x00, 0x00,
    0x25, 0xa7, 0x00, 0x00, 0x35, 0xa7, 0x00, 0x00, 0x3c, 0xa7, 0x00, 0x00,
    0x47, 0xa7, 0x00, 0x00, 0x50, 0xa7, 0x00, 0x00, 0x57, 0xa7, 0x00, 0x00,
    0x73, 0xa7, 0x00, 0x00, 0x84, 0xa7, 0x00, 0x00, 0x8b, 0xa7, 0x00, 0x00,
    0x9a, 0xa7, 0x00, 0x00, 0xa4, 0xa7, 0x00, 0x00, 0xaa, 0xa7, 0x00, 0x00,
    0xb4, 0xa7, 0x00, 0x00, 0xbc, 0xa7, 0x00, 0x00, 0xbf, 0xa7, 0x00, 0x00,
    0xc3, 0xa7, 0x00, 0x00, 0xc7, 0xa7, 0x00, 0x00, 0xcd, 0xa7, 0x00, 0x00,
    0xd1, 0xa7, 0x00, 0x00, 0xd6, 0xa7, 0x00, 0x00, 0xda, 0xa7, 0x00, 0x00,
    0xdf, 0xa7, 0x00, 0x00, 0xe4, 0xa7, 0x00, 0x00, 0xe9, 0xa7, 0x00, 0x00,
    0xef, 0xa7, 0x00, 0x00, 0xf4, 0xa7, 0x00, 0x00, 0xfd, 0xa7, 0x00, 0x00,
    0x03, 0xa8, 0x00, 0x00, 0x0a, 0xa8, 0x00, 0x00, 0x22, 0xa8, 0x00, 0x00,
    0x2b, 0xa8, 0x00, 0x00, 0x3e, 0xa8, 0x00, 0x00, 0x60, 0xa8, 0x00, 0x00,
    0x69, 0xa8, 0x00, 0x00, 0x76, 0xa8, 0x00, 0x00, 0x90, 0xa8, 0x00, 0x00,
    0xa8, 0xa8, 0x00, 0x00, 0xb0, 0xa8, 0x00, 0x00, 0xb7, 0xa8, 0x00, 0x00,
    0xba, 0xa8, 0x00, 0x00, 0xbe, 0xa8, 0x00, 0x00, 0xc7, 0xa8, 0x00, 0x00,
    0xca, 0xa8, 0x00, 0x00, 0xce, 0xa8, 0x00, 0x00, 0xd2, 0xa8, 0x00, 0x00,
    0xd7, 0xa8, 0x00, 0x00, 0xdd, 0xa8, 0x00, 0x00, 0xe1, 0xa8, 0x00, 0x00,
    0xe5, 0xa8, 0x00, 0x00, 0xea, 0xa8, 0x00, 0x00, 0xf0, 0xa8, 0x00, 0x00,
    0xf7, 0xa8, 0x00, 0x00, 0xff, 0xa8, 0x00, 0x00, 0x05, 0xa9, 0x00, 0x00,
    0x0d, 0xa9, 0x00, 0x00, 0x12, 0xa9, 0x00, 0x00, 0x18, 0xa9, 0x00, 0x00,
    0x1f, 0xa9, 0x00, 0x00, 0x25, 0xa9, 0x00, 0x00, 0x2c, 0xa9, 0x00, 0x00,
    0x34, 0xa9, 0x00, 0x00, 0x3a, 0xa9, 0x00, 0x00, 0x43, 0xa9, 0x00, 0x00,
    0x4a, 0xa9, 0x00, 0x00, 0x53, 0xa9, 0x00, 0x00, 0x66, 0xa9, 0x00, 0x00,
    0x7e, 0xa9, 0x00, 0x00, 0xa1, 0xa9, 0x00, 0x00, 0xbc, 0xa9, 0x00, 0x00,
    0xd8, 0xa9, 0x00, 0x00, 0xfc, 0xa9, 0x00, 0x00, 0x17, 0xaa, 0x00, 0x00,
    0x4a, 0xaa, 0x00, 0x00, 0x76, 0xaa, 0x00, 0x00, 0x9b, 0xaa, 0x00, 0x00,
    0xbf, 0xaa, 0x00, 0x00, 0xe0, 0xaa, 0x00, 0x00, 0xfb, 0xaa, 0x00, 0x00,
    0x25, 0xab, 0x00, 0x00, 0x47, 0xab, 0x00, 0x00, 0x62, 0xab, 0x00, 0x00,
    0x81, 0xab, 0x00, 0x00, 0xa1, 0xab, 0x00, 0x00, 0xbb, 0xab, 0x00, 0x00,
    0xd4, 0xab, 0x00, 0x00, 0xf1, 0xab, 0x00, 0x00, 0x1d, 0xac, 0x00, 0x00,
    0x48, 0xac, 0x00, 0x00, 0x6e, 0xac, 0x00, 0x00, 0x9c, 0xac, 0x00, 0x00,
    0xb2, 0xac, 0x00, 0x00, 0xc7, 0xac, 0x00, 0x00, 0xdd, 0xac, 0x00, 0x00,
    0xf7, 0xac, 0x00, 0x00, 0x10, 0xad, 0x00, 0x00, 0x27, 0xad, 0x00, 0x00,
    0x41, 0xad, 0x00, 0x00, 0x5d, 0xad, 0x00, 0x00, 0x7c, 0xad, 0x00, 0x00,
    0x90, 0xad, 0x00, 0x00, 0xac, 0xad, 0x00, 0x00, 0xd1, 0xad, 0x00, 0x00,
    0xf6, 0xad, 0x00, 0x00, 0x0b, 0xae, 0x00, 0x00, 0x2d, 0xae, 0x00, 0x00,
    0x54, 0xae, 0x00, 0x00, 0x6e, 0xae, 0x00, 0x00, 0x89, 0xae, 0x00, 0x00,
    0xa7, 0xae, 0x00, 0x00, 0xc0, 0xae, 0x00, 0x00, 0xdb, 0xae, 0x00, 0x00,
    0x06, 0xaf, 0x00, 0x00, 0x24, 0xaf, 0x00, 0x00, 0x4a, 0xaf, 0x00, 0x00,
    0x66, 0xaf, 0x00, 0x00, 0x92, 0xaf, 0x00, 0x00, 0xb1, 0xaf, 0x00, 0x00,
    0xcf, 0xaf, 0x00, 0x00, 0xea, 0xaf, 0x00, 0x00, 0x07, 0xb0, 0x00, 0x00,
    0x22, 0xb0, 0x00, 0x00, 0x3a, 0xb0, 0x00, 0x00, 0x4b, 0xb0, 0x00, 0x00,
    0x54, 0xb0, 0x00, 0x00, 0x6d, 0xb0, 0x00, 0x00, 0x85, 0xb0, 0x00, 0x00,
    0x9d, 0xb0, 0x00, 0x00, 0xb5, 0xb0, 0x00, 0x00, 0xcd, 0xb0, 0x00, 0x00,
    0xe7, 0xb0, 0x00, 0x00, 0xff, 0xb0, 0x00, 0x00, 0x17, 0xb1, 0x00, 0x00,
    0x2f, 0xb1, 0x00, 0x00, 0x49, 0xb1, 0x00, 0x00, 0x61, 0xb1, 0x00, 0x00,
    0x79, 0xb1, 0x00, 0x00, 0x91, 0xb1, 0x00, 0x00, 0xa8, 0xb1, 0x00, 0x00,
    0xc0, 0xb1, 0x00, 0x00, 0xd8, 0xb1, 0x00, 0x00, 0xf0, 0xb1, 0x00, 0x00,
    0x08, 0xb2, 0x00, 0x00, 0x1f, 0xb2, 0x00, 0x00, 0x38, 0xb2, 0x00, 0x00,
    0x4f, 0xb2, 0x00, 0x00, 0x66, 0xb2, 0x00, 0x00, 0x7d, 0xb2, 0x00, 0x00,
    0x94, 0xb2, 0x00, 0x00, 0xab, 0xb2, 0x00, 0x00, 0xc2, 0xb2, 0x00, 0x00,
    0xdb, 0xb2, 0x00, 0x00, 0xf2, 0xb2, 0x00, 0x00, 0x0f, 0xb3, 0x00, 0x00,
    0x30, 0xb3, 0x00, 0x00, 0x52, 0xb3, 0x00, 0x00, 0x76, 0xb3, 0x00, 0x00,
    0x91, 0xb3, 0x00, 0x00, 0xaf, 0xb3, 0x00, 0x00, 0xcc, 0xb3, 0x00, 0x00,
    0xeb, 0xb3, 0x00, 0x00, 0x00, 0xb4, 0x00, 0x00, 0x13, 0xb4, 0x00, 0x00,
    0x37, 0xb4, 0x00, 0x00, 0x5c, 0xb4, 0x00, 0x00, 0x7c, 0xb4, 0x00, 0x00,
    0x9f, 0xb4, 0x00, 0x00, 0xc5, 0xb4, 0x00, 0x00, 0xe4, 0xb4, 0x00, 0x00,
    0x11, 0xb5, 0x00, 0x00, 0x2c, 0xb5, 0x00, 0x00, 0x34, 0xb5, 0x00, 0x00,
    0x48, 0xb5, 0x00, 0x00, 0x5f, 0xb5, 0x00, 0x00, 0x79, 0xb5, 0x00, 0x00,
    0x90, 0xb5, 0x00, 0x00, 0xa5, 0xb5, 0x00, 0x00, 0xc7, 0xb5, 0x00, 0x00,
    0xd9, 0xb5, 0x00, 0x00, 0xfc, 0xb5, 0x00, 0x00, 0x10, 0xb6, 0x00, 0x00,
    0x26, 0xb6, 0x00, 0x00, 0x3a, 0xb6, 0x00, 0x00, 0x55, 0xb6, 0x00, 0x00,
    0x69, 0xb6, 0x00, 0x00, 0x86, 0xb6, 0x00, 0x00, 0x9e, 0xb6, 0x00, 0x00,
    0xb5, 0xb6, 0x00, 0x00, 0xcc, 0xb6, 0x00, 0x00, 0xe0, 0xb6, 0x00, 0x00,
    0xf8, 0xb6, 0x00, 0x00, 0x11, 0xb7, 0x00, 0x00, 0x26, 0xb7, 0x00, 0x00,
    0x3b, 0xb7, 0x00, 0x00, 0x51, 0xb7, 0x00, 0x00, 0x6c, 0xb7, 0x00, 0x00,
    0x87, 0xb7, 0x00, 0x00, 0x9b, 0xb7, 0x00, 0x00, 0xb2, 0xb7, 0x00, 0x00,
    0xc9, 0xb7, 0x00, 0x00, 0xda, 0xb7, 0x00, 0x00, 0xeb, 0xb7, 0x00, 0x00,
    0xfc, 0xb7, 0x00, 0x00, 0x0d, 0xb8, 0x00, 0x00, 0x37, 0xb8, 0x00, 0x00,
    0x63, 0xb8, 0x00, 0x00, 0x8f, 0xb8, 0x00, 0x00, 0x9a, 0xb8, 0x00, 0x00,
    0xa7, 0xb8, 0x00, 0x00, 0xb5, 0xb8, 0x00, 0x00, 0xbf, 0xb8, 0x00, 0x00,
    0xc8, 0xb8, 0x00, 0x00, 0xd0, 0xb8, 0x00, 0x00, 0xd6, 0xb8, 0x00, 0x00,
    0xe2, 0xb8, 0x00, 0x00, 0xee, 0xb8, 0x00, 0x00, 0xf5, 0xb8, 0x00, 0x00,
    0xff, 0xb8, 0x00, 0x00, 0x06, 0xb9, 0x00, 0x00, 0x25, 0xb9, 0x00, 0x00,
    0x2b, 0xb9, 0x00, 0x00, 0x31, 0xb9, 0x00, 0x00, 0x40, 0xb9, 0x00, 0x00,
    0x53, 0xb9, 0x00, 0x00, 0x5d, 0xb9, 0x00, 0x00, 0x68, 0xb9, 0x00, 0x00,
    0x72, 0xb9, 0x00, 0x00, 0x7a, 0xb9, 0x00, 0x00, 0x86, 0xb9, 0x00, 0x00,
    0x90, 0xb9, 0x00, 0x00, 0x98, 0xb9, 0x00, 0x00, 0xa0, 0xb9, 0x00, 0x00,
    0xb3, 0xb9, 0x00, 0x00, 0xcf, 0xb9, 0x00, 0x00, 0xd9, 0xb9, 0x00, 0x00,
    0xe3, 0xb9, 0x00, 0x00, 0xee, 0xb9, 0x00, 0x00, 0xf9, 0xb9, 0x00, 0x00,
    0x02, 0xba, 0x00, 0x00, 0x19, 0xba, 0x00, 0x00, 0x24, 0xba, 0x00, 0x00,
    0x34, 0xba, 0x00, 0x00, 0x47, 0xba, 0x00, 0x00, 0x4c, 0xba, 0x00, 0x00,
    0x51, 0xba, 0x00, 0x00, 0x57, 0xba, 0x00, 0x00, 0x61, 0xba, 0x00, 0x00,
    0x72, 0xba, 0x00, 0x00, 0x7f, 0xba, 0x00, 0x00, 0x8c, 0xba, 0x00, 0x00,
    0x97, 0xba, 0x00, 0x00, 0xa1, 0xba, 0x00, 0x00, 0xa7, 0xba, 0x00, 0x00,
    0xb7, 0xba, 0x00, 0x00, 0xc2, 0xba, 0x00, 0x00, 0xd1, 0xba, 0x00, 0x00,
    0xe5, 0xba, 0x00, 0x00, 0xf7, 0xba, 0x00, 0x00, 0x0a, 0xbb, 0x00, 0x00,
    0x2b, 0xbb, 0x00, 0x00, 0x32, 0xbb, 0x00, 0x00, 0x3e, 0xbb, 0x00, 0x00,
    0x46, 0xbb, 0x00, 0x00, 0x4d, 0xbb, 0x00, 0x00, 0x5b, 0xbb, 0x00, 0x00,
    0xb4, 0xbb, 0x00, 0x00, 0xcd, 0xbb, 0x00, 0x00, 0xd1, 0xbb, 0x00, 0x00,
    0xda, 0xbb, 0x00, 0x00, 0xea, 0xbb, 0x00, 0x00, 0xfb, 0xbb, 0x00, 0x00,
    0x09, 0xbc, 0x00, 0x00, 0x11, 0xbc, 0x00, 0x00, 0x19, 0xbc, 0x00, 0x00,
    0x20, 0xbc, 0x00, 0x00, 0x2c, 0xbc, 0x00, 0x00, 0x37, 0xbc, 0x00, 0x00,
    0x40, 0xbc, 0x00, 0x00, 0x47, 0xbc, 0x00, 0x00, 0x53, 0xbc, 0x00, 0x00,
    0x5f, 0xbc, 0x00, 0x00, 0x6d, 0xbc, 0x00, 0x00, 0x79, 0xbc, 0x00, 0x00,
    0x86, 0xbc, 0x00, 0x00, 0x8d, 0xbc, 0x00, 0x00, 0x9b, 0xbc, 0x00, 0x00,
    0xa7, 0xbc, 0x00, 0x00, 0xb4, 0xbc, 0x00, 0x00, 0xc0, 0xbc, 0x00, 0x00,
    0xcf, 0xbc, 0x00, 0x00, 0xd8, 0xbc, 0x00, 0x00, 0xdf, 0xbc, 0x00, 0x00,
    0xea, 0xbc, 0x00, 0x00, 0xf4, 0xbc, 0x00, 0x00, 0x02, 0xbd, 0x00, 0x00,
    0x19, 0xbd, 0x00, 0x00, 0x24, 0xbd, 0x00, 0x00, 0x2b, 0xbd, 0x00, 0x00,
    0x33, 0xbd, 0x00, 0x00, 0x3b, 0xbd, 0x00, 0x00, 0x45, 0xbd, 0x00, 0x00,
    0x55, 0xbd, 0x00, 0x00, 0x68, 0xbd, 0x00, 0x00, 0x72, 0xbd, 0x00, 0x00,
    0x90, 0xbd, 0x00, 0x00, 0x9f, 0xbd, 0x00, 0x00, 0xa5, 0xbd, 0x00, 0x00,
    0xac, 0xbd, 0x00, 0x00, 0xba, 0xbd, 0x00, 0x00, 0xc2, 0xbd, 0x00, 0x00,
    0xc9, 0xbd, 0x00, 0x00, 0xd4, 0xbd, 0x00, 0x00, 0xdf, 0xbd, 0x00, 0x00,
    0xed, 0xbd, 0x00, 0x00, 0xfe, 0xbd, 0x00, 0x00, 0x08, 0xbe, 0x00, 0x00,
    0x11, 0xbe, 0x00, 0x00, 0x18, 0xbe, 0x00, 0x00, 0x29, 0xbe, 0x00, 0x00,
    0x33, 0xbe, 0x00, 0x00, 0x3c, 0xbe, 0x00, 0x00, 0x46, 0xbe, 0x00, 0x00,
    0x4f, 0xbe, 0x00, 0x00, 0x57, 0xbe, 0x00, 0x00, 0x62, 0xbe, 0x00, 0x00,
    0x6b, 0xbe, 0x00, 0x00, 0x86, 0xbe, 0x00, 0x00, 0x94, 0xbe, 0x00, 0x00,
    0xa3, 0xbe, 0x00, 0x00, 0xaf, 0xbe, 0x00, 0x00, 0xba, 0xbe, 0x00, 0x00,
    0xcb, 0xbe, 0x00, 0x00, 0xd7, 0xbe, 0x00, 0x00, 0xe3, 0xbe, 0x00, 0x00,
    0xf0, 0xbe, 0x00, 0x00, 0xfb, 0xbe, 0x00, 0x00, 0x07, 0xbf, 0x00, 0x00,
    0x19, 0xbf, 0x00, 0x00, 0x27, 0xbf, 0x00, 0x00, 0x33, 0xbf, 0x00, 0x00,
    0x42, 0xbf, 0x00, 0x00, 0x4d, 0xbf, 0x00, 0x00, 0x58, 0xbf, 0x00, 0x00,
    0x65, 0xbf, 0x00, 0x00, 0x72, 0xbf, 0x00, 0x00, 0x85, 0xbf, 0x00, 0x00,
    0x91, 0xbf, 0x00, 0x00, 0xa4, 0xbf, 0x00, 0x00, 0xac, 0xbf, 0x00, 0x00,
    0xc7, 0xbf, 0x00, 0x00, 0xce, 0xbf, 0x00, 0x00, 0xde, 0xbf, 0x00, 0x00,
    0xfa, 0xbf, 0x00, 0x00, 0x01, 0xc0, 0x00, 0x00, 0x0d, 0xc0, 0x00, 0x00,
    0x19, 0xc0, 0x00, 0x00, 0x1c, 0xc0, 0x00, 0x00, 0x20, 0xc0, 0x00, 0x00,
    0x2a, 0xc0, 0x00, 0x00, 0x32, 0xc0, 0x00, 0x00, 0x36, 0xc0, 0x00, 0x00,
    0x3b, 0xc0, 0x00, 0x00, 0x41, 0xc0, 0x00, 0x00, 0x46, 0xc0, 0x00, 0x00,
    0x4c, 0xc0, 0x00, 0x00, 0x53, 0xc0, 0x00, 0x00, 0x5a, 0xc0, 0x00, 0x00,
    0x62, 0xc0, 0x00, 0x00, 0x66, 0xc0, 0x00, 0x00, 0x6a, 0xc0, 0x00, 0x00,
    0x71, 0xc0, 0x00, 0x00, 0x76, 0xc0, 0x00, 0x00, 0x7c, 0xc0, 0x00, 0x00,
    0x83, 0xc0, 0x00, 0x00, 0x89, 0xc0, 0x00, 0x00, 0x8e, 0xc0, 0x00, 0x00,
    0x94, 0xc0, 0x00, 0x00, 0x9a, 0xc0, 0x00, 0x00, 0xa1, 0xc0, 0x00, 0x00,
    0xad, 0xc0, 0x00, 0x00, 0xb5, 0xc0, 0x00, 0x00, 0xbb, 0xc0, 0x00, 0x00,
    0xc2, 0xc0, 0x00, 0x00, 0xc9, 0xc0, 0x00, 0x00, 0xd1, 0xc0, 0x00, 0x00,
    0xd9, 0xc0, 0x00, 0x00, 0xdd, 0xc0, 0x00, 0x00, 0xe6, 0xc0, 0x00, 0x00,
    0xf6, 0xc0, 0x00, 0x00, 0x09, 0xc1, 0x00, 0x00, 0x1d, 0xc1, 0x00, 0x00,
    0x27, 0xc1, 0x00, 0x00, 0x2e, 0xc1, 0x00, 0x00, 0x35, 0xc1, 0x00, 0x00,
    0x43, 0xc1, 0x00, 0x00, 0x5c, 0xc1, 0x00, 0x00, 0x62, 0xc1, 0x00, 0x00,
    0x6a, 0xc1, 0x00, 0x00, 0x79, 0xc1, 0x00, 0x00, 0x7c, 0xc1, 0x00, 0x00,
    0x80, 0xc1, 0x00, 0x00, 0x84, 0xc1, 0x00, 0x00, 0x89, 0xc1, 0x00, 0x00,
    0x8e, 0xc1, 0x00, 0x00, 0x92, 0xc1, 0x00, 0x00, 0x99, 0xc1, 0x00, 0x00,
    0x9d, 0xc1, 0x00, 0x00, 0xa1, 0xc1, 0x00, 0x00, 0xb7, 0xc1, 0x00, 0x00,
    0xd5, 0xc1, 0x00, 0x00, 0xea, 0xc1, 0x00, 0x00, 0x01, 0xc2, 0x00, 0x00,
    0x16, 0xc2, 0x00, 0x00, 0x1b, 0xc2, 0x00, 0x00, 0x31, 0xc2, 0x00, 0x00,
    0x37, 0xc2, 0x00, 0x00, 0x3c, 0xc2, 0x00, 0x00, 0x48, 0xc2, 0x00, 0x00,
    0x54, 0xc2, 0x00, 0x00, 0x61, 0xc2, 0x00, 0x00, 0x6d, 0xc2, 0x00, 0x00,
    0x7a, 0xc2, 0x00, 0x00, 0x87, 0xc2, 0x00, 0x00, 0x94, 0xc2, 0x00, 0x00,
    0xa1, 0xc2, 0x00, 0x00, 0xae, 0xc2, 0x00, 0x00, 0xbb, 0xc2, 0x00, 0x00,
    0xc8, 0xc2, 0x00, 0x00, 0xd5, 0xc2, 0x00, 0x00, 0xe2, 0xc2, 0x00, 0x00,
    0xef, 0xc2, 0x00, 0x00, 0xfb, 0xc2, 0x00, 0x00, 0x08, 0xc3, 0x00, 0x00,
    0x15, 0xc3, 0x00, 0x00, 0x22, 0xc3, 0x00, 0x00, 0x2f, 0xc3, 0x00, 0x00,
    0x3c, 0xc3, 0x00, 0x00, 0x49, 0xc3, 0x00, 0x00, 0x56, 0xc3, 0x00, 0x00,
    0x63, 0xc3, 0x00, 0x00, 0x6f, 0xc3, 0x00, 0x00, 0x7c, 0xc3, 0x00, 0x00,
    0x89, 0xc3, 0x00, 0x00, 0x96, 0xc3, 0x00, 0x00, 0xa3, 0xc3, 0x00, 0x00,
    0xb0, 0xc3, 0x00, 0x00, 0xbd, 0xc3, 0x00, 0x00, 0xca, 0xc3, 0x00, 0x00,
    0xd7, 0xc3, 0x00, 0x00, 0xe4, 0xc3, 0x00, 0x00, 0xf1, 0xc3, 0x00, 0x00,
    0xfd, 0xc3, 0x00, 0x00, 0x09, 0xc4, 0x00, 0x00, 0x15, 0xc4, 0x00, 0x00,
    0x21, 0xc4, 0x00, 0x00, 0x2d, 0xc4, 0x00, 0x00, 0x3a, 0xc4, 0x00, 0x00,
    0x3f, 0xc4, 0x00, 0x00, 0x47, 0xc4, 0x00, 0x00, 0x54, 0xc4, 0x00, 0x00,
    0x59, 0xc4, 0x00, 0x00, 0x69, 0xc4, 0x00, 0x00, 0x79, 0xc4, 0x00, 0x00,
    0x91, 0xc4, 0x00, 0x00, 0x9a, 0xc4, 0x00, 0x00, 0xac, 0xc4, 0x00, 0x00,
    0xb6, 0xc4, 0x00, 0x00, 0xc0, 0xc4, 0x00, 0x00, 0xc9, 0xc4, 0x00, 0x00,
    0xd1, 0xc4, 0x00, 0x00, 0xd8, 0xc4, 0x00, 0x00, 0xe5, 0xc4, 0x00, 0x00,
    0xf4, 0xc4, 0x00, 0x00, 0xfe, 0xc4, 0x00, 0x00, 0x11, 0xc5, 0x00, 0x00,
    0x19, 0xc5, 0x00, 0x00, 0x21, 0xc5, 0x00, 0x00, 0x2f, 0xc5, 0x00, 0x00,
    0x35, 0xc5, 0x00, 0x00, 0x3c, 0xc5, 0x00, 0x00, 0x43, 0xc5, 0x00, 0x00,
    0x50, 0xc5, 0x00, 0x00, 0x5b, 0xc5, 0x00, 0x00, 0x66, 0xc5, 0x00, 0x00,
    0x72, 0xc5, 0x00, 0x00, 0x80, 0xc5, 0x00, 0x00, 0x8c, 0xc5, 0x00, 0x00,
    0x99, 0xc5, 0x00, 0x00, 0xa4, 0xc5, 0x00, 0x00, 0xb1, 0xc5, 0x00, 0x00,
    0xb8, 0xc5, 0x00, 0x00, 0xc7, 0xc5, 0x00, 0x00, 0xd6, 0xc5, 0x00, 0x00,
    0xe2, 0xc5, 0x00, 0x00, 0xf0, 0xc5, 0x00, 0x00, 0xf9, 0xc5, 0x00, 0x00,
    0x00, 0xc6, 0x00, 0x00, 0x06, 0xc6, 0x00, 0x00, 0x0e, 0xc6, 0x00, 0x00,
    0x18, 0xc6, 0x00, 0x00, 0x1f, 0xc6, 0x00, 0x00, 0x2b, 0xc6, 0x00, 0x00,
    0x32, 0xc6, 0x00, 0x00, 0x3d, 0xc6, 0x00, 0x00, 0x44, 0xc6, 0x00, 0x00,
    0x4e, 0xc6, 0x00, 0x00, 0x5b, 0xc6, 0x00, 0x00, 0x69, 0xc6, 0x00, 0x00,
    0x71, 0xc6, 0x00, 0x00, 0x78, 0xc6, 0x00, 0x00, 0x80, 0xc6, 0x00, 0x00,
    0x8e, 0xc6, 0x00, 0x00, 0x9f, 0xc6, 0x00, 0x00, 0xa7, 0xc6, 0x00, 0x00,
    0xb3, 0xc6, 0x00, 0x00, 0xc3, 0xc6, 0x00, 0x00, 0xd1, 0xc6, 0x00, 0x00,
    0xdd, 0xc6, 0x00, 0x00, 0xe6, 0xc6, 0x00, 0x00, 0xef, 0xc6, 0x00, 0x00,
    0xf5, 0xc6, 0x00, 0x00, 0xfd, 0xc6, 0x00, 0x00, 0x07, 0xc7, 0x00, 0x00,
    0x13, 0xc7, 0x00, 0x00, 0x1d, 0xc7, 0x00, 0x00, 0x2c, 0xc7, 0x00, 0x00,
    0x36, 0xc7, 0x00, 0x00, 0x40, 0xc7, 0x00, 0x00, 0x4d, 0xc7, 0x00, 0x00,
    0x52, 0xc7, 0x00, 0x00, 0x58, 0xc7, 0x00, 0x00, 0x69, 0xc7, 0x00, 0x00,
    0x71, 0xc7, 0x00, 0x00, 0x7b, 0xc7, 0x00, 0x00, 0x85, 0xc7, 0x00, 0x00,
    0x91, 0xc7, 0x00, 0x00, 0x9e, 0xc7, 0x00, 0x00, 0xaf, 0xc7, 0x00, 0x00,
    0xbc, 0xc7, 0x00, 0x00, 0xc2, 0xc7, 0x00, 0x00, 0xd3, 0xc7, 0x00, 0x00,
    0xda, 0xc7, 0x00, 0x00, 0xe4, 0xc7, 0x00, 0x00, 0xf1, 0xc7, 0x00, 0x00,
    0xf6, 0xc7, 0x00, 0x00, 0x01, 0xc8, 0x00, 0x00, 0x12, 0xc8, 0x00, 0x00,
    0x1d, 0xc8, 0x00, 0x00, 0x2a, 0xc8, 0x00, 0x00, 0x35, 0xc8, 0x00, 0x00,
    0x4d, 0xc8, 0x00, 0x00, 0x59, 0xc8, 0x00, 0x00, 0x63, 0xc8, 0x00, 0x00,
    0x78, 0xc8, 0x00, 0x00, 0x8b, 0xc8, 0x00, 0x00, 0x96, 0xc8, 0x00, 0x00,
    0xa5, 0xc8, 0x00, 0x00, 0xad, 0xc8, 0x00, 0x00, 0xb6, 0xc8, 0x00, 0x00,
    0xc1, 0xc8, 0x00, 0x00, 0xcc, 0xc8, 0x00, 0x00, 0xdd, 0xc8, 0x00, 0x00,
    0xeb, 0xc8, 0x00, 0x00, 0xf8, 0xc8, 0x00, 0x00, 0x07, 0xc9, 0x00, 0x00,
    0x17, 0xc9, 0x00, 0x00, 0x21, 0xc9, 0x00, 0x00, 0x2c, 0xc9, 0x00, 0x00,
    0x35, 0xc9, 0x00, 0x00, 0x3e, 0xc9, 0x00, 0x00, 0x4c, 0xc9, 0x00, 0x00,
    0x60, 0xc9, 0x00, 0x00, 0x76, 0xc9, 0x00, 0x00, 0x88, 0xc9, 0x00, 0x00,
    0x90, 0xc9, 0x00, 0x00, 0x99, 0xc9, 0x00, 0x00, 0xa2, 0xc9, 0x00, 0x00,
    0xab, 0xc9, 0x00, 0x00, 0xba, 0xc9, 0x00, 0x00, 0xc4, 0xc9, 0x00, 0x00,
    0xca, 0xc9, 0x00, 0x00, 0xd3, 0xc9, 0x00, 0x00, 0xda, 0xc9, 0x00, 0x00,
    0xe2, 0xc9, 0x00, 0x00, 0xeb, 0xc9, 0x00, 0x00, 0xf3, 0xc9, 0x00, 0x00,
    0x01, 0xca, 0x00, 0x00, 0x0c, 0xca, 0x00, 0x00, 0x0f, 0xca, 0x00, 0x00,
    0x1e, 0xca, 0x00, 0x00, 0x2f, 0xca, 0x00, 0x00, 0x3e, 0xca, 0x00, 0x00,
    0x4d, 0xca, 0x00, 0x00, 0x5c, 0xca, 0x00, 0x00, 0x67, 0xca, 0x00, 0x00,
    0x7a, 0xca, 0x00, 0x00, 0x8d, 0xca, 0x00, 0x00, 0xa0, 0xca, 0x00, 0x00,
    0xb1, 0xca, 0x00, 0x00, 0xbd, 0xca, 0x00, 0x00, 0xc6, 0xca, 0x00, 0x00,
    0xd0, 0xca, 0x00, 0x00, 0xe0, 0xca, 0x00, 0x00, 0xee, 0xca, 0x00, 0x00,
    0xfd, 0xca, 0x00, 0x00, 0x0b, 0xcb, 0x00, 0x00, 0x19, 0xcb, 0x00, 0x00,
    0x27, 0xcb, 0x00, 0x00, 0x36, 0xcb, 0x00, 0x00, 0x48, 0xcb, 0x00, 0x00,
    0x59, 0xcb, 0x00, 0x00, 0x66, 0xcb, 0x00, 0x00, 0x73, 0xcb, 0x00, 0x00,
    0x80, 0xcb, 0x00, 0x00, 0x86, 0xcb, 0x00, 0x00, 0x90, 0xcb, 0x00, 0x00,
    0x9a, 0xcb, 0x00, 0x00, 0xa4, 0xcb, 0x00, 0x00, 0xa9, 0xcb, 0x00, 0x00,
    0xae, 0xcb, 0x00, 0x00, 0xb8, 0xcb, 0x00, 0x00, 0xc1, 0xcb, 0x00, 0x00,
    0xca, 0xcb, 0x00, 0x00, 0xd6, 0xcb, 0x00, 0x00, 0xe0, 0xcb, 0x00, 0x00,
    0xed, 0xcb, 0x00, 0x00, 0xf6, 0xcb, 0x00, 0x00, 0x03, 0xcc, 0x00, 0x00,
    0x0c, 0xcc, 0x00, 0x00, 0x16, 0xcc, 0x00, 0x00, 0x24, 0xcc, 0x00, 0x00,
    0x2b, 0xcc, 0x00, 0x00, 0x36, 0xcc, 0x00, 0x00, 0x41, 0xcc, 0x00, 0x00,
    0x4d, 0xcc, 0x00, 0x00, 0x56, 0xcc, 0x00, 0x00, 0x5d, 0xcc, 0x00, 0x00,
    0x67, 0xcc, 0x00, 0x00, 0x6d, 0xcc, 0x00, 0x00, 0x79, 0xcc, 0x00, 0x00,
    0x81, 0xcc, 0x00, 0x00, 0x8d, 0xcc, 0x00, 0x00, 0x93, 0xcc, 0x00, 0x00,
    0xa1, 0xcc, 0x00, 0x00, 0xae, 0xcc, 0x00, 0x00, 0xb3, 0xcc, 0x00, 0x00,
    0xb8, 0xcc, 0x00, 0x00, 0xc2, 0xcc, 0x00, 0x00, 0xc7, 0xcc, 0x00, 0x00,
    0xd2, 0xcc, 0x00, 0x00, 0xda, 0xcc, 0x00, 0x00, 0x04, 0xcd, 0x00, 0x00,
    0x09, 0xcd, 0x00, 0x00, 0x14, 0xcd, 0x00, 0x00, 0x1e, 0xcd, 0x00, 0x00,
    0x2a, 0xcd, 0x00, 0x00, 0x38, 0xcd, 0x00, 0x00, 0x44, 0xcd, 0x00, 0x00,
    0x4e, 0xcd, 0x00, 0x00, 0x5c, 0xcd, 0x00, 0x00, 0x68, 0xcd, 0x00, 0x00,
    0x75, 0xcd, 0x00, 0x00, 0x86, 0xcd, 0x00, 0x00, 0x98, 0xcd, 0x00, 0x00,
    0xa8, 0xcd, 0x00, 0x00, 0xbb, 0xcd, 0x00, 0x00, 0xcd, 0xcd, 0x00, 0x00,
    0xde, 0xcd, 0x00, 0x00, 0xeb, 0xcd, 0x00, 0x00, 0xf7, 0xcd, 0x00, 0x00,
    0x02, 0xce, 0x00, 0x00, 0x0b, 0xce, 0x00, 0x00, 0x14, 0xce, 0x00, 0x00,
    0x1e, 0xce, 0x00, 0x00, 0x29, 0xce, 0x00, 0x00, 0x38, 0xce, 0x00, 0x00,
    0x4b, 0xce, 0x00, 0x00, 0x5e, 0xce, 0x00, 0x00, 0x70, 0xce, 0x00, 0x00,
    0x7d, 0xce, 0x00, 0x00, 0x83, 0xce, 0x00, 0x00, 0x8b, 0xce, 0x00, 0x00,
    0x96, 0xce, 0x00, 0x00, 0x9d, 0xce, 0x00, 0x00, 0xa4, 0xce, 0x00, 0x00,
    0xb2, 0xce, 0x00, 0x00, 0xc1, 0xce, 0x00, 0x00, 0xc7, 0xce, 0x00, 0x00,
    0xd2, 0xce, 0x00, 0x00, 0xe0, 0xce, 0x00, 0x00, 0xf6, 0xce, 0x00, 0x00,
    0xfb, 0xce, 0x00, 0x00, 0x01, 0xcf, 0x00, 0x00, 0x0d, 0xcf, 0x00, 0x00,
    0x17, 0xcf, 0x00, 0x00, 0x22, 0xcf, 0x00, 0x00, 0x2c, 0xcf, 0x00, 0x00,
    0x37, 0xcf, 0x00, 0x00, 0x3d, 0xcf, 0x00, 0x00, 0x48, 0xcf, 0x00, 0x00,
    0x52, 0xcf, 0x00, 0x00, 0x5b, 0xcf, 0x00, 0x00, 0x63, 0xcf, 0x00, 0x00,
    0x6e, 0xcf, 0x00, 0x00, 0x7d, 0xcf, 0x00, 0x00, 0x86, 0xcf, 0x00, 0x00,
    0x94, 0xcf, 0x00, 0x00, 0x9a, 0xcf, 0x00, 0x00, 0x9d, 0xcf, 0x00, 0x00,
    0xa4, 0xcf, 0x00, 0x00, 0xb4, 0xcf, 0x00, 0x00, 0xc4, 0xcf, 0x00, 0x00,
    0xcb, 0xcf, 0x00, 0x00, 0xd5, 0xcf, 0x00, 0x00, 0xdf, 0xcf, 0x00, 0x00,
    0xe5, 0xcf, 0x00, 0x00, 0xf2, 0xcf, 0x00, 0x00, 0x09, 0xd0, 0x00, 0x00,
    0x14, 0xd0, 0x00, 0x00, 0x22, 0xd0, 0x00, 0x00, 0x2c, 0xd0, 0x00, 0x00,
    0x34, 0xd0, 0x00, 0x00, 0x39, 0xd0, 0x00, 0x00, 0x41, 0xd0, 0x00, 0x00,
    0x45, 0xd0, 0x00, 0x00, 0x4e, 0xd0, 0x00, 0x00, 0x57, 0xd0, 0x00, 0x00,
    0x5f, 0xd0, 0x00, 0x00, 0x6f, 0xd0, 0x00, 0x00, 0x80, 0xd0, 0x00, 0x00,
    0x93, 0xd0, 0x00, 0x00, 0xb7, 0xd0, 0x00, 0x00, 0xc6, 0xd0, 0x00, 0x00,
    0xd3, 0xd0, 0x00, 0x00, 0xe4, 0xd0, 0x00, 0x00, 0xf3, 0xd0, 0x00, 0x00,
    0x00, 0xd1, 0x00, 0x00, 0x07, 0xd1, 0x00, 0x00, 0x0c, 0xd1, 0x00, 0x00,
    0x11, 0xd1, 0x00, 0x00, 0x20, 0xd1, 0x00, 0x00, 0x2b, 0xd1, 0x00, 0x00,
    0x33, 0xd1, 0x00, 0x00, 0x3d, 0xd1, 0x00, 0x00, 0x4e, 0xd1, 0x00, 0x00,
    0x5f, 0xd1, 0x00, 0x00, 0x69, 0xd1, 0x00, 0x00, 0x70, 0xd1, 0x00, 0x00,
    0x82, 0xd1, 0x00, 0x00, 0x93, 0xd1, 0x00, 0x00, 0xa1, 0xd1, 0x00, 0x00,
    0xb2, 0xd1, 0x00, 0x00, 0xbc, 0xd1, 0x00, 0x00, 0xca, 0xd1, 0x00, 0x00,
    0xd2, 0xd1, 0x00, 0x00, 0xdb, 0xd1, 0x00, 0x00, 0xe1, 0xd1, 0x00, 0x00,
    0xe8, 0xd1, 0x00, 0x00, 0xf2, 0xd1, 0x00, 0x00, 0x00, 0xd2, 0x00, 0x00,
    0x0d, 0xd2, 0x00, 0x00, 0x17, 0xd2, 0x00, 0x00, 0x1f, 0xd2, 0x00, 0x00,
    0x2d, 0xd2, 0x00, 0x00, 0x39, 0xd2, 0x00, 0x00, 0x45, 0xd2, 0x00, 0x00,
    0x52, 0xd2, 0x00, 0x00, 0x5c, 0xd2, 0x00, 0x00, 0x64, 0xd2, 0x00, 0x00,
    0x6e, 0xd2, 0x00, 0x00, 0x73, 0xd2, 0x00, 0x00, 0x7f, 0xd2, 0x00, 0x00,
    0x8e, 0xd2, 0x00, 0x00, 0xa2, 0xd2, 0x00, 0x00, 0xad, 0xd2, 0x00, 0x00,
    0xc0, 0xd2, 0x00, 0x00, 0xca, 0xd2, 0x00, 0x00, 0xe1, 0xd2, 0x00, 0x00,
    0xf2, 0xd2, 0x00, 0x00, 0xfd, 0xd2, 0x00, 0x00, 0x09, 0xd3, 0x00, 0x00,
    0x1b, 0xd3, 0x00, 0x00, 0x2c, 0xd3, 0x00, 0x00, 0x38, 0xd3, 0x00, 0x00,
    0x41, 0xd3, 0x00, 0x00, 0x53, 0xd3, 0x00, 0x00, 0x65, 0xd3, 0x00, 0x00,
    0x7c, 0xd3, 0x00, 0x00, 0x8d, 0xd3, 0x00, 0x00, 0x99, 0xd3, 0x00, 0x00,
    0xaf, 0xd3, 0x00, 0x00, 0xbb, 0xd3, 0x00, 0x00, 0xcd, 0xd3, 0x00, 0x00,
    0xe1, 0xd3, 0x00, 0x00, 0xf5, 0xd3, 0x00, 0x00, 0x05, 0xd4, 0x00, 0x00,
    0x11, 0xd4, 0x00, 0x00, 0x24, 0xd4, 0x00, 0x00, 0x34, 0xd4, 0x00, 0x00,
    0x42, 0xd4, 0x00, 0x00, 0x50, 0xd4, 0x00, 0x00, 0x5f, 0xd4, 0x00, 0x00,
    0x6a, 0xd4, 0x00, 0x00, 0x79, 0xd4, 0x00, 0x00, 0x89, 0xd4, 0x00, 0x00,
    0x93, 0xd4, 0x00, 0x00, 0x9b, 0xd4, 0x00, 0x00, 0xa4, 0xd4, 0x00, 0x00,
    0xb2, 0xd4, 0x00, 0x00, 0xbf, 0xd4, 0x00, 0x00, 0xd2, 0xd4, 0x00, 0x00,
    0xdc, 0xd4, 0x00, 0x00, 0xe9, 0xd4, 0x00, 0x00, 0xf8, 0xd4, 0x00, 0x00,
    0x02, 0xd5, 0x00, 0x00, 0x08, 0xd5, 0x00, 0x00, 0x13, 0xd5, 0x00, 0x00,
    0x20, 0xd5, 0x00, 0x00, 0x2a, 0xd5, 0x00, 0x00, 0x36, 0xd5, 0x00, 0x00,
    0x3c, 0xd5, 0x00, 0x00, 0x43, 0xd5, 0x00, 0x00, 0x51, 0xd5, 0x00, 0x00,
    0x5f, 0xd5, 0x00, 0x00, 0x6b, 0xd5, 0x00, 0x00, 0x78, 0xd5, 0x00, 0x00,
    0x85, 0xd5, 0x00, 0x00, 0x8d, 0xd5, 0x00, 0x00, 0x97, 0xd5, 0x00, 0x00,
    0xa2, 0xd5, 0x00, 0x00, 0xae, 0xd5, 0x00, 0x00, 0xb8, 0xd5, 0x00, 0x00,
    0xbd, 0xd5, 0x00, 0x00, 0xc4, 0xd5, 0x00, 0x00, 0xd2, 0xd5, 0x00, 0x00,
    0xde, 0xd5, 0x00, 0x00, 0xe5, 0xd5, 0x00, 0x00, 0xf2, 0xd5, 0x00, 0x00,
    0xfc, 0xd5, 0x00, 0x00, 0x07, 0xd6, 0x00, 0x00, 0x11, 0xd6, 0x00, 0x00,
    0x17, 0xd6, 0x00, 0x00, 0x1f, 0xd6, 0x00, 0x00, 0x2c, 0xd6, 0x00, 0x00,
    0x33, 0xd6, 0x00, 0x00, 0x3c, 0xd6, 0x00, 0x00, 0x49, 0xd6, 0x00, 0x00,
    0x53, 0xd6, 0x00, 0x00, 0x5a, 0xd6, 0x00, 0x00, 0x66, 0xd6, 0x00, 0x00,
    0x78, 0xd6, 0x00, 0x00, 0x83, 0xd6, 0x00, 0x00, 0x8a, 0xd6, 0x00, 0x00,
    0x95, 0xd6, 0x00, 0x00, 0x9b, 0xd6, 0x00, 0x00, 0xa1, 0xd6, 0x00, 0x00,
    0xb4, 0xd6, 0x00, 0x00, 0xbd, 0xd6, 0x00, 0x00, 0xce, 0xd6, 0x00, 0x00,
    0xdb, 0xd6, 0x00, 0x00, 0xe4, 0xd6, 0x00, 0x00, 0xeb, 0xd6, 0x00, 0x00,
    0xf5, 0xd6, 0x00, 0x00, 0xff, 0xd6, 0x00, 0x00, 0x0c, 0xd7, 0x00, 0x00,
    0x13, 0xd7, 0x00, 0x00, 0x1e, 0xd7, 0x00, 0x00, 0x2b, 0xd7, 0x00, 0x00,
    0x3b, 0xd7, 0x00, 0x00, 0x47, 0xd7, 0x00, 0x00, 0x4e, 0xd7, 0x00, 0x00,
    0x56, 0xd7, 0x00, 0x00, 0x61, 0xd7, 0x00, 0x00, 0x68, 0xd7, 0x00, 0x00,
    0x72, 0xd7, 0x00, 0x00, 0x7b, 0xd7, 0x00, 0x00, 0x85, 0xd7, 0x00, 0x00,
    0x92, 0xd7, 0x00, 0x00, 0x9b, 0xd7, 0x00, 0x00, 0xa7, 0xd7, 0x00, 0x00,
    0xb5, 0xd7, 0x00, 0x00, 0xc1, 0xd7, 0x00, 0x00, 0xc8, 0xd7, 0x00, 0x00,
    0xd2, 0xd7, 0x00, 0x00, 0xdc, 0xd7, 0x00, 0x00, 0xe7, 0xd7, 0x00, 0x00,
    0xee, 0xd7, 0x00, 0x00, 0xf7, 0xd7, 0x00, 0x00, 0x03, 0xd8, 0x00, 0x00,
    0x0a, 0xd8, 0x00, 0x00, 0x17, 0xd8, 0x00, 0x00, 0x23, 0xd8, 0x00, 0x00,
    0x30, 0xd8, 0x00, 0x00, 0x33, 0xd8, 0x00, 0x00, 0x37, 0xd8, 0x00, 0x00,
    0x3c, 0xd8, 0x00, 0x00, 0x40, 0xd8, 0x00, 0x00, 0x44, 0xd8, 0x00, 0x00,
    0x48, 0xd8, 0x00, 0x00, 0x4b, 0xd8, 0x00, 0x00, 0x4f, 0xd8, 0x00, 0x00,
    0xf0, 0xd8, 0x00, 0x00, 0x3f, 0x00, 0x00, 0x00, 0x69, 0x00, 0x00, 0x00,
    0x81, 0x00, 0x00, 0x00, 0xa5, 0x00, 0x00, 0x00, 0xbe, 0x00, 0x00, 0x00,
    0xd9, 0x00, 0x00, 0x00, 0xda, 0x00, 0x00, 0x00, 0xdb, 0x00, 0x00, 0x00,
    0xdc, 0x00, 0x00, 0x00, 0xdd, 0x00, 0x00, 0x00, 0xde, 0x00, 0x00, 0x00,
    0xdf, 0x00, 0x00, 0x00, 0xe0, 0x00, 0x00, 0x00, 0xe1, 0x00, 0x00, 0x00,
    0xe2, 0x00, 0x00, 0x00, 0xe3, 0x00, 0x00, 0x00, 0xe4, 0x00, 0x00, 0x00,
    0xe5, 0x00, 0x00, 0x00, 0xe6, 0x00, 0x00, 0x00, 0xe7, 0x00, 0x00, 0x00,
    0xe8, 0x00, 0x00, 0x00, 0xe9, 0x00, 0x00, 0x00, 0xea, 0x00, 0x00, 0x00,
    0xeb, 0x00, 0x00, 0x00, 0xec, 0x00, 0x00, 0x00, 0xed, 0x00, 0x00, 0x00,
    0xee, 0x00, 0x00, 0x00, 0xef, 0x00, 0x00, 0x00, 0xf0, 0x00, 0x00, 0x00,
    0xf1, 0x00, 0x00, 0x00, 0xf2, 0x00, 0x00, 0x00, 0xf3, 0x00, 0x00, 0x00,
    0xf4, 0x00, 0x00, 0x00, 0xf5, 0x00, 0x00, 0x00, 0xf6, 0x00, 0x00, 0x00,
    0xf7, 0x00, 0x00, 0x00, 0xf8, 0x00, 0x00, 0x00, 0xf9, 0x00, 0x00, 0x00,
    0xfa, 0x00, 0x00, 0x00, 0xfb, 0x00, 0x00, 0x00, 0xfc, 0x00, 0x00, 0x00,
    0xfd, 0x00, 0x00, 0x00, 0xfe, 0x00, 0x00, 0x00, 0xff, 0x00, 0x00, 0x00,
    0x00, 0x01, 0x00, 0x00, 0x01, 0x01, 0x00, 0x00, 0x02, 0x01, 0x00, 0x00,
    0x03, 0x01, 0x00, 0x00, 0x04, 0x01, 0x00, 0x00, 0x05, 0x01, 0x00, 0x00,
    0x06, 0x01, 0x00, 0x00, 0x07, 0x01, 0x00, 0x00, 0x08, 0x01, 0x00, 0x00,
    0x09, 0x01, 0x00, 0x00, 0x0a, 0x01, 0x00, 0x00, 0x0b, 0x01, 0x00, 0x00,
    0x0c, 0x01, 0x00, 0x00, 0x0d, 0x01, 0x00, 0x00, 0x0e, 0x01, 0x00, 0x00,
    0x0f, 0x01, 0x00, 0x00, 0x10, 0x01, 0x00, 0x00, 0x13, 0x01, 0x00, 0x00,
    0x14, 0x01, 0x00, 0x00, 0x15, 0x01, 0x00, 0x00, 0x16, 0x01, 0x00, 0x00,
    0x17, 0x01, 0x00, 0x00, 0x18, 0x01, 0x00, 0x00, 0x19, 0x01, 0x00, 0x00,
    0x1a, 0x01, 0x00, 0x00, 0x1b, 0x01, 0x00, 0x00, 0x1c, 0x01, 0x00, 0x00,
    0x1d, 0x01, 0x00, 0x00, 0x1e, 0x01, 0x00, 0x00, 0x1f, 0x01, 0x00, 0x00,
    0x20, 0x01, 0x00, 0x00, 0x21, 0x01, 0x00, 0x00, 0x22, 0x01, 0x00, 0x00,
    0x23, 0x01, 0x00, 0x00, 0x24, 0x01, 0x00, 0x00, 0x25, 0x01, 0x00, 0x00,
    0x26, 0x01, 0x00, 0x00, 0x27, 0x01, 0x00, 0x00, 0x28, 0x01, 0x00, 0x00,
    0x29, 0x01, 0x00, 0x00, 0x2a, 0x01, 0x00, 0x00, 0x2b, 0x01, 0x00, 0x00,
    0x2c, 0x01, 0x00, 0x00, 0x2d, 0x01, 0x00, 0x00, 0x2e, 0x01, 0x00, 0x00,
    0x2f, 0x01, 0x00, 0x00, 0x30, 0x01, 0x00, 0x00, 0x31, 0x01, 0x00, 0x00,
    0x32, 0x01, 0x00, 0x00, 0x33, 0x01, 0x00, 0x00, 0x34, 0x01, 0x00, 0x00,
    0x35, 0x01, 0x00, 0x00, 0x36, 0x01, 0x00, 0x00, 0x37, 0x01, 0x00, 0x00,
    0x38, 0x01, 0x00, 0x00, 0x39, 0x01, 0x00, 0x00, 0x3a, 0x01, 0x00, 0x00,
    0x3b, 0x01, 0x00, 0x00, 0x3c, 0x01, 0x00, 0x00, 0x3d, 0x01, 0x00, 0x00,
    0x3e, 0x01, 0x00, 0x00, 0x43, 0x01, 0x00, 0x00, 0x44, 0x01, 0x00, 0x00,
    0x45, 0x01, 0x00, 0x00, 0x46, 0x01, 0x00, 0x00, 0x47, 0x01, 0x00, 0x00,
    0x48, 0x01, 0x00, 0x00, 0x49, 0x01, 0x00, 0x00, 0x4a, 0x01, 0x00, 0x00,
    0x4b, 0x01, 0x00, 0x00, 0x4c, 0x01, 0x00, 0x00, 0x4d, 0x01, 0x00, 0x00,
    0x4e, 0x01, 0x00, 0x00, 0x4f, 0x01, 0x00, 0x00, 0x50, 0x01, 0x00, 0x00,
    0x51, 0x01, 0x00, 0x00, 0x53, 0x01, 0x00, 0x00, 0x54, 0x01, 0x00, 0x00,
    0x55, 0x01, 0x00, 0x00, 0x56, 0x01, 0x00, 0x00, 0x58, 0x01, 0x00, 0x00,
    0x59, 0x01, 0x00, 0x00, 0x5b, 0x01, 0x00, 0x00, 0x5c, 0x01, 0x00, 0x00,
    0x5e, 0x01, 0x00, 0x00, 0x60, 0x01, 0x00, 0x00, 0x62, 0x01, 0x00, 0x00,
    0x63, 0x01, 0x00, 0x00, 0xfa, 0x01, 0x00, 0x00, 0x25, 0x02, 0x00, 0x00,
    0x2c, 0x02, 0x00, 0x00, 0x2d, 0x02, 0x00, 0x00, 0x2e, 0x02, 0x00, 0x00,
    0x2f, 0x02, 0x00, 0x00, 0x30, 0x02, 0x00, 0x00, 0x31, 0x02, 0x00, 0x00,
    0x32, 0x02, 0x00, 0x00, 0x33, 0x02, 0x00, 0x00, 0x34, 0x02, 0x00, 0x00,
    0x35, 0x02, 0x00, 0x00, 0x41, 0x00, 0x00, 0x00, 0x00, 0x00, 0x00, 0x00,
    0xf4, 0x9b, 0x00, 0x00, 0x6a, 0x00, 0x00, 0x00, 0x01, 0x00, 0x00, 0x00,
    0xfc, 0x9b, 0x00, 0x00, 0x81, 0x00, 0x00, 0x00, 0x02, 0x00, 0x00, 0x00,
    0x00, 0x00, 0x00, 0x00, 0x82, 0x00, 0x00, 0x00, 0x02, 0x00, 0x00, 0x00,
    0x04, 0x9c, 0x00, 0x00, 0x83, 0x00, 0x00, 0x00, 0x02, 0x00, 0x00, 0x00,
    0x0c, 0x9c, 0x00, 0x00, 0x84, 0x00, 0x00, 0x00, 0x02, 0x00, 0x00, 0x00,
    0xf4, 0x9b, 0x00, 0x00, 0x87, 0x00, 0x00, 0x00, 0x02, 0x00, 0x00, 0x00,
    0x14, 0x9c, 0x00, 0x00, 0xa5, 0x00, 0x00, 0x00, 0x03, 0x00, 0x00, 0x00,
    0x00, 0x00, 0x00, 0x00, 0xa6, 0x00, 0x00, 0x00, 0x03, 0x00, 0x00, 0x00,
    0x1c, 0x9c, 0x00, 0x00, 0xa7, 0x00, 0x00, 0x00, 0x03, 0x00, 0x00, 0x00,
    0x04, 0x9c, 0x00, 0x00, 0xa8, 0x00, 0x00, 0x00, 0x03, 0x00, 0x00, 0x00,
    0x24, 0x9c, 0x00, 0x00, 0xa9, 0x00, 0x00, 0x00, 0x03, 0x00, 0x00, 0x00,
    0xf4, 0x9b, 0x00, 0x00, 0xaa, 0x00, 0x00, 0x00, 0x03, 0x00, 0x00, 0x00,
    0x30, 0x9c, 0x00, 0x00, 0xab, 0x00, 0x00, 0x00, 0x03, 0x00, 0x00, 0x00,
    0x14, 0x9c, 0x00, 0x00, 0xac, 0x00, 0x00, 0x00, 0x03, 0x00, 0x00, 0x00,
    0x38, 0x9c, 0x00, 0x00, 0xab, 0x00, 0x00, 0x00, 0x03, 0x00, 0x00, 0x00,
    0x40, 0x9c, 0x00, 0x00, 0xad, 0x00, 0x00, 0x00, 0x03, 0x00, 0x00, 0x00,
    0x48, 0x9c, 0x00, 0x00, 0xae, 0x00, 0x00, 0x00, 0x03, 0x00, 0x00, 0x00,
    0x50, 0x9c, 0x00, 0x00, 0xaf, 0x00, 0x00, 0x00, 0x03, 0x00, 0x00, 0x00,
    0x58, 0x9c, 0x00, 0x00, 0xbe, 0x00, 0x00, 0x00, 0x04, 0x00, 0x00, 0x00,
    0x00, 0x00, 0x00, 0x00, 0xbf, 0x00, 0x00, 0x00, 0x04, 0x00, 0x00, 0x00,
    0xf4, 0x9b, 0x00, 0x00, 0xc7, 0x00, 0x00, 0x00, 0x06, 0x00, 0x00, 0x00,
    0x64, 0x9c, 0x00, 0x00, 0xce, 0x00, 0x00, 0x00, 0x06, 0x00, 0x00, 0x00,
    0x6c, 0x9c, 0x00, 0x00, 0xc1, 0x00, 0x00, 0x00, 0x07, 0x00, 0x00, 0x00,
    0x00, 0x00, 0x00, 0x00, 0xce, 0x00, 0x00, 0x00, 0x08, 0x00, 0x00, 0x00,
    0x74, 0x9c, 0x00, 0x00, 0xc1, 0x00, 0x00, 0x00, 0x0a, 0x00, 0x00, 0x00,
    0x00, 0x00, 0x00, 0x00, 0xc1, 0x00, 0x00, 0x00, 0x0c, 0x00, 0x00, 0x00,
    0x00, 0x00, 0x00, 0x00, 0xc8, 0x00, 0x00, 0x00, 0x0c, 0x00, 0x00, 0x00,
    0x48, 0x9c, 0x00, 0x00, 0xc8, 0x00, 0x00, 0x00, 0x0d, 0x00, 0x00, 0x00,
    0x48, 0x9c, 0x00, 0x00, 0xc1, 0x00, 0x00, 0x00, 0x0e, 0x00, 0x00, 0x00,
    0x00, 0x00, 0x00, 0x00, 0xc1, 0x00, 0x00, 0x00, 0x0f, 0x00, 0x00, 0x00,
    0x00, 0x00, 0x00, 0x00, 0xc9, 0x00, 0x00, 0x00, 0x10, 0x00, 0x00, 0x00,
    0x7c, 0x9c, 0x00, 0x00, 0xce, 0x00, 0x00, 0x00, 0x10, 0x00, 0x00, 0x00,
    0x88, 0x9c, 0x00, 0x00, 0xcc, 0x00, 0x00, 0x00, 0x10, 0x00, 0x00, 0x00,
    0x90, 0x9c, 0x00, 0x00, 0xcb, 0x00, 0x00, 0x00, 0x10, 0x00, 0x00, 0x00,
    0x9c, 0x9c, 0x00, 0x00, 0xd4, 0x00, 0x00, 0x00, 0x10, 0x00, 0x00, 0x00,
    0xac, 0x9c, 0x00, 0x00, 0xce, 0x00, 0x00, 0x00, 0x10, 0x00, 0x00, 0x00,
    0xb8, 0x9c, 0x00, 0x00, 0xc1, 0x00, 0x00, 0x00, 0x16, 0x00, 0x00, 0x00,
    0x00, 0x00, 0x00, 0x00, 0xc7, 0x00, 0x00, 0x00, 0x18, 0x00, 0x00, 0x00,
    0x14, 0x9c, 0x00, 0x00, 0xce, 0x00, 0x00, 0x00, 0x18, 0x00, 0x00, 0x00,
    0xc0, 0x9c, 0x00, 0x00, 0xc7, 0x00, 0x00, 0x00, 0x1c, 0x00, 0x00, 0x00,
    0x14, 0x9c, 0x00, 0x00, 0xc9, 0x00, 0x00, 0x00, 0x1c, 0x00, 0x00, 0x00,
    0x7c, 0x9c, 0x00, 0x00, 0xc1, 0x00, 0x00, 0x00, 0x1e, 0x00, 0x00, 0x00,
    0x00, 0x00, 0x00, 0x00, 0xc1, 0x00, 0x00, 0x00, 0x22, 0x00, 0x00, 0x00,
    0x00, 0x00, 0x00, 0x00, 0xc1, 0x00, 0x00, 0x00, 0x23, 0x00, 0x00, 0x00,
    0x00, 0x00, 0x00, 0x00, 0xc1, 0x00, 0x00, 0x00, 0x25, 0x00, 0x00, 0x00,
    0x00, 0x00, 0x00, 0x00, 0xc1, 0x00, 0x00, 0x00, 0x2a, 0x00, 0x00, 0x00,
    0x00, 0x00, 0x00, 0x00, 0xc5, 0x00, 0x00, 0x00, 0x2a, 0x00, 0x00, 0x00,
    0xc8, 0x9c, 0x00, 0x00, 0xc7, 0x00, 0x00, 0x00, 0x2a, 0x00, 0x00, 0x00,
    0x14, 0x9c, 0x00, 0x00, 0xc8, 0x00, 0x00, 0x00, 0x2a, 0x00, 0x00, 0x00,
    0xd4, 0x9c, 0x00, 0x00, 0xd3, 0x00, 0x00, 0x00, 0x2a, 0x00, 0x00, 0x00,
    0xdc, 0x9c, 0x00, 0x00, 0xce, 0x00, 0x00, 0x00, 0x2a, 0x00, 0x00, 0x00,
    0x88, 0x9c, 0x00, 0x00, 0xc7, 0x00, 0x00, 0x00, 0x2b, 0x00, 0x00, 0x00,
    0xec, 0x9c, 0x00, 0x00, 0xc1, 0x00, 0x00, 0x00, 0x2c, 0x00, 0x00, 0x00,
    0x00, 0x00, 0x00, 0x00, 0xc1, 0x00, 0x00, 0x00, 0x2e, 0x00, 0x00, 0x00,
    0x00, 0x00, 0x00, 0x00, 0xc3, 0x00, 0x00, 0x00, 0x30, 0x00, 0x00, 0x00,
    0xf4, 0x9b, 0x00, 0x00, 0xcf, 0x00, 0x00, 0x00, 0x35, 0x00, 0x00, 0x00,
    0xf4, 0x9c, 0x00, 0x00, 0xcf, 0x00, 0x00, 0x00, 0x35, 0x00, 0x00, 0x00,
    0x00, 0x9d, 0x00, 0x00, 0xd4, 0x00, 0x00, 0x00, 0x37, 0x00, 0x00, 0x00,
    0x0c, 0x9d, 0x00, 0x00, 0xd6, 0x00, 0x00, 0x00, 0x37, 0x00, 0x00, 0x00,
    0x18, 0x9d, 0x00, 0x00, 0xd0, 0x00, 0x00, 0x00, 0x3b, 0x00, 0x00, 0x00,
    0x24, 0x9d, 0x00, 0x00, 0xd1, 0x00, 0x00, 0x00, 0x3c, 0x00, 0x00, 0x00,
    0x30, 0x9d, 0x00, 0x00, 0xc1, 0x00, 0x00, 0x00, 0x59, 0x00, 0x00, 0x00,
    0x00, 0x00, 0x00, 0x00, 0xc7, 0x00, 0x00, 0x00, 0x59, 0x00, 0x00, 0x00,
    0x3c, 0x9d, 0x00, 0x00, 0xc8, 0x00, 0x00, 0x00, 0x5f, 0x00, 0x00, 0x00,
    0x48, 0x9c, 0x00, 0x00, 0xca, 0x00, 0x00, 0x00, 0x5f, 0x00, 0x00, 0x00,
    0x44, 0x9d, 0x00, 0x00, 0xcd, 0x00, 0x00, 0x00, 0x5f, 0x00, 0x00, 0x00,
    0x50, 0x9d, 0x00, 0x00, 0xd2, 0x00, 0x00, 0x00, 0x5f, 0x00, 0x00, 0x00,
    0x60, 0x9d, 0x00, 0x00, 0xd5, 0x00, 0x00, 0x00, 0x5f, 0x00, 0x00, 0x00,
    0x6c, 0x9d, 0x00, 0x00, 0xd4, 0x00, 0x00, 0x00, 0x5f, 0x00, 0x00, 0x00,
    0x7c, 0x9d, 0x00, 0x00, 0xd6, 0x00, 0x00, 0x00, 0x5f, 0x00, 0x00, 0x00,
    0x88, 0x9d, 0x00, 0x00, 0xc7, 0x00, 0x00, 0x00, 0x69, 0x00, 0x00, 0x00,
    0x40, 0x9c, 0x00, 0x00, 0xc1, 0x00, 0x00, 0x00, 0x6a, 0x00, 0x00, 0x00,
    0x00, 0x00, 0x00, 0x00, 0xc1, 0x00, 0x00, 0x00, 0x70, 0x00, 0x00, 0x00,
    0x00, 0x00, 0x00, 0x00, 0xc3, 0x00, 0x00, 0x00, 0x70, 0x00, 0x00, 0x00,
    0xf4, 0x9b, 0x00, 0x00, 0xc7, 0x00, 0x00, 0x00, 0x70, 0x00, 0x00, 0x00,
    0x94, 0x9d, 0x00, 0x00, 0xce, 0x00, 0x00, 0x00, 0x70, 0x00, 0x00, 0x00,
    0x9c, 0x9d, 0x00, 0x00, 0xc7, 0x00, 0x00, 0x00, 0x70, 0x00, 0x00, 0x00,
    0x40, 0x9c, 0x00, 0x00, 0xc1, 0x00, 0x00, 0x00, 0x72, 0x00, 0x00, 0x00,
    0x00, 0x00, 0x00, 0x00, 0xc3, 0x00, 0x00, 0x00, 0x72, 0x00, 0x00, 0x00,
    0xf4, 0x9b, 0x00, 0x00, 0xc4, 0x00, 0x00, 0x00, 0x72, 0x00, 0x00, 0x00,
    0x30, 0x9c, 0x00, 0x00, 0xc8, 0x00, 0x00, 0x00, 0x72, 0x00, 0x00, 0x00,
    0xa4, 0x9d, 0x00, 0x00, 0xce, 0x00, 0x00, 0x00, 0x72, 0x00, 0x00, 0x00,
    0xac, 0x9d, 0x00, 0x00, 0xc7, 0x00, 0x00, 0x00, 0x72, 0x00, 0x00, 0x00,
    0x40, 0x9c, 0x00, 0x00, 0xc7, 0x00, 0x00, 0x00, 0x72, 0x00, 0x00, 0x00,
    0xb4, 0x9d, 0x00, 0x00, 0xc2, 0x00, 0x00, 0x00, 0x73, 0x00, 0x00, 0x00,
    0x1c, 0x9c, 0x00, 0x00, 0xc3, 0x00, 0x00, 0x00, 0x73, 0x00, 0x00, 0x00,
    0xf4, 0x9b, 0x00, 0x00, 0xc6, 0x00, 0x00, 0x00, 0x73, 0x00, 0x00, 0x00,
    0xbc, 0x9d, 0x00, 0x00, 0xc7, 0x00, 0x00, 0x00, 0x73, 0x00, 0x00, 0x00,
    0x40, 0x9c, 0x00, 0x00, 0xc1, 0x00, 0x00, 0x00, 0x77, 0x00, 0x00, 0x00,
    0x00, 0x00, 0x00, 0x00, 0xc1, 0x00, 0x00, 0x00, 0x7c, 0x00, 0x00, 0x00,
    0x00, 0x00, 0x00, 0x00, 0xc7, 0x00, 0x00, 0x00, 0x81, 0x00, 0x00, 0x00,
    0xc4, 0x9d, 0x00, 0x00, 0xc1, 0x00, 0x00, 0x00, 0x83, 0x00, 0x00, 0x00,
    0x00, 0x00, 0x00, 0x00, 0xfa, 0x01, 0x00, 0x00, 0x84, 0x00, 0x00, 0x00,
    0x00, 0x00, 0x00, 0x00, 0xfb, 0x01, 0x00, 0x00, 0x84, 0x00, 0x00, 0x00,
    0x04, 0x9c, 0x00, 0x00, 0xfc, 0x01, 0x00, 0x00, 0x84, 0x00, 0x00, 0x00,
    0xcc, 0x9d, 0x00, 0x00, 0xfd, 0x01, 0x00, 0x00, 0x84, 0x00, 0x00, 0x00,
    0xe0, 0x9d, 0x00, 0x00, 0xfe, 0x01, 0x00, 0x00, 0x84, 0x00, 0x00, 0x00,
    0xf4, 0x9b, 0x00, 0x00, 0xff, 0x01, 0x00, 0x00, 0x84, 0x00, 0x00, 0x00,
    0xf0, 0x9d, 0x00, 0x00, 0x00, 0x02, 0x00, 0x00, 0x84, 0x00, 0x00, 0x00,
    0xf8, 0x9d, 0x00, 0x00, 0x01, 0x02, 0x00, 0x00, 0x84, 0x00, 0x00, 0x00,
    0x30, 0x9c, 0x00, 0x00, 0x02, 0x02, 0x00, 0x00, 0x84, 0x00, 0x00, 0x00,
    0x04, 0x9e, 0x00, 0x00, 0x03, 0x02, 0x00, 0x00, 0x84, 0x00, 0x00, 0x00,
    0x10, 0x9e, 0x00, 0x00, 0x04, 0x02, 0x00, 0x00, 0x84, 0x00, 0x00, 0x00,
    0x1c, 0x9e, 0x00, 0x00, 0x04, 0x02, 0x00, 0x00, 0x84, 0x00, 0x00, 0x00,
    0x28, 0x9e, 0x00, 0x00, 0x05, 0x02, 0x00, 0x00, 0x84, 0x00, 0x00, 0x00,
    0x34, 0x9e, 0x00, 0x00, 0x05, 0x02, 0x00, 0x00, 0x84, 0x00, 0x00, 0x00,
    0x44, 0x9e, 0x00, 0x00, 0x06, 0x02, 0x00, 0x00, 0x84, 0x00, 0x00, 0x00,
    0xbc, 0x9d, 0x00, 0x00, 0x07, 0x02, 0x00, 0x00, 0x84, 0x00, 0x00, 0x00,
    0x14, 0x9c, 0x00, 0x00, 0x09, 0x02, 0x00, 0x00, 0x84, 0x00, 0x00, 0x00,
    0xd4, 0x9c, 0x00, 0x00, 0x0a, 0x02, 0x00, 0x00, 0x84, 0x00, 0x00, 0x00,
    0x7c, 0x9c, 0x00, 0x00, 0x0c, 0x02, 0x00, 0x00, 0x84, 0x00, 0x00, 0x00,
    0x54, 0x9e, 0x00, 0x00, 0x0d, 0x02, 0x00, 0x00, 0x84, 0x00, 0x00, 0x00,
    0x60, 0x9e, 0x00, 0x00, 0x0f, 0x02, 0x00, 0x00, 0x84, 0x00, 0x00, 0x00,
    0x68, 0x9e, 0x00, 0x00, 0x13, 0x02, 0x00, 0x00, 0x84, 0x00, 0x00, 0x00,
    0x74, 0x9e, 0x00, 0x00, 0x14, 0x02, 0x00, 0x00, 0x84, 0x00, 0x00, 0x00,
    0x80, 0x9e, 0x00, 0x00, 0x0d, 0x02, 0x00, 0x00, 0x84, 0x00, 0x00, 0x00,
    0x8c, 0x9e, 0x00, 0x00, 0x10, 0x02, 0x00, 0x00, 0x84, 0x00, 0x00, 0x00,
    0x94, 0x9e, 0x00, 0x00, 0x13, 0x02, 0x00, 0x00, 0x84, 0x00, 0x00, 0x00,
    0xa0, 0x9e, 0x00, 0x00, 0x13, 0x02, 0x00, 0x00, 0x84, 0x00, 0x00, 0x00,
    0xac, 0x9e, 0x00, 0x00, 0x14, 0x02, 0x00, 0x00, 0x84, 0x00, 0x00, 0x00,
    0xb8, 0x9e, 0x00, 0x00, 0x17, 0x02, 0x00, 0x00, 0x84, 0x00, 0x00, 0x00,
    0xc4, 0x9e, 0x00, 0x00, 0x16, 0x02, 0x00, 0x00, 0x84, 0x00, 0x00, 0x00,
    0xd4, 0x9e, 0x00, 0x00, 0x0e, 0x02, 0x00, 0x00, 0x84, 0x00, 0x00, 0x00,
    0xe4, 0x9e, 0x00, 0x00, 0x0d, 0x02, 0x00, 0x00, 0x84, 0x00, 0x00, 0x00,
    0xf0, 0x9e, 0x00, 0x00, 0x0d, 0x02, 0x00, 0x00, 0x84, 0x00, 0x00, 0x00,
    0x88, 0x9c, 0x00, 0x00, 0x13, 0x02, 0x00, 0x00, 0x84, 0x00, 0x00, 0x00,
    0xf8, 0x9e, 0x00, 0x00, 0x13, 0x02, 0x00, 0x00, 0x84, 0x00, 0x00, 0x00,
    0x04, 0x9f, 0x00, 0x00, 0x07, 0x02, 0x00, 0x00, 0x84, 0x00, 0x00, 0x00,
    0x10, 0x9f, 0x00, 0x00, 0x07, 0x02, 0x00, 0x00, 0x84, 0x00, 0x00, 0x00,
    0xec, 0x9c, 0x00, 0x00, 0x0d, 0x02, 0x00, 0x00, 0x84, 0x00, 0x00, 0x00,
    0x18, 0x9f, 0x00, 0x00, 0x15, 0x02, 0x00, 0x00, 0x84, 0x00, 0x00, 0x00,
    0x20, 0x9f, 0x00, 0x00, 0x07, 0x02, 0x00, 0x00, 0x84, 0x00, 0x00, 0x00,
    0x2c, 0x9f, 0x00, 0x00, 0x07, 0x02, 0x00, 0x00, 0x84, 0x00, 0x00, 0x00,
    0x34, 0x9f, 0x00, 0x00, 0x07, 0x02, 0x00, 0x00, 0x84, 0x00, 0x00, 0x00,
    0x3c, 0x9f, 0x00, 0x00, 0x07, 0x02, 0x00, 0x00, 0x84, 0x00, 0x00, 0x00,
    0x44, 0x9f, 0x00, 0x00, 0x07, 0x02, 0x00, 0x00, 0x84, 0x00, 0x00, 0x00,
    0x4c, 0x9f, 0x00, 0x00, 0x07, 0x02, 0x00, 0x00, 0x84, 0x00, 0x00, 0x00,
    0x54, 0x9f, 0x00, 0x00, 0x07, 0x02, 0x00, 0x00, 0x84, 0x00, 0x00, 0x00,
    0x5c, 0x9f, 0x00, 0x00, 0x07, 0x02, 0x00, 0x00, 0x84, 0x00, 0x00, 0x00,
    0xe4, 0x9b, 0x00, 0x00, 0x07, 0x02, 0x00, 0x00, 0x84, 0x00, 0x00, 0x00,
    0xdc, 0x9b, 0x00, 0x00, 0x07, 0x02, 0x00, 0x00, 0x84, 0x00, 0x00, 0x00,
    0xec, 0x9b, 0x00, 0x00, 0x07, 0x02, 0x00, 0x00, 0x84, 0x00, 0x00, 0x00,
    0x64, 0x9f, 0x00, 0x00, 0x0d, 0x02, 0x00, 0x00, 0x84, 0x00, 0x00, 0x00,
    0x6c, 0x9f, 0x00, 0x00, 0x07, 0x02, 0x00, 0x00, 0x84, 0x00, 0x00, 0x00,
    0x74, 0x9f, 0x00, 0x00, 0x07, 0x02, 0x00, 0x00, 0x84, 0x00, 0x00, 0x00,
    0x7c, 0x9f, 0x00, 0x00, 0x07, 0x02, 0x00, 0x00, 0x84, 0x00, 0x00, 0x00,
    0x84, 0x9f, 0x00, 0x00, 0x07, 0x02, 0x00, 0x00, 0x84, 0x00, 0x00, 0x00,
    0x8c, 0x9f, 0x00, 0x00, 0x0d, 0x02, 0x00, 0x00, 0x84, 0x00, 0x00, 0x00,
    0x94, 0x9f, 0x00, 0x00, 0x0d, 0x02, 0x00, 0x00, 0x84, 0x00, 0x00, 0x00,
    0x9c, 0x9f, 0x00, 0x00, 0x07, 0x02, 0x00, 0x00, 0x84, 0x00, 0x00, 0x00,
    0xa4, 0x9f, 0x00, 0x00, 0x0d, 0x02, 0x00, 0x00, 0x84, 0x00, 0x00, 0x00,
    0xac, 0x9f, 0x00, 0x00, 0x13, 0x02, 0x00, 0x00, 0x84, 0x00, 0x00, 0x00,
    0xb4, 0x9f, 0x00, 0x00, 0x07, 0x02, 0x00, 0x00, 0x84, 0x00, 0x00, 0x00,
    0xc0, 0x9f, 0x00, 0x00, 0x13, 0x02, 0x00, 0x00, 0x84, 0x00, 0x00, 0x00,
    0xc8, 0x9f, 0x00, 0x00, 0x07, 0x02, 0x00, 0x00, 0x84, 0x00, 0x00, 0x00,
    0x64, 0x9c, 0x00, 0x00, 0x0b, 0x02, 0x00, 0x00, 0x84, 0x00, 0x00, 0x00,
    0xd4, 0x9f, 0x00, 0x00, 0x07, 0x02, 0x00, 0x00, 0x84, 0x00, 0x00, 0x00,
    0x94, 0x9d, 0x00, 0x00, 0x07, 0x02, 0x00, 0x00, 0x84, 0x00, 0x00, 0x00,
    0xd4, 0x9b, 0x00, 0x00, 0x0d, 0x02, 0x00, 0x00, 0x84, 0x00, 0x00, 0x00,
    0xe0, 0x9f, 0x00, 0x00, 0x07, 0x02, 0x00, 0x00, 0x84, 0x00, 0x00, 0x00,
    0x40, 0x9c, 0x00, 0x00, 0x08, 0x02, 0x00, 0x00, 0x84, 0x00, 0x00, 0x00,
    0xe8, 0x9f, 0x00, 0x00, 0x11, 0x02, 0x00, 0x00, 0x84, 0x00, 0x00, 0x00,
    0xf4, 0x9f, 0x00, 0x00, 0x07, 0x02, 0x00, 0x00, 0x84, 0x00, 0x00, 0x00,
    0x0c, 0xa0, 0x00, 0x00, 0x07, 0x02, 0x00, 0x00, 0x84, 0x00, 0x00, 0x00,
    0x14, 0xa0, 0x00, 0x00, 0x18, 0x02, 0x00, 0x00, 0x84, 0x00, 0x00, 0x00,
    0x1c, 0xa0, 0x00, 0x00, 0x15, 0x02, 0x00, 0x00, 0x84, 0x00, 0x00, 0x00,
    0x24, 0xa0, 0x00, 0x00, 0x12, 0x02, 0x00, 0x00, 0x84, 0x00, 0x00, 0x00,
    0x30, 0xa0, 0x00, 0x00, 0x17, 0x02, 0x00, 0x00, 0x84, 0x00, 0x00, 0x00,
    0x40, 0xa0, 0x00, 0x00, 0x25, 0x02, 0x00, 0x00, 0x85, 0x00, 0x00, 0x00,
    0x00, 0x00, 0x00, 0x00, 0x26, 0x02, 0x00, 0x00, 0x85, 0x00, 0x00, 0x00,
    0xf4, 0x9b, 0x00, 0x00, 0x27, 0x02, 0x00, 0x00, 0x85, 0x00, 0x00, 0x00,
    0x50, 0xa0, 0x00, 0x00, 0x29, 0x02, 0x00, 0x00, 0x85, 0x00, 0x00, 0x00,
    0x58, 0xa0, 0x00, 0x00, 0x27, 0x02, 0x00, 0x00, 0x85, 0x00, 0x00, 0x00,
    0x64, 0x9c, 0x00, 0x00, 0x27, 0x02, 0x00, 0x00, 0x85, 0x00, 0x00, 0x00,
    0x94, 0x9d, 0x00, 0x00, 0x27, 0x02, 0x00, 0x00, 0x85, 0x00, 0x00, 0x00,
    0xd4, 0x9b, 0x00, 0x00, 0x28, 0x02, 0x00, 0x00, 0x85, 0x00, 0x00, 0x00,
    0x60, 0xa0, 0x00, 0x00, 0x27, 0x02, 0x00, 0x00, 0x85, 0x00, 0x00, 0x00,
    0x40, 0x9c, 0x00, 0x00, 0x27, 0x02, 0x00, 0x00, 0x85, 0x00, 0x00, 0x00,
    0x68, 0xa0, 0x00, 0x00, 0x2a, 0x02, 0x00, 0x00, 0x85, 0x00, 0x00, 0x00,
    0x1c, 0xa0, 0x00, 0x00, 0xc1, 0x00, 0x00, 0x00, 0x86, 0x00, 0x00, 0x00,
    0x00, 0x00, 0x00, 0x00, 0xc1, 0x00, 0x00, 0x00, 0x87, 0x00, 0x00, 0x00,
    0x00, 0x00, 0x00, 0x00, 0xc3, 0x00, 0x00, 0x00, 0x87, 0x00, 0x00, 0x00,
    0xf4, 0x9b, 0x00, 0x00, 0xc7, 0x00, 0x00, 0x00, 0x87, 0x00, 0x00, 0x00,
    0x3c, 0x9d, 0x00, 0x00, 0xc8, 0x00, 0x00, 0x00, 0x87, 0x00, 0x00, 0x00,
    0x70, 0xa0, 0x00, 0x00, 0xc7, 0x00, 0x00, 0x00, 0x87, 0x00, 0x00, 0x00,
    0x78, 0xa0, 0x00, 0x00, 0xc1, 0x00, 0x00, 0x00, 0x89, 0x00, 0x00, 0x00,
    0x00, 0x00, 0x00, 0x00, 0xc7, 0x00, 0x00, 0x00, 0x8a, 0x00, 0x00, 0x00,
    0x80, 0xa0, 0x00, 0x00, 0xc1, 0x00, 0x00, 0x00, 0x8c, 0x00, 0x00, 0x00,
    0x00, 0x00, 0x00, 0x00, 0xc7, 0x00, 0x00, 0x00, 0x8c, 0x00, 0x00, 0x00,
    0x78, 0xa0, 0x00, 0x00, 0xce, 0x00, 0x00, 0x00, 0x8d, 0x00, 0x00, 0x00,
    0x88, 0xa0, 0x00, 0x00, 0xd1, 0x00, 0x00, 0x00, 0x8d, 0x00, 0x00, 0x00,
    0x90, 0xa0, 0x00, 0x00, 0xc1, 0x00, 0x00, 0x00, 0x8e, 0x00, 0x00, 0x00,
    0x00, 0x00, 0x00, 0x00, 0xd4, 0x00, 0x00, 0x00, 0x8f, 0x00, 0x00, 0x00,
    0x9c, 0xa0, 0x00, 0x00, 0x11, 0x00, 0x85, 0x00, 0x02, 0x03, 0x00, 0x00,
    0x14, 0x00, 0x14, 0x00, 0xc9, 0x01, 0x00, 0x00, 0x15, 0x00, 0x15, 0x00,
    0x85, 0x00, 0x00, 0x00, 0x15, 0x00, 0x15, 0x00, 0xd9, 0x01, 0x00, 0x00,
    0x18, 0x00, 0x18, 0x00, 0x6b, 0x00, 0x00, 0x00, 0x25, 0x00, 0x02, 0x00,
    0x9d, 0x02, 0x00, 0x00, 0x25, 0x00, 0x03, 0x00, 0xe0, 0x02, 0x00, 0x00,
    0x25, 0x00, 0x03, 0x00, 0x10, 0x04, 0x00, 0x00, 0x32, 0x00, 0x03, 0x00,
    0xdb, 0x02, 0x00, 0x00, 0x32, 0x00, 0x03, 0x00, 0xdf, 0x02, 0x00, 0x00,
    0x32, 0x00, 0x03, 0x00, 0x15, 0x03, 0x00, 0x00, 0x32, 0x00, 0x03, 0x00,
    0x76, 0x03, 0x00, 0x00, 0x32, 0x00, 0x03, 0x00, 0xe9, 0x03, 0x00, 0x00,
    0x32, 0x00, 0x03, 0x00, 0x0f, 0x04, 0x00, 0x00, 0x34, 0x00, 0x34, 0x00,
    0x86, 0x00, 0x00, 0x00, 0x36, 0x00, 0x03, 0x00, 0x73, 0x02, 0x00, 0x00,
    0x36, 0x00, 0x03, 0x00, 0x15, 0x03, 0x00, 0x00, 0x36, 0x00, 0x03, 0x00,
    0x76, 0x03, 0x00, 0x00, 0x36, 0x00, 0x03, 0x00, 0xe9, 0x03, 0x00, 0x00,
    0x3d, 0x00, 0x4a, 0x00, 0xe0, 0x03, 0x00, 0x00, 0x3d, 0x00, 0x59, 0x00,
    0xf7, 0x03, 0x00, 0x00, 0x3e, 0x00, 0x71, 0x00, 0xf4, 0x03, 0x00, 0x00,
    0x3f, 0x00, 0x05, 0x00, 0xef, 0x03, 0x00, 0x00, 0x3f, 0x00, 0x89, 0x00,
    0xf2, 0x03, 0x00, 0x00, 0x3f, 0x00, 0x88, 0x00, 0xf6, 0x03, 0x00, 0x00,
    0x3f, 0x00, 0x37, 0x00, 0xf9, 0x03, 0x00, 0x00, 0x3f, 0x00, 0x03, 0x00,
    0xfe, 0x03, 0x00, 0x00, 0x40, 0x00, 0x05, 0x00, 0xef, 0x03, 0x00, 0x00,
    0x40, 0x00, 0x37, 0x00, 0xf9, 0x03, 0x00, 0x00, 0x40, 0x00, 0x03, 0x00,
    0xfe, 0x03, 0x00, 0x00, 0x40, 0x00, 0x5f, 0x00, 0x01, 0x04, 0x00, 0x00,
    0x41, 0x00, 0x05, 0x00, 0xef, 0x03, 0x00, 0x00, 0x41, 0x00, 0x37, 0x00,
    0xf9, 0x03, 0x00, 0x00, 0x41, 0x00, 0x03, 0x00, 0xfe, 0x03, 0x00, 0x00,
    0x41, 0x00, 0x5f, 0x00, 0x01, 0x04, 0x00, 0x00, 0x42, 0x00, 0x43, 0x00,
    0xe0, 0x03, 0x00, 0x00, 0x42, 0x00, 0x8b, 0x00, 0x07, 0x04, 0x00, 0x00,
    0x43, 0x00, 0x05, 0x00, 0xef, 0x03, 0x00, 0x00, 0x43, 0x00, 0x71, 0x00,
    0xf4, 0x03, 0x00, 0x00, 0x43, 0x00, 0x37, 0x00, 0xf9, 0x03, 0x00, 0x00,
    0x43, 0x00, 0x5f, 0x00, 0xfb, 0x03, 0x00, 0x00, 0x43, 0x00, 0x03, 0x00,
    0xfe, 0x03, 0x00, 0x00, 0x44, 0x00, 0x87, 0x00, 0x04, 0x04, 0x00, 0x00,
    0x44, 0x00, 0x5d, 0x00, 0x05, 0x04, 0x00, 0x00, 0x44, 0x00, 0x3b, 0x00,
    0x06, 0x04, 0x00, 0x00, 0x44, 0x00, 0x5f, 0x00, 0x08, 0x04, 0x00, 0x00,
    0x45, 0x00, 0x05, 0x00, 0xef, 0x03, 0x00, 0x00, 0x45, 0x00, 0x87, 0x00,
    0x04, 0x04, 0x00, 0x00, 0x45, 0x00, 0x5f, 0x00, 0x08, 0x04, 0x00, 0x00,
    0x46, 0x00, 0x47, 0x00, 0xe0, 0x03, 0x00, 0x00, 0x46, 0x00, 0x72, 0x00,
    0x09, 0x04, 0x00, 0x00, 0x47, 0x00, 0x2f, 0x00, 0xf1, 0x03, 0x00, 0x00,
    0x47, 0x00, 0x3b, 0x00, 0xfa, 0x03, 0x00, 0x00, 0x47, 0x00, 0x39, 0x00,
    0x00, 0x04, 0x00, 0x00, 0x47, 0x00, 0x8b, 0x00, 0x03, 0x04, 0x00, 0x00,
    0x47, 0x00, 0x5f, 0x00, 0x08, 0x04, 0x00, 0x00, 0x48, 0x00, 0x05, 0x00,
    0xef, 0x03, 0x00, 0x00, 0x48, 0x00, 0x03, 0x00, 0xfd, 0x03, 0x00, 0x00,
    0x48, 0x00, 0x72, 0x00, 0x02, 0x04, 0x00, 0x00, 0x48, 0x00, 0x87, 0x00,
    0x04, 0x04, 0x00, 0x00, 0x48, 0x00, 0x5f, 0x00, 0x08, 0x04, 0x00, 0x00,
    0x49, 0x00, 0x05, 0x00, 0xef, 0x03, 0x00, 0x00, 0x49, 0x00, 0x3b, 0x00,
    0xf0, 0x03, 0x00, 0x00, 0x49, 0x00, 0x88, 0x00, 0xf8, 0x03, 0x00, 0x00,
    0x4a, 0x00, 0x05, 0x00, 0xef, 0x03, 0x00, 0x00, 0x4b, 0x00, 0x05, 0x00,
    0xef, 0x03, 0x00, 0x00, 0x4b, 0x00, 0x3b, 0x00, 0xf0, 0x03, 0x00, 0x00,
    0x4b, 0x00, 0x2a, 0x00, 0xf7, 0x03, 0x00, 0x00, 0x4b, 0x00, 0x03, 0x00,
    0xfd, 0x03, 0x00, 0x00, 0x4c, 0x00, 0x05, 0x00, 0xef, 0x03, 0x00, 0x00,
    0x4c, 0x00, 0x2a, 0x00, 0xf7, 0x03, 0x00, 0x00, 0x4c, 0x00, 0x03, 0x00,
    0xfd, 0x03, 0x00, 0x00, 0x4d, 0x00, 0x05, 0x00, 0xef, 0x03, 0x00, 0x00,
    0x4d, 0x00, 0x72, 0x00, 0x0a, 0x04, 0x00, 0x00, 0x4e, 0x00, 0x05, 0x00,
    0xef, 0x03, 0x00, 0x00, 0x4e, 0x00, 0x72, 0x00, 0xf5, 0x03, 0x00, 0x00,
    0x50, 0x00, 0x51, 0x00, 0xe0, 0x03, 0x00, 0x00, 0x50, 0x00, 0x10, 0x00,
    0xf3, 0x03, 0x00, 0x00, 0x50, 0x00, 0x72, 0x00, 0xff, 0x03, 0x00, 0x00,
    0x51, 0x00, 0x05, 0x00, 0xef, 0x03, 0x00, 0x00, 0x52, 0x00, 0x05, 0x00,
    0xef, 0x03, 0x00, 0x00, 0x53, 0x00, 0x05, 0x00, 0xef, 0x03, 0x00, 0x00,
    0x53, 0x00, 0x2a, 0x00, 0xf3, 0x03, 0x00, 0x00, 0x53, 0x00, 0x1d, 0x00,
    0xfc, 0x03, 0x00, 0x00, 0x55, 0x00, 0x05, 0x00, 0xef, 0x03, 0x00, 0x00,
    0x55, 0x00, 0x89, 0x00, 0xf2, 0x03, 0x00, 0x00, 0x55, 0x00, 0x88, 0x00,
    0xf6, 0x03, 0x00, 0x00, 0x55, 0x00, 0x37, 0x00, 0xf9, 0x03, 0x00, 0x00,
    0x55, 0x00, 0x03, 0x00, 0xfe, 0x03, 0x00, 0x00, 0x57, 0x00, 0x58, 0x00,
    0xe0, 0x03, 0x00, 0x00, 0x58, 0x00, 0x05, 0x00, 0xef, 0x03, 0x00, 0x00,
    0x58, 0x00, 0x35, 0x00, 0xf3, 0x03, 0x00, 0x00, 0x58, 0x00, 0x03, 0x00,
    0x0b, 0x04, 0x00, 0x00, 0x59, 0x00, 0x87, 0x00, 0x68, 0x02, 0x00, 0x00,
    0x59, 0x00, 0x87, 0x00, 0x69, 0x02, 0x00, 0x00, 0x59, 0x00, 0x87, 0x00,
    0x6a, 0x02, 0x00, 0x00, 0x59, 0x00, 0x8d, 0x00, 0x77, 0x02, 0x00, 0x00,
    0x59, 0x00, 0x8c, 0x00, 0x79, 0x02, 0x00, 0x00, 0x59, 0x00, 0x8c, 0x00,
    0x7a, 0x02, 0x00, 0x00, 0x59, 0x00, 0x8d, 0x00, 0x85, 0x02, 0x00, 0x00,
    0x59, 0x00, 0x8f, 0x00, 0x86, 0x02, 0x00, 0x00, 0x59, 0x00, 0x8c, 0x00,
    0x0f, 0x03, 0x00, 0x00, 0x59, 0x00, 0x8c, 0x00, 0x10, 0x03, 0x00, 0x00,
    0x59, 0x00, 0x87, 0x00, 0x1f, 0x03, 0x00, 0x00, 0x59, 0x00, 0x8d, 0x00,
    0x4b, 0x03, 0x00, 0x00, 0x59, 0x00, 0x87, 0x00, 0x4d, 0x03, 0x00, 0x00,
    0x59, 0x00, 0x8c, 0x00, 0x4e, 0x03, 0x00, 0x00, 0x59, 0x00, 0x8c, 0x00,
    0x4f, 0x03, 0x00, 0x00, 0x5a, 0x00, 0x05, 0x00, 0x5f, 0x02, 0x00, 0x00,
    0x5a, 0x00, 0x85, 0x00, 0xa0, 0x02, 0x00, 0x00, 0x5a, 0x00, 0x03, 0x00,
    0x1b, 0x03, 0x00, 0x00, 0x5a, 0x00, 0x03, 0x00, 0x1c, 0x03, 0x00, 0x00,
    0x5a, 0x00, 0x03, 0x00, 0xeb, 0x03, 0x00, 0x00, 0x5a, 0x00, 0x02, 0x00,
    0x14, 0x04, 0x00, 0x00, 0x5a, 0x00, 0x02, 0x00, 0x1a, 0x04, 0x00, 0x00,
    0x5b, 0x00, 0x02, 0x00, 0xdb, 0x03, 0x00, 0x00, 0x5c, 0x00, 0x3b, 0x00,
    0x9e, 0x02, 0x00, 0x00, 0x5c, 0x00, 0x35, 0x00, 0xfc, 0x02, 0x00, 0x00,
    0x5c, 0x00, 0x3b, 0x00, 0x17, 0x03, 0x00, 0x00, 0x5c, 0x00, 0x3b, 0x00,
    0x40, 0x03, 0x00, 0x00, 0x5d, 0x00, 0x02, 0x00, 0x71, 0x02, 0x00, 0x00,
    0x5d, 0x00, 0x02, 0x00, 0xdd, 0x02, 0x00, 0x00, 0x5d, 0x00, 0x03, 0x00,
    0x1e, 0x03, 0x00, 0x00, 0x5d, 0x00, 0x71, 0x00, 0x52, 0x03, 0x00, 0x00,
    0x5d, 0x00, 0x16, 0x00, 0x5b, 0x03, 0x00, 0x00, 0x5d, 0x00, 0x03, 0x00,
    0x0c, 0x04, 0x00, 0x00, 0x5e, 0x00, 0x35, 0x00, 0x60, 0x02, 0x00, 0x00,
    0x5e, 0x00, 0x3b, 0x00, 0x9f, 0x02, 0x00, 0x00, 0x5e, 0x00, 0x3b, 0x00,
    0x3e, 0x03, 0x00, 0x00, 0x5e, 0x00, 0x35, 0x00, 0xd1, 0x03, 0x00, 0x00,
    0x5f, 0x00, 0x03, 0x00, 0x2e, 0x00, 0x00, 0x00, 0x5f, 0x00, 0x03, 0x00,
    0x88, 0x00, 0x00, 0x00, 0x5f, 0x00, 0x03, 0x00, 0xb2, 0x00, 0x00, 0x00,
    0x5f, 0x00, 0x03, 0x00, 0x8a, 0x01, 0x00, 0x00, 0x5f, 0x00, 0x03, 0x00,
    0xac, 0x01, 0x00, 0x00, 0x5f, 0x00, 0x89, 0x00, 0x89, 0x02, 0x00, 0x00,
    0x5f, 0x00, 0x03, 0x00, 0x9b, 0x02, 0x00, 0x00, 0x5f, 0x00, 0x87, 0x00,
    0xab, 0x02, 0x00, 0x00, 0x5f, 0x00, 0x87, 0x00, 0xac, 0x02, 0x00, 0x00,
    0x5f, 0x00, 0x8c, 0x00, 0xad, 0x02, 0x00, 0x00, 0x5f, 0x00, 0x8c, 0x00,
    0xae, 0x02, 0x00, 0x00, 0x5f, 0x00, 0x85, 0x00, 0xb5, 0x02, 0x00, 0x00,
    0x5f, 0x00, 0x72, 0x00, 0xdc, 0x02, 0x00, 0x00, 0x5f, 0x00, 0x72, 0x00,
    0xfc, 0x02, 0x00, 0x00, 0x5f, 0x00, 0x72, 0x00, 0xfd, 0x02, 0x00, 0x00,
    0x5f, 0x00, 0x03, 0x00, 0xfe, 0x02, 0x00, 0x00, 0x5f, 0x00, 0x03, 0x00,
    0xff, 0x02, 0x00, 0x00, 0x5f, 0x00, 0x87, 0x00, 0x01, 0x03, 0x00, 0x00,
    0x5f, 0x00, 0x03, 0x00, 0x0e, 0x03, 0x00, 0x00, 0x5f, 0x00, 0x03, 0x00,
    0x14, 0x03, 0x00, 0x00, 0x5f, 0x00, 0x03, 0x00, 0xdc, 0x03, 0x00, 0x00,
    0x5f, 0x00, 0x72, 0x00, 0xe2, 0x03, 0x00, 0x00, 0x60, 0x00, 0x03, 0x00,
    0x8a, 0x00, 0x00, 0x00, 0x60, 0x00, 0x03, 0x00, 0x8b, 0x00, 0x00, 0x00,
    0x60, 0x00, 0x03, 0x00, 0x8c, 0x00, 0x00, 0x00, 0x60, 0x00, 0x03, 0x00,
    0x8d, 0x00, 0x00, 0x00, 0x60, 0x00, 0x17, 0x00, 0xa7, 0x02, 0x00, 0x00,
    0x60, 0x00, 0x03, 0x00, 0xb3, 0x02, 0x00, 0x00, 0x60, 0x00, 0x16, 0x00,
    0x5b, 0x03, 0x00, 0x00, 0x60, 0x00, 0x17, 0x00, 0xd6, 0x03, 0x00, 0x00,
    0x60, 0x00, 0x10, 0x00, 0xda, 0x03, 0x00, 0x00, 0x61, 0x00, 0x04, 0x00,
    0x1e, 0x00, 0x00, 0x00, 0x61, 0x00, 0x03, 0x00, 0x1f, 0x00, 0x00, 0x00,
    0x61, 0x00, 0x02, 0x00, 0x20, 0x00, 0x00, 0x00, 0x61, 0x00, 0x8c, 0x00,
    0x30, 0x00, 0x00, 0x00, 0x61, 0x00, 0x02, 0x00, 0x32, 0x00, 0x00, 0x00,
    0x61, 0x00, 0x03, 0x00, 0x40, 0x00, 0x00, 0x00, 0x61, 0x00, 0x03, 0x00,
    0x42, 0x00, 0x00, 0x00, 0x61, 0x00, 0x03, 0x00, 0x43, 0x00, 0x00, 0x00,
    0x61, 0x00, 0x03, 0x00, 0x44, 0x00, 0x00, 0x00, 0x61, 0x00, 0x03, 0x00,
    0x45, 0x00, 0x00, 0x00, 0x61, 0x00, 0x03, 0x00, 0x46, 0x00, 0x00, 0x00,
    0x61, 0x00, 0x03, 0x00, 0x47, 0x00, 0x00, 0x00, 0x61, 0x00, 0x03, 0x00,
    0x48, 0x00, 0x00, 0x00, 0x61, 0x00, 0x03, 0x00, 0x49, 0x00, 0x00, 0x00,
    0x61, 0x00, 0x03, 0x00, 0x4a, 0x00, 0x00, 0x00, 0x61, 0x00, 0x03, 0x00,
    0x4b, 0x00, 0x00, 0x00, 0x61, 0x00, 0x03, 0x00, 0x4c, 0x00, 0x00, 0x00,
    0x61, 0x00, 0x03, 0x00, 0x89, 0x00, 0x00, 0x00, 0x61, 0x00, 0x8c, 0x00,
    0x97, 0x00, 0x00, 0x00, 0x61, 0x00, 0x8c, 0x00, 0x98, 0x00, 0x00, 0x00,
    0x61, 0x00, 0x03, 0x00, 0x99, 0x00, 0x00, 0x00, 0x61, 0x00, 0x03, 0x00,
    0x9a, 0x00, 0x00, 0x00, 0x61, 0x00, 0x03, 0x00, 0xb0, 0x00, 0x00, 0x00,
    0x61, 0x00, 0x03, 0x00, 0xb1, 0x00, 0x00, 0x00, 0x61, 0x00, 0x03, 0x00,
    0x67, 0x01, 0x00, 0x00, 0x61, 0x00, 0x03, 0x00, 0x68, 0x01, 0x00, 0x00,
    0x61, 0x00, 0x03, 0x00, 0x69, 0x01, 0x00, 0x00, 0x61, 0x00, 0x02, 0x00,
    0x6a, 0x01, 0x00, 0x00, 0x61, 0x00, 0x03, 0x00, 0x8c, 0x01, 0x00, 0x00,
    0x61, 0x00, 0x8c, 0x00, 0x8d, 0x01, 0x00, 0x00, 0x61, 0x00, 0x03, 0x00,
    0x8e, 0x01, 0x00, 0x00, 0x61, 0x00, 0x03, 0x00, 0x8f, 0x01, 0x00, 0x00,
    0x61, 0x00, 0x03, 0x00, 0x90, 0x01, 0x00, 0x00, 0x61, 0x00, 0x03, 0x00,
    0x91, 0x01, 0x00, 0x00, 0x61, 0x00, 0x03, 0x00, 0x93, 0x01, 0x00, 0x00,
    0x61, 0x00, 0x03, 0x00, 0x94, 0x01, 0x00, 0x00, 0x61, 0x00, 0x03, 0x00,
    0x95, 0x01, 0x00, 0x00, 0x61, 0x00, 0x03, 0x00, 0xa2, 0x01, 0x00, 0x00,
    0x61, 0x00, 0x03, 0x00, 0xa8, 0x01, 0x00, 0x00, 0x61, 0x00, 0x03, 0x00,
    0xa9, 0x01, 0x00, 0x00, 0x61, 0x00, 0x03, 0x00, 0xaa, 0x01, 0x00, 0x00,
    0x61, 0x00, 0x8c, 0x00, 0xad, 0x01, 0x00, 0x00, 0x61, 0x00, 0x87, 0x00,
    0xae, 0x01, 0x00, 0x00, 0x61, 0x00, 0x8e, 0x00, 0xaf, 0x01, 0x00, 0x00,
    0x61, 0x00, 0x8c, 0x00, 0xb0, 0x01, 0x00, 0x00, 0x61, 0x00, 0x72, 0x00,
    0xb1, 0x01, 0x00, 0x00, 0x61, 0x00, 0x72, 0x00, 0xb2, 0x01, 0x00, 0x00,
    0x61, 0x00, 0x03, 0x00, 0xb3, 0x01, 0x00, 0x00, 0x61, 0x00, 0x03, 0x00,
    0xb4, 0x01, 0x00, 0x00, 0x61, 0x00, 0x03, 0x00, 0xb5, 0x01, 0x00, 0x00,
    0x61, 0x00, 0x03, 0x00, 0xd3, 0x01, 0x00, 0x00, 0x61, 0x00, 0x03, 0x00,
    0xd4, 0x01, 0x00, 0x00, 0x61, 0x00, 0x03, 0x00, 0xd5, 0x01, 0x00, 0x00,
    0x61, 0x00, 0x8c, 0x00, 0xd6, 0x01, 0x00, 0x00, 0x61, 0x00, 0x03, 0x00,
    0xd7, 0x01, 0x00, 0x00, 0x61, 0x00, 0x03, 0x00, 0xd8, 0x01, 0x00, 0x00,
    0x61, 0x00, 0x8e, 0x00, 0xda, 0x01, 0x00, 0x00, 0x61, 0x00, 0x02, 0x00,
    0xe9, 0x01, 0x00, 0x00, 0x61, 0x00, 0x04, 0x00, 0xea, 0x01, 0x00, 0x00,
    0x61, 0x00, 0x8c, 0x00, 0xeb, 0x01, 0x00, 0x00, 0x61, 0x00, 0x8c, 0x00,
    0xec, 0x01, 0x00, 0x00, 0x61, 0x00, 0x02, 0x00, 0xf8, 0x01, 0x00, 0x00,
    0x61, 0x00, 0x02, 0x00, 0xf9, 0x01, 0x00, 0x00, 0x61, 0x00, 0x03, 0x00,
    0x24, 0x02, 0x00, 0x00, 0x61, 0x00, 0x05, 0x00, 0x7b, 0x03, 0x00, 0x00,
    0x61, 0x00, 0x80, 0x00, 0x7c, 0x03, 0x00, 0x00, 0x61, 0x00, 0x59, 0x00,
    0x7d, 0x03, 0x00, 0x00, 0x61, 0x00, 0x85, 0x00, 0x7e, 0x03, 0x00, 0x00,
    0x61, 0x00, 0x03, 0x00, 0x7f, 0x03, 0x00, 0x00, 0x61, 0x00, 0x74, 0x00,
    0x80, 0x03, 0x00, 0x00, 0x61, 0x00, 0x18, 0x00, 0x81, 0x03, 0x00, 0x00,
    0x61, 0x00, 0x8c, 0x00, 0x82, 0x03, 0x00, 0x00, 0x61, 0x00, 0x8c, 0x00,
    0x83, 0x03, 0x00, 0x00, 0x61, 0x00, 0x8c, 0x00, 0x84, 0x03, 0x00, 0x00,
    0x61, 0x00, 0x77, 0x00, 0x85, 0x03, 0x00, 0x00, 0x61, 0x00, 0x2a, 0x00,
    0x86, 0x03, 0x00, 0x00, 0x61, 0x00, 0x87, 0x00, 0x87, 0x03, 0x00, 0x00,
    0x61, 0x00, 0x83, 0x00, 0x88, 0x03, 0x00, 0x00, 0x61, 0x00, 0x81, 0x00,
    0x89, 0x03, 0x00, 0x00, 0x61, 0x00, 0x7b, 0x00, 0x8a, 0x03, 0x00, 0x00,
    0x61, 0x00, 0x02, 0x00, 0x8b, 0x03, 0x00, 0x00, 0x61, 0x00, 0x03, 0x00,
    0x8c, 0x03, 0x00, 0x00, 0x61, 0x00, 0x03, 0x00, 0x8d, 0x03, 0x00, 0x00,
    0x61, 0x00, 0x03, 0x00, 0x8e, 0x03, 0x00, 0x00, 0x61, 0x00, 0x7b, 0x00,
    0x8f, 0x03, 0x00, 0x00, 0x61, 0x00, 0x87, 0x00, 0x90, 0x03, 0x00, 0x00,
    0x62, 0x00, 0x87, 0x00, 0x2c, 0x00, 0x00, 0x00, 0x62, 0x00, 0x8c, 0x00,
    0x2d, 0x00, 0x00, 0x00, 0x62, 0x00, 0x87, 0x00, 0x6c, 0x01, 0x00, 0x00,
    0x62, 0x00, 0x8c, 0x00, 0x6d, 0x01, 0x00, 0x00, 0x62, 0x00, 0x87, 0x00,
    0xed, 0x01, 0x00, 0x00, 0x62, 0x00, 0x8c, 0x00, 0xee, 0x01, 0x00, 0x00,
    0x75, 0x00, 0x75, 0x00, 0x89, 0x01, 0x00, 0x00, 0x7e, 0x00, 0x7e, 0x00,
    0xc8, 0x01, 0x00, 0x00, 0x05, 0x00, 0x8f, 0x00, 0x63, 0x02, 0x00, 0x00,
    0x05, 0x00, 0x1d, 0x00, 0xb9, 0x02, 0x00, 0x00, 0x05, 0x00, 0x4e, 0x00,
    0xcb, 0x02, 0x00, 0x00, 0x05, 0x00, 0x1e, 0x00, 0xd0, 0x02, 0x00, 0x00,
    0x05, 0x00, 0x1c, 0x00, 0xd2, 0x02, 0x00, 0x00, 0x05, 0x00, 0x4d, 0x00,
    0xd3, 0x02, 0x00, 0x00, 0x05, 0x00, 0xa9, 0x00, 0x07, 0x03, 0x00, 0x00,
    0x05, 0x00, 0xa9, 0x00, 0x09, 0x03, 0x00, 0x00, 0x05, 0x00, 0x9e, 0x00,
    0x7a, 0x03, 0x00, 0x00, 0x06, 0x00, 0x81, 0x00, 0x19, 0x00, 0x00, 0x00,
    0x06, 0x00, 0x17, 0x00, 0x94, 0x02, 0x00, 0x00, 0x06, 0x00, 0x15, 0x00,
    0xad, 0x03, 0x00, 0x00, 0x06, 0x00, 0x16, 0x00, 0xae, 0x03, 0x00, 0x00,
    0x06, 0x00, 0x16, 0x00, 0xb3, 0x03, 0x00, 0x00, 0x06, 0x00, 0x15, 0x00,
    0xc1, 0x03, 0x00, 0x00, 0x07, 0x00, 0x37, 0x00, 0xbb, 0x02, 0x00, 0x00,
    0x07, 0x00, 0x5d, 0x00, 0xc5, 0x03, 0x00, 0x00, 0x08, 0x00, 0x18, 0x00,
    0x43, 0x03, 0x00, 0x00, 0x09, 0x00, 0x80, 0x00, 0xb4, 0x03, 0x00, 0x00,
    0x0c, 0x00, 0x5d, 0x00, 0x6c, 0x02, 0x00, 0x00, 0x0c, 0x00, 0x1b, 0x00,
    0x69, 0x03, 0x00, 0x00, 0x0d, 0x00, 0x1a, 0x00, 0xa8, 0x02, 0x00, 0x00,
    0x0d, 0x00, 0x10, 0x00, 0xc3, 0x02, 0x00, 0x00, 0x0e, 0x00, 0x47, 0x00,
    0x59, 0x03, 0x00, 0x00, 0x0f, 0x00, 0x2d, 0x00, 0xc0, 0x02, 0x00, 0x00,
    0x0f, 0x00, 0x12, 0x00, 0xc2, 0x02, 0x00, 0x00, 0x10, 0x00, 0x22, 0x00,
    0x95, 0x02, 0x00, 0x00, 0x10, 0x00, 0x07, 0x00, 0xc1, 0x02, 0x00, 0x00,
    0x10, 0x00, 0x07, 0x00, 0xd9, 0x02, 0x00, 0x00, 0x10, 0x00, 0x5d, 0x00,
    0x6c, 0x03, 0x00, 0x00, 0x11, 0x00, 0x5d, 0x00, 0x19, 0x00, 0x00, 0x00,
    0x12, 0x00, 0x24, 0x00, 0x98, 0x02, 0x00, 0x00, 0x12, 0x00, 0x21, 0x00,
    0x99, 0x02, 0x00, 0x00, 0x12, 0x00, 0x23, 0x00, 0x9a, 0x02, 0x00, 0x00,
    0x13, 0x00, 0x83, 0x00, 0xa1, 0x02, 0x00, 0x00, 0x13, 0x00, 0x60, 0x00,
    0xa2, 0x02, 0x00, 0x00, 0x13, 0x00, 0x5f, 0x00, 0xa3, 0x02, 0x00, 0x00,
    0x13, 0x00, 0xa1, 0x00, 0xa4, 0x02, 0x00, 0x00, 0x16, 0x00, 0x5d, 0x00,
    0x19, 0x00, 0x00, 0x00, 0x16, 0x00, 0x61, 0x00, 0x19, 0x00, 0x00, 0x00,
    0x16, 0x00, 0x61, 0x00, 0x9e, 0x03, 0x00, 0x00, 0x16, 0x00, 0xa5, 0x00,
    0xa4, 0x03, 0x00, 0x00, 0x16, 0x00, 0x86, 0x00, 0xbb, 0x03, 0x00, 0x00,
    0x17, 0x00, 0x5d, 0x00, 0x19, 0x00, 0x00, 0x00, 0x17, 0x00, 0x07, 0x00,
    0xdf, 0x02, 0x00, 0x00, 0x17, 0x00, 0x66, 0x00, 0x98, 0x03, 0x00, 0x00,
    0x18, 0x00, 0x27, 0x00, 0x96, 0x02, 0x00, 0x00, 0x19, 0x00, 0x82, 0x00,
    0x19, 0x00, 0x00, 0x00, 0x19, 0x00, 0x25, 0x00, 0xcc, 0x02, 0x00, 0x00,
    0x1a, 0x00, 0x61, 0x00, 0x19, 0x00, 0x00, 0x00, 0x1c, 0x00, 0x5d, 0x00,
    0x19, 0x00, 0x00, 0x00, 0x1c, 0x00, 0x61, 0x00, 0x9e, 0x03, 0x00, 0x00,
    0x1c, 0x00, 0x5e, 0x00, 0xa0, 0x03, 0x00, 0x00, 0x1c, 0x00, 0x64, 0x00,
    0xb8, 0x03, 0x00, 0x00, 0x1d, 0x00, 0x89, 0x00, 0x19, 0x00, 0x00, 0x00,
    0x1d, 0x00, 0xaf, 0x00, 0x61, 0x03, 0x00, 0x00, 0x1d, 0x00, 0xb0, 0x00,
    0x62, 0x03, 0x00, 0x00, 0x1e, 0x00, 0x2a, 0x00, 0xca, 0x02, 0x00, 0x00,
    0x1f, 0x00, 0x61, 0x00, 0xc0, 0x03, 0x00, 0x00, 0x20, 0x00, 0x13, 0x00,
    0xa9, 0x02, 0x00, 0x00, 0x22, 0x00, 0x05, 0x00, 0xc9, 0x02, 0x00, 0x00,
    0x23, 0x00, 0x61, 0x00, 0x9e, 0x03, 0x00, 0x00, 0x23, 0x00, 0x85, 0x00,
    0xb9, 0x03, 0x00, 0x00, 0x23, 0x00, 0x5e, 0x00, 0xba, 0x03, 0x00, 0x00,
    0x23, 0x00, 0x86, 0x00, 0xbb, 0x03, 0x00, 0x00, 0x26, 0x00, 0x11, 0x00,
    0xe2, 0x02, 0x00, 0x00, 0x27, 0x00, 0x07, 0x00, 0xb7, 0x02, 0x00, 0x00,
    0x27, 0x00, 0x07, 0x00, 0xb8, 0x02, 0x00, 0x00, 0x27, 0x00, 0x02, 0x00,
    0xce, 0x02, 0x00, 0x00, 0x27, 0x00, 0x02, 0x00, 0xcf, 0x02, 0x00, 0x00,
    0x27, 0x00, 0x02, 0x00, 0xda, 0x02, 0x00, 0x00, 0x2a, 0x00, 0x81, 0x00,
    0x19, 0x00, 0x00, 0x00, 0x2a, 0x00, 0x07, 0x00, 0xc1, 0x02, 0x00, 0x00,
    0x2a, 0x00, 0x35, 0x00, 0xc7, 0x02, 0x00, 0x00, 0x2a, 0x00, 0x36, 0x00,
    0xcd, 0x02, 0x00, 0x00, 0x2a, 0x00, 0x49, 0x00, 0xd4, 0x02, 0x00, 0x00,
    0x2a, 0x00, 0x07, 0x00, 0xd8, 0x02, 0x00, 0x00, 0x2a, 0x00, 0x07, 0x00,
    0xd9, 0x02, 0x00, 0x00, 0x2a, 0x00, 0xab, 0x00, 0x58, 0x03, 0x00, 0x00,
    0x2a, 0x00, 0xb0, 0x00, 0x62, 0x03, 0x00, 0x00, 0x2a, 0x00, 0x88, 0x00,
    0x9a, 0x03, 0x00, 0x00, 0x2a, 0x00, 0x90, 0x00, 0xaa, 0x03, 0x00, 0x00,
    0x2a, 0x00, 0x8c, 0x00, 0xaf, 0x03, 0x00, 0x00, 0x2a, 0x00, 0x61, 0x00,
    0xc3, 0x03, 0x00, 0x00, 0x2b, 0x00, 0x34, 0x00, 0xb6, 0x02, 0x00, 0x00,
    0x2b, 0x00, 0x07, 0x00, 0xd1, 0x02, 0x00, 0x00, 0x2e, 0x00, 0xa5, 0x00,
    0x71, 0x03, 0x00, 0x00, 0x2f, 0x00, 0x5d, 0x00, 0x19, 0x00, 0x00, 0x00,
    0x2f, 0x00, 0x5d, 0x00, 0x48, 0x03, 0x00, 0x00, 0x30, 0x00, 0x8c, 0x00,
    0xaf, 0x03, 0x00, 0x00, 0x31, 0x00, 0x81, 0x00, 0x19, 0x00, 0x00, 0x00,
    0x31, 0x00, 0x8b, 0x00, 0x65, 0x02, 0x00, 0x00, 0x31, 0x00, 0x88, 0x00,
    0x9a, 0x03, 0x00, 0x00, 0x31, 0x00, 0x9b, 0x00, 0xa6, 0x03, 0x00, 0x00,
    0x31, 0x00, 0x61, 0x00, 0xa7, 0x03, 0x00, 0x00, 0x31, 0x00, 0x66, 0x00,
    0xb2, 0x03, 0x00, 0x00, 0x31, 0x00, 0xa5, 0x00, 0xb7, 0x03, 0x00, 0x00,
    0x31, 0x00, 0x61, 0x00, 0xbe, 0x03, 0x00, 0x00, 0x31, 0x00, 0x87, 0x00,
    0xc2, 0x03, 0x00, 0x00, 0x32, 0x00, 0x64, 0x00, 0x19, 0x00, 0x00, 0x00,
    0x32, 0x00, 0x66, 0x00, 0xab, 0x03, 0x00, 0x00, 0x33, 0x00, 0x81, 0x00,
    0x19, 0x00, 0x00, 0x00, 0x33, 0x00, 0x8e, 0x00, 0x66, 0x02, 0x00, 0x00,
    0x33, 0x00, 0x8f, 0x00, 0x66, 0x02, 0x00, 0x00, 0x33, 0x00, 0x61, 0x00,
    0x9b, 0x03, 0x00, 0x00, 0x33, 0x00, 0x8c, 0x00, 0xaf, 0x03, 0x00, 0x00,
    0x35, 0x00, 0x81, 0x00, 0x19, 0x00, 0x00, 0x00, 0x35, 0x00, 0x49, 0x00,
    0xd4, 0x02, 0x00, 0x00, 0x35, 0x00, 0xb0, 0x00, 0x62, 0x03, 0x00, 0x00,
    0x35, 0x00, 0x88, 0x00, 0x9a, 0x03, 0x00, 0x00, 0x35, 0x00, 0x9b, 0x00,
    0x9f, 0x03, 0x00, 0x00, 0x35, 0x00, 0x88, 0x00, 0xa8, 0x03, 0x00, 0x00,
    0x35, 0x00, 0x90, 0x00, 0xaa, 0x03, 0x00, 0x00, 0x35, 0x00, 0x8c, 0x00,
    0xaf, 0x03, 0x00, 0x00, 0x35, 0x00, 0x8d, 0x00, 0xb0, 0x03, 0x00, 0x00,
    0x35, 0x00, 0x66, 0x00, 0xb2, 0x03, 0x00, 0x00, 0x35, 0x00, 0x91, 0x00,
    0xb5, 0x03, 0x00, 0x00, 0x35, 0x00, 0x9d, 0x00, 0xbc, 0x03, 0x00, 0x00,
    0x35, 0x00, 0x61, 0x00, 0xc3, 0x03, 0x00, 0x00, 0x36, 0x00, 0x64, 0x00,
    0x19, 0x00, 0x00, 0x00, 0x36, 0x00, 0x65, 0x00, 0x19, 0x00, 0x00, 0x00,
    0x36, 0x00, 0x66, 0x00, 0xab, 0x03, 0x00, 0x00, 0x37, 0x00, 0x81, 0x00,
    0x19, 0x00, 0x00, 0x00, 0x37, 0x00, 0x8e, 0x00, 0x66, 0x02, 0x00, 0x00,
    0x37, 0x00, 0x8f, 0x00, 0x66, 0x02, 0x00, 0x00, 0x37, 0x00, 0x5d, 0x00,
    0x6e, 0x03, 0x00, 0x00, 0x37, 0x00, 0x88, 0x00, 0x9a, 0x03, 0x00, 0x00,
    0x37, 0x00, 0x61, 0x00, 0xa5, 0x03, 0x00, 0x00, 0x37, 0x00, 0x90, 0x00,
    0xaa, 0x03, 0x00, 0x00, 0x37, 0x00, 0x8c, 0x00, 0xaf, 0x03, 0x00, 0x00,
    0x37, 0x00, 0x61, 0x00, 0xb1, 0x03, 0x00, 0x00, 0x37, 0x00, 0x66, 0x00,
    0xb2, 0x03, 0x00, 0x00, 0x37, 0x00, 0x9d, 0x00, 0xbc, 0x03, 0x00, 0x00,
    0x39, 0x00, 0x81, 0x00, 0x19, 0x00, 0x00, 0x00, 0x39, 0x00, 0xb0, 0x00,
    0x62, 0x03, 0x00, 0x00, 0x39, 0x00, 0xaf, 0x00, 0x6f, 0x03, 0x00, 0x00,
    0x39, 0x00, 0x92, 0x00, 0x99, 0x03, 0x00, 0x00, 0x39, 0x00, 0x61, 0x00,
    0x9d, 0x03, 0x00, 0x00, 0x39, 0x00, 0x88, 0x00, 0xa2, 0x03, 0x00, 0x00,
    0x39, 0x00, 0x61, 0x00, 0xa3, 0x03, 0x00, 0x00, 0x39, 0x00, 0x61, 0x00,
    0xb6, 0x03, 0x00, 0x00, 0x3a, 0x00, 0x81, 0x00, 0x19, 0x00, 0x00, 0x00,
    0x3a, 0x00, 0x8e, 0x00, 0x66, 0x02, 0x00, 0x00, 0x3b, 0x00, 0x81, 0x00,
    0x19, 0x00, 0x00, 0x00, 0x3b, 0x00, 0x84, 0x00, 0x54, 0x03, 0x00, 0x00,
    0x3b, 0x00, 0x88, 0x00, 0x9a, 0x03, 0x00, 0x00, 0x3b, 0x00, 0x61, 0x00,
    0xa5, 0x03, 0x00, 0x00, 0x3b, 0x00, 0x8c, 0x00, 0xaf, 0x03, 0x00, 0x00,
    0x3b, 0x00, 0x66, 0x00, 0xb2, 0x03, 0x00, 0x00, 0x3b, 0x00, 0xa5, 0x00,
    0xb7, 0x03, 0x00, 0x00, 0x3b, 0x00, 0x9b, 0x00, 0xbd, 0x03, 0x00, 0x00,
    0x3b, 0x00, 0x61, 0x00, 0xbe, 0x03, 0x00, 0x00, 0x3b, 0x00, 0x62, 0x00,
    0xbf, 0x03, 0x00, 0x00, 0x3b, 0x00, 0x87, 0x00, 0xc2, 0x03, 0x00, 0x00,
    0x3b, 0x00, 0x61, 0x00, 0xc4, 0x03, 0x00, 0x00, 0x3c, 0x00, 0x3d, 0x00,
    0x1d, 0x03, 0x00, 0x00, 0x3c, 0x00, 0x5d, 0x00, 0xc5, 0x03, 0x00, 0x00,
    0x3d, 0x00, 0x97, 0x00, 0x19, 0x00, 0x00, 0x00, 0x3d, 0x00, 0x5d, 0x00,
    0x79, 0x03, 0x00, 0x00, 0x3e, 0x00, 0x9e, 0x00, 0x19, 0x00, 0x00, 0x00,
    0x3e, 0x00, 0x8e, 0x00, 0x53, 0x03, 0x00, 0x00, 0x3f, 0x00, 0x6a, 0x00,
    0x19, 0x00, 0x00, 0x00, 0x3f, 0x00, 0x5d, 0x00, 0x79, 0x03, 0x00, 0x00,
    0x40, 0x00, 0x68, 0x00, 0x19, 0x00, 0x00, 0x00, 0x40, 0x00, 0x5d, 0x00,
    0x79, 0x03, 0x00, 0x00, 0x41, 0x00, 0x68, 0x00, 0x19, 0x00, 0x00, 0x00,
    0x41, 0x00, 0x5d, 0x00, 0x79, 0x03, 0x00, 0x00, 0x42, 0x00, 0x94, 0x00,
    0x19, 0x00, 0x00, 0x00, 0x42, 0x00, 0x5d, 0x00, 0x79, 0x03, 0x00, 0x00,
    0x43, 0x00, 0x69, 0x00, 0x19, 0x00, 0x00, 0x00, 0x43, 0x00, 0x8e, 0x00,
    0x53, 0x03, 0x00, 0x00, 0x44, 0x00, 0xa6, 0x00, 0x19, 0x00, 0x00, 0x00,
    0x44, 0x00, 0x5d, 0x00, 0x79, 0x03, 0x00, 0x00, 0x45, 0x00, 0x9a, 0x00,
    0x19, 0x00, 0x00, 0x00, 0x45, 0x00, 0x07, 0x00, 0xbe, 0x02, 0x00, 0x00,
    0x45, 0x00, 0x4a, 0x00, 0xc4, 0x02, 0x00, 0x00, 0x45, 0x00, 0x14, 0x00,
    0xc5, 0x02, 0x00, 0x00, 0x45, 0x00, 0x2f, 0x00, 0xd7, 0x02, 0x00, 0x00,
    0x46, 0x00, 0x95, 0x00, 0x19, 0x00, 0x00, 0x00, 0x46, 0x00, 0x5d, 0x00,
    0x79, 0x03, 0x00, 0x00, 0x47, 0x00, 0xa8, 0x00, 0x19, 0x00, 0x00, 0x00,
    0x47, 0x00, 0x8a, 0x00, 0x67, 0x02, 0x00, 0x00, 0x47, 0x00, 0x9c, 0x00,
    0x70, 0x02, 0x00, 0x00, 0x47, 0x00, 0x9c, 0x00, 0x56, 0x03, 0x00, 0x00,
    0x48, 0x00, 0xa7, 0x00, 0x19, 0x00, 0x00, 0x00, 0x48, 0x00, 0x8e, 0x00,
    0x53, 0x03, 0x00, 0x00, 0x49, 0x00, 0x7f, 0x00, 0x19, 0x00, 0x00, 0x00,
    0x49, 0x00, 0x8e, 0x00, 0x53, 0x03, 0x00, 0x00, 0x4a, 0x00, 0x6c, 0x00,
    0x19, 0x00, 0x00, 0x00, 0x4a, 0x00, 0x5d, 0x00, 0x79, 0x03, 0x00, 0x00,
    0x4b, 0x00, 0x67, 0x00, 0x19, 0x00, 0x00, 0x00, 0x4b, 0x00, 0x8e, 0x00,
    0x53, 0x03, 0x00, 0x00, 0x4c, 0x00, 0x71, 0x00, 0x19, 0x00, 0x00, 0x00,
    0x4c, 0x00, 0x5d, 0x00, 0x79, 0x03, 0x00, 0x00, 0x4d, 0x00, 0x7d, 0x00,
    0x19, 0x00, 0x00, 0x00, 0x4d, 0x00, 0x5d, 0x00, 0x79, 0x03, 0x00, 0x00,
    0x4e, 0x00, 0x7d, 0x00, 0x19, 0x00, 0x00, 0x00, 0x4e, 0x00, 0x8e, 0x00,
    0x53, 0x03, 0x00, 0x00, 0x4f, 0x00, 0x63, 0x00, 0x19, 0x00, 0x00, 0x00,
    0x4f, 0x00, 0xb2, 0x00, 0x70, 0x03, 0x00, 0x00, 0x4f, 0x00, 0x07, 0x00,
    0xca, 0x03, 0x00, 0x00, 0x50, 0x00, 0x98, 0x00, 0x19, 0x00, 0x00, 0x00,
    0x50, 0x00, 0x5d, 0x00, 0x79, 0x03, 0x00, 0x00, 0x51, 0x00, 0x6c, 0x00,
    0x19, 0x00, 0x00, 0x00, 0x51, 0x00, 0x5d, 0x00, 0x79, 0x03, 0x00, 0x00,
    0x52, 0x00, 0x6c, 0x00, 0x19, 0x00, 0x00, 0x00, 0x52, 0x00, 0x5d, 0x00,
    0x79, 0x03, 0x00, 0x00, 0x53, 0x00, 0x72, 0x00, 0x19, 0x00, 0x00, 0x00,
    0x53, 0x00, 0x5d, 0x00, 0x79, 0x03, 0x00, 0x00, 0x54, 0x00, 0x5d, 0x00,
    0x19, 0x00, 0x00, 0x00, 0x54, 0x00, 0x8e, 0x00, 0x53, 0x03, 0x00, 0x00,
    0x55, 0x00, 0x7a, 0x00, 0x19, 0x00, 0x00, 0x00, 0x55, 0x00, 0x8e, 0x00,
    0x53, 0x03, 0x00, 0x00, 0x56, 0x00, 0x5d, 0x00, 0x19, 0x00, 0x00, 0x00,
    0x56, 0x00, 0x8e, 0x00, 0x53, 0x03, 0x00, 0x00, 0x57, 0x00, 0x99, 0x00,
    0x19, 0x00, 0x00, 0x00, 0x57, 0x00, 0x5d, 0x00, 0x79, 0x03, 0x00, 0x00,
    0x58, 0x00, 0x6f, 0x00, 0x19, 0x00, 0x00, 0x00, 0x58, 0x00, 0x8e, 0x00,
    0x53, 0x03, 0x00, 0x00, 0x59, 0x00, 0x5d, 0x00, 0x19, 0x00, 0x00, 0x00,
    0x59, 0x00, 0x96, 0x00, 0x19, 0x00, 0x00, 0x00, 0x5a, 0x00, 0x6c, 0x00,
    0x19, 0x00, 0x00, 0x00, 0x5a, 0x00, 0xac, 0x00, 0x57, 0x03, 0x00, 0x00,
    0x5b, 0x00, 0x6c, 0x00, 0x19, 0x00, 0x00, 0x00, 0x5b, 0x00, 0x07, 0x00,
    0xba, 0x02, 0x00, 0x00, 0x5b, 0x00, 0x07, 0x00, 0xbc, 0x02, 0x00, 0x00,
    0x5b, 0x00, 0x07, 0x00, 0xbf, 0x02, 0x00, 0x00, 0x5b, 0x00, 0x2b, 0x00,
    0xc6, 0x02, 0x00, 0x00, 0x5b, 0x00, 0x07, 0x00, 0xc8, 0x02, 0x00, 0x00,
    0x5b, 0x00, 0x2c, 0x00, 0xcc, 0x02, 0x00, 0x00, 0x5b, 0x00, 0x48, 0x00,
    0xd5, 0x02, 0x00, 0x00, 0x5b, 0x00, 0x84, 0x00, 0x54, 0x03, 0x00, 0x00,
    0x5b, 0x00, 0xa5, 0x00, 0xa9, 0x03, 0x00, 0x00, 0x5b, 0x00, 0x66, 0x00,
    0xb2, 0x03, 0x00, 0x00, 0x5c, 0x00, 0x5d, 0x00, 0x19, 0x00, 0x00, 0x00,
    0x5c, 0x00, 0x96, 0x00, 0x19, 0x00, 0x00, 0x00, 0x5d, 0x00, 0x6e, 0x00,
    0x19, 0x00, 0x00, 0x00, 0x5d, 0x00, 0x19, 0x00, 0xbd, 0x02, 0x00, 0x00,
    0x5d, 0x00, 0x07, 0x00, 0xc1, 0x02, 0x00, 0x00, 0x5d, 0x00, 0x36, 0x00,
    0xcd, 0x02, 0x00, 0x00, 0x5d, 0x00, 0x07, 0x00, 0xd9, 0x02, 0x00, 0x00,
    0x5d, 0x00, 0x5d, 0x00, 0x05, 0x03, 0x00, 0x00, 0x5d, 0x00, 0x84, 0x00,
    0x54, 0x03, 0x00, 0x00, 0x5d, 0x00, 0x64, 0x00, 0x55, 0x03, 0x00, 0x00,
    0x5d, 0x00, 0xab, 0x00, 0x58, 0x03, 0x00, 0x00, 0x5d, 0x00, 0x0c, 0x00,
    0x73, 0x03, 0x00, 0x00, 0x5d, 0x00, 0x64, 0x00, 0xac, 0x03, 0x00, 0x00,
    0x5d, 0x00, 0x07, 0x00, 0x0c, 0x04, 0x00, 0x00, 0x5e, 0x00, 0x5d, 0x00,
    0x19, 0x00, 0x00, 0x00, 0x5e, 0x00, 0x96, 0x00, 0x19, 0x00, 0x00, 0x00,
    0x5f, 0x00, 0xa2, 0x00, 0x19, 0x00, 0x00, 0x00, 0x5f, 0x00, 0xa0, 0x00,
    0x6d, 0x02, 0x00, 0x00, 0x5f, 0x00, 0xa9, 0x00, 0x74, 0x02, 0x00, 0x00,
    0x5f, 0x00, 0x40, 0x00, 0x78, 0x02, 0x00, 0x00, 0x5f, 0x00, 0x07, 0x00,
    0x93, 0x02, 0x00, 0x00, 0x5f, 0x00, 0x44, 0x00, 0xdc, 0x02, 0x00, 0x00,
    0x5f, 0x00, 0x0b, 0x00, 0x03, 0x03, 0x00, 0x00, 0x5f, 0x00, 0x41, 0x00,
    0x11, 0x03, 0x00, 0x00, 0x5f, 0x00, 0x42, 0x00, 0x12, 0x03, 0x00, 0x00,
    0x5f, 0x00, 0xa9, 0x00, 0x18, 0x03, 0x00, 0x00, 0x5f, 0x00, 0x43, 0x00,
    0x23, 0x03, 0x00, 0x00, 0x5f, 0x00, 0x45, 0x00, 0x24, 0x03, 0x00, 0x00,
    0x5f, 0x00, 0x4f, 0x00, 0x3f, 0x03, 0x00, 0x00, 0x5f, 0x00, 0xa9, 0x00,
    0x49, 0x03, 0x00, 0x00, 0x5f, 0x00, 0x40, 0x00, 0x4c, 0x03, 0x00, 0x00,
    0x5f, 0x00, 0x46, 0x00, 0x50, 0x03, 0x00, 0x00, 0x5f, 0x00, 0x40, 0x00,
    0x67, 0x03, 0x00, 0x00, 0x5f, 0x00, 0x4f, 0x00, 0x93, 0x03, 0x00, 0x00,
    0x5f, 0x00, 0x07, 0x00, 0xd4, 0x03, 0x00, 0x00, 0x5f, 0x00, 0x07, 0x00,
    0xea, 0x03, 0x00, 0x00, 0x60, 0x00, 0x6c, 0x00, 0x19, 0x00, 0x00, 0x00,
    0x60, 0x00, 0x19, 0x00, 0xbd, 0x02, 0x00, 0x00, 0x60, 0x00, 0x07, 0x00,
    0xc1, 0x02, 0x00, 0x00, 0x60, 0x00, 0x07, 0x00, 0xd9, 0x02, 0x00, 0x00,
    0x60, 0x00, 0x84, 0x00, 0x54, 0x03, 0x00, 0x00, 0x60, 0x00, 0x64, 0x00,
    0x55, 0x03, 0x00, 0x00, 0x60, 0x00, 0x6b, 0x00, 0x63, 0x03, 0x00, 0x00,
    0x60, 0x00, 0x64, 0x00, 0xac, 0x03, 0x00, 0x00, 0x61, 0x00, 0x5d, 0x00,
    0x18, 0x00, 0x00, 0x00, 0x61, 0x00, 0x5d, 0x00, 0x19, 0x00, 0x00, 0x00,
    0x61, 0x00, 0x3e, 0x00, 0x37, 0x02, 0x00, 0x00, 0x61, 0x00, 0x3e, 0x00,
    0x38, 0x02, 0x00, 0x00, 0x61, 0x00, 0x20, 0x00, 0x39, 0x02, 0x00, 0x00,
    0x61, 0x00, 0x3f, 0x00, 0x3a, 0x02, 0x00, 0x00, 0x61, 0x00, 0x7e, 0x00,
    0x3b, 0x02, 0x00, 0x00, 0x61, 0x00, 0x20, 0x00, 0x3c, 0x02, 0x00, 0x00,
    0x61, 0x00, 0x6c, 0x00, 0x3d, 0x02, 0x00, 0x00, 0x61, 0x00, 0x0a, 0x00,
    0x3e, 0x02, 0x00, 0x00, 0x61, 0x00, 0x74, 0x00, 0x3f, 0x02, 0x00, 0x00,
    0x61, 0x00, 0x6c, 0x00, 0x40, 0x02, 0x00, 0x00, 0x61, 0x00, 0x2e, 0x00,
    0x41, 0x02, 0x00, 0x00, 0x61, 0x00, 0x7a, 0x00, 0x42, 0x02, 0x00, 0x00,
    0x61, 0x00, 0x7d, 0x00, 0x43, 0x02, 0x00, 0x00, 0x61, 0x00, 0x29, 0x00,
    0x44, 0x02, 0x00, 0x00, 0x61, 0x00, 0xb3, 0x00, 0x45, 0x02, 0x00, 0x00,
    0x61, 0x00, 0xbc, 0x00, 0x46, 0x02, 0x00, 0x00, 0x61, 0x00, 0x06, 0x00,
    0x47, 0x02, 0x00, 0x00, 0x61, 0x00, 0x07, 0x00, 0x48, 0x02, 0x00, 0x00,
    0x61, 0x00, 0x78, 0x00, 0x49, 0x02, 0x00, 0x00, 0x61, 0x00, 0x79, 0x00,
    0x4a, 0x02, 0x00, 0x00, 0x61, 0x00, 0x51, 0x00, 0x4b, 0x02, 0x00, 0x00,
    0x61, 0x00, 0x32, 0x00, 0x4c, 0x02, 0x00, 0x00, 0x61, 0x00, 0x0c, 0x00,
    0x4d, 0x02, 0x00, 0x00, 0x61, 0x00, 0x59, 0x00, 0x4e, 0x02, 0x00, 0x00,
    0x61, 0x00, 0xb5, 0x00, 0x4f, 0x02, 0x00, 0x00, 0x61, 0x00, 0x71, 0x00,
    0x50, 0x02, 0x00, 0x00, 0x61, 0x00, 0x6c, 0x00, 0x51, 0x02, 0x00, 0x00,
    0x61, 0x00, 0x93, 0x00, 0x52, 0x02, 0x00, 0x00, 0x61, 0x00, 0xaa, 0x00,
    0x53, 0x02, 0x00, 0x00, 0x61, 0x00, 0x71, 0x00, 0x54, 0x02, 0x00, 0x00,
    0x61, 0x00, 0xaa, 0x00, 0x55, 0x02, 0x00, 0x00, 0x61, 0x00, 0x6d, 0x00,
    0x56, 0x02, 0x00, 0x00, 0x61, 0x00, 0xc0, 0x00, 0x57, 0x02, 0x00, 0x00,
    0x61, 0x00, 0x7d, 0x00, 0x58, 0x02, 0x00, 0x00, 0x61, 0x00, 0xbd, 0x00,
    0x59, 0x02, 0x00, 0x00, 0x61, 0x00, 0x53, 0x00, 0x5a, 0x02, 0x00, 0x00,
    0x61, 0x00, 0xb7, 0x00, 0x5b, 0x02, 0x00, 0x00, 0x61, 0x00, 0x0e, 0x00,
    0x5c, 0x02, 0x00, 0x00, 0x61, 0x00, 0x5c, 0x00, 0x5d, 0x02, 0x00, 0x00,
    0x61, 0x00, 0x0c, 0x00, 0x61, 0x02, 0x00, 0x00, 0x61, 0x00, 0xa3, 0x00,
    0x64, 0x02, 0x00, 0x00, 0x61, 0x00, 0x7b, 0x00, 0x6e, 0x02, 0x00, 0x00,
    0x61, 0x00, 0x06, 0x00, 0x6f, 0x02, 0x00, 0x00, 0x61, 0x00, 0xb7, 0x00,
    0x72, 0x02, 0x00, 0x00, 0x61, 0x00, 0x3e, 0x00, 0x7b, 0x02, 0x00, 0x00,
    0x61, 0x00, 0x7d, 0x00, 0x7c, 0x02, 0x00, 0x00, 0x61, 0x00, 0x3a, 0x00,
    0x7d, 0x02, 0x00, 0x00, 0x61, 0x00, 0x3b, 0x00, 0x7d, 0x02, 0x00, 0x00,
    0x61, 0x00, 0x30, 0x00, 0x7e, 0x02, 0x00, 0x00, 0x61, 0x00, 0x6c, 0x00,
    0x7f, 0x02, 0x00, 0x00, 0x61, 0x00, 0x0a, 0x00, 0x8a, 0x02, 0x00, 0x00,
    0x61, 0x00, 0x42, 0x00, 0x8b, 0x02, 0x00, 0x00, 0x61, 0x00, 0x06, 0x00,
    0x91, 0x02, 0x00, 0x00, 0x61, 0x00, 0x20, 0x00, 0x97, 0x02, 0x00, 0x00,
    0x61, 0x00, 0x7e, 0x00, 0x9c, 0x02, 0x00, 0x00, 0x61, 0x00, 0x5d, 0x00,
    0xa6, 0x02, 0x00, 0x00, 0x61, 0x00, 0x71, 0x00, 0xaf, 0x02, 0x00, 0x00,
    0x61, 0x00, 0x53, 0x00, 0xb0, 0x02, 0x00, 0x00, 0x61, 0x00, 0x26, 0x00,
    0xb1, 0x02, 0x00, 0x00, 0x61, 0x00, 0x0b, 0x00, 0xb4, 0x02, 0x00, 0x00,
    0x61, 0x00, 0x28, 0x00, 0xe1, 0x02, 0x00, 0x00, 0x61, 0x00, 0x38, 0x00,
    0xfc, 0x02, 0x00, 0x00, 0x61, 0x00, 0x6c, 0x00, 0x04, 0x03, 0x00, 0x00,
    0x61, 0x00, 0xaa, 0x00, 0x06, 0x03, 0x00, 0x00, 0x61, 0x00, 0xaa, 0x00,
    0x0a, 0x03, 0x00, 0x00, 0x61, 0x00, 0xb1, 0x00, 0x0b, 0x03, 0x00, 0x00,
    0x61, 0x00, 0xaa, 0x00, 0x0c, 0x03, 0x00, 0x00, 0x61, 0x00, 0x5d, 0x00,
    0x19, 0x03, 0x00, 0x00, 0x61, 0x00, 0x33, 0x00, 0x1a, 0x03, 0x00, 0x00,
    0x61, 0x00, 0x50, 0x00, 0x25, 0x03, 0x00, 0x00, 0x61, 0x00, 0xb4, 0x00,
    0x26, 0x03, 0x00, 0x00, 0x61, 0x00, 0xbc, 0x00, 0x27, 0x03, 0x00, 0x00,
    0x61, 0x00, 0xa9, 0x00, 0x28, 0x03, 0x00, 0x00, 0x61, 0x00, 0xb4, 0x00,
    0x29, 0x03, 0x00, 0x00, 0x61, 0x00, 0xbc, 0x00, 0x2a, 0x03, 0x00, 0x00,
    0x61, 0x00, 0xb5, 0x00, 0x2b, 0x03, 0x00, 0x00, 0x61, 0x00, 0xb4, 0x00,
    0x2c, 0x03, 0x00, 0x00, 0x61, 0x00, 0xbc, 0x00, 0x2d, 0x03, 0x00, 0x00,
    0x61, 0x00, 0xbc, 0x00, 0x2e, 0x03, 0x00, 0x00, 0x61, 0x00, 0xb6, 0x00,
    0x2f, 0x03, 0x00, 0x00, 0x61, 0x00, 0xbc, 0x00, 0x30, 0x03, 0x00, 0x00,
    0x61, 0x00, 0xbc, 0x00, 0x31, 0x03, 0x00, 0x00, 0x61, 0x00, 0xb4, 0x00,
    0x32, 0x03, 0x00, 0x00, 0x61, 0x00, 0xb5, 0x00, 0x33, 0x03, 0x00, 0x00,
    0x61, 0x00, 0xbc, 0x00, 0x34, 0x03, 0x00, 0x00, 0x61, 0x00, 0x64, 0x00,
    0x35, 0x03, 0x00, 0x00, 0x61, 0x00, 0x64, 0x00, 0x36, 0x03, 0x00, 0x00,
    0x61, 0x00, 0x64, 0x00, 0x37, 0x03, 0x00, 0x00, 0x61, 0x00, 0x64, 0x00,
    0x38, 0x03, 0x00, 0x00, 0x61, 0x00, 0x61, 0x00, 0x39, 0x03, 0x00, 0x00,
    0x61, 0x00, 0x07, 0x00, 0x3a, 0x03, 0x00, 0x00, 0x61, 0x00, 0x07, 0x00,
    0x3b, 0x03, 0x00, 0x00, 0x61, 0x00, 0x07, 0x00, 0x3c, 0x03, 0x00, 0x00,
    0x61, 0x00, 0xb5, 0x00, 0x3d, 0x03, 0x00, 0x00, 0x61, 0x00, 0xb9, 0x00,
    0x41, 0x03, 0x00, 0x00, 0x61, 0x00, 0xbd, 0x00, 0x47, 0x03, 0x00, 0x00,
    0x61, 0x00, 0x71, 0x00, 0x5c, 0x03, 0x00, 0x00, 0x61, 0x00, 0x73, 0x00,
    0x5d, 0x03, 0x00, 0x00, 0x61, 0x00, 0x29, 0x00, 0x5e, 0x03, 0x00, 0x00,
    0x61, 0x00, 0x29, 0x00, 0x5f, 0x03, 0x00, 0x00, 0x61, 0x00, 0x31, 0x00,
    0x64, 0x03, 0x00, 0x00, 0x61, 0x00, 0x0d, 0x00, 0x65, 0x03, 0x00, 0x00,
    0x61, 0x00, 0x4f, 0x00, 0x66, 0x03, 0x00, 0x00, 0x61, 0x00, 0x0e, 0x00,
    0x6a, 0x03, 0x00, 0x00, 0x61, 0x00, 0x51, 0x00, 0x6b, 0x03, 0x00, 0x00,
    0x61, 0x00, 0x75, 0x00, 0x72, 0x03, 0x00, 0x00, 0x61, 0x00, 0x74, 0x00,
    0x74, 0x03, 0x00, 0x00, 0x61, 0x00, 0x6c, 0x00, 0x75, 0x03, 0x00, 0x00,
    0x61, 0x00, 0x32, 0x00, 0x78, 0x03, 0x00, 0x00, 0x61, 0x00, 0x74, 0x00,
    0x91, 0x03, 0x00, 0x00, 0x61, 0x00, 0x6c, 0x00, 0x92, 0x03, 0x00, 0x00,
    0x61, 0x00, 0x39, 0x00, 0x94, 0x03, 0x00, 0x00, 0x61, 0x00, 0xba, 0x00,
    0x95, 0x03, 0x00, 0x00, 0x61, 0x00, 0x7a, 0x00, 0x96, 0x03, 0x00, 0x00,
    0x61, 0x00, 0xb6, 0x00, 0x97, 0x03, 0x00, 0x00, 0x61, 0x00, 0x76, 0x00,
    0x9c, 0x03, 0x00, 0x00, 0x61, 0x00, 0xa0, 0x00, 0xc6, 0x03, 0x00, 0x00,
    0x61, 0x00, 0x78, 0x00, 0xc7, 0x03, 0x00, 0x00, 0x61, 0x00, 0x79, 0x00,
    0xc8, 0x03, 0x00, 0x00, 0x61, 0x00, 0x77, 0x00, 0xc9, 0x03, 0x00, 0x00,
    0x61, 0x00, 0x6b, 0x00, 0xcc, 0x03, 0x00, 0x00, 0x61, 0x00, 0xbe, 0x00,
    0xcd, 0x03, 0x00, 0x00, 0x61, 0x00, 0xc1, 0x00, 0xce, 0x03, 0x00, 0x00,
    0x61, 0x00, 0xbf, 0x00, 0xcf, 0x03, 0x00, 0x00, 0x61, 0x00, 0x20, 0x00,
    0xd1, 0x03, 0x00, 0x00, 0x61, 0x00, 0x1f, 0x00, 0xd2, 0x03, 0x00, 0x00,
    0x61, 0x00, 0x50, 0x00, 0xd3, 0x03, 0x00, 0x00, 0x61, 0x00, 0x6c, 0x00,
    0xd8, 0x03, 0x00, 0x00, 0x61, 0x00, 0x3c, 0x00, 0xdf, 0x03, 0x00, 0x00,
    0x61, 0x00, 0x30, 0x00, 0xe1, 0x03, 0x00, 0x00, 0x61, 0x00, 0x7d, 0x00,
    0xe6, 0x03, 0x00, 0x00, 0x61, 0x00, 0x6c, 0x00, 0xe7, 0x03, 0x00, 0x00,
    0x61, 0x00, 0x6d, 0x00, 0xe8, 0x03, 0x00, 0x00, 0x61, 0x00, 0x06, 0x00,
    0xed, 0x03, 0x00, 0x00, 0x61, 0x00, 0x93, 0x00, 0xee, 0x03, 0x00, 0x00,
    0x61, 0x00, 0x70, 0x00, 0x0e, 0x04, 0x00, 0x00, 0x61, 0x00, 0x06, 0x00,
    0x11, 0x04, 0x00, 0x00, 0x61, 0x00, 0x7c, 0x00, 0x12, 0x04, 0x00, 0x00,
    0x62, 0x00, 0x5d, 0x00, 0x18, 0x00, 0x00, 0x00, 0x62, 0x00, 0x5d, 0x00,
    0x19, 0x00, 0x00, 0x00, 0x69, 0x00, 0x5d, 0x00, 0x8e, 0x02, 0x00, 0x00,
    0x6a, 0x00, 0x4e, 0x00, 0xe5, 0x03, 0x00, 0x00, 0x6b, 0x00, 0x08, 0x00,
    0xd6, 0x02, 0x00, 0x00, 0x6c, 0x00, 0x0f, 0x00, 0x60, 0x03, 0x00, 0x00,
    0x6e, 0x00, 0x03, 0x00, 0x36, 0x02, 0x00, 0x00, 0x6e, 0x00, 0x01, 0x00,
    0x87, 0x02, 0x00, 0x00, 0x6e, 0x00, 0x04, 0x00, 0x1e, 0x03, 0x00, 0x00,
    0x6e, 0x00, 0x0c, 0x00, 0x1e, 0x03, 0x00, 0x00, 0x6e, 0x00, 0x04, 0x00,
    0x22, 0x03, 0x00, 0x00, 0x6e, 0x00, 0x0c, 0x00, 0x22, 0x03, 0x00, 0x00,
    0x6e, 0x00, 0x09, 0x00, 0x77, 0x03, 0x00, 0x00, 0x70, 0x00, 0x5d, 0x00,
    0x19, 0x00, 0x00, 0x00, 0x71, 0x00, 0x5d, 0x00, 0x79, 0x03, 0x00, 0x00,
    0x72, 0x00, 0x00, 0x00, 0x88, 0x02, 0x00, 0x00, 0x72, 0x00, 0xad, 0x00,
    0x8f, 0x02, 0x00, 0x00, 0x72, 0x00, 0xae, 0x00, 0xaa, 0x02, 0x00, 0x00,
    0x72, 0x00, 0x07, 0x00, 0x16, 0x03, 0x00, 0x00, 0x72, 0x00, 0xb1, 0x00,
    0xd9, 0x03, 0x00, 0x00, 0x72, 0x00, 0x4f, 0x00, 0xdd, 0x03, 0x00, 0x00,
    0x72, 0x00, 0x54, 0x00, 0xe4, 0x03, 0x00, 0x00, 0x72, 0x00, 0x4e, 0x00,
    0xec, 0x03, 0x00, 0x00, 0x72, 0x00, 0x4f, 0x00, 0x0d, 0x04, 0x00, 0x00,
    0x73, 0x00, 0x5d, 0x00, 0x19, 0x00, 0x00, 0x00, 0x73, 0x00, 0x61, 0x00,
    0x19, 0x00, 0x00, 0x00, 0x73, 0x00, 0xa0, 0x00, 0x19, 0x00, 0x00, 0x00,
    0x73, 0x00, 0x55, 0x00, 0x6b, 0x02, 0x00, 0x00, 0x73, 0x00, 0x56, 0x00,
    0x6b, 0x02, 0x00, 0x00, 0x73, 0x00, 0x57, 0x00, 0x6b, 0x02, 0x00, 0x00,
    0x73, 0x00, 0x58, 0x00, 0x6b, 0x02, 0x00, 0x00, 0x73, 0x00, 0x4e, 0x00,
    0xe5, 0x03, 0x00, 0x00, 0x74, 0x00, 0x9f, 0x00, 0x19, 0x00, 0x00, 0x00,
    0x74, 0x00, 0xa5, 0x00, 0xa1, 0x03, 0x00, 0x00, 0x74, 0x00, 0x6b, 0x00,
    0xcb, 0x03, 0x00, 0x00, 0x74, 0x00, 0x5d, 0x00, 0xd7, 0x03, 0x00, 0x00,
    0x76, 0x00, 0x52, 0x00, 0x46, 0x03, 0x00, 0x00, 0x77, 0x00, 0x5d, 0x00,
    0x19, 0x00, 0x00, 0x00, 0x77, 0x00, 0x61, 0x00, 0x19, 0x00, 0x00, 0x00,
    0x77, 0x00, 0xa4, 0x00, 0x19, 0x00, 0x00, 0x00, 0x77, 0x00, 0xae, 0x00,
    0x62, 0x02, 0x00, 0x00, 0x77, 0x00, 0x5d, 0x00, 0x8c, 0x02, 0x00, 0x00,
    0x77, 0x00, 0xae, 0x00, 0x8f, 0x02, 0x00, 0x00, 0x77, 0x00, 0xa9, 0x00,
    0x08, 0x03, 0x00, 0x00, 0x77, 0x00, 0x5a, 0x00, 0x13, 0x03, 0x00, 0x00,
    0x77, 0x00, 0x07, 0x00, 0xca, 0x03, 0x00, 0x00, 0x77, 0x00, 0xbb, 0x00,
    0xe3, 0x03, 0x00, 0x00, 0x78, 0x00, 0xb8, 0x00, 0x92, 0x02, 0x00, 0x00,
    0x7a, 0x00, 0x5b, 0x00, 0x44, 0x03, 0x00, 0x00, 0x7b, 0x00, 0x5d, 0x00,
    0x19, 0x00, 0x00, 0x00, 0x7b, 0x00, 0xae, 0x00, 0x90, 0x02, 0x00, 0x00,
    0x7b, 0x00, 0x4b, 0x00, 0xb6, 0x02, 0x00, 0x00, 0x7b, 0x00, 0x4c, 0x00,
    0x68, 0x03, 0x00, 0x00, 0x7b, 0x00, 0x4b, 0x00, 0x6d, 0x03, 0x00, 0x00,
    0x7c, 0x00, 0xa9, 0x00, 0xde, 0x02, 0x00, 0x00, 0x7c, 0x00, 0x49, 0x00,
    0x45, 0x03, 0x00, 0x00, 0x7c, 0x00, 0x5d, 0x00, 0x6d, 0x03, 0x00, 0x00,
    0x7d, 0x00, 0x63, 0x00, 0x19, 0x00, 0x00, 0x00, 0x80, 0x00, 0xae, 0x00,
    0x90, 0x02, 0x00, 0x00, 0x80, 0x00, 0x4b, 0x00, 0xb6, 0x02, 0x00, 0x00,
    0x80, 0x00, 0x4c, 0x00, 0x68, 0x03, 0x00, 0x00, 0x81, 0x00, 0xae, 0x00,
    0x62, 0x02, 0x00, 0x00, 0x81, 0x00, 0xae, 0x00, 0x6d, 0x03, 0x00, 0x00,
    0x82, 0x00, 0x5d, 0x00, 0x19, 0x00, 0x00, 0x00, 0x83, 0x00, 0x5d, 0x00,
    0x19, 0x00, 0x00, 0x00, 0x83, 0x00, 0x5a, 0x00, 0x13, 0x03, 0x00, 0x00,
    0x83, 0x00, 0xae, 0x00, 0x51, 0x03, 0x00, 0x00, 0x83, 0x00, 0x49, 0x00,
    0xde, 0x03, 0x00, 0x00, 0x3d, 0x00, 0x00, 0x00, 0x00, 0x00, 0x00, 0x00,
    0x70, 0x00, 0x00, 0x00, 0xd4, 0x9b, 0x00, 0x00, 0x56, 0x00, 0x00, 0x00,
    0x80, 0xe5, 0x00, 0x00, 0xfe, 0xda, 0x00, 0x00, 0x00, 0x00, 0x00, 0x00,
    0x3e, 0x00, 0x00, 0x00, 0x00, 0x00, 0x00, 0x00, 0x70, 0x00, 0x00, 0x00,
    0xdc, 0x9b, 0x00, 0x00, 0x56, 0x00, 0x00, 0x00, 0x98, 0xe5, 0x00, 0x00,
    0x14, 0xdb, 0x00, 0x00, 0x00, 0x00, 0x00, 0x00, 0x3f, 0x00, 0x00, 0x00,
    0x00, 0x00, 0x00, 0x00, 0x70, 0x00, 0x00, 0x00, 0xd4, 0x9b, 0x00, 0x00,
    0x56, 0x00, 0x00, 0x00, 0xb0, 0xe5, 0x00, 0x00, 0x27, 0xdb, 0x00, 0x00,
    0x00, 0x00, 0x00, 0x00, 0x40, 0x00, 0x00, 0x00, 0x00, 0x00, 0x00, 0x00,
    0x70, 0x00, 0x00, 0x00, 0xd4, 0x9b, 0x00, 0x00, 0x56, 0x00, 0x00, 0x00,
    0xc8, 0xe5, 0x00, 0x00, 0x46, 0xdb, 0x00, 0x00, 0x00, 0x00, 0x00, 0x00,
    0x41, 0x00, 0x00, 0x00, 0x00, 0x00, 0x00, 0x00, 0x70, 0x00, 0x00, 0x00,
    0xd4, 0x9b, 0x00, 0x00, 0x56, 0x00, 0x00, 0x00, 0xe0, 0xe5, 0x00, 0x00,
    0x62, 0xdb, 0x00, 0x00, 0x00, 0x00, 0x00, 0x00, 0x42, 0x00, 0x00, 0x00,
    0x00, 0x00, 0x00, 0x00, 0x70, 0x00, 0x00, 0x00, 0xd4, 0x9b, 0x00, 0x00,
    0x56, 0x00, 0x00, 0x00, 0xf8, 0xe5, 0x00, 0x00, 0x7e, 0xdb, 0x00, 0x00,
    0x00, 0x00, 0x00, 0x00, 0x43, 0x00, 0x00, 0x00, 0x00, 0x00, 0x00, 0x00,
    0x70, 0x00, 0x00, 0x00, 0xdc, 0x9b, 0x00, 0x00, 0x56, 0x00, 0x00, 0x00,
    0x10, 0xe6, 0x00, 0x00, 0x94, 0xdb, 0x00, 0x00, 0x00, 0x00, 0x00, 0x00,
    0x44, 0x00, 0x00, 0x00, 0x00, 0x00, 0x00, 0x00, 0x70, 0x00, 0x00, 0x00,
    0xd4, 0x9b, 0x00, 0x00, 0x56, 0x00, 0x00, 0x00, 0x28, 0xe6, 0x00, 0x00,
    0xb3, 0xdb, 0x00, 0x00, 0x00, 0x00, 0x00, 0x00, 0x45, 0x00, 0x00, 0x00,
    0x00, 0x00, 0x00, 0x00, 0x2f, 0x00, 0x00, 0x00, 0x00, 0x00, 0x00, 0x00,
    0x56, 0x00, 0x00, 0x00, 0x40, 0xe6, 0x00, 0x00, 0xcf, 0xdb, 0x00, 0x00,
    0x00, 0x00, 0x00, 0x00, 0x46, 0x00, 0x00, 0x00, 0x00, 0x00, 0x00, 0x00,
    0x70, 0x00, 0x00, 0x00, 0xd4, 0x9b, 0x00, 0x00, 0x56, 0x00, 0x00, 0x00,
    0x50, 0xe6, 0x00, 0x00, 0xf4, 0xdb, 0x00, 0x00, 0x00, 0x00, 0x00, 0x00,
    0x47, 0x00, 0x00, 0x00, 0x00, 0x00, 0x00, 0x00, 0x70, 0x00, 0x00, 0x00,
    0xe4, 0x9b, 0x00, 0x00, 0x56, 0x00, 0x00, 0x00, 0x68, 0xe6, 0x00, 0x00,
    0x0a, 0xdc, 0x00, 0x00, 0x00, 0x00, 0x00, 0x00, 0x48, 0x00, 0x00, 0x00,
    0x00, 0x00, 0x00, 0x00, 0x70, 0x00, 0x00, 0x00, 0xdc, 0x9b, 0x00, 0x00,
    0x56, 0x00, 0x00, 0x00, 0x80, 0xe6, 0x00, 0x00, 0x31, 0xdc, 0x00, 0x00,
    0x00, 0x00, 0x00, 0x00, 0x49, 0x00, 0x00, 0x00, 0x00, 0x00, 0x00, 0x00,
    0x70, 0x00, 0x00, 0x00, 0xdc, 0x9b, 0x00, 0x00, 0x56, 0x00, 0x00, 0x00,
    0x98, 0xe6, 0x00, 0x00, 0x50, 0xdc, 0x00, 0x00, 0x00, 0x00, 0x00, 0x00,
    0x4a, 0x00, 0x00, 0x00, 0x00, 0x00, 0x00, 0x00, 0x70, 0x00, 0x00, 0x00,
    0xd4, 0x9b, 0x00, 0x00, 0x56, 0x00, 0x00, 0x00, 0xb0, 0xe6, 0x00, 0x00,
    0x69, 0xdc, 0x00, 0x00, 0x00, 0x00, 0x00, 0x00, 0x4b, 0x00, 0x00, 0x00,
    0x00, 0x00, 0x00, 0x00, 0x70, 0x00, 0x00, 0x00, 0xdc, 0x9b, 0x00, 0x00,
    0x56, 0x00, 0x00, 0x00, 0xc8, 0xe6, 0x00, 0x00, 0x7c, 0xdc, 0x00, 0x00,
    0x00, 0x00, 0x00, 0x00, 0x4c, 0x00, 0x00, 0x00, 0x00, 0x00, 0x00, 0x00,
    0x70, 0x00, 0x00, 0x00, 0xd4, 0x9b, 0x00, 0x00, 0x56, 0x00, 0x00, 0x00,
    0xe0, 0xe6, 0x00, 0x00, 0x9a, 0xdc, 0x00, 0x00, 0x00, 0x00, 0x00, 0x00,
    0x4d, 0x00, 0x00, 0x00, 0x00, 0x00, 0x00, 0x00, 0x70, 0x00, 0x00, 0x00,
    0xd4, 0x9b, 0x00, 0x00, 0x56, 0x00, 0x00, 0x00, 0xf8, 0xe6, 0x00, 0x00,
    0xb5, 0xdc, 0x00, 0x00, 0x00, 0x00, 0x00, 0x00, 0x4e, 0x00, 0x00, 0x00,
    0x00, 0x00, 0x00, 0x00, 0x70, 0x00, 0x00, 0x00, 0xdc, 0x9b, 0x00, 0x00,
    0x56, 0x00, 0x00, 0x00, 0x10, 0xe7, 0x00, 0x00, 0xcd, 0xdc, 0x00, 0x00,
    0x00, 0x00, 0x00, 0x00, 0x4f, 0x00, 0x00, 0x00, 0x00, 0x00, 0x00, 0x00,
    0x7d, 0x00, 0x00, 0x00, 0x00, 0x00, 0x00, 0x00, 0x56, 0x00, 0x00, 0x00,
    0x28, 0xe7, 0x00, 0x00, 0xe5, 0xdc, 0x00, 0x00, 0x00, 0x00, 0x00, 0x00,
    0x50, 0x00, 0x00, 0x00, 0x00, 0x00, 0x00, 0x00, 0x70, 0x00, 0x00, 0x00,
    0xd4, 0x9b, 0x00, 0x00, 0x56, 0x00, 0x00, 0x00, 0x40, 0xe7, 0x00, 0x00,
    0xf7, 0xdc, 0x00, 0x00, 0x00, 0x00, 0x00, 0x00, 0x51, 0x00, 0x00, 0x00,
    0x00, 0x00, 0x00, 0x00, 0x70, 0x00, 0x00, 0x00, 0xd4, 0x9b, 0x00, 0x00,
    0x56, 0x00, 0x00, 0x00, 0x58, 0xe7, 0x00, 0x00, 0x12, 0xdd, 0x00, 0x00,
    0x00, 0x00, 0x00, 0x00, 0x52, 0x00, 0x00, 0x00, 0x00, 0x00, 0x00, 0x00,
    0x70, 0x00, 0x00, 0x00, 0xd4, 0x9b, 0x00, 0x00, 0x56, 0x00, 0x00, 0x00,
    0x70, 0xe7, 0x00, 0x00, 0x27, 0xdd, 0x00, 0x00, 0x00, 0x00, 0x00, 0x00,
    0x53, 0x00, 0x00, 0x00, 0x00, 0x00, 0x00, 0x00, 0x70, 0x00, 0x00, 0x00,
    0xd4, 0x9b, 0x00, 0x00, 0x56, 0x00, 0x00, 0x00, 0x88, 0xe7, 0x00, 0x00,
    0x3c, 0xdd, 0x00, 0x00, 0x00, 0x00, 0x00, 0x00, 0x54, 0x00, 0x00, 0x00,
    0x00, 0x00, 0x00, 0x00, 0x70, 0x00, 0x00, 0x00, 0xdc, 0x9b, 0x00, 0x00,
    0x56, 0x00, 0x00, 0x00, 0xa0, 0xe7, 0x00, 0x00, 0x57, 0xdd, 0x00, 0x00,
    0x00, 0x00, 0x00, 0x00, 0x55, 0x00, 0x00, 0x00, 0x00, 0x00, 0x00, 0x00,
    0x70, 0x00, 0x00, 0x00, 0xdc, 0x9b, 0x00, 0x00, 0x56, 0x00, 0x00, 0x00,
    0xb0, 0xe7, 0x00, 0x00, 0x69, 0xdd, 0x00, 0x00, 0x00, 0x00, 0x00, 0x00,
    0x56, 0x00, 0x00, 0x00, 0x00, 0x00, 0x00, 0x00, 0x70, 0x00, 0x00, 0x00,
    0xdc, 0x9b, 0x00, 0x00, 0x56, 0x00, 0x00, 0x00, 0xa0, 0xe7, 0x00, 0x00,
    0x8a, 0xdd, 0x00, 0x00, 0x00, 0x00, 0x00, 0x00, 0x57, 0x00, 0x00, 0x00,
    0x00, 0x00, 0x00, 0x00, 0x70, 0x00, 0x00, 0x00, 0xd4, 0x9b, 0x00, 0x00,
    0x56, 0x00, 0x00, 0x00, 0xc8, 0xe7, 0x00, 0x00, 0x9c, 0xdd, 0x00, 0x00,
    0x00, 0x00, 0x00, 0x00, 0x58, 0x00, 0x00, 0x00, 0x00, 0x00, 0x00, 0x00,
    0x70, 0x00, 0x00, 0x00, 0xdc, 0x9b, 0x00, 0x00, 0x56, 0x00, 0x00, 0x00,
    0xe0, 0xe7, 0x00, 0x00, 0xb1, 0xdd, 0x00, 0x00, 0x00, 0x00, 0x00, 0x00,
    0x59, 0x00, 0x00, 0x00, 0x10, 0x00, 0x00, 0x00, 0x70, 0x00, 0x00, 0x00,
    0x00, 0x00, 0x00, 0x00, 0x56, 0x00, 0x00, 0x00, 0xf8, 0xe7, 0x00, 0x00,
    0xcc, 0xdd, 0x00, 0x00, 0x00, 0x00, 0x00, 0x00, 0x5a, 0x00, 0x00, 0x00,
    0x10, 0x00, 0x00, 0x00, 0x70, 0x00, 0x00, 0x00, 0xec, 0x9b, 0x00, 0x00,
    0x56, 0x00, 0x00, 0x00, 0x08, 0xe8, 0x00, 0x00, 0xfd, 0xdd, 0x00, 0x00,
    0x00, 0x00, 0x00, 0x00, 0x5b, 0x00, 0x00, 0x00, 0x10, 0x00, 0x00, 0x00,
    0x3b, 0x00, 0x00, 0x00, 0x00, 0x00, 0x00, 0x00, 0x56, 0x00, 0x00, 0x00,
    0x18, 0xe8, 0x00, 0x00, 0x1d, 0xde, 0x00, 0x00, 0x00, 0x00, 0x00, 0x00,
    0x5c, 0x00, 0x00, 0x00, 0x10, 0x00, 0x00, 0x00, 0x70, 0x00, 0x00, 0x00,
    0x00, 0x00, 0x00, 0x00, 0x56, 0x00, 0x00, 0x00, 0x28, 0xe8, 0x00, 0x00,
    0x31, 0xde, 0x00, 0x00, 0x00, 0x00, 0x00, 0x00, 0x5d, 0x00, 0x00, 0x00,
    0x10, 0x00, 0x00, 0x00, 0x2a, 0x00, 0x00, 0x00, 0x00, 0x00, 0x00, 0x00,
    0x56, 0x00, 0x00, 0x00, 0x38, 0xe8, 0x00, 0x00, 0x4c, 0xde, 0x00, 0x00,
    0x00, 0x00, 0x00, 0x00, 0x5e, 0x00, 0x00, 0x00, 0x10, 0x00, 0x00, 0x00,
    0x70, 0x00, 0x00, 0x00, 0x00, 0x00, 0x00, 0x00, 0x56, 0x00, 0x00, 0x00,
    0x48, 0xe8, 0x00, 0x00, 0x79, 0xde, 0x00, 0x00, 0x00, 0x00, 0x00, 0x00,
    0x5f, 0x00, 0x00, 0x00, 0x10, 0x00, 0x00, 0x00, 0x70, 0x00, 0x00, 0x00,
    0x00, 0x00, 0x00, 0x00, 0x56, 0x00, 0x00, 0x00, 0x58, 0xe8, 0x00, 0x00,
    0x94, 0xde, 0x00, 0x00, 0xfb, 0xe2, 0x00, 0x00, 0x60, 0x00, 0x00, 0x00,
    0x10, 0x00, 0x00, 0x00, 0x2a, 0x00, 0x00, 0x00, 0x00, 0x00, 0x00, 0x00,
    0x56, 0x00, 0x00, 0x00, 0x68, 0xe8, 0x00, 0x00, 0x2e, 0xdf, 0x00, 0x00,
    0x06, 0xe3, 0x00, 0x00, 0x61, 0x00, 0x00, 0x00, 0x01, 0x00, 0x00, 0x00,
    0x70, 0x00, 0x00, 0x00, 0x00, 0x00, 0x00, 0x00, 0x56, 0x00, 0x00, 0x00,
    0x78, 0xe8, 0x00, 0x00, 0x59, 0xdf, 0x00, 0x00, 0x0f, 0xe3, 0x00, 0x00,
    0x62, 0x00, 0x00, 0x00, 0x10, 0x00, 0x00, 0x00, 0x70, 0x00, 0x00, 0x00,
    0x00, 0x00, 0x00, 0x00, 0x57, 0x00, 0x00, 0x00, 0x00, 0x00, 0x00, 0x00,
    0xdb, 0xe2, 0x00, 0x00, 0x00, 0x00, 0x00, 0x00, 0x03, 0x00, 0x03, 0x00,
    0x01, 0x00, 0x00, 0x00, 0xf4, 0x92, 0x00, 0x00, 0x08, 0x00, 0x00, 0x00,
    0x5b, 0x01, 0x13, 0x00, 0x5b, 0x02, 0x14, 0x00, 0x70, 0x10, 0xaf, 0x01,
    0x00, 0x00, 0x0e, 0x00, 0x03, 0x00, 0x01, 0x00, 0x02, 0x00, 0x00, 0x00,
    0xfb, 0x92, 0x00, 0x00, 0x2e, 0x00, 0x00, 0x00, 0x54, 0x20, 0x14, 0x00,
    0x71, 0x10, 0x1b, 0x01, 0x00, 0x00, 0x12, 0x00, 0x71, 0x10, 0x26, 0x01,
    0x00, 0x00, 0x22, 0x00, 0x77, 0x00, 0x71, 0x00, 0x2f, 0x01, 0x00, 0x00,
    0x0c, 0x01, 0x70, 0x20, 0xc9, 0x01, 0x10, 0x00, 0x71, 0x00, 0x2f, 0x01,
    0x00, 0x00, 0x0c, 0x01, 0x6e, 0x10, 0xcb, 0x01, 0x01, 0x00, 0x6e, 0x10,
    0xce, 0x01, 0x00, 0x00, 0x0c, 0x00, 0x72, 0x10, 0xd8, 0x01, 0x00, 0x00,
    0x0a, 0x01, 0x38, 0x01, 0x0c, 0x00, 0x72, 0x10, 0xd9, 0x01, 0x00, 0x00,
    0x0c, 0x01, 0x1f, 0x01, 0x71, 0x00, 0x72, 0x10, 0xb0, 0x01, 0x01, 0x00,
    0x28, 0xf1, 0x0e, 0x00, 0x02, 0x00, 0x02, 0x00, 0x01, 0x00, 0x00, 0x00,
    0x04, 0x93, 0x00, 0x00, 0x06, 0x00, 0x00, 0x00, 0x5b, 0x01, 0x15, 0x00,
    0x70, 0x10, 0xaf, 0x01, 0x00, 0x00, 0x0e, 0x00, 0x02, 0x00, 0x02, 0x00,
    0x01, 0x00, 0x00, 0x00, 0x0a, 0x93, 0x00, 0x00, 0x06, 0x00, 0x00, 0x00,
    0x54, 0x01, 0x15, 0x00, 0x72, 0x10, 0xb0, 0x01, 0x01, 0x00, 0x0e, 0x00,
    0x06, 0x00, 0x06, 0x00, 0x01, 0x00, 0x00, 0x00, 0x10, 0x93, 0x00, 0x00,
    0x0e, 0x00, 0x00, 0x00, 0x59, 0x01, 0x1a, 0x00, 0x5b, 0x02, 0x16, 0x00,
    0x5b, 0x03, 0x19, 0x00, 0x5b, 0x04, 0x17, 0x00, 0x5b, 0x05, 0x18, 0x00,
    0x70, 0x10, 0xaf, 0x01, 0x00, 0x00, 0x0e, 0x00, 0x06, 0x00, 0x01, 0x00,
    0x05, 0x00, 0x00, 0x00, 0x1a, 0x93, 0x00, 0x00, 0x14, 0x00, 0x00, 0x00,
    0x71, 0x00, 0x29, 0x01, 0x00, 0x00, 0x0a, 0x00, 0x52, 0x51, 0x1a, 0x00,
    0x33, 0x10, 0x0d, 0x00, 0x54, 0x50, 0x16, 0x00, 0x54, 0x52, 0x19, 0x00,
    0x54, 0x53, 0x17, 0x00, 0x54, 0x54, 0x18, 0x00, 0x71, 0x51, 0x23, 0x01,
    0x20, 0x43, 0x0e, 0x00, 0x05, 0x00, 0x05, 0x00, 0x01, 0x00, 0x00, 0x00,
    0x1f, 0x93, 0x00, 0x00, 0x0c, 0x00, 0x00, 0x00, 0x59, 0x01, 0x1d, 0x00,
    0x5b, 0x02, 0x1b, 0x00, 0x5b, 0x03, 0x1c, 0x00, 0x5b, 0x04, 0x1e, 0x00,
    0x70, 0x10, 0xaf, 0x01, 0x00, 0x00, 0x0e, 0x00, 0x05, 0x00, 0x01, 0x00,
    0x04, 0x00, 0x00, 0x00, 0x28, 0x93, 0x00, 0x00, 0x12, 0x00, 0x00, 0x00,
    0x71, 0x00, 0x29, 0x01, 0x00, 0x00, 0x0a, 0x00, 0x52, 0x41, 0x1d, 0x00,
    0x33, 0x10, 0x0b, 0x00, 0x54, 0x40, 0x1b, 0x00, 0x54, 0x42, 0x1c, 0x00,
    0x54, 0x43, 0x1e, 0x00, 0x71, 0x40, 0x2a, 0x01, 0x20, 0x13, 0x0e, 0x00,
    0x05, 0x00, 0x05, 0x00, 0x01, 0x00, 0x00, 0x00, 0x2d, 0x93, 0x00, 0x00,
    0x0c, 0x00, 0x00, 0x00, 0x59, 0x01, 0x21, 0x00, 0x5b, 0x02, 0x1f, 0x00,
    0x5b, 0x03, 0x20, 0x00, 0x5b, 0x04, 0x22, 0x00, 0x70, 0x10, 0xaf, 0x01,
    0x00, 0x00, 0x0e, 0x00, 0x05, 0x00, 0x01, 0x00, 0x04, 0x00, 0x00, 0x00,
    0x36, 0x93, 0x00, 0x00, 0x12, 0x00, 0x00, 0x00, 0x71, 0x00, 0x29, 0x01,
    0x00, 0x00, 0x0a, 0x00, 0x52, 0x41, 0x21, 0x00, 0x33, 0x10, 0x0b, 0x00,
    0x54, 0x40, 0x1f, 0x00, 0x54, 0x42, 0x20, 0x00, 0x54, 0x43, 0x22, 0x00,
    0x71, 0x40, 0x2a, 0x01, 0x20, 0x13, 0x0e, 0x00, 0x03, 0x00, 0x03, 0x00,
    0x01, 0x00, 0x00, 0x00, 0x3b, 0x93, 0x00, 0x00, 0x08, 0x00, 0x00, 0x00,
    0x5b, 0x01, 0x23, 0x00, 0x5b, 0x02, 0x24, 0x00, 0x70, 0x10, 0xaf, 0x01,
    0x00, 0x00, 0x0e, 0x00, 0x06, 0x00, 0x01, 0x00, 0x05, 0x00, 0x00, 0x00,
    0x42, 0x93, 0x00, 0x00, 0x23, 0x00, 0x00, 0x00, 0x71, 0x00, 0x29, 0x01,
    0x00, 0x00, 0x0a, 0x00, 0x54, 0x51, 0x23, 0x00, 0x52, 0x11, 0x29, 0x00,
    0x33, 0x10, 0x1a, 0x00, 0x54, 0x50, 0x23, 0x00, 0x54, 0x00, 0x25, 0x00,
    0x54, 0x51, 0x23, 0x00, 0x54, 0x11, 0x27, 0x00, 0x54, 0x52, 0x23, 0x00,
    0x54, 0x22, 0x28, 0x00, 0x54, 0x53, 0x24, 0x00, 0x12, 0x04, 0x46, 0x03,
    0x03, 0x04, 0x54, 0x54, 0x23, 0x00, 0x54, 0x44, 0x26, 0x00, 0x71, 0x54,
    0x2b, 0x01, 0x10, 0x32, 0x0e, 0x00, 0x00, 0x00, 0x06, 0x00, 0x06, 0x00,
    0x01, 0x00, 0x00, 0x00, 0x47, 0x93, 0x00, 0x00, 0x0e, 0x00, 0x00, 0x00,
    0x59, 0x01, 0x29, 0x00, 0x5b, 0x02, 0x25, 0x00, 0x5b, 0x03, 0x27, 0x00,
    0x5b, 0x04, 0x28, 0x00, 0x5b, 0x05, 0x26, 0x00, 0x70, 0x10, 0xaf, 0x01,
    0x00, 0x00, 0x0e, 0x00, 0x06, 0x00, 0x02, 0x00, 0x05, 0x00, 0x00, 0x00,
    0x51, 0x93, 0x00, 0x00, 0x1c, 0x00, 0x00, 0x00, 0x12, 0x15, 0x23, 0x55,
    0x8b, 0x00, 0x12, 0x00, 0x12, 0x01, 0x4d, 0x00, 0x05, 0x01, 0x22, 0x00,
    0x42, 0x00, 0x70, 0x30, 0xa7, 0x00, 0x40, 0x05, 0x4d, 0x00, 0x05, 0x01,
    0x54, 0x40, 0x25, 0x00, 0x54, 0x42, 0x27, 0x00, 0x54, 0x43, 0x28, 0x00,
    0x46, 0x05, 0x05, 0x01, 0x54, 0x41, 0x26, 0x00, 0x71, 0x51, 0x2b, 0x01,
    0x20, 0x53, 0x0e, 0x00, 0x05, 0x00, 0x05, 0x00, 0x01, 0x00, 0x00, 0x00,
    0x59, 0x93, 0x00, 0x00, 0x0c, 0x00, 0x00, 0x00, 0x5b, 0x01, 0x2a, 0x00,
    0x5b, 0x02, 0x2b, 0x00, 0x5b, 0x03, 0x2c, 0x00, 0x5b, 0x04, 0x2d, 0x00,
    0x70, 0x10, 0xaf, 0x01, 0x00, 0x00, 0x0e, 0x00, 0x05, 0x00, 0x01, 0x00,
    0x02, 0x00, 0x00, 0x00, 0x62, 0x93, 0x00, 0x00, 0x1b, 0x00, 0x00, 0x00,
    0x54, 0x40, 0x2a, 0x00, 0x54, 0x41, 0x2b, 0x00, 0x6e, 0x10, 0xf7, 0x00,
    0x01, 0x00, 0x0a, 0x01, 0x12, 0x02, 0x4b, 0x01, 0x00, 0x02, 0x54, 0x40,
    0x2c, 0x00, 0x54, 0x41, 0x2d, 0x00, 0x54, 0x43, 0x2a, 0x00, 0x44, 0x02,
    0x03, 0x02, 0x71, 0x20, 0x2c, 0x01, 0x21, 0x00, 0x0c, 0x01, 0x6e, 0x20,
    0x96, 0x00, 0x10, 0x00, 0x0e, 0x00, 0x00, 0x00, 0x06, 0x00, 0x04, 0x00,
    0x05, 0x00, 0x00, 0x00, 0x68, 0x93, 0x00, 0x00, 0x0f, 0x00, 0x00, 0x00,
    0x54, 0x25, 0x2e, 0x00, 0x54, 0x20, 0x30, 0x00, 0x6e, 0x20, 0x00, 0x01,
    0x30, 0x00, 0x0a, 0x03, 0x54, 0x21, 0x2f, 0x00, 0x71, 0x54, 0x2d, 0x01,
    0x05, 0x13, 0x0c, 0x03, 0x11, 0x03, 0x00, 0x00, 0x02, 0x00, 0x01, 0x00,
    0x01, 0x00, 0x00, 0x00, 0x70, 0x93, 0x00, 0x00, 0x07, 0x00, 0x00, 0x00,
    0x54, 0x10, 0x30, 0x00, 0x6e, 0x10, 0xfe, 0x00, 0x00, 0x00, 0x0a, 0x00,
    0x0f, 0x00, 0x00, 0x00, 0x02, 0x00, 0x02, 0x00, 0x00, 0x00, 0x00, 0x00,
    0x00, 0x00, 0x00, 0x00, 0x02, 0x00, 0x00, 0x00, 0x12, 0x01, 0x11, 0x01,
    0x04, 0x00, 0x02, 0x00, 0x00, 0x00, 0x00, 0x00, 0x00, 0x00, 0x00, 0x00,
    0x02, 0x00, 0x00, 0x00, 0x81, 0x30, 0x10, 0x00, 0x04, 0x00, 0x04, 0x00,
    0x01, 0x00, 0x00, 0x00, 0x75, 0x93, 0x00, 0x00, 0x0a, 0x00, 0x00, 0x00,
    0x5b, 0x01, 0x30, 0x00, 0x5b, 0x02, 0x2e, 0x00, 0x5b, 0x03, 0x2f, 0x00,
    0x70, 0x10, 0x57, 0x00, 0x00, 0x00, 0x0e, 0x00, 0x03, 0x00, 0x03, 0x00,
    0x01, 0x00, 0x00, 0x00, 0x7d, 0x93, 0x00, 0x00, 0x08, 0x00, 0x00, 0x00,
    0x5b, 0x01, 0x31, 0x00, 0x5b, 0x02, 0x32, 0x00, 0x70, 0x10, 0xaf, 0x01,
    0x00, 0x00, 0x0e, 0x00, 0x04, 0x00, 0x01, 0x00, 0x02, 0x00, 0x00, 0x00,
    0x84, 0x93, 0x00, 0x00, 0x59, 0x00, 0x00, 0x00, 0x54, 0x30, 0x31, 0x00,
    0x54, 0x00, 0x37, 0x00, 0x54, 0x31, 0x32, 0x00, 0x6e, 0x20, 0xfb, 0x00,
    0x10, 0x00, 0x54, 0x30, 0x31, 0x00, 0x54, 0x00, 0x34, 0x00, 0x54, 0x31,
    0x31, 0x00, 0x54, 0x11, 0x37, 0x00, 0x54, 0x11, 0x89, 0x00, 0x39, 0x01,
    0x0f, 0x00, 0x54, 0x31, 0x31, 0x00, 0x54, 0x11, 0x37, 0x00, 0x6e, 0x10,
    0x0d, 0x01, 0x01, 0x00, 0x0a, 0x01, 0x71, 0x10, 0xb9, 0x01, 0x01, 0x00,
    0x0c, 0x01, 0x28, 0x25, 0x22, 0x01, 0x73, 0x00, 0x70, 0x10, 0xba, 0x01,
    0x01, 0x00, 0x54, 0x32, 0x31, 0x00, 0x54, 0x22, 0x37, 0x00, 0x6e, 0x10,
    0xfe, 0x00, 0x02, 0x00, 0x0a, 0x02, 0x6e, 0x20, 0xbe, 0x01, 0x21, 0x00,
    0x1a, 0x02, 0x06, 0x00, 0x6e, 0x20, 0xc0, 0x01, 0x21, 0x00, 0x54, 0x32,
    0x31, 0x00, 0x54, 0x22, 0x37, 0x00, 0x6e, 0x10, 0x0d, 0x01, 0x02, 0x00,
    0x0a, 0x02, 0x6e, 0x20, 0xbe, 0x01, 0x21, 0x00, 0x6e, 0x10, 0xc1, 0x01,
    0x01, 0x00, 0x0c, 0x01, 0x6e, 0x20, 0x96, 0x00, 0x10, 0x00, 0x54, 0x30,
    0x31, 0x00, 0x54, 0x00, 0x33, 0x00, 0x6e, 0x10, 0x58, 0x00, 0x00, 0x00,
    0x54, 0x30, 0x31, 0x00, 0x54, 0x00, 0x35, 0x00, 0x12, 0x01, 0x6e, 0x20,
    0x8c, 0x00, 0x10, 0x00, 0x0e, 0x00, 0x00, 0x00, 0x06, 0x00, 0x06, 0x00,
    0x01, 0x00, 0x00, 0x00, 0x92, 0x93, 0x00, 0x00, 0x0e, 0x00, 0x00, 0x00,
    0x5b, 0x01, 0x36, 0x00, 0x5b, 0x02, 0x35, 0x00, 0x5b, 0x03, 0x37, 0x00,
    0x5b, 0x04, 0x34, 0x00, 0x5b, 0x05, 0x33, 0x00, 0x70, 0x10, 0xaf, 0x01,
    0x00, 0x00, 0x0e, 0x00, 0x02, 0x00, 0x02, 0x00, 0x00, 0x00, 0x00, 0x00,
    0x00, 0x00, 0x00, 0x00, 0x01, 0x00, 0x00, 0x00, 0x0e, 0x00, 0x00, 0x00,
    0x05, 0x00, 0x05, 0x00, 0x00, 0x00, 0x00, 0x00, 0x00, 0x00, 0x00, 0x00,
    0x01, 0x00, 0x00, 0x00, 0x0e, 0x00, 0x00, 0x00, 0x05, 0x00, 0x05, 0x00,
    0x04, 0x00, 0x00, 0x00, 0x9c, 0x93, 0x00, 0x00, 0x25, 0x00, 0x00, 0x00,
    0x54, 0x02, 0x36, 0x00, 0x12, 0x03, 0x46, 0x02, 0x02, 0x03, 0x38, 0x02,
    0x07, 0x00, 0x54, 0x04, 0x35, 0x00, 0x6e, 0x20, 0x87, 0x00, 0x24, 0x00,
    0x72, 0x10, 0xa5, 0x01, 0x01, 0x00, 0x0c, 0x01, 0x54, 0x02, 0x36, 0x00,
    0x22, 0x04, 0x46, 0x00, 0x70, 0x30, 0xb2, 0x00, 0x04, 0x01, 0x4d, 0x04,
    0x02, 0x03, 0x54, 0x01, 0x35, 0x00, 0x54, 0x02, 0x36, 0x00, 0x46, 0x02,
    0x02, 0x03, 0x16, 0x03, 0x96, 0x00, 0x6e, 0x40, 0x86, 0x00, 0x21, 0x43,
    0x0e, 0x00, 0x00, 0x00, 0x06, 0x00, 0x06, 0x00, 0x01, 0x00, 0x00, 0x00,
    0xa8, 0x93, 0x00, 0x00, 0x0e, 0x00, 0x00, 0x00, 0x5b, 0x01, 0x3b, 0x00,
    0x5b, 0x02, 0x3c, 0x00, 0x59, 0x03, 0x39, 0x00, 0x5b, 0x04, 0x38, 0x00,
    0x5b, 0x05, 0x3a, 0x00, 0x70, 0x10, 0xaf, 0x01, 0x00, 0x00, 0x0e, 0x00,
    0x09, 0x00, 0x02, 0x00, 0x03, 0x00, 0x00, 0x00, 0xb2, 0x93, 0x00, 0x00,
    0xb0, 0x00, 0x00, 0x00, 0x54, 0x78, 0x3b, 0x00, 0x12, 0x00, 0x44, 0x08,
    0x08, 0x00, 0x12, 0x11, 0x35, 0x18, 0x03, 0x00, 0x01, 0x18, 0x54, 0x72,
    0x3c, 0x00, 0x6e, 0x10, 0xfc, 0x00, 0x02, 0x00, 0x0a, 0x02, 0x38, 0x02,
    0x2e, 0x00, 0x52, 0x71, 0x39, 0x00, 0xda, 0x02, 0x08, 0x3c, 0x71, 0x20,
    0x6d, 0x01, 0x21, 0x00, 0x54, 0x71, 0x38, 0x00, 0x22, 0x02, 0x73, 0x00,
    0x70, 0x10, 0xba, 0x01, 0x02, 0x00, 0x54, 0x73, 0x3a, 0x00, 0x6e, 0x20,
    0xc0, 0x01, 0x32, 0x00, 0x1a, 0x03, 0x01, 0x00, 0x6e, 0x20, 0xc0, 0x01,
    0x32, 0x00, 0x6e, 0x20, 0xbe, 0x01, 0x82, 0x00, 0x1a, 0x08, 0x0c, 0x00,
    0x6e, 0x20, 0xc0, 0x01, 0x82, 0x00, 0x6e, 0x10, 0xc1, 0x01, 0x02, 0x00,
    0x0c, 0x08, 0x71, 0x30, 0x9b, 0x00, 0x81, 0x00, 0x0c, 0x08, 0x6e, 0x10,
    0x9c, 0x00, 0x08, 0x00, 0x0e, 0x00, 0x54, 0x72, 0x3c, 0x00, 0x6e, 0x10,
    0x07, 0x01, 0x02, 0x00, 0x0a, 0x02, 0x1a, 0x03, 0x11, 0x00, 0x1a, 0x04,
    0x00, 0x00, 0x38, 0x02, 0x35, 0x00, 0x52, 0x72, 0x39, 0x00, 0x71, 0x20,
    0x6f, 0x01, 0x82, 0x00, 0x54, 0x72, 0x38, 0x00, 0x22, 0x05, 0x73, 0x00,
    0x70, 0x10, 0xba, 0x01, 0x05, 0x00, 0x54, 0x76, 0x3a, 0x00, 0x6e, 0x20,
    0xc0, 0x01, 0x65, 0x00, 0x37, 0x18, 0x0e, 0x00, 0x22, 0x01, 0x73, 0x00,
    0x70, 0x20, 0xbc, 0x01, 0x31, 0x00, 0x6e, 0x20, 0xbe, 0x01, 0x81, 0x00,
    0x6e, 0x10, 0xc1, 0x01, 0x01, 0x00, 0x0c, 0x04, 0x6e, 0x20, 0xc0, 0x01,
    0x45, 0x00, 0x1a, 0x08, 0x07, 0x00, 0x6e, 0x20, 0xc0, 0x01, 0x85, 0x00,
    0x6e, 0x10, 0xc1, 0x01, 0x05, 0x00, 0x0c, 0x08, 0x71, 0x30, 0x9b, 0x00,
    0x82, 0x00, 0x0c, 0x08, 0x6e, 0x10, 0x9c, 0x00, 0x08, 0x00, 0x0e, 0x00,
    0x52, 0x72, 0x39, 0x00, 0x71, 0x20, 0x6e, 0x01, 0x82, 0x00, 0x52, 0x72,
    0x39, 0x00, 0x71, 0x20, 0x2e, 0x01, 0x82, 0x00, 0x0a, 0x08, 0x54, 0x72,
    0x38, 0x00, 0x22, 0x05, 0x73, 0x00, 0x70, 0x10, 0xba, 0x01, 0x05, 0x00,
    0x54, 0x76, 0x3a, 0x00, 0x6e, 0x20, 0xc0, 0x01, 0x65, 0x00, 0x37, 0x18,
    0x0e, 0x00, 0x22, 0x01, 0x73, 0x00, 0x70, 0x20, 0xbc, 0x01, 0x31, 0x00,
    0x6e, 0x20, 0xbe, 0x01, 0x81, 0x00, 0x6e, 0x10, 0xc1, 0x01, 0x01, 0x00,
    0x0c, 0x04, 0x6e, 0x20, 0xc0, 0x01, 0x45, 0x00, 0x6e, 0x10, 0xc1, 0x01,
    0x05, 0x00, 0x0c, 0x08, 0x71, 0x30, 0x9b, 0x00, 0x82, 0x00, 0x0c, 0x08,
    0x6e, 0x10, 0x9c, 0x00, 0x08, 0x00, 0x0e, 0x00, 0x04, 0x00, 0x04, 0x00,
    0x01, 0x00, 0x00, 0x00, 0xc9, 0x93, 0x00, 0x00, 0x0a, 0x00, 0x00, 0x00,
    0x5b, 0x01, 0x3d, 0x00, 0x5b, 0x02, 0x3f, 0x00, 0x5b, 0x03, 0x3e, 0x00,
    0x70, 0x10, 0xaf, 0x01, 0x00, 0x00, 0x0e, 0x00, 0x05, 0x00, 0x02, 0x00,
    0x03, 0x00, 0x00, 0x00, 0xd1, 0x93, 0x00, 0x00, 0x32, 0x00, 0x00, 0x00,
    0x12, 0x04, 0x01, 0x40, 0x71, 0x00, 0x30, 0x01, 0x00, 0x00, 0x0c, 0x01,
    0x21, 0x11, 0x35, 0x10, 0x20, 0x00, 0x71, 0x00, 0x30, 0x01, 0x00, 0x00,
    0x0c, 0x01, 0x44, 0x01, 0x01, 0x00, 0x39, 0x01, 0x03, 0x00, 0x28, 0x13,
    0x71, 0x00, 0x30, 0x01, 0x00, 0x00, 0x0c, 0x01, 0x4b, 0x04, 0x01, 0x00,
    0x71, 0x20, 0x70, 0x01, 0x40, 0x00, 0x54, 0x31, 0x3d, 0x00, 0x54, 0x32,
    0x3f, 0x00, 0x46, 0x02, 0x02, 0x00, 0x71, 0x30, 0x31, 0x01, 0x21, 0x00,
    0xd8, 0x00, 0x00, 0x01, 0x28, 0xdc, 0x54, 0x34, 0x3d, 0x00, 0x71, 0x10,
    0x32, 0x01, 0x04, 0x00, 0x54, 0x34, 0x3e, 0x00, 0x71, 0x10, 0x33, 0x01,
    0x04, 0x00, 0x0e, 0x00, 0x02, 0x00, 0x02, 0x00, 0x01, 0x00, 0x00, 0x00,
    0xdd, 0x93, 0x00, 0x00, 0x06, 0x00, 0x00, 0x00, 0x5b, 0x01, 0x40, 0x00,
    0x70, 0x10, 0xaf, 0x01, 0x00, 0x00, 0x0e, 0x00, 0x04, 0x00, 0x01, 0x00,
    0x03, 0x00, 0x00, 0x00, 0xe3, 0x93, 0x00, 0x00, 0x14, 0x00, 0x00, 0x00,
    0x13, 0x00, 0x0a, 0x00, 0x71, 0x10, 0x3a, 0x00, 0x00, 0x00, 0x71, 0x00,
    0x18, 0x01, 0x00, 0x00, 0x0c, 0x00, 0x54, 0x31, 0x40, 0x00, 0x22, 0x02,
    0x3d, 0x00, 0x70, 0x30, 0x9d, 0x00, 0x32, 0x00, 0x6e, 0x20, 0x08, 0x00,
    0x21, 0x00, 0x0e, 0x00, 0x05, 0x00, 0x05, 0x00, 0x01, 0x00, 0x00, 0x00,
    0xea, 0x93, 0x00, 0x00, 0x0c, 0x00, 0x00, 0x00, 0x59, 0x01, 0x44, 0x00,
    0x5b, 0x02, 0x41, 0x00, 0x5b, 0x03, 0x43, 0x00, 0x5b, 0x04, 0x42, 0x00,
    0x70, 0x10, 0xaf, 0x01, 0x00, 0x00, 0x0e, 0x00, 0x07, 0x00, 0x02, 0x00,
    0x03, 0x00, 0x00, 0x00, 0xf3, 0x93, 0x00, 0x00, 0x6c, 0x00, 0x00, 0x00,
    0x52, 0x56, 0x44, 0x00, 0x71, 0x10, 0x34, 0x01, 0x06, 0x00, 0x0a, 0x06,
    0x12, 0x10, 0x38, 0x06, 0x11, 0x00, 0x52, 0x56, 0x44, 0x00, 0x71, 0x20,
    0x70, 0x01, 0x06, 0x00, 0x54, 0x56, 0x41, 0x00, 0x54, 0x50, 0x43, 0x00,
    0x52, 0x51, 0x44, 0x00, 0x71, 0x30, 0x35, 0x01, 0x06, 0x01, 0x0e, 0x00,
    0x52, 0x56, 0x44, 0x00, 0x71, 0x10, 0x36, 0x01, 0x06, 0x00, 0x0a, 0x06,
    0x38, 0x06, 0x13, 0x00, 0x54, 0x56, 0x41, 0x00, 0x52, 0x50, 0x44, 0x00,
    0x71, 0x20, 0x37, 0x01, 0x06, 0x00, 0x54, 0x56, 0x41, 0x00, 0x54, 0x50,
    0x43, 0x00, 0x52, 0x51, 0x44, 0x00, 0x71, 0x30, 0x31, 0x01, 0x06, 0x01,
    0x0e, 0x00, 0x71, 0x00, 0x30, 0x01, 0x00, 0x00, 0x0c, 0x06, 0x52, 0x51,
    0x44, 0x00, 0x71, 0x00, 0x30, 0x01, 0x00, 0x00, 0x0c, 0x02, 0x52, 0x53,
    0x44, 0x00, 0x44, 0x02, 0x02, 0x03, 0xb0, 0x02, 0x71, 0x00, 0x38, 0x01,
    0x00, 0x00, 0x0c, 0x03, 0x52, 0x54, 0x44, 0x00, 0x46, 0x03, 0x03, 0x04,
    0x21, 0x33, 0xb0, 0x03, 0xb4, 0x32, 0x4b, 0x02, 0x06, 0x01, 0x71, 0x00,
    0x30, 0x01, 0x00, 0x00, 0x0c, 0x06, 0x52, 0x50, 0x44, 0x00, 0x44, 0x06,
    0x06, 0x00, 0x71, 0x20, 0x70, 0x01, 0x64, 0x00, 0x54, 0x56, 0x41, 0x00,
    0x54, 0x50, 0x43, 0x00, 0x52, 0x51, 0x44, 0x00, 0x71, 0x30, 0x31, 0x01,
    0x06, 0x01, 0x54, 0x56, 0x41, 0x00, 0x71, 0x10, 0x32, 0x01, 0x06, 0x00,
    0x54, 0x56, 0x42, 0x00, 0x71, 0x10, 0x33, 0x01, 0x06, 0x00, 0x0e, 0x00,
    0x04, 0x00, 0x04, 0x00, 0x01, 0x00, 0x00, 0x00, 0x05, 0x94, 0x00, 0x00,
    0x0a, 0x00, 0x00, 0x00, 0x5b, 0x01, 0x45, 0x00, 0x5b, 0x02, 0x46, 0x00,
    0x59, 0x03, 0x47, 0x00, 0x70, 0x10, 0xaf, 0x01, 0x00, 0x00, 0x0e, 0x00,
    0x04, 0x00, 0x01, 0x00, 0x03, 0x00, 0x00, 0x00, 0x0d, 0x94, 0x00, 0x00,
    0x0a, 0x00, 0x00, 0x00, 0x54, 0x30, 0x45, 0x00, 0x54, 0x31, 0x46, 0x00,
    0x52, 0x32, 0x47, 0x00, 0x71, 0x30, 0x31, 0x01, 0x10, 0x02, 0x0e, 0x00,
    0x03, 0x00, 0x03, 0x00, 0x01, 0x00, 0x00, 0x00, 0x12, 0x94, 0x00, 0x00,
    0x08, 0x00, 0x00, 0x00, 0x5b, 0x01, 0x48, 0x00, 0x5b, 0x02, 0x49, 0x00,
    0x70, 0x10, 0xaf, 0x01, 0x00, 0x00, 0x0e, 0x00, 0x03, 0x00, 0x01, 0x00,
    0x02, 0x00, 0x01, 0x00, 0x19, 0x94, 0x00, 0x00, 0x08, 0x00, 0x00, 0x00,
    0x54, 0x20, 0x48, 0x00, 0x54, 0x21, 0x49, 0x00, 0x71, 0x20, 0x39, 0x01,
    0x10, 0x00, 0x0e, 0x00, 0x00, 0x00, 0x00, 0x00, 0x07, 0x00, 0x01, 0x00,
    0x01, 0x00, 0x07, 0x00, 0x03, 0x00, 0x03, 0x00, 0x01, 0x00, 0x00, 0x00,
    0x1e, 0x94, 0x00, 0x00, 0x08, 0x00, 0x00, 0x00, 0x5b, 0x01, 0x4a, 0x00,
    0x5b, 0x02, 0x4b, 0x00, 0x70, 0x10, 0xaf, 0x01, 0x00, 0x00, 0x0e, 0x00,
    0x04, 0x00, 0x02, 0x00, 0x03, 0x00, 0x00, 0x00, 0x25, 0x94, 0x00, 0x00,
    0x24, 0x00, 0x00, 0x00, 0x54, 0x23, 0x4a, 0x00, 0x1a, 0x00, 0x8d, 0x02,
    0x6e, 0x20, 0x05, 0x00, 0x03, 0x00, 0x0c, 0x03, 0x1f, 0x03, 0x09, 0x00,
    0x38, 0x03, 0x0d, 0x00, 0x1a, 0x00, 0x80, 0x02, 0x54, 0x21, 0x4b, 0x00,
    0x71, 0x20, 0x11, 0x00, 0x10, 0x00, 0x0c, 0x00, 0x6e, 0x20, 0x12, 0x00,
    0x03, 0x00, 0x54, 0x23, 0x4a, 0x00, 0x1a, 0x00, 0x66, 0x01, 0x12, 0x01,
    0x71, 0x30, 0x9b, 0x00, 0x03, 0x01, 0x0c, 0x03, 0x6e, 0x10, 0x9c, 0x00,
    0x03, 0x00, 0x0e, 0x00, 0x03, 0x00, 0x02, 0x00, 0x01, 0x00, 0x00, 0x00,
    0x2e, 0x94, 0x00, 0x00, 0x0c, 0x00, 0x00, 0x00, 0x6e, 0x10, 0xc8, 0x00,
    0x01, 0x00, 0x0a, 0x02, 0x13, 0x00, 0xc0, 0x00, 0x37, 0x02, 0x04, 0x00,
    0x12, 0x12, 0x0f, 0x02, 0x12, 0x02, 0x0f, 0x02, 0x04, 0x00, 0x04, 0x00,
    0x04, 0x00, 0x00, 0x00, 0x34, 0x94, 0x00, 0x00, 0x04, 0x00, 0x00, 0x00,
    0x70, 0x40, 0xdb, 0x01, 0x10, 0x32, 0x0e, 0x00, 0x04, 0x00, 0x04, 0x00,
    0x01, 0x00, 0x00, 0x00, 0x3c, 0x94, 0x00, 0x00, 0x0a, 0x00, 0x00, 0x00,
    0x5b, 0x01, 0x4c, 0x00, 0x5b, 0x02, 0x4e, 0x00, 0x5b, 0x03, 0x4d, 0x00,
    0x70, 0x10, 0xaf, 0x01, 0x00, 0x00, 0x0e, 0x00, 0x04, 0x00, 0x01, 0x00,
    0x03, 0x00, 0x00, 0x00, 0x44, 0x94, 0x00, 0x00, 0x0c, 0x00, 0x00, 0x00,
    0x54, 0x30, 0x4c, 0x00, 0x54, 0x00, 0x4f, 0x00, 0x54, 0x31, 0x4e, 0x00,
    0x54, 0x32, 0x4d, 0x00, 0x71, 0x30, 0x1c, 0x01, 0x10, 0x02, 0x0e, 0x00,
    0x02, 0x00, 0x02, 0x00, 0x01, 0x00, 0x00, 0x00, 0x49, 0x94, 0x00, 0x00,
    0x06, 0x00, 0x00, 0x00, 0x5b, 0x01, 0x4f, 0x00, 0x70, 0x10, 0xaf, 0x01,
    0x00, 0x00, 0x0e, 0x00, 0x05, 0x00, 0x01, 0x00, 0x04, 0x00, 0x01, 0x00,
    0x4f, 0x94, 0x00, 0x00, 0x21, 0x00, 0x00, 0x00, 0x13, 0x00, 0x0a, 0x00,
    0x71, 0x10, 0x3a, 0x00, 0x00, 0x00, 0x71, 0x00, 0x3e, 0x01, 0x00, 0x00,
    0x0c, 0x00, 0x6e, 0x10, 0xe5, 0x01, 0x00, 0x00, 0x0c, 0x00, 0x1f, 0x00,
    0x72, 0x00, 0x54, 0x41, 0x4f, 0x00, 0x71, 0x20, 0x1a, 0x01, 0x01, 0x00,
    0x0c, 0x01, 0x54, 0x42, 0x4f, 0x00, 0x22, 0x03, 0x50, 0x00, 0x70, 0x40,
    0xc9, 0x00, 0x43, 0x10, 0x6e, 0x20, 0x08, 0x00, 0x32, 0x00, 0x28, 0xe6,
    0x0e, 0x00, 0x00, 0x00, 0x05, 0x00, 0x00, 0x00, 0x0a, 0x00, 0x01, 0x00,
    0x01, 0x01, 0x6d, 0x20, 0x02, 0x00, 0x02, 0x00, 0x01, 0x00, 0x00, 0x00,
    0x57, 0x94, 0x00, 0x00, 0x06, 0x00, 0x00, 0x00, 0x5b, 0x01, 0x50, 0x00,
    0x70, 0x10, 0xaf, 0x01, 0x00, 0x00, 0x0e, 0x00, 0x02, 0x00, 0x01, 0x00,
    0x01, 0x00, 0x01, 0x00, 0x5d, 0x94, 0x00, 0x00, 0x06, 0x00, 0x00, 0x00,
    0x54, 0x10, 0x50, 0x00, 0x71, 0x10, 0x1e, 0x01, 0x00, 0x00, 0x0e, 0x00,
    0x00, 0x00, 0x00, 0x00, 0x05, 0x00, 0x01, 0x00, 0x01, 0x00, 0x05, 0x00,
    0x04, 0x00, 0x04, 0x00, 0x01, 0x00, 0x00, 0x00, 0x62, 0x94, 0x00, 0x00,
    0x0a, 0x00, 0x00, 0x00, 0x5b, 0x01, 0x51, 0x00, 0x5b, 0x02, 0x52, 0x00,
    0x5b, 0x03, 0x53, 0x00, 0x70, 0x10, 0xaf, 0x01, 0x00, 0x00, 0x0e, 0x00,
    0x05, 0x00, 0x01, 0x00, 0x04, 0x00, 0x01, 0x00, 0x6a, 0x94, 0x00, 0x00,
    0x4c, 0x00, 0x00, 0x00, 0x54, 0x40, 0x51, 0x00, 0x6e, 0x10, 0x07, 0x00,
    0x00, 0x00, 0x0a, 0x00, 0x39, 0x00, 0x45, 0x00, 0x54, 0x40, 0x51, 0x00,
    0x6e, 0x10, 0x06, 0x00, 0x00, 0x00, 0x0a, 0x00, 0x38, 0x00, 0x03, 0x00,
    0x28, 0x3b, 0x71, 0x00, 0x60, 0x01, 0x00, 0x00, 0x0a, 0x00, 0x28, 0x02,
    0x12, 0x10, 0x13, 0x01, 0x08, 0x00, 0x38, 0x00, 0x04, 0x00, 0x12, 0x02,
    0x28, 0x02, 0x01, 0x12, 0x54, 0x43, 0x52, 0x00, 0x6e, 0x10, 0x4c, 0x00,
    0x03, 0x00, 0x0a, 0x03, 0x32, 0x23, 0x07, 0x00, 0x54, 0x43, 0x52, 0x00,
    0x6e, 0x20, 0x53, 0x00, 0x23, 0x00, 0x39, 0x00, 0x19, 0x00, 0x71, 0x00,
    0x22, 0x01, 0x00, 0x00, 0x0c, 0x00, 0x38, 0x00, 0x13, 0x00, 0x71, 0x00,
    0x22, 0x01, 0x00, 0x00, 0x0c, 0x00, 0x6e, 0x10, 0x4c, 0x00, 0x00, 0x00,
    0x0a, 0x00, 0x39, 0x00, 0x09, 0x00, 0x71, 0x00, 0x22, 0x01, 0x00, 0x00,
    0x0c, 0x00, 0x6e, 0x20, 0x53, 0x00, 0x10, 0x00, 0x54, 0x40, 0x53, 0x00,
    0x16, 0x01, 0x90, 0x01, 0x6e, 0x40, 0x38, 0x00, 0x40, 0x21, 0x0e, 0x00,
    0x11, 0x00, 0x00, 0x00, 0x04, 0x00, 0x01, 0x00, 0x01, 0x00, 0x16, 0x00,
    0x01, 0x00, 0x01, 0x00, 0x01, 0x00, 0x00, 0x00, 0x76, 0x94, 0x00, 0x00,
    0x04, 0x00, 0x00, 0x00, 0x70, 0x10, 0xaf, 0x01, 0x00, 0x00, 0x0e, 0x00,
    0x02, 0x00, 0x02, 0x00, 0x00, 0x00, 0x00, 0x00, 0x00, 0x00, 0x00, 0x00,
    0x01, 0x00, 0x00, 0x00, 0x0e, 0x00, 0x00, 0x00, 0x06, 0x00, 0x06, 0x00,
    0x01, 0x00, 0x00, 0x00, 0x7b, 0x94, 0x00, 0x00, 0x0e, 0x00, 0x00, 0x00,
    0x5b, 0x01, 0x54, 0x00, 0x5b, 0x02, 0x57, 0x00, 0x5b, 0x03, 0x55, 0x00,
    0x5b, 0x04, 0x56, 0x00, 0x59, 0x05, 0x58, 0x00, 0x70, 0x10, 0xaf, 0x01,
    0x00, 0x00, 0x0e, 0x00, 0x06, 0x00, 0x02, 0x00, 0x05, 0x00, 0x00, 0x00,
    0x85, 0x94, 0x00, 0x00, 0x0e, 0x00, 0x00, 0x00, 0x54, 0x45, 0x54, 0x00,
    0x54, 0x40, 0x57, 0x00, 0x54, 0x41, 0x55, 0x00, 0x54, 0x42, 0x56, 0x00,
    0x52, 0x43, 0x58, 0x00, 0x71, 0x53, 0x23, 0x01, 0x05, 0x21, 0x0e, 0x00,
    0x01, 0x00, 0x01, 0x00, 0x01, 0x00, 0x00, 0x00, 0x8b, 0x94, 0x00, 0x00,
    0x04, 0x00, 0x00, 0x00, 0x70, 0x10, 0xaf, 0x01, 0x00, 0x00, 0x0e, 0x00,
    0x03, 0x00, 0x02, 0x00, 0x02, 0x00, 0x00, 0x00, 0x90, 0x94, 0x00, 0x00,
    0x10, 0x00, 0x00, 0x00, 0x71, 0x00, 0x22, 0x01, 0x00, 0x00, 0x0c, 0x02,
    0x38, 0x02, 0x0b, 0x00, 0x71, 0x00, 0x22, 0x01, 0x00, 0x00, 0x0c, 0x02,
    0x13, 0x00, 0x08, 0x00, 0x6e, 0x20, 0x53, 0x00, 0x02, 0x00, 0x0e, 0x00,
    0x02, 0x00, 0x02, 0x00, 0x01, 0x00, 0x00, 0x00, 0x96, 0x94, 0x00, 0x00,
    0x06, 0x00, 0x00, 0x00, 0x5b, 0x01, 0x59, 0x00, 0x70, 0x10, 0xaf, 0x01,
    0x00, 0x00, 0x0e, 0x00, 0x05, 0x00, 0x01, 0x00, 0x03, 0x00, 0x00, 0x00,
    0x9c, 0x94, 0x00, 0x00, 0x16, 0x00, 0x00, 0x00, 0x54, 0x40, 0x59, 0x00,
    0x54, 0x00, 0x5b, 0x00, 0x54, 0x41, 0x59, 0x00, 0x54, 0x11, 0x5a, 0x00,
    0x14, 0x02, 0x6b, 0x3a, 0x2c, 0xff, 0x14, 0x03, 0x25, 0x16, 0x13, 0xff,
    0x71, 0x30, 0x25, 0x01, 0x21, 0x03, 0x0c, 0x01, 0x6e, 0x20, 0x6d, 0x00,
    0x10, 0x00, 0x0e, 0x00, 0x04, 0x00, 0x04, 0x00, 0x01, 0x00, 0x00, 0x00,
    0xa1, 0x94, 0x00, 0x00, 0x0a, 0x00, 0x00, 0x00, 0x5b, 0x01, 0x5a, 0x00,
    0x59, 0x02, 0x5c, 0x00, 0x5b, 0x03, 0x5b, 0x00, 0x70, 0x10, 0xaf, 0x01,
    0x00, 0x00, 0x0e, 0x00, 0x05, 0x00, 0x02, 0x00, 0x04, 0x00, 0x00, 0x00,
    0xa9, 0x94, 0x00, 0x00, 0x3e, 0x00, 0x00, 0x00, 0x71, 0x00, 0x60, 0x01,
    0x00, 0x00, 0x0a, 0x04, 0x39, 0x04, 0x0a, 0x00, 0x54, 0x34, 0x5a, 0x00,
    0x1a, 0x00, 0x79, 0x00, 0x71, 0x20, 0x24, 0x01, 0x04, 0x00, 0x0e, 0x00,
    0x52, 0x34, 0x5c, 0x00, 0x71, 0x10, 0x71, 0x01, 0x04, 0x00, 0x54, 0x34,
    0x5b, 0x00, 0x54, 0x30, 0x5a, 0x00, 0x14, 0x01, 0x51, 0xa8, 0x22, 0xff,
    0x14, 0x02, 0x25, 0x16, 0x13, 0xff, 0x71, 0x30, 0x25, 0x01, 0x10, 0x02,
    0x0c, 0x00, 0x6e, 0x20, 0x6d, 0x00, 0x04, 0x00, 0x54, 0x34, 0x5b, 0x00,
    0x22, 0x00, 0x57, 0x00, 0x70, 0x20, 0xd7, 0x00, 0x30, 0x00, 0x16, 0x01,
    0x90, 0x01, 0x6e, 0x40, 0x6c, 0x00, 0x04, 0x21, 0x54, 0x34, 0x5a, 0x00,
    0x71, 0x00, 0x27, 0x01, 0x00, 0x00, 0x0c, 0x00, 0x52, 0x31, 0x5c, 0x00,
    0x46, 0x00, 0x00, 0x01, 0x71, 0x20, 0x24, 0x01, 0x04, 0x00, 0x0e, 0x00,
    0x01, 0x00, 0x01, 0x00, 0x01, 0x00, 0x00, 0x00, 0xb5, 0x94, 0x00, 0x00,
    0x04, 0x00, 0x00, 0x00, 0x70, 0x10, 0xaf, 0x01, 0x00, 0x00, 0x0e, 0x00,
    0x02, 0x00, 0x02, 0x00, 0x01, 0x00, 0x00, 0x00, 0xba, 0x94, 0x00, 0x00,
    0x04, 0x00, 0x00, 0x00, 0x70, 0x10, 0xdb, 0x00, 0x00, 0x00, 0x0e, 0x00,
    0x0a, 0x00, 0x03, 0x00, 0x03, 0x00, 0x00, 0x00, 0xc0, 0x94, 0x00, 0x00,
    0xa3, 0x00, 0x00, 0x00, 0x6e, 0x10, 0x49, 0x00, 0x08, 0x00, 0x0c, 0x00,
    0x1f, 0x00, 0x32, 0x00, 0x6e, 0x10, 0x43, 0x00, 0x09, 0x00, 0x0a, 0x01,
    0x12, 0x02, 0x12, 0x13, 0x38, 0x01, 0x80, 0x00, 0x32, 0x31, 0x6e, 0x00,
    0x12, 0x24, 0x32, 0x41, 0x10, 0x00, 0x12, 0x38, 0x32, 0x81, 0x03, 0x00,
    0x0f, 0x02, 0x55, 0x78, 0x6d, 0x00, 0x38, 0x08, 0x07, 0x00, 0x54, 0x78,
    0x6c, 0x00, 0x71, 0x20, 0x20, 0x01, 0x08, 0x00, 0x0f, 0x03, 0x6e, 0x10,
    0x44, 0x00, 0x09, 0x00, 0x0a, 0x01, 0x52, 0x74, 0x71, 0x00, 0xc7, 0x41,
    0x6e, 0x10, 0x45, 0x00, 0x09, 0x00, 0x0a, 0x09, 0x52, 0x74, 0x72, 0x00,
    0xc7, 0x49, 0x55, 0x74, 0x6d, 0x00, 0x39, 0x04, 0x19, 0x00, 0x71, 0x10,
    0xa8, 0x01, 0x01, 0x00, 0x0a, 0x04, 0x52, 0x75, 0x70, 0x00, 0x82, 0x55,
    0x2e, 0x04, 0x04, 0x05, 0x3b, 0x04, 0x0e, 0x00, 0x71, 0x10, 0xa8, 0x01,
    0x09, 0x00, 0x0a, 0x04, 0x52, 0x75, 0x70, 0x00, 0x82, 0x55, 0x2e, 0x04,
    0x04, 0x05, 0x3b, 0x04, 0x03, 0x00, 0x0f, 0x03, 0x5c, 0x73, 0x6d, 0x00,
    0x6e, 0x10, 0x4a, 0x00, 0x08, 0x00, 0x0c, 0x04, 0x1f, 0x04, 0x2a, 0x00,
    0x52, 0x75, 0x6e, 0x00, 0x82, 0x55, 0xc6, 0x15, 0x6e, 0x10, 0x4d, 0x00,
    0x04, 0x00, 0x0a, 0x01, 0x6e, 0x10, 0x4d, 0x00, 0x08, 0x00, 0x0a, 0x06,
    0xb1, 0x61, 0x71, 0x30, 0x1f, 0x01, 0x25, 0x01, 0x0a, 0x01, 0x59, 0x01,
    0x0a, 0x00, 0x52, 0x71, 0x6f, 0x00, 0x82, 0x11, 0xc6, 0x91, 0x6e, 0x10,
    0x48, 0x00, 0x04, 0x00, 0x0a, 0x09, 0x6e, 0x10, 0x48, 0x00, 0x08, 0x00,
    0x0a, 0x04, 0xb1, 0x49, 0x71, 0x30, 0x1f, 0x01, 0x21, 0x09, 0x0a, 0x09,
    0x59, 0x09, 0x0c, 0x00, 0x6e, 0x20, 0x51, 0x00, 0x08, 0x00, 0x0f, 0x03,
    0x55, 0x78, 0x6d, 0x00, 0x38, 0x08, 0x08, 0x00, 0x54, 0x78, 0x6c, 0x00,
    0x71, 0x20, 0x20, 0x01, 0x08, 0x00, 0x28, 0x06, 0x54, 0x78, 0x6c, 0x00,
    0x71, 0x10, 0x21, 0x01, 0x08, 0x00, 0x0f, 0x03, 0x6e, 0x10, 0x44, 0x00,
    0x09, 0x00, 0x0a, 0x08, 0x59, 0x78, 0x71, 0x00, 0x6e, 0x10, 0x45, 0x00,
    0x09, 0x00, 0x0a, 0x08, 0x59, 0x78, 0x72, 0x00, 0x52, 0x08, 0x0a, 0x00,
    0x59, 0x78, 0x6e, 0x00, 0x52, 0x08, 0x0c, 0x00, 0x59, 0x78, 0x6f, 0x00,
    0x5c, 0x72, 0x6d, 0x00, 0x0f, 0x03, 0x00, 0x00, 0x02, 0x00, 0x02, 0x00,
    0x01, 0x00, 0x00, 0x00, 0xe4, 0x94, 0x00, 0x00, 0x10, 0x00, 0x00, 0x00,
    0x70, 0x10, 0xaf, 0x01, 0x00, 0x00, 0x5b, 0x01, 0x6c, 0x00, 0x71, 0x10,
    0x54, 0x00, 0x01, 0x00, 0x0c, 0x01, 0x6e, 0x10, 0x55, 0x00, 0x01, 0x00,
    0x0a, 0x01, 0x59, 0x01, 0x70, 0x00, 0x0e, 0x00, 0x04, 0x00, 0x02, 0x00,
    0x05, 0x00, 0x00, 0x00, 0xec, 0x94, 0x00, 0x00, 0x1c, 0x00, 0x00, 0x00,
    0x70, 0x20, 0x8f, 0x00, 0x32, 0x00, 0x15, 0x00, 0x00, 0x40, 0x71, 0x20,
    0x3d, 0x01, 0x03, 0x00, 0x0a, 0x03, 0x82, 0x33, 0x59, 0x23, 0x73, 0x00,
    0xc9, 0x03, 0x89, 0x30, 0x71, 0x20, 0xa9, 0x01, 0x10, 0x00, 0x0b, 0x00,
    0x8a, 0x03, 0x12, 0x10, 0xb0, 0x03, 0x6e, 0x53, 0xe9, 0x00, 0x32, 0x33,
    0x6e, 0x20, 0xe8, 0x00, 0x02, 0x00, 0x0e, 0x00, 0x08, 0x00, 0x02, 0x00,
    0x05, 0x00, 0x00, 0x00, 0xf6, 0x94, 0x00, 0x00, 0x5a, 0x00, 0x00, 0x00,
    0x6e, 0x10, 0xe4, 0x00, 0x06, 0x00, 0x0a, 0x00, 0x12, 0x11, 0x32, 0x10,
    0x06, 0x00, 0x6f, 0x20, 0x90, 0x00, 0x76, 0x00, 0x0e, 0x00, 0x6e, 0x10,
    0xe6, 0x00, 0x06, 0x00, 0x0c, 0x00, 0x72, 0x10, 0xa5, 0x01, 0x00, 0x00,
    0x0c, 0x00, 0x6e, 0x10, 0xe5, 0x00, 0x06, 0x00, 0x0c, 0x01, 0x6e, 0x10,
    0xe2, 0x00, 0x06, 0x00, 0x0a, 0x02, 0x6e, 0x10, 0xe1, 0x00, 0x06, 0x00,
    0x0a, 0x03, 0x82, 0x33, 0x6e, 0x10, 0xe3, 0x00, 0x06, 0x00, 0x0c, 0x04,
    0x38, 0x04, 0x0c, 0x00, 0x6e, 0x10, 0xe3, 0x00, 0x06, 0x00, 0x0c, 0x04,
    0x12, 0x05, 0x6e, 0x20, 0x3c, 0x00, 0x54, 0x00, 0x0a, 0x04, 0x28, 0x02,
    0x12, 0x04, 0xc6, 0x43, 0x6e, 0x10, 0xe0, 0x00, 0x06, 0x00, 0x0a, 0x04,
    0x82, 0x44, 0x62, 0x05, 0x03, 0x00, 0x6e, 0x20, 0x40, 0x00, 0x51, 0x00,
    0x52, 0x65, 0x73, 0x00, 0x6e, 0x20, 0x3f, 0x00, 0x51, 0x00, 0x62, 0x05,
    0x01, 0x00, 0x6e, 0x20, 0x3e, 0x00, 0x51, 0x00, 0x15, 0x05, 0x00, 0xff,
    0x6e, 0x20, 0x3d, 0x00, 0x51, 0x00, 0x6e, 0x51, 0x25, 0x00, 0x07, 0x43,
    0x62, 0x05, 0x02, 0x00, 0x6e, 0x20, 0x40, 0x00, 0x51, 0x00, 0x6e, 0x20,
    0x3d, 0x00, 0x21, 0x00, 0x6e, 0x51, 0x25, 0x00, 0x07, 0x43, 0x0e, 0x00,
    0x01, 0x00, 0x01, 0x00, 0x01, 0x00, 0x00, 0x00, 0x0c, 0x95, 0x00, 0x00,
    0x04, 0x00, 0x00, 0x00, 0x70, 0x10, 0xaf, 0x01, 0x00, 0x00, 0x0e, 0x00,
    0x02, 0x00, 0x02, 0x00, 0x01, 0x00, 0x00, 0x00, 0x11, 0x95, 0x00, 0x00,
    0x04, 0x00, 0x00, 0x00, 0x70, 0x10, 0xea, 0x00, 0x00, 0x00, 0x0e, 0x00,
    0x07, 0x00, 0x02, 0x00, 0x02, 0x00, 0x00, 0x00, 0x17, 0x95, 0x00, 0x00,
    0x5b, 0x00, 0x00, 0x00, 0x6e, 0x10, 0x42, 0x00, 0x06, 0x00, 0x0a, 0x00,
    0x12, 0x11, 0x38, 0x00, 0x0c, 0x00, 0x32, 0x10, 0x0a, 0x00, 0x12, 0x22,
    0x32, 0x20, 0x07, 0x00, 0x6f, 0x20, 0x4e, 0x00, 0x65, 0x00, 0x0a, 0x06,
    0x0f, 0x06, 0x52, 0x50, 0x79, 0x00, 0x15, 0x02, 0x00, 0x40, 0xc9, 0x20,
    0x6e, 0x10, 0xf0, 0x00, 0x05, 0x00, 0x0a, 0x03, 0x82, 0x33, 0x52, 0x54,
    0x79, 0x00, 0xc9, 0x24, 0xc7, 0x43, 0x6e, 0x10, 0x46, 0x00, 0x06, 0x00,
    0x0a, 0x06, 0xc7, 0x06, 0xc7, 0x03, 0x15, 0x00, 0x80, 0x3f, 0x71, 0x20,
    0xaa, 0x01, 0x30, 0x00, 0x0a, 0x02, 0xc9, 0x26, 0x12, 0x02, 0x2e, 0x03,
    0x06, 0x02, 0x3b, 0x03, 0x04, 0x00, 0x01, 0x20, 0x28, 0x07, 0x2d, 0x02,
    0x06, 0x00, 0x3d, 0x02, 0x03, 0x00, 0x28, 0x02, 0x01, 0x60, 0x52, 0x56,
    0x7a, 0x00, 0xb1, 0x16, 0x82, 0x66, 0xc8, 0x60, 0x71, 0x10, 0xae, 0x01,
    0x00, 0x00, 0x0a, 0x06, 0xb0, 0x16, 0x52, 0x50, 0x7d, 0x00, 0x32, 0x06,
    0x0e, 0x00, 0x59, 0x56, 0x7d, 0x00, 0x6e, 0x10, 0xf1, 0x00, 0x05, 0x00,
    0x54, 0x56, 0x7b, 0x00, 0x38, 0x06, 0x05, 0x00, 0x72, 0x10, 0xb0, 0x01,
    0x06, 0x00, 0x6e, 0x10, 0xef, 0x00, 0x05, 0x00, 0x0c, 0x06, 0x72, 0x20,
    0x56, 0x00, 0x16, 0x00, 0x0f, 0x01, 0x00, 0x00, 0x02, 0x00, 0x01, 0x00,
    0x00, 0x00, 0x00, 0x00, 0x2c, 0x95, 0x00, 0x00, 0x03, 0x00, 0x00, 0x00,
    0x52, 0x10, 0x7d, 0x00, 0x0f, 0x00, 0x00, 0x00, 0x06, 0x00, 0x04, 0x00,
    0x02, 0x00, 0x00, 0x00, 0x31, 0x95, 0x00, 0x00, 0x25, 0x00, 0x00, 0x00,
    0x70, 0x20, 0x47, 0x00, 0x32, 0x00, 0x22, 0x00, 0x16, 0x00, 0x12, 0x11,
    0x70, 0x20, 0x27, 0x00, 0x10, 0x00, 0x5b, 0x20, 0x7c, 0x00, 0x35, 0x14,
    0x03, 0x00, 0x01, 0x14, 0x59, 0x24, 0x7a, 0x00, 0x59, 0x25, 0x7d, 0x00,
    0x15, 0x04, 0x00, 0x40, 0x71, 0x20, 0x3d, 0x01, 0x43, 0x00, 0x0a, 0x04,
    0x82, 0x44, 0x59, 0x24, 0x78, 0x00, 0x15, 0x04, 0x50, 0x41, 0x71, 0x20,
    0x3d, 0x01, 0x43, 0x00, 0x0a, 0x03, 0x82, 0x33, 0x59, 0x23, 0x79, 0x00,
    0x0e, 0x00, 0x00, 0x00, 0x1a, 0x00, 0x02, 0x00, 0x08, 0x00, 0x00, 0x00,
    0x40, 0x95, 0x00, 0x00, 0xfc, 0x00, 0x00, 0x00, 0x08, 0x00, 0x18, 0x00,
    0x6e, 0x10, 0xee, 0x00, 0x00, 0x00, 0x0a, 0x01, 0x82, 0x11, 0x15, 0x02,
    0x00, 0x40, 0xc9, 0x21, 0x6e, 0x10, 0xed, 0x00, 0x00, 0x00, 0x0c, 0x03,
    0x1f, 0x03, 0x05, 0x00, 0x15, 0x04, 0x20, 0x41, 0x71, 0x20, 0x3d, 0x01,
    0x43, 0x00, 0x0a, 0x03, 0x82, 0x33, 0x52, 0x04, 0x79, 0x00, 0xa9, 0x06,
    0x04, 0x02, 0x6e, 0x10, 0xf0, 0x00, 0x00, 0x00, 0x0a, 0x04, 0x82, 0x44,
    0x52, 0x05, 0x79, 0x00, 0xc9, 0x25, 0xa7, 0x08, 0x04, 0x05, 0xa9, 0x0a,
    0x03, 0x02, 0xa7, 0x07, 0x01, 0x0a, 0xa6, 0x03, 0x01, 0x0a, 0x54, 0x04,
    0x7c, 0x00, 0x62, 0x05, 0x02, 0x00, 0x6e, 0x20, 0x2a, 0x00, 0x54, 0x00,
    0x54, 0x04, 0x7c, 0x00, 0x14, 0x05, 0x25, 0x16, 0x13, 0xff, 0x6e, 0x20,
    0x28, 0x00, 0x54, 0x00, 0x52, 0x04, 0x78, 0x00, 0x01, 0xae, 0xa7, 0x0a,
    0x06, 0x04, 0xa7, 0x0b, 0x07, 0x04, 0xa6, 0x0c, 0x08, 0x04, 0xa6, 0x0d,
    0x03, 0x04, 0x54, 0x04, 0x7c, 0x00, 0x01, 0xef, 0x08, 0x09, 0x19, 0x00,
    0x08, 0x10, 0x04, 0x00, 0x74, 0x08, 0x24, 0x00, 0x09, 0x00, 0x54, 0x04,
    0x7c, 0x00, 0x14, 0x09, 0x6b, 0x3a, 0x2c, 0xff, 0x6e, 0x20, 0x28, 0x00,
    0x94, 0x00, 0x54, 0x0c, 0x7c, 0x00, 0x01, 0xeb, 0x01, 0x39, 0x01, 0x53,
    0x01, 0xea, 0x08, 0x05, 0x19, 0x00, 0x74, 0x08, 0x24, 0x00, 0x05, 0x00,
    0x52, 0x04, 0x7d, 0x00, 0x12, 0x15, 0xb1, 0x54, 0x82, 0x44, 0x52, 0x0a,
    0x7a, 0x00, 0xd8, 0x0b, 0x0a, 0xff, 0x39, 0x0b, 0x03, 0x00, 0x28, 0x03,
    0xd8, 0x05, 0x0a, 0xff, 0x82, 0x55, 0xc9, 0x54, 0xc7, 0x68, 0xc8, 0x48,
    0xc6, 0x68, 0x2d, 0x04, 0x08, 0x06, 0x3d, 0x04, 0x13, 0x00, 0x54, 0x04,
    0x7c, 0x00, 0x14, 0x05, 0x51, 0xa8, 0x22, 0xff, 0x6e, 0x20, 0x28, 0x00,
    0x54, 0x00, 0x54, 0x0c, 0x7c, 0x00, 0x01, 0xeb, 0x08, 0x05, 0x19, 0x00,
    0x01, 0xea, 0x74, 0x08, 0x24, 0x00, 0x05, 0x00, 0x52, 0x04, 0x79, 0x00,
    0x14, 0x05, 0x9a, 0x99, 0xd9, 0x3f, 0xc8, 0x45, 0xc9, 0x24, 0xa7, 0x11,
    0x08, 0x04, 0xa9, 0x02, 0x05, 0x02, 0xa7, 0x12, 0x01, 0x02, 0x6e, 0x10,
    0xed, 0x00, 0x00, 0x00, 0x0c, 0x02, 0x1f, 0x02, 0x05, 0x00, 0x15, 0x04,
    0x40, 0x40, 0x71, 0x20, 0x3d, 0x01, 0x42, 0x00, 0x0a, 0x02, 0x82, 0x22,
    0x54, 0x04, 0x7c, 0x00, 0x6e, 0x20, 0x28, 0x00, 0x34, 0x00, 0x52, 0x03,
    0x79, 0x00, 0xa6, 0x13, 0x11, 0x03, 0xa6, 0x14, 0x12, 0x05, 0x54, 0x03,
    0x7c, 0x00, 0x02, 0x16, 0x02, 0x00, 0x08, 0x10, 0x19, 0x00, 0x02, 0x15,
    0x02, 0x00, 0x08, 0x17, 0x03, 0x00, 0x74, 0x08, 0x24, 0x00, 0x10, 0x00,
    0x02, 0x08, 0x11, 0x00, 0x02, 0x02, 0x14, 0x00, 0x54, 0x03, 0x7c, 0x00,
    0x12, 0xf4, 0x6e, 0x20, 0x28, 0x00, 0x43, 0x00, 0x52, 0x03, 0x78, 0x00,
    0xa6, 0x11, 0x08, 0x03, 0xa6, 0x12, 0x12, 0x03, 0x52, 0x04, 0x79, 0x00,
    0xc6, 0x84, 0xa7, 0x13, 0x04, 0x03, 0xa7, 0x14, 0x02, 0x03, 0x54, 0x03,
    0x7c, 0x00, 0x02, 0x16, 0x15, 0x00, 0x08, 0x17, 0x03, 0x00, 0x74, 0x08,
    0x24, 0x00, 0x10, 0x00, 0x54, 0x03, 0x7c, 0x00, 0x14, 0x04, 0xd4, 0xc0,
    0xb9, 0xff, 0x6e, 0x20, 0x28, 0x00, 0x43, 0x00, 0x52, 0x03, 0x78, 0x00,
    0xa6, 0x11, 0x08, 0x03, 0x15, 0x04, 0xc0, 0x40, 0xc9, 0x45, 0xa6, 0x12,
    0x01, 0x05, 0x52, 0x01, 0x79, 0x00, 0xc6, 0x81, 0xa7, 0x13, 0x01, 0x03,
    0xa7, 0x14, 0x02, 0x03, 0x54, 0x01, 0x7c, 0x00, 0x08, 0x15, 0x01, 0x00,
    0x74, 0x06, 0x23, 0x00, 0x10, 0x00, 0x0e, 0x00, 0x06, 0x00, 0x03, 0x00,
    0x03, 0x00, 0x00, 0x00, 0x62, 0x95, 0x00, 0x00, 0x35, 0x00, 0x00, 0x00,
    0x6e, 0x10, 0xed, 0x00, 0x03, 0x00, 0x0c, 0x00, 0x1f, 0x00, 0x05, 0x00,
    0x6e, 0x10, 0xed, 0x00, 0x03, 0x00, 0x0c, 0x01, 0x1f, 0x01, 0x05, 0x00,
    0x71, 0x10, 0x28, 0x01, 0x01, 0x00, 0x0a, 0x01, 0x71, 0x20, 0x3d, 0x01,
    0x10, 0x00, 0x0a, 0x00, 0x71, 0x20, 0xf5, 0x00, 0x40, 0x00, 0x0a, 0x04,
    0x52, 0x30, 0x79, 0x00, 0x14, 0x01, 0x9a, 0x99, 0xd9, 0x3f, 0xc8, 0x10,
    0x6e, 0x10, 0xed, 0x00, 0x03, 0x00, 0x0c, 0x01, 0x1f, 0x01, 0x05, 0x00,
    0x15, 0x02, 0x80, 0x40, 0x71, 0x20, 0x3d, 0x01, 0x21, 0x00, 0x0a, 0x01,
    0x82, 0x11, 0xc6, 0x10, 0x87, 0x00, 0x71, 0x20, 0xf5, 0x00, 0x50, 0x00,
    0x0a, 0x05, 0x6e, 0x30, 0xf6, 0x00, 0x43, 0x05, 0x0e, 0x00, 0x00, 0x00,
    0x01, 0x00, 0x01, 0x00, 0x01, 0x00, 0x00, 0x00, 0x6f, 0x95, 0x00, 0x00,
    0x04, 0x00, 0x00, 0x00, 0x70, 0x10, 0xaf, 0x01, 0x00, 0x00, 0x0e, 0x00,
    0x02, 0x00, 0x02, 0x00, 0x01, 0x00, 0x00, 0x00, 0x74, 0x95, 0x00, 0x00,
    0x04, 0x00, 0x00, 0x00, 0x70, 0x10, 0xf8, 0x00, 0x00, 0x00, 0x0e, 0x00,
    0x03, 0x00, 0x01, 0x00, 0x00, 0x00, 0x00, 0x00, 0x7a, 0x95, 0x00, 0x00,
    0x09, 0x00, 0x00, 0x00, 0x52, 0x20, 0x95, 0x00, 0x12, 0x41, 0x33, 0x10,
    0x04, 0x00, 0x12, 0x10, 0x0f, 0x00, 0x12, 0x00, 0x0f, 0x00, 0x00, 0x00,
    0x06, 0x00, 0x01, 0x00, 0x01, 0x00, 0x00, 0x00, 0x7f, 0x95, 0x00, 0x00,
    0x87, 0x00, 0x00, 0x00, 0x54, 0x50, 0x93, 0x00, 0x12, 0x11, 0x38, 0x00,
    0x03, 0x00, 0x0f, 0x01, 0x71, 0x00, 0x19, 0x01, 0x00, 0x00, 0x0c, 0x00,
    0x12, 0x02, 0x39, 0x00, 0x03, 0x00, 0x0f, 0x02, 0x54, 0x53, 0x8a, 0x00,
    0x38, 0x03, 0x05, 0x00, 0x5b, 0x53, 0x93, 0x00, 0x28, 0x55, 0x6e, 0x10,
    0xfc, 0x00, 0x05, 0x00, 0x0a, 0x03, 0x38, 0x03, 0x12, 0x00, 0x52, 0x53,
    0x96, 0x00, 0x3b, 0x03, 0x05, 0x00, 0x54, 0x00, 0x5d, 0x00, 0x28, 0x07,
    0x54, 0x00, 0x60, 0x00, 0x52, 0x53, 0x96, 0x00, 0x46, 0x00, 0x00, 0x03,
    0x5b, 0x50, 0x93, 0x00, 0x28, 0x3f, 0x6e, 0x10, 0x07, 0x01, 0x05, 0x00,
    0x0a, 0x03, 0x38, 0x03, 0x19, 0x00, 0x52, 0x53, 0x96, 0x00, 0x3b, 0x03,
    0x05, 0x00, 0x54, 0x00, 0x5f, 0x00, 0x28, 0x0e, 0x33, 0x13, 0x07, 0x00,
    0x71, 0x10, 0x3c, 0x01, 0x00, 0x00, 0x0c, 0x00, 0x28, 0x07, 0x54, 0x00,
    0x68, 0x00, 0x52, 0x53, 0x96, 0x00, 0x46, 0x00, 0x00, 0x03, 0x5b, 0x50,
    0x93, 0x00, 0x28, 0x22, 0x52, 0x53, 0x94, 0x00, 0x12, 0xf4, 0x33, 0x43,
    0x07, 0x00, 0x54, 0x00, 0x5e, 0x00, 0x5b, 0x50, 0x93, 0x00, 0x28, 0x18,
    0x52, 0x53, 0x96, 0x00, 0x3b, 0x03, 0x09, 0x00, 0x54, 0x00, 0x63, 0x00,
    0x52, 0x53, 0x94, 0x00, 0x46, 0x00, 0x00, 0x03, 0x28, 0x0b, 0x54, 0x00,
    0x64, 0x00, 0x52, 0x53, 0x94, 0x00, 0x46, 0x00, 0x00, 0x03, 0x52, 0x53,
    0x96, 0x00, 0x46, 0x00, 0x00, 0x03, 0x5b, 0x50, 0x93, 0x00, 0x54, 0x50,
    0x93, 0x00, 0x39, 0x00, 0x06, 0x00, 0x23, 0x20, 0x87, 0x00, 0x5b, 0x50,
    0x93, 0x00, 0x54, 0x50, 0x8f, 0x00, 0x39, 0x00, 0x13, 0x00, 0x54, 0x50,
    0x90, 0x00, 0x39, 0x00, 0x0f, 0x00, 0x52, 0x50, 0x91, 0x00, 0x39, 0x00,
    0x0b, 0x00, 0x54, 0x50, 0x93, 0x00, 0x21, 0x03, 0x3d, 0x03, 0x06, 0x00,
    0x44, 0x00, 0x00, 0x02, 0x59, 0x50, 0x91, 0x00, 0x0f, 0x01, 0x00, 0x00,
    0x03, 0x00, 0x01, 0x00, 0x00, 0x00, 0x00, 0x00, 0x91, 0x95, 0x00, 0x00,
    0x08, 0x00, 0x00, 0x00, 0x52, 0x20, 0x95, 0x00, 0x12, 0x11, 0x33, 0x10,
    0x03, 0x00, 0x0f, 0x01, 0x12, 0x00, 0x0f, 0x00, 0x0c, 0x00, 0x02, 0x00,
    0x0a, 0x00, 0x00, 0x00, 0x96, 0x95, 0x00, 0x00, 0x15, 0x00, 0x00, 0x00,
    0x22, 0x00, 0x5f, 0x00, 0x12, 0x08, 0x12, 0x59, 0x1a, 0x01, 0x2f, 0x00,
    0x12, 0x43, 0x12, 0xf4, 0x12, 0x05, 0x12, 0x06, 0x12, 0x07, 0x07, 0xa2,
    0x76, 0x0a, 0xfa, 0x00, 0x00, 0x00, 0x59, 0x0b, 0x96, 0x00, 0x12, 0x2a,
    0x59, 0x0a, 0x92, 0x00, 0x11, 0x00, 0x00, 0x00, 0x10, 0x00, 0x06, 0x00,
    0x0a, 0x00, 0x00, 0x00, 0x9f, 0x95, 0x00, 0x00, 0x16, 0x00, 0x00, 0x00,
    0x22, 0x00, 0x5f, 0x00, 0x12, 0x06, 0x12, 0x09, 0x12, 0x33, 0x12, 0xf4,
    0x12, 0x05, 0x07, 0xa1, 0x07, 0xb2, 0x07, 0xc7, 0x01, 0xd8, 0x76, 0x0a,
    0xfa, 0x00, 0x00, 0x00, 0x59, 0x0e, 0x92, 0x00, 0x5b, 0x0f, 0x87, 0x00,
    0x12, 0x1a, 0x5c, 0x0a, 0x8d, 0x00, 0x11, 0x00, 0x0e, 0x00, 0x04, 0x00,
    0x0a, 0x00, 0x00, 0x00, 0xad, 0x95, 0x00, 0x00, 0x12, 0x00, 0x00, 0x00,
    0x22, 0x00, 0x5f, 0x00, 0x12, 0x07, 0x12, 0x08, 0x1a, 0x01, 0xb3, 0x00,
    0x12, 0x03, 0x12, 0x05, 0x12, 0x06, 0x07, 0xa2, 0x01, 0xb4, 0x01, 0xd9,
    0x76, 0x0a, 0xfa, 0x00, 0x00, 0x00, 0x59, 0x0c, 0x96, 0x00, 0x11, 0x00,
    0x0f, 0x00, 0x05, 0x00, 0x0a, 0x00, 0x00, 0x00, 0xb7, 0x95, 0x00, 0x00,
    0x10, 0x00, 0x00, 0x00, 0x22, 0x00, 0x5f, 0x00, 0x12, 0x05, 0x12, 0x06,
    0x1a, 0x01, 0xb3, 0x00, 0x12, 0x03, 0x07, 0xa2, 0x01, 0xb4, 0x07, 0xc7,
    0x01, 0xd8, 0x01, 0xe9, 0x76, 0x0a, 0xfa, 0x00, 0x00, 0x00, 0x11, 0x00,
    0x11, 0x00, 0x04, 0x00, 0x0a, 0x00, 0x00, 0x00, 0xc1, 0x95, 0x00, 0x00,
    0x2e, 0x00, 0x00, 0x00, 0x22, 0x00, 0x5f, 0x00, 0x12, 0x0a, 0x44, 0x08,
    0x10, 0x0a, 0x12, 0x1b, 0x12, 0x4c, 0x33, 0xcf, 0x05, 0x00, 0x12, 0x51,
    0x01, 0x19, 0x28, 0x02, 0x01, 0xb9, 0x1a, 0x01, 0x6b, 0x01, 0x12, 0xf4,
    0x12, 0x05, 0x12, 0x07, 0x07, 0xd2, 0x01, 0xf3, 0x08, 0x06, 0x10, 0x00,
    0x76, 0x0a, 0xfa, 0x00, 0x00, 0x00, 0x38, 0x0e, 0x08, 0x00, 0x6e, 0x10,
    0xb4, 0x01, 0x0e, 0x00, 0x0a, 0x0d, 0x39, 0x0d, 0x03, 0x00, 0x12, 0x0e,
    0x5b, 0x0e, 0x90, 0x00, 0x33, 0xbf, 0x04, 0x00, 0x01, 0xba, 0x28, 0x04,
    0x33, 0xcf, 0x03, 0x00, 0x12, 0x2a, 0x59, 0x0a, 0x92, 0x00, 0x11, 0x00,
    0x0e, 0x00, 0x03, 0x00, 0x0a, 0x00, 0x00, 0x00, 0xcd, 0x95, 0x00, 0x00,
    0x26, 0x00, 0x00, 0x00, 0x12, 0x00, 0x46, 0x00, 0x0d, 0x00, 0x22, 0x01,
    0x5f, 0x00, 0x52, 0x09, 0x91, 0x00, 0x12, 0x0a, 0x1a, 0x02, 0x6b, 0x01,
    0x12, 0x34, 0x12, 0xf5, 0x12, 0x06, 0x12, 0x07, 0x12, 0x08, 0x07, 0xb3,
    0x76, 0x0a, 0xfa, 0x00, 0x01, 0x00, 0x38, 0x0c, 0x08, 0x00, 0x6e, 0x10,
    0xb4, 0x01, 0x0c, 0x00, 0x0a, 0x0b, 0x39, 0x0b, 0x04, 0x00, 0x54, 0x0c,
    0x90, 0x00, 0x5b, 0x1c, 0x90, 0x00, 0x52, 0x0b, 0x92, 0x00, 0x59, 0x1b,
    0x92, 0x00, 0x5b, 0x1d, 0x87, 0x00, 0x11, 0x01, 0x0c, 0x00, 0x02, 0x00,
    0x0a, 0x00, 0x00, 0x00, 0xdb, 0x95, 0x00, 0x00, 0x15, 0x00, 0x00, 0x00,
    0x22, 0x00, 0x5f, 0x00, 0x12, 0x08, 0x12, 0x19, 0x1a, 0x01, 0x6e, 0x01,
    0x12, 0x13, 0x12, 0xf4, 0x12, 0x05, 0x12, 0x06, 0x12, 0x07, 0x07, 0xa2,
    0x76, 0x0a, 0xfa, 0x00, 0x00, 0x00, 0x59, 0x0b, 0x96, 0x00, 0x12, 0x1a,
    0x59, 0x0a, 0x92, 0x00, 0x11, 0x00, 0x00, 0x00, 0x0e, 0x00, 0x04, 0x00,
    0x0a, 0x00, 0x00, 0x00, 0xe4, 0x95, 0x00, 0x00, 0x10, 0x00, 0x00, 0x00,
    0x22, 0x00, 0x5f, 0x00, 0x12, 0x08, 0x12, 0x19, 0x1a, 0x01, 0x6e, 0x01,
    0x12, 0x13, 0x12, 0xf4, 0x07, 0xa2, 0x07, 0xb5, 0x07, 0xc6, 0x07, 0xd7,
    0x76, 0x0a, 0xfa, 0x00, 0x00, 0x00, 0x11, 0x00, 0x0c, 0x00, 0x02, 0x00,
    0x0a, 0x00, 0x00, 0x00, 0xed, 0x95, 0x00, 0x00, 0x10, 0x00, 0x00, 0x00,
    0x22, 0x00, 0x5f, 0x00, 0x12, 0x07, 0x12, 0x09, 0x1a, 0x01, 0xab, 0x01,
    0x12, 0x23, 0x12, 0xf4, 0x12, 0x05, 0x12, 0x06, 0x07, 0xa2, 0x01, 0xb8,
    0x76, 0x0a, 0xfa, 0x00, 0x00, 0x00, 0x11, 0x00, 0x02, 0x00, 0x01, 0x00,
    0x01, 0x00, 0x00, 0x00, 0xf4, 0x95, 0x00, 0x00, 0x0b, 0x00, 0x00, 0x00,
    0x54, 0x10, 0x89, 0x00, 0x38, 0x00, 0x04, 0x00, 0x21, 0x00, 0x0f, 0x00,
    0x6e, 0x10, 0x0d, 0x01, 0x01, 0x00, 0x0a, 0x00, 0x0f, 0x00, 0x00, 0x00,
    0x03, 0x00, 0x02, 0x00, 0x00, 0x00, 0x00, 0x00, 0xf9, 0x95, 0x00, 0x00,
    0x07, 0x00, 0x00, 0x00, 0x54, 0x10, 0x89, 0x00, 0x38, 0x00, 0x04, 0x00,
    0x44, 0x02, 0x00, 0x02, 0x0f, 0x02, 0x00, 0x00, 0x02, 0x00, 0x01, 0x00,
    0x01, 0x00, 0x00, 0x00, 0xff, 0x95, 0x00, 0x00, 0x12, 0x00, 0x00, 0x00,
    0x6e, 0x10, 0x07, 0x01, 0x01, 0x00, 0x0a, 0x00, 0x38, 0x00, 0x04, 0x00,
    0x12, 0x10, 0x0f, 0x00, 0x6e, 0x10, 0xfc, 0x00, 0x01, 0x00, 0x0a, 0x00,
    0x38, 0x00, 0x04, 0x00, 0x12, 0x20, 0x0f, 0x00, 0x12, 0x00, 0x0f, 0x00,
    0x02, 0x00, 0x01, 0x00, 0x00, 0x00, 0x00, 0x00, 0x04, 0x96, 0x00, 0x00,
    0x08, 0x00, 0x00, 0x00, 0x54, 0x10, 0x93, 0x00, 0x39, 0x00, 0x04, 0x00,
    0x12, 0x00, 0x0f, 0x00, 0x21, 0x00, 0x0f, 0x00, 0x04, 0x00, 0x02, 0x00,
    0x01, 0x00, 0x00, 0x00, 0x09, 0x96, 0x00, 0x00, 0x2e, 0x00, 0x00, 0x00,
    0x54, 0x20, 0x8b, 0x00, 0x38, 0x00, 0x05, 0x00, 0x46, 0x03, 0x00, 0x03,
    0x11, 0x03, 0x6e, 0x10, 0x07, 0x01, 0x02, 0x00, 0x0a, 0x00, 0x38, 0x00,
    0x09, 0x00, 0x71, 0x00, 0x19, 0x01, 0x00, 0x00, 0x0c, 0x00, 0x54, 0x00,
    0x6a, 0x00, 0x28, 0x14, 0x6e, 0x10, 0xfc, 0x00, 0x02, 0x00, 0x0a, 0x00,
    0x38, 0x00, 0x09, 0x00, 0x71, 0x00, 0x19, 0x01, 0x00, 0x00, 0x0c, 0x00,
    0x54, 0x00, 0x61, 0x00, 0x28, 0x07, 0x71, 0x00, 0x19, 0x01, 0x00, 0x00,
    0x0c, 0x00, 0x54, 0x00, 0x65, 0x00, 0x54, 0x21, 0x93, 0x00, 0x44, 0x03,
    0x01, 0x03, 0x46, 0x03, 0x00, 0x03, 0x11, 0x03, 0x04, 0x00, 0x02, 0x00,
    0x01, 0x00, 0x00, 0x00, 0x10, 0x96, 0x00, 0x00, 0x3a, 0x00, 0x00, 0x00,
    0x54, 0x20, 0x8b, 0x00, 0x38, 0x00, 0x11, 0x00, 0x54, 0x21, 0x8c, 0x00,
    0x39, 0x01, 0x08, 0x00, 0x71, 0x10, 0x3a, 0x01, 0x00, 0x00, 0x0c, 0x00,
    0x5b, 0x20, 0x8c, 0x00, 0x54, 0x20, 0x8c, 0x00, 0x46, 0x03, 0x00, 0x03,
    0x11, 0x03, 0x6e, 0x10, 0x07, 0x01, 0x02, 0x00, 0x0a, 0x00, 0x38, 0x00,
    0x09, 0x00, 0x71, 0x00, 0x19, 0x01, 0x00, 0x00, 0x0c, 0x00, 0x54, 0x00,
    0x6b, 0x00, 0x28, 0x14, 0x6e, 0x10, 0xfc, 0x00, 0x02, 0x00, 0x0a, 0x00,
    0x38, 0x00, 0x09, 0x00, 0x71, 0x00, 0x19, 0x01, 0x00, 0x00, 0x0c, 0x00,
    0x54, 0x00, 0x62, 0x00, 0x28, 0x07, 0x71, 0x00, 0x19, 0x01, 0x00, 0x00,
    0x0c, 0x00, 0x54, 0x00, 0x66, 0x00, 0x54, 0x21, 0x93, 0x00, 0x44, 0x03,
    0x01, 0x03, 0x46, 0x03, 0x00, 0x03, 0x11, 0x03, 0x0b, 0x00, 0x0a, 0x00,
    0x01, 0x00, 0x00, 0x00, 0x19, 0x96, 0x00, 0x00, 0x1c, 0x00, 0x00, 0x00,
    0x70, 0x10, 0xaf, 0x01, 0x01, 0x00, 0x12, 0x00, 0x59, 0x10, 0x92, 0x00,
    0x12, 0xf0, 0x59, 0x10, 0x96, 0x00, 0x5b, 0x12, 0x8e, 0x00, 0x5b, 0x13,
    0x97, 0x00, 0x59, 0x14, 0x95, 0x00, 0x59, 0x15, 0x94, 0x00, 0x5b, 0x16,
    0x8b, 0x00, 0x5b, 0x17, 0x8a, 0x00, 0x5b, 0x18, 0x8f, 0x00, 0x59, 0x19,
    0x91, 0x00, 0x59, 0x1a, 0x88, 0x00, 0x0e, 0x00, 0x09, 0x00, 0x02, 0x00,
    0x02, 0x00, 0x01, 0x00, 0x30, 0x96, 0x00, 0x00, 0x69, 0x00, 0x00, 0x00,
    0x71, 0x10, 0x3b, 0x01, 0x08, 0x00, 0x0c, 0x08, 0x6e, 0x10, 0xb8, 0x01,
    0x08, 0x00, 0x0c, 0x08, 0x6e, 0x10, 0xb4, 0x01, 0x08, 0x00, 0x0a, 0x00,
    0x39, 0x00, 0x06, 0x00, 0x12, 0x08, 0x5b, 0x78, 0x89, 0x00, 0x0e, 0x00,
    0x71, 0x10, 0xa7, 0x01, 0x08, 0x00, 0x0a, 0x00, 0x28, 0x02, 0x12, 0xf0,
    0x6e, 0x10, 0x0d, 0x01, 0x07, 0x00, 0x0a, 0x01, 0x23, 0x12, 0x87, 0x00,
    0x12, 0x03, 0x01, 0x34, 0x01, 0x45, 0x35, 0x14, 0x1a, 0x00, 0x54, 0x76,
    0x93, 0x00, 0x44, 0x06, 0x06, 0x04, 0x32, 0x06, 0x0c, 0x00, 0x6e, 0x20,
    0x0b, 0x01, 0x47, 0x00, 0x0c, 0x06, 0x6e, 0x20, 0xb5, 0x01, 0x86, 0x00,
    0x0a, 0x06, 0x38, 0x06, 0x07, 0x00, 0xd8, 0x06, 0x05, 0x01, 0x4b, 0x04,
    0x02, 0x05, 0x01, 0x65, 0xd8, 0x04, 0x04, 0x01, 0x28, 0xe7, 0x6e, 0x10,
    0xb4, 0x01, 0x08, 0x00, 0x0a, 0x04, 0x12, 0x16, 0x37, 0x64, 0x22, 0x00,
    0x35, 0x13, 0x20, 0x00, 0x6e, 0x20, 0x0b, 0x01, 0x37, 0x00, 0x0c, 0x04,
    0x54, 0x76, 0x93, 0x00, 0x44, 0x06, 0x06, 0x03, 0x32, 0x06, 0x13, 0x00,
    0x6e, 0x20, 0xb5, 0x01, 0x84, 0x00, 0x0a, 0x06, 0x39, 0x06, 0x0d, 0x00,
    0x6e, 0x20, 0xb2, 0x01, 0x84, 0x00, 0x0a, 0x04, 0x38, 0x04, 0x07, 0x00,
    0xd8, 0x04, 0x05, 0x01, 0x4b, 0x03, 0x02, 0x05, 0x01, 0x45, 0xd8, 0x03,
    0x03, 0x01, 0x28, 0xe1, 0x71, 0x20, 0xd1, 0x01, 0x52, 0x00, 0x0c, 0x08,
    0x5b, 0x78, 0x89, 0x00, 0x0e, 0x00, 0x00, 0x00, 0x12, 0x00, 0x00, 0x00,
    0x04, 0x00, 0x01, 0x00, 0x01, 0x01, 0x6f, 0x17, 0x04, 0x00, 0x02, 0x00,
    0x02, 0x00, 0x00, 0x00, 0x43, 0x96, 0x00, 0x00, 0x25, 0x00, 0x00, 0x00,
    0x70, 0x20, 0x47, 0x00, 0x32, 0x00, 0x22, 0x00, 0x16, 0x00, 0x70, 0x10,
    0x26, 0x00, 0x00, 0x00, 0x5b, 0x20, 0x9e, 0x00, 0x22, 0x01, 0x17, 0x00,
    0x70, 0x10, 0x2b, 0x00, 0x01, 0x00, 0x5b, 0x21, 0x9f, 0x00, 0x22, 0x01,
    0x17, 0x00, 0x70, 0x10, 0x2b, 0x00, 0x01, 0x00, 0x5b, 0x21, 0x9c, 0x00,
    0x1a, 0x01, 0xd0, 0x03, 0x71, 0x20, 0x1d, 0x01, 0x13, 0x00, 0x0c, 0x03,
    0x5b, 0x23, 0xa0, 0x00, 0x12, 0x03, 0x6e, 0x20, 0x29, 0x00, 0x30, 0x00,
    0x0e, 0x00, 0x00, 0x00, 0x07, 0x00, 0x02, 0x00, 0x05, 0x00, 0x00, 0x00,
    0x4f, 0x96, 0x00, 0x00, 0x4a, 0x00, 0x00, 0x00, 0x54, 0x50, 0xa0, 0x00,
    0x39, 0x00, 0x03, 0x00, 0x0e, 0x00, 0x52, 0x51, 0x9d, 0x00, 0xda, 0x01,
    0x01, 0x36, 0x54, 0x52, 0x9f, 0x00, 0x6e, 0x10, 0x1b, 0x00, 0x00, 0x00,
    0x0a, 0x00, 0xd8, 0x03, 0x01, 0x36, 0x71, 0x20, 0xad, 0x01, 0x30, 0x00,
    0x0a, 0x00, 0x12, 0x03, 0x13, 0x04, 0x34, 0x00, 0x6e, 0x50, 0x2d, 0x00,
    0x32, 0x41, 0x54, 0x50, 0x9c, 0x00, 0x6e, 0x10, 0x11, 0x01, 0x05, 0x00,
    0x0a, 0x01, 0x6e, 0x10, 0x10, 0x01, 0x05, 0x00, 0x0a, 0x02, 0x54, 0x54,
    0x9f, 0x00, 0x6e, 0x10, 0x2c, 0x00, 0x04, 0x00, 0x0a, 0x04, 0xb2, 0x42,
    0xdb, 0x02, 0x02, 0x36, 0x6e, 0x52, 0x2d, 0x00, 0x30, 0x13, 0x54, 0x50,
    0xa0, 0x00, 0x54, 0x51, 0x9f, 0x00, 0x54, 0x52, 0x9c, 0x00, 0x54, 0x53,
    0x9e, 0x00, 0x6e, 0x53, 0x22, 0x00, 0x06, 0x21, 0x52, 0x56, 0x9d, 0x00,
    0xd8, 0x06, 0x06, 0x01, 0xdc, 0x06, 0x06, 0x13, 0x59, 0x56, 0x9d, 0x00,
    0x16, 0x00, 0x3c, 0x00, 0x6e, 0x30, 0x14, 0x01, 0x05, 0x01, 0x0e, 0x00,
    0x04, 0x00, 0x03, 0x00, 0x03, 0x00, 0x00, 0x00, 0x5f, 0x96, 0x00, 0x00,
    0x16, 0x00, 0x00, 0x00, 0x6e, 0x10, 0x0f, 0x01, 0x01, 0x00, 0x0c, 0x02,
    0x1f, 0x02, 0x05, 0x00, 0x15, 0x03, 0x50, 0x42, 0x71, 0x20, 0x3d, 0x01,
    0x32, 0x00, 0x0a, 0x03, 0x15, 0x00, 0x58, 0x42, 0x71, 0x20, 0x3d, 0x01,
    0x02, 0x00, 0x0a, 0x02, 0x6e, 0x30, 0x15, 0x01, 0x31, 0x02, 0x0e, 0x00,
    0x02, 0x00, 0x02, 0x00, 0x02, 0x00, 0x00, 0x00, 0x67, 0x96, 0x00, 0x00,
    0x05, 0x00, 0x00, 0x00, 0x71, 0x20, 0x4d, 0x01, 0x10, 0x00, 0x0c, 0x00,
    0x11, 0x00, 0x00, 0x00, 0x02, 0x00, 0x02, 0x00, 0x02, 0x00, 0x00, 0x00,
    0x67, 0x96, 0x00, 0x00, 0x05, 0x00, 0x00, 0x00, 0x71, 0x20, 0x94, 0x01,
    0x10, 0x00, 0x0c, 0x00, 0x11, 0x00, 0x00, 0x00, 0x0a, 0x00, 0x02, 0x00,
    0x05, 0x00, 0x04, 0x00, 0x6d, 0x96, 0x00, 0x00, 0x96, 0x00, 0x00, 0x00,
    0x1a, 0x00, 0xd5, 0x03, 0x1a, 0x01, 0x4a, 0x03, 0x6e, 0x20, 0xb5, 0x01,
    0x19, 0x00, 0x0a, 0x01, 0x12, 0x12, 0x12, 0x03, 0x38, 0x01, 0x04, 0x00,
    0x01, 0x24, 0x28, 0x0c, 0x1a, 0x04, 0x76, 0x02, 0x6e, 0x20, 0xb5, 0x01,
    0x49, 0x00, 0x0a, 0x04, 0x38, 0x04, 0x04, 0x00, 0x12, 0x24, 0x28, 0x02,
    0x01, 0x34, 0x12, 0x05, 0x62, 0x06, 0xd6, 0x00, 0x46, 0x06, 0x06, 0x04,
    0x6e, 0x10, 0xb4, 0x01, 0x06, 0x00, 0x0a, 0x06, 0x6e, 0x20, 0xb6, 0x01,
    0x69, 0x00, 0x0c, 0x06, 0x71, 0x10, 0xa7, 0x01, 0x06, 0x00, 0x0a, 0x06,
    0x71, 0x20, 0x5d, 0x01, 0x64, 0x00, 0x0c, 0x04, 0x22, 0x06, 0x11, 0x00,
    0x70, 0x10, 0x1e, 0x00, 0x06, 0x00, 0x5c, 0x63, 0x00, 0x00, 0x38, 0x04,
    0x08, 0x00, 0x71, 0x20, 0x1f, 0x00, 0x64, 0x00, 0x0c, 0x08, 0x07, 0x50,
    0x28, 0x21, 0x6e, 0x10, 0x01, 0x00, 0x08, 0x00, 0x0c, 0x08, 0x22, 0x04,
    0x73, 0x00, 0x70, 0x20, 0xbc, 0x01, 0x04, 0x00, 0x6e, 0x20, 0xc0, 0x01,
    0x94, 0x00, 0x1a, 0x00, 0x15, 0x00, 0x6e, 0x20, 0xc0, 0x01, 0x04, 0x00,
    0x6e, 0x10, 0xc1, 0x01, 0x04, 0x00, 0x0c, 0x00, 0x6e, 0x20, 0x17, 0x00,
    0x08, 0x00, 0x0c, 0x08, 0x71, 0x30, 0x21, 0x00, 0x58, 0x06, 0x0c, 0x00,
    0x07, 0x07, 0x07, 0x80, 0x07, 0x78, 0x38, 0x08, 0x2b, 0x00, 0x38, 0x01,
    0x29, 0x00, 0x12, 0x41, 0x6e, 0x20, 0xb6, 0x01, 0x19, 0x00, 0x0c, 0x09,
    0x71, 0x10, 0xa7, 0x01, 0x09, 0x00, 0x0a, 0x09, 0x71, 0x10, 0x53, 0x01,
    0x09, 0x00, 0x0a, 0x09, 0x6e, 0x10, 0x1b, 0x00, 0x08, 0x00, 0x0a, 0x01,
    0xb3, 0x91, 0x37, 0x29, 0x15, 0x00, 0x3d, 0x01, 0x13, 0x00, 0x6e, 0x10,
    0x1c, 0x00, 0x08, 0x00, 0x0a, 0x09, 0x71, 0x51, 0x1a, 0x00, 0x38, 0x93,
    0x0c, 0x09, 0x32, 0x89, 0x05, 0x00, 0x6e, 0x10, 0x1d, 0x00, 0x08, 0x00,
    0x07, 0x95, 0x28, 0x04, 0x07, 0x08, 0x28, 0x09, 0x07, 0x85, 0x38, 0x00,
    0x0c, 0x00, 0x6e, 0x10, 0xa4, 0x01, 0x00, 0x00, 0x28, 0x07, 0x07, 0x58,
    0x38, 0x08, 0x05, 0x00, 0x6e, 0x10, 0xa4, 0x01, 0x08, 0x00, 0x11, 0x05,
    0x1a, 0x00, 0x00, 0x00, 0x3c, 0x00, 0x01, 0x00, 0x56, 0x00, 0x00, 0x00,
    0x04, 0x00, 0x04, 0x00, 0x62, 0x00, 0x00, 0x00, 0x22, 0x00, 0x07, 0x00,
    0x8b, 0x00, 0x00, 0x00, 0x0a, 0x00, 0x0a, 0x00, 0x04, 0x00, 0x8f, 0x01,
    0x00, 0x90, 0x01, 0x00, 0x86, 0x01, 0x00, 0x95, 0x01, 0x00, 0x00, 0x00,
    0x06, 0x00, 0x02, 0x00, 0x04, 0x00, 0x01, 0x00, 0x84, 0x96, 0x00, 0x00,
    0x32, 0x00, 0x00, 0x00, 0x62, 0x00, 0xf0, 0x00, 0x6e, 0x20, 0xd4, 0x01,
    0x50, 0x00, 0x0a, 0x01, 0x38, 0x01, 0x09, 0x00, 0x6e, 0x20, 0xd5, 0x01,
    0x50, 0x00, 0x0c, 0x04, 0x1f, 0x04, 0x10, 0x00, 0x11, 0x04, 0x12, 0x00,
    0x6e, 0x10, 0x03, 0x00, 0x04, 0x00, 0x0c, 0x01, 0x1a, 0x02, 0xa5, 0x02,
    0x6e, 0x10, 0x02, 0x00, 0x04, 0x00, 0x0c, 0x04, 0x6e, 0x40, 0x19, 0x00,
    0x51, 0x42, 0x0a, 0x04, 0x38, 0x04, 0x0e, 0x00, 0x22, 0x02, 0x11, 0x00,
    0x70, 0x10, 0x1e, 0x00, 0x02, 0x00, 0x12, 0x03, 0x5c, 0x23, 0x00, 0x00,
    0x71, 0x30, 0x20, 0x00, 0x41, 0x02, 0x0c, 0x00, 0x62, 0x04, 0xf0, 0x00,
    0x6e, 0x30, 0xd6, 0x01, 0x54, 0x00, 0x11, 0x00, 0x10, 0x00, 0x00, 0x00,
    0x1c, 0x00, 0x01, 0x00, 0x01, 0x00, 0x2c, 0x00, 0x04, 0x00, 0x03, 0x00,
    0x03, 0x00, 0x00, 0x00, 0x93, 0x96, 0x00, 0x00, 0x1b, 0x00, 0x00, 0x00,
    0x71, 0x20, 0x96, 0x01, 0x32, 0x00, 0x0c, 0x02, 0x62, 0x03, 0xe2, 0x00,
    0x72, 0x20, 0xdc, 0x01, 0x23, 0x00, 0x0a, 0x00, 0x38, 0x00, 0x09, 0x00,
    0x72, 0x20, 0xdd, 0x01, 0x23, 0x00, 0x0c, 0x01, 0x1f, 0x01, 0x10, 0x00,
    0x11, 0x01, 0x71, 0x20, 0x4d, 0x01, 0x21, 0x00, 0x0c, 0x01, 0x72, 0x30,
    0xde, 0x01, 0x23, 0x01, 0x11, 0x01, 0x00, 0x00, 0x02, 0x00, 0x01, 0x00,
    0x02, 0x00, 0x01, 0x00, 0x9e, 0x96, 0x00, 0x00, 0x18, 0x00, 0x00, 0x00,
    0x62, 0x00, 0xe7, 0x00, 0x39, 0x00, 0x13, 0x00, 0x6e, 0x10, 0x01, 0x00,
    0x01, 0x00, 0x0c, 0x01, 0x1a, 0x00, 0xb2, 0x02, 0x71, 0x20, 0x2e, 0x00,
    0x01, 0x00, 0x0c, 0x01, 0x69, 0x01, 0xe7, 0x00, 0x28, 0x05, 0x62, 0x01,
    0x04, 0x00, 0x69, 0x01, 0xe7, 0x00, 0x62, 0x01, 0xe7, 0x00, 0x11, 0x01,
    0x04, 0x00, 0x00, 0x00, 0x0c, 0x00, 0x01, 0x00, 0x01, 0x00, 0x11, 0x00,
    0x03, 0x00, 0x03, 0x00, 0x03, 0x00, 0x00, 0x00, 0xa7, 0x96, 0x00, 0x00,
    0x05, 0x00, 0x00, 0x00, 0x71, 0x30, 0x7a, 0x01, 0x10, 0x02, 0x0c, 0x00,
    0x11, 0x00, 0x00, 0x00, 0x03, 0x00, 0x01, 0x00, 0x02, 0x00, 0x00, 0x00,
    0xae, 0x96, 0x00, 0x00, 0x16, 0x00, 0x00, 0x00, 0x22, 0x00, 0x1c, 0x00,
    0x70, 0x10, 0x32, 0x00, 0x00, 0x00, 0x14, 0x01, 0xb4, 0x68, 0x54, 0xff,
    0x6e, 0x20, 0x33, 0x00, 0x10, 0x00, 0x15, 0x01, 0xc0, 0x40, 0x71, 0x20,
    0x7f, 0x01, 0x12, 0x00, 0x0a, 0x02, 0x82, 0x22, 0x6e, 0x20, 0x34, 0x00,
    0x20, 0x00, 0x11, 0x00, 0x04, 0x00, 0x03, 0x00, 0x03, 0x00, 0x00, 0x00,
    0xb6, 0x96, 0x00, 0x00, 0x1c, 0x00, 0x00, 0x00, 0x22, 0x00, 0x1c, 0x00,
    0x70, 0x10, 0x32, 0x00, 0x00, 0x00, 0x6e, 0x20, 0x33, 0x00, 0x20, 0x00,
    0x15, 0x02, 0x00, 0x40, 0x71, 0x20, 0x7f, 0x01, 0x21, 0x00, 0x0a, 0x02,
    0x6e, 0x30, 0x35, 0x00, 0x20, 0x03, 0x15, 0x02, 0x40, 0x40, 0x71, 0x20,
    0x7f, 0x01, 0x21, 0x00, 0x0a, 0x01, 0x82, 0x11, 0x6e, 0x20, 0x34, 0x00,
    0x10, 0x00, 0x11, 0x00, 0x03, 0x00, 0x03, 0x00, 0x03, 0x00, 0x00, 0x00,
    0xc1, 0x96, 0x00, 0x00, 0x0f, 0x00, 0x00, 0x00, 0x71, 0x30, 0x7a, 0x01,
    0x10, 0x02, 0x0c, 0x01, 0x15, 0x02, 0x40, 0x41, 0x71, 0x20, 0x7f, 0x01,
    0x20, 0x00, 0x0a, 0x00, 0x82, 0x00, 0x6e, 0x20, 0x34, 0x00, 0x01, 0x00,
    0x11, 0x01, 0x00, 0x00, 0x01, 0x00, 0x00, 0x00, 0x00, 0x00, 0x00, 0x00,
    0xca, 0x96, 0x00, 0x00, 0x03, 0x00, 0x00, 0x00, 0x62, 0x00, 0xec, 0x00,
    0x11, 0x00, 0x00, 0x00, 0x05, 0x00, 0x05, 0x00, 0x05, 0x00, 0x00, 0x00,
    0xce, 0x96, 0x00, 0x00, 0x05, 0x00, 0x00, 0x00, 0x71, 0x54, 0x84, 0x01,
    0x10, 0x32, 0x0c, 0x00, 0x11, 0x00, 0x00, 0x00, 0x13, 0x00, 0x01, 0x00,
    0x06, 0x00, 0x00, 0x00, 0xd7, 0x96, 0x00, 0x00, 0x18, 0x02, 0x00, 0x00,
    0x08, 0x01, 0x12, 0x00, 0x71, 0x00, 0x5b, 0x01, 0x00, 0x00, 0x71, 0x00,
    0x88, 0x01, 0x00, 0x00, 0x0c, 0x03, 0x12, 0x00, 0x71, 0x20, 0xa1, 0x01,
    0x01, 0x00, 0x22, 0x06, 0x33, 0x00, 0x70, 0x20, 0x65, 0x00, 0x16, 0x00,
    0x15, 0x02, 0x00, 0xc0, 0x6e, 0x20, 0x68, 0x00, 0x26, 0x00, 0x22, 0x02,
    0x54, 0x00, 0x70, 0x10, 0xd1, 0x00, 0x02, 0x00, 0x6e, 0x20, 0x69, 0x00,
    0x26, 0x00, 0x22, 0x07, 0x37, 0x00, 0x70, 0x20, 0x7a, 0x00, 0x17, 0x00,
    0x12, 0x08, 0x6e, 0x20, 0x82, 0x00, 0x87, 0x00, 0x22, 0x02, 0x32, 0x00,
    0x12, 0xf9, 0x70, 0x30, 0x63, 0x00, 0x92, 0x09, 0x15, 0x0a, 0x60, 0x41,
    0x71, 0x20, 0x7f, 0x01, 0xa1, 0x00, 0x0a, 0x04, 0x71, 0x20, 0x7f, 0x01,
    0xa1, 0x00, 0x0a, 0x05, 0x71, 0x20, 0x7f, 0x01, 0xa1, 0x00, 0x0a, 0x0b,
    0x71, 0x20, 0x7f, 0x01, 0xa1, 0x00, 0x0a, 0x0c, 0x6e, 0x5c, 0x64, 0x00,
    0x42, 0xb5, 0x6e, 0x20, 0x80, 0x00, 0x27, 0x00, 0x6e, 0x20, 0x66, 0x00,
    0x76, 0x00, 0x22, 0x02, 0x37, 0x00, 0x70, 0x20, 0x7a, 0x00, 0x12, 0x00,
    0x12, 0x1b, 0x6e, 0x20, 0x82, 0x00, 0xb2, 0x00, 0x14, 0x04, 0x97, 0x52,
    0x3f, 0xff, 0x14, 0x05, 0x25, 0x16, 0x13, 0xff, 0x71, 0x30, 0x7b, 0x01,
    0x41, 0x05, 0x0c, 0x0c, 0x6e, 0x20, 0x7e, 0x00, 0xc2, 0x00, 0x15, 0x0c,
    0x20, 0x41, 0x71, 0x20, 0x7f, 0x01, 0xc1, 0x00, 0x0a, 0x0d, 0x15, 0x0e,
    0x00, 0x41, 0x71, 0x20, 0x7f, 0x01, 0xe1, 0x00, 0x0a, 0x0f, 0x71, 0x20,
    0x7f, 0x01, 0xc1, 0x00, 0x0a, 0x00, 0x71, 0x20, 0x7f, 0x01, 0xe1, 0x00,
    0x0a, 0x0a, 0x6e, 0x5a, 0x83, 0x00, 0xd2, 0x0f, 0x22, 0x0a, 0x37, 0x00,
    0x70, 0x20, 0x7a, 0x00, 0x1a, 0x00, 0x6e, 0x20, 0x82, 0x00, 0xba, 0x00,
    0x71, 0x30, 0x7b, 0x01, 0x41, 0x05, 0x0c, 0x00, 0x6e, 0x20, 0x7e, 0x00,
    0x0a, 0x00, 0x71, 0x20, 0x7f, 0x01, 0xc1, 0x00, 0x0a, 0x00, 0x71, 0x20,
    0x7f, 0x01, 0xc1, 0x00, 0x0a, 0x04, 0x71, 0x20, 0x7f, 0x01, 0xc1, 0x00,
    0x0a, 0x05, 0x71, 0x20, 0x7f, 0x01, 0xc1, 0x00, 0x0a, 0x0d, 0x6e, 0x5d,
    0x83, 0x00, 0x0a, 0x54, 0x22, 0x00, 0x37, 0x00, 0x70, 0x20, 0x7a, 0x00,
    0x10, 0x00, 0x6e, 0x20, 0x82, 0x00, 0x80, 0x00, 0x13, 0x0d, 0x10, 0x00,
    0x6e, 0x20, 0x7f, 0x00, 0xd0, 0x00, 0x1a, 0x04, 0xe3, 0x02, 0x71, 0x20,
    0x94, 0x01, 0x41, 0x00, 0x0c, 0x04, 0x15, 0x05, 0x00, 0x42, 0x71, 0x30,
    0x55, 0x01, 0x41, 0x05, 0x0c, 0x04, 0x6e, 0x20, 0x7b, 0x00, 0x40, 0x00,
    0x22, 0x04, 0x37, 0x00, 0x70, 0x20, 0x7a, 0x00, 0x14, 0x00, 0x6e, 0x20,
    0x82, 0x00, 0xb4, 0x00, 0x71, 0x20, 0x7f, 0x01, 0xe1, 0x00, 0x0a, 0x05,
    0x6e, 0x58, 0x83, 0x00, 0x54, 0x88, 0x1a, 0x05, 0x80, 0x01, 0x15, 0x0f,
    0x88, 0x41, 0x71, 0x40, 0x98, 0x01, 0x51, 0x9f, 0x0c, 0x05, 0x6e, 0x20,
    0x7b, 0x00, 0x54, 0x00, 0x1a, 0x05, 0x31, 0x00, 0x15, 0x0f, 0x10, 0x41,
    0x14, 0x0e, 0xea, 0xcb, 0xc3, 0xff, 0x71, 0x40, 0x98, 0x01, 0x51, 0xef,
    0x0c, 0x05, 0x6e, 0x20, 0x7b, 0x00, 0x54, 0x00, 0x6e, 0x20, 0x7b, 0x00,
    0x40, 0x00, 0x6e, 0x20, 0x7b, 0x00, 0x0a, 0x00, 0x71, 0x10, 0x99, 0x01,
    0x01, 0x00, 0x0c, 0x00, 0x6e, 0x20, 0x7b, 0x00, 0x0a, 0x00, 0x22, 0x00,
    0x3a, 0x00, 0x70, 0x20, 0x8d, 0x00, 0x10, 0x00, 0x22, 0x0f, 0x37, 0x00,
    0x70, 0x20, 0x7a, 0x00, 0x1f, 0x00, 0x6e, 0x20, 0x82, 0x00, 0xbf, 0x00,
    0x6e, 0x20, 0x8e, 0x00, 0xf0, 0x00, 0x22, 0x04, 0x36, 0x00, 0x15, 0x05,
    0x80, 0x3f, 0x70, 0x40, 0x78, 0x00, 0x94, 0x58, 0x6e, 0x30, 0x7c, 0x00,
    0x0a, 0x04, 0x21, 0x30, 0x23, 0x04, 0x88, 0x00, 0x02, 0x10, 0x05, 0x00,
    0x01, 0x85, 0x12, 0x00, 0x21, 0x3b, 0x35, 0xb5, 0x9a, 0x00, 0x46, 0x0b,
    0x03, 0x05, 0x54, 0xb9, 0x8e, 0x00, 0x6e, 0x20, 0xb3, 0x01, 0x09, 0x00,
    0x0a, 0x09, 0x39, 0x09, 0x1f, 0x00, 0x54, 0xb0, 0x8e, 0x00, 0x71, 0x40,
    0x98, 0x01, 0x01, 0xec, 0x0c, 0x09, 0x15, 0x0e, 0x80, 0x40, 0x71, 0x20,
    0x7f, 0x01, 0xe1, 0x00, 0x0a, 0x0d, 0x08, 0x11, 0x00, 0x00, 0x71, 0x20,
    0x7f, 0x01, 0xc1, 0x00, 0x0a, 0x00, 0x71, 0x20, 0x7f, 0x01, 0xe1, 0x00,
    0x0a, 0x0e, 0x6e, 0x5e, 0x94, 0x00, 0xd9, 0x80, 0x6e, 0x20, 0x7b, 0x00,
    0x9f, 0x00, 0x28, 0x03, 0x08, 0x11, 0x00, 0x00, 0x22, 0x09, 0x37, 0x00,
    0x70, 0x20, 0x7a, 0x00, 0x19, 0x00, 0x6e, 0x20, 0x82, 0x00, 0x89, 0x00,
    0x13, 0x0d, 0x10, 0x00, 0x6e, 0x20, 0x7f, 0x00, 0xd9, 0x00, 0x15, 0x00,
    0x00, 0x41, 0x71, 0x20, 0x7f, 0x01, 0x01, 0x00, 0x0a, 0x0e, 0x15, 0x00,
    0xc0, 0x40, 0x71, 0x20, 0x7f, 0x01, 0x01, 0x00, 0x0a, 0x0d, 0x71, 0x20,
    0x7f, 0x01, 0xc1, 0x00, 0x0a, 0x08, 0x71, 0x20, 0x7f, 0x01, 0x01, 0x00,
    0x0a, 0x00, 0x6e, 0x50, 0x83, 0x00, 0xe9, 0x8d, 0x15, 0x00, 0xb0, 0x41,
    0x71, 0x30, 0x87, 0x01, 0xb1, 0x00, 0x0c, 0x00, 0x6e, 0x20, 0x7b, 0x00,
    0x09, 0x00, 0x54, 0xb0, 0x97, 0x00, 0x12, 0xf8, 0x15, 0x0b, 0x60, 0x41,
    0x71, 0x40, 0x98, 0x01, 0x01, 0x8b, 0x0c, 0x00, 0x12, 0x1d, 0x6e, 0x20,
    0x95, 0x00, 0xd0, 0x00, 0x15, 0x0e, 0x00, 0x41, 0x71, 0x20, 0x7f, 0x01,
    0xe1, 0x00, 0x0a, 0x0b, 0x12, 0x0d, 0x6e, 0x5d, 0x94, 0x00, 0xb0, 0xdd,
    0x6e, 0x20, 0x7b, 0x00, 0x09, 0x00, 0x22, 0x00, 0x55, 0x00, 0x02, 0x0b,
    0x10, 0x00, 0x76, 0x06, 0xd3, 0x00, 0x00, 0x00, 0x6e, 0x20, 0x81, 0x00,
    0x09, 0x00, 0x22, 0x00, 0x36, 0x00, 0x12, 0xed, 0x70, 0x30, 0x77, 0x00,
    0x80, 0x0d, 0x71, 0x20, 0x7f, 0x01, 0xb1, 0x00, 0x0a, 0x0d, 0x59, 0x0d,
    0x0f, 0x00, 0x6e, 0x30, 0x7c, 0x00, 0x9f, 0x00, 0x4d, 0x09, 0x04, 0x05,
    0xd8, 0x05, 0x05, 0x01, 0x01, 0x89, 0x08, 0x00, 0x11, 0x00, 0x12, 0x08,
    0x13, 0x0d, 0x10, 0x00, 0x14, 0x0e, 0xea, 0xcb, 0xc3, 0xff, 0x29, 0x00,
    0x67, 0xff, 0x01, 0x98, 0x02, 0x0b, 0x10, 0x00, 0x22, 0x00, 0x36, 0x00,
    0x15, 0x05, 0x48, 0x43, 0x71, 0x20, 0x7f, 0x01, 0x51, 0x00, 0x0a, 0x05,
    0x70, 0x30, 0x77, 0x00, 0x50, 0x08, 0x71, 0x20, 0x7f, 0x01, 0xc1, 0x00,
    0x0a, 0x05, 0x59, 0x05, 0x11, 0x00, 0x6e, 0x30, 0x7c, 0x00, 0xa7, 0x00,
    0x22, 0x00, 0x36, 0x00, 0x12, 0x0d, 0x70, 0x40, 0x78, 0x00, 0xd0, 0xb8,
    0x6e, 0x30, 0x7c, 0x00, 0x27, 0x00, 0x1a, 0x00, 0xe8, 0x02, 0x71, 0x20,
    0x94, 0x01, 0x01, 0x00, 0x0c, 0x00, 0x15, 0x05, 0x10, 0x42, 0x71, 0x30,
    0x55, 0x01, 0x01, 0x05, 0x0c, 0x00, 0x15, 0x07, 0x40, 0x40, 0x71, 0x20,
    0x7f, 0x01, 0x71, 0x00, 0x0a, 0x08, 0x71, 0x20, 0x7f, 0x01, 0x71, 0x00,
    0x0a, 0x09, 0x71, 0x20, 0x7f, 0x01, 0x71, 0x00, 0x0a, 0x0a, 0x71, 0x20,
    0x7f, 0x01, 0x71, 0x00, 0x0a, 0x07, 0x6e, 0x57, 0x73, 0x00, 0x80, 0xa9,
    0x22, 0x07, 0x56, 0x00, 0x70, 0x10, 0xd5, 0x00, 0x07, 0x00, 0x6e, 0x20,
    0x71, 0x00, 0x70, 0x00, 0x22, 0x07, 0x32, 0x00, 0x71, 0x20, 0x7f, 0x01,
    0x51, 0x00, 0x0a, 0x08, 0x71, 0x20, 0x7f, 0x01, 0x51, 0x00, 0x0a, 0x05,
    0x70, 0x30, 0x63, 0x00, 0x87, 0x05, 0x14, 0x05, 0x35, 0x00, 0x80, 0x00,
    0x59, 0x75, 0x08, 0x00, 0x15, 0x05, 0x80, 0x41, 0x71, 0x20, 0x7f, 0x01,
    0x51, 0x00, 0x0a, 0x05, 0x59, 0x75, 0x0c, 0x00, 0x15, 0x05, 0x90, 0x41,
    0x71, 0x20, 0x7f, 0x01, 0x51, 0x00, 0x0a, 0x05, 0x59, 0x75, 0x0b, 0x00,
    0x6e, 0x30, 0x67, 0x00, 0x06, 0x07, 0x12, 0x0d, 0x71, 0x5d, 0x89, 0x01,
    0x21, 0x43, 0x11, 0x06, 0x06, 0x00, 0x02, 0x00, 0x05, 0x00, 0x00, 0x00,
    0x33, 0x97, 0x00, 0x00, 0x30, 0x00, 0x00, 0x00, 0x22, 0x00, 0x37, 0x00,
    0x70, 0x20, 0x7a, 0x00, 0x40, 0x00, 0x12, 0x11, 0x6e, 0x20, 0x82, 0x00,
    0x10, 0x00, 0x13, 0x01, 0x11, 0x00, 0x6e, 0x20, 0x7f, 0x00, 0x10, 0x00,
    0x22, 0x02, 0x60, 0x00, 0x70, 0x20, 0x0e, 0x01, 0x42, 0x00, 0x6e, 0x20,
    0x7b, 0x00, 0x20, 0x00, 0x15, 0x02, 0x30, 0x41, 0x14, 0x03, 0xea, 0xcb,
    0xc3, 0xff, 0x71, 0x40, 0x98, 0x01, 0x54, 0x32, 0x0c, 0x05, 0x6e, 0x20,
    0x92, 0x00, 0x15, 0x00, 0x15, 0x01, 0x00, 0x41, 0x71, 0x20, 0x7f, 0x01,
    0x14, 0x00, 0x0a, 0x04, 0x12, 0x01, 0x6e, 0x51, 0x94, 0x00, 0x15, 0x14,
    0x6e, 0x20, 0x7b, 0x00, 0x50, 0x00, 0x11, 0x00, 0x0c, 0x00, 0x02, 0x00,
    0x05, 0x00, 0x00, 0x00, 0x41, 0x97, 0x00, 0x00, 0xc3, 0x00, 0x00, 0x00,
    0x22, 0x00, 0x5c, 0x00, 0x12, 0x01, 0x70, 0x20, 0xeb, 0x00, 0x10, 0x00,
    0x22, 0x01, 0x37, 0x00, 0x70, 0x20, 0x7a, 0x00, 0xa1, 0x00, 0x12, 0x02,
    0x6e, 0x20, 0x82, 0x00, 0x21, 0x00, 0x13, 0x03, 0x10, 0x00, 0x6e, 0x20,
    0x7f, 0x00, 0x31, 0x00, 0x15, 0x03, 0x00, 0x41, 0x71, 0x20, 0x7f, 0x01,
    0x3a, 0x00, 0x0a, 0x04, 0x15, 0x05, 0xc0, 0x40, 0x71, 0x20, 0x7f, 0x01,
    0x5a, 0x00, 0x0a, 0x06, 0x71, 0x20, 0x7f, 0x01, 0x3a, 0x00, 0x0a, 0x07,
    0x71, 0x20, 0x7f, 0x01, 0x5a, 0x00, 0x0a, 0x08, 0x6e, 0x58, 0x83, 0x00,
    0x41, 0x76, 0x71, 0x10, 0x7e, 0x01, 0x0b, 0x00, 0x0c, 0x04, 0x38, 0x04,
    0x07, 0x00, 0x71, 0x20, 0x94, 0x01, 0x4a, 0x00, 0x0c, 0x04, 0x28, 0x09,
    0x62, 0x04, 0xcb, 0x00, 0x44, 0x04, 0x04, 0x0b, 0x71, 0x30, 0x95, 0x01,
    0x2a, 0x04, 0x0c, 0x04, 0x15, 0x06, 0xf0, 0x41, 0x71, 0x30, 0x55, 0x01,
    0x4a, 0x06, 0x0c, 0x04, 0x5b, 0x04, 0x75, 0x00, 0x54, 0x04, 0x75, 0x00,
    0x6e, 0x20, 0x7b, 0x00, 0x41, 0x00, 0x22, 0x04, 0x37, 0x00, 0x70, 0x20,
    0x7a, 0x00, 0xa4, 0x00, 0x12, 0x16, 0x6e, 0x20, 0x82, 0x00, 0x64, 0x00,
    0x71, 0x20, 0x7f, 0x01, 0x3a, 0x00, 0x0a, 0x03, 0x6e, 0x52, 0x83, 0x00,
    0x34, 0x22, 0x22, 0x03, 0x37, 0x00, 0x70, 0x20, 0x7a, 0x00, 0xa3, 0x00,
    0x6e, 0x20, 0x82, 0x00, 0x23, 0x00, 0x13, 0x07, 0x50, 0x00, 0x6e, 0x20,
    0x7f, 0x00, 0x73, 0x00, 0x62, 0x07, 0xcd, 0x00, 0x46, 0x07, 0x07, 0x0b,
    0x15, 0x08, 0x50, 0x41, 0x12, 0xf9, 0x71, 0x40, 0x98, 0x01, 0x7a, 0x98,
    0x0c, 0x07, 0x5b, 0x07, 0x77, 0x00, 0x54, 0x07, 0x77, 0x00, 0x6e, 0x20,
    0x95, 0x00, 0x67, 0x00, 0x15, 0x06, 0x30, 0x41, 0x14, 0x07, 0x52, 0xed,
    0x2e, 0xff, 0x1a, 0x08, 0x00, 0x00, 0x71, 0x40, 0x98, 0x01, 0x8a, 0x76,
    0x0c, 0x06, 0x5b, 0x06, 0x76, 0x00, 0x54, 0x06, 0x76, 0x00, 0x71, 0x20,
    0x7f, 0x01, 0x5a, 0x00, 0x0a, 0x05, 0x6e, 0x52, 0x94, 0x00, 0x56, 0x22,
    0x54, 0x05, 0x77, 0x00, 0x6e, 0x20, 0x7b, 0x00, 0x53, 0x00, 0x54, 0x05,
    0x76, 0x00, 0x6e, 0x20, 0x7b, 0x00, 0x53, 0x00, 0x6e, 0x20, 0x7b, 0x00,
    0x34, 0x00, 0x62, 0x03, 0xca, 0x00, 0x46, 0x03, 0x03, 0x0b, 0x15, 0x05,
    0x10, 0x41, 0x14, 0x06, 0xea, 0xcb, 0xc3, 0xff, 0x71, 0x40, 0x98, 0x01,
    0x3a, 0x65, 0x0c, 0x03, 0x5b, 0x03, 0x74, 0x00, 0x54, 0x03, 0x74, 0x00,
    0x6e, 0x20, 0x7b, 0x00, 0x34, 0x00, 0x22, 0x03, 0x36, 0x00, 0x12, 0xe5,
    0x15, 0x06, 0x80, 0x3f, 0x70, 0x40, 0x78, 0x00, 0x23, 0x65, 0x6e, 0x30,
    0x7c, 0x00, 0x41, 0x03, 0x6e, 0x20, 0x84, 0x00, 0x01, 0x00, 0x71, 0x30,
    0x78, 0x01, 0x1a, 0x0b, 0x11, 0x01, 0x00, 0x00, 0x0f, 0x00, 0x05, 0x00,
    0x06, 0x00, 0x00, 0x00, 0x65, 0x97, 0x00, 0x00, 0x7a, 0x01, 0x00, 0x00,
    0x20, 0xe0, 0x37, 0x00, 0x38, 0x00, 0x15, 0x00, 0x6e, 0x10, 0x4b, 0x00,
    0x0e, 0x00, 0x0c, 0x00, 0x20, 0x00, 0x5e, 0x00, 0x38, 0x00, 0x0d, 0x00,
    0x07, 0xe0, 0x1f, 0x00, 0x37, 0x00, 0x6e, 0x10, 0x4b, 0x00, 0x0e, 0x00,
    0x0c, 0x0e, 0x1f, 0x0e, 0x5e, 0x00, 0x29, 0x00, 0xcd, 0x00, 0x22, 0x0e,
    0x5e, 0x00, 0x12, 0x00, 0x70, 0x20, 0xf9, 0x00, 0x0e, 0x00, 0x22, 0x01,
    0x37, 0x00, 0x70, 0x20, 0x7a, 0x00, 0xa1, 0x00, 0x12, 0x02, 0x6e, 0x20,
    0x82, 0x00, 0x21, 0x00, 0x13, 0x03, 0x10, 0x00, 0x6e, 0x20, 0x7f, 0x00,
    0x31, 0x00, 0x15, 0x03, 0xc0, 0x40, 0x71, 0x20, 0x7f, 0x01, 0x3a, 0x00,
    0x0a, 0x04, 0x15, 0x05, 0x80, 0x40, 0x71, 0x20, 0x7f, 0x01, 0x5a, 0x00,
    0x0a, 0x06, 0x71, 0x20, 0x7f, 0x01, 0x3a, 0x00, 0x0a, 0x03, 0x71, 0x20,
    0x7f, 0x01, 0x5a, 0x00, 0x0a, 0x07, 0x6e, 0x57, 0x83, 0x00, 0x41, 0x36,
    0x15, 0x03, 0xf0, 0x41, 0x71, 0x30, 0x55, 0x01, 0x0a, 0x03, 0x0c, 0x00,
    0x5b, 0xe0, 0x81, 0x00, 0x54, 0xe0, 0x81, 0x00, 0x6e, 0x20, 0x7b, 0x00,
    0x01, 0x00, 0x22, 0x00, 0x37, 0x00, 0x70, 0x20, 0x7a, 0x00, 0xa0, 0x00,
    0x6e, 0x20, 0x82, 0x00, 0x20, 0x00, 0x13, 0x04, 0x50, 0x00, 0x6e, 0x20,
    0x7f, 0x00, 0x40, 0x00, 0x15, 0x04, 0x00, 0x41, 0x71, 0x20, 0x7f, 0x01,
    0x4a, 0x00, 0x0a, 0x06, 0x6e, 0x52, 0x83, 0x00, 0x60, 0x22, 0x15, 0x06,
    0x60, 0x41, 0x1a, 0x07, 0x00, 0x00, 0x12, 0xf8, 0x71, 0x40, 0x98, 0x01,
    0x7a, 0x86, 0x0c, 0x06, 0x5b, 0xe6, 0x80, 0x00, 0x15, 0x06, 0x20, 0x41,
    0x14, 0x09, 0xea, 0xcb, 0xc3, 0xff, 0x71, 0x40, 0x98, 0x01, 0x7a, 0x96,
    0x0c, 0x06, 0x5b, 0xe6, 0x7f, 0x00, 0x54, 0xe6, 0x7f, 0x00, 0x71, 0x20,
    0x7f, 0x01, 0x4a, 0x00, 0x0a, 0x04, 0x15, 0x07, 0x00, 0x40, 0x71, 0x20,
    0x7f, 0x01, 0x7a, 0x00, 0x0a, 0x07, 0x6e, 0x57, 0x94, 0x00, 0x46, 0x22,
    0x54, 0xe4, 0x80, 0x00, 0x6e, 0x20, 0x7b, 0x00, 0x40, 0x00, 0x54, 0xe4,
    0x7f, 0x00, 0x6e, 0x20, 0x7b, 0x00, 0x40, 0x00, 0x22, 0x04, 0x36, 0x00,
    0x15, 0x06, 0x80, 0x3f, 0x12, 0xe7, 0x70, 0x40, 0x78, 0x00, 0x24, 0x67,
    0x6e, 0x30, 0x7c, 0x00, 0x01, 0x04, 0x22, 0x00, 0x35, 0x00, 0x70, 0x20,
    0x6a, 0x00, 0xa0, 0x00, 0x5b, 0xe0, 0x7e, 0x00, 0x54, 0xe0, 0x7e, 0x00,
    0x62, 0x02, 0x0e, 0x00, 0x6e, 0x20, 0x74, 0x00, 0x20, 0x00, 0x54, 0xe0,
    0x7e, 0x00, 0x71, 0x20, 0x7f, 0x01, 0x5a, 0x00, 0x0a, 0x02, 0x71, 0x20,
    0x7f, 0x01, 0x5a, 0x00, 0x0a, 0x04, 0x71, 0x20, 0x7f, 0x01, 0x5a, 0x00,
    0x0a, 0x06, 0x71, 0x20, 0x7f, 0x01, 0x5a, 0x00, 0x0a, 0x05, 0x6e, 0x55,
    0x73, 0x00, 0x20, 0x64, 0x54, 0xe0, 0x7e, 0x00, 0x22, 0x02, 0x36, 0x00,
    0x15, 0x04, 0x10, 0x42, 0x71, 0x20, 0x7f, 0x01, 0x4a, 0x00, 0x0a, 0x04,
    0x71, 0x20, 0x7f, 0x01, 0x3a, 0x00, 0x0a, 0x03, 0x70, 0x30, 0x77, 0x00,
    0x42, 0x03, 0x6e, 0x30, 0x7c, 0x00, 0x01, 0x02, 0x22, 0x00, 0x36, 0x00,
    0x70, 0x30, 0x77, 0x00, 0x80, 0x07, 0x6e, 0x20, 0x80, 0x00, 0x01, 0x00,
    0x6e, 0x20, 0x84, 0x00, 0xe1, 0x00, 0x07, 0x10, 0x54, 0xb1, 0x93, 0x00,
    0x44, 0x05, 0x01, 0x0c, 0x6e, 0x20, 0x06, 0x01, 0xcb, 0x00, 0x0c, 0x0c,
    0x38, 0x0c, 0x08, 0x00, 0x6e, 0x10, 0xb4, 0x01, 0x0c, 0x00, 0x0a, 0x01,
    0x39, 0x01, 0x10, 0x00, 0x22, 0x0c, 0x73, 0x00, 0x1a, 0x01, 0x12, 0x00,
    0x70, 0x20, 0xbc, 0x01, 0x1c, 0x00, 0x6e, 0x20, 0xbe, 0x01, 0x5c, 0x00,
    0x6e, 0x10, 0xc1, 0x01, 0x0c, 0x00, 0x0c, 0x0c, 0x07, 0xc7, 0x54, 0xec,
    0x81, 0x00, 0x6e, 0x10, 0x0c, 0x01, 0x0b, 0x00, 0x0a, 0x01, 0x71, 0x40,
    0x81, 0x01, 0xca, 0x51, 0x54, 0xec, 0x80, 0x00, 0x6e, 0x20, 0x96, 0x00,
    0x7c, 0x00, 0x54, 0xec, 0x7f, 0x00, 0x6e, 0x10, 0x07, 0x01, 0x0b, 0x00,
    0x0a, 0x01, 0x38, 0x01, 0x11, 0x00, 0x22, 0x01, 0x73, 0x00, 0x1a, 0x02,
    0x8b, 0x01, 0x70, 0x20, 0xbc, 0x01, 0x21, 0x00, 0x6e, 0x20, 0xbe, 0x01,
    0x51, 0x00, 0x6e, 0x10, 0xc1, 0x01, 0x01, 0x00, 0x0c, 0x01, 0x28, 0x17,
    0x6e, 0x10, 0xfc, 0x00, 0x0b, 0x00, 0x0a, 0x01, 0x38, 0x01, 0x0a, 0x00,
    0x22, 0x01, 0x73, 0x00, 0x1a, 0x02, 0x75, 0x02, 0x70, 0x20, 0xbc, 0x01,
    0x21, 0x00, 0x28, 0xeb, 0x22, 0x01, 0x73, 0x00, 0x1a, 0x02, 0x00, 0x03,
    0x70, 0x20, 0xbc, 0x01, 0x21, 0x00, 0x28, 0xe3, 0x6e, 0x20, 0x96, 0x00,
    0x1c, 0x00, 0x54, 0xec, 0x7e, 0x00, 0x6e, 0x10, 0x07, 0x01, 0x0b, 0x00,
    0x0a, 0x01, 0x38, 0x01, 0x05, 0x00, 0x1a, 0x01, 0xb8, 0x00, 0x28, 0x0c,
    0x6e, 0x10, 0xfc, 0x00, 0x0b, 0x00, 0x0a, 0x01, 0x38, 0x01, 0x05, 0x00,
    0x1a, 0x01, 0x26, 0x00, 0x28, 0x03, 0x1a, 0x01, 0xb9, 0x01, 0x6e, 0x20,
    0x6e, 0x00, 0x1c, 0x00, 0x54, 0xec, 0x7e, 0x00, 0x6e, 0x10, 0x07, 0x01,
    0x0b, 0x00, 0x0a, 0x01, 0x38, 0x01, 0x05, 0x00, 0x1a, 0x01, 0xed, 0x02,
    0x28, 0x03, 0x1a, 0x01, 0xef, 0x02, 0x71, 0x20, 0x94, 0x01, 0x1a, 0x00,
    0x0c, 0x01, 0x71, 0x30, 0x8b, 0x01, 0xca, 0x01, 0x54, 0xec, 0x7e, 0x00,
    0x22, 0x02, 0x48, 0x00, 0x07, 0xa6, 0x07, 0xb4, 0x07, 0xd3, 0x76, 0x06,
    0xb8, 0x00, 0x02, 0x00, 0x6e, 0x20, 0x71, 0x00, 0x2c, 0x00, 0x11, 0x00,
    0x0c, 0x00, 0x01, 0x00, 0x05, 0x00, 0x00, 0x00, 0x9f, 0x97, 0x00, 0x00,
    0x8e, 0x00, 0x00, 0x00, 0x22, 0x00, 0x37, 0x00, 0x70, 0x20, 0x7a, 0x00,
    0xb0, 0x00, 0x12, 0x01, 0x6e, 0x20, 0x82, 0x00, 0x10, 0x00, 0x01, 0x12,
    0x62, 0x03, 0xdc, 0x00, 0x21, 0x34, 0x15, 0x05, 0x00, 0x40, 0x35, 0x42,
    0x66, 0x00, 0x46, 0x04, 0x03, 0x02, 0x71, 0x20, 0x94, 0x01, 0x4b, 0x00,
    0x0c, 0x04, 0x15, 0x06, 0x08, 0x42, 0x71, 0x30, 0x55, 0x01, 0x4b, 0x06,
    0x0c, 0x04, 0x62, 0x07, 0xdd, 0x00, 0x46, 0x07, 0x07, 0x02, 0x6e, 0x20,
    0x6e, 0x00, 0x74, 0x00, 0x15, 0x07, 0x80, 0x40, 0x71, 0x20, 0x7f, 0x01,
    0x7b, 0x00, 0x0a, 0x08, 0x71, 0x20, 0x7f, 0x01, 0x7b, 0x00, 0x0a, 0x09,
    0x71, 0x20, 0x7f, 0x01, 0x7b, 0x00, 0x0a, 0x0a, 0x71, 0x20, 0x7f, 0x01,
    0x7b, 0x00, 0x0a, 0x07, 0x6e, 0x57, 0x73, 0x00, 0x84, 0xa9, 0x14, 0x07,
    0x6b, 0x3a, 0x2c, 0xff, 0x14, 0x08, 0x25, 0x16, 0x13, 0xff, 0x71, 0x30,
    0x7a, 0x01, 0x7b, 0x08, 0x0c, 0x07, 0x6e, 0x20, 0x6d, 0x00, 0x74, 0x00,
    0x22, 0x07, 0x58, 0x00, 0x70, 0x40, 0xd9, 0x00, 0xb7, 0x42, 0x6e, 0x20,
    0x71, 0x00, 0x74, 0x00, 0x22, 0x07, 0x36, 0x00, 0x71, 0x20, 0x7f, 0x01,
    0x6b, 0x00, 0x0a, 0x06, 0x15, 0x08, 0x80, 0x3f, 0x70, 0x40, 0x78, 0x00,
    0x17, 0x86, 0x39, 0x02, 0x04, 0x00, 0x01, 0x16, 0x28, 0x05, 0x71, 0x20,
    0x7f, 0x01, 0x5b, 0x00, 0x0a, 0x06, 0x21, 0x33, 0xd8, 0x03, 0x03, 0xff,
    0x33, 0x32, 0x04, 0x00, 0x01, 0x13, 0x28, 0x05, 0x71, 0x20, 0x7f, 0x01,
    0x5b, 0x00, 0x0a, 0x03, 0x6e, 0x51, 0x79, 0x00, 0x67, 0x31, 0x6e, 0x30,
    0x7c, 0x00, 0x40, 0x07, 0xd8, 0x02, 0x02, 0x01, 0x28, 0x96, 0x22, 0x01,
    0x36, 0x00, 0x12, 0xf2, 0x12, 0xe3, 0x70, 0x30, 0x77, 0x00, 0x21, 0x03,
    0x15, 0x02, 0x00, 0x41, 0x71, 0x20, 0x7f, 0x01, 0x2b, 0x00, 0x0a, 0x02,
    0x59, 0x12, 0x12, 0x00, 0x71, 0x20, 0x7f, 0x01, 0x5b, 0x00, 0x0a, 0x0b,
    0x59, 0x1b, 0x0f, 0x00, 0x6e, 0x20, 0x80, 0x00, 0x10, 0x00, 0x11, 0x00,
    0x05, 0x00, 0x03, 0x00, 0x03, 0x00, 0x00, 0x00, 0xb9, 0x97, 0x00, 0x00,
    0x1e, 0x00, 0x00, 0x00, 0x22, 0x00, 0x35, 0x00, 0x70, 0x20, 0x6a, 0x00,
    0x20, 0x00, 0x62, 0x01, 0x0e, 0x00, 0x6e, 0x20, 0x74, 0x00, 0x10, 0x00,
    0x71, 0x30, 0x8b, 0x01, 0x02, 0x03, 0x22, 0x03, 0x36, 0x00, 0x71, 0x20,
    0x7f, 0x01, 0x42, 0x00, 0x0a, 0x01, 0x71, 0x20, 0x7f, 0x01, 0x42, 0x00,
    0x0a, 0x02, 0x70, 0x30, 0x77, 0x00, 0x13, 0x02, 0x6e, 0x20, 0x70, 0x00,
    0x30, 0x00, 0x11, 0x00, 0x05, 0x00, 0x03, 0x00, 0x03, 0x00, 0x00, 0x00,
    0xc4, 0x97, 0x00, 0x00, 0x31, 0x00, 0x00, 0x00, 0x54, 0x30, 0x90, 0x00,
    0x38, 0x00, 0x17, 0x00, 0x22, 0x00, 0x11, 0x00, 0x70, 0x10, 0x1e, 0x00,
    0x00, 0x00, 0x12, 0x01, 0x5c, 0x01, 0x00, 0x00, 0x54, 0x31, 0x90, 0x00,
    0x71, 0x20, 0x1f, 0x00, 0x01, 0x00, 0x0c, 0x00, 0x38, 0x00, 0x07, 0x00,
    0x71, 0x30, 0x55, 0x01, 0x02, 0x04, 0x0c, 0x02, 0x11, 0x02, 0x54, 0x30,
    0x8f, 0x00, 0x38, 0x00, 0x09, 0x00, 0x54, 0x33, 0x8f, 0x00, 0x71, 0x20,
    0x94, 0x01, 0x32, 0x00, 0x0c, 0x03, 0x28, 0x09, 0x52, 0x30, 0x92, 0x00,
    0x52, 0x33, 0x91, 0x00, 0x71, 0x30, 0x95, 0x01, 0x02, 0x03, 0x0c, 0x03,
    0x71, 0x30, 0x55, 0x01, 0x32, 0x04, 0x0c, 0x02, 0x11, 0x02, 0x00, 0x00,
    0x04, 0x00, 0x03, 0x00, 0x04, 0x00, 0x00, 0x00, 0xd3, 0x97, 0x00, 0x00,
    0x06, 0x00, 0x00, 0x00, 0x12, 0x00, 0x71, 0x40, 0x47, 0x01, 0x21, 0x03,
    0x0c, 0x01, 0x11, 0x01, 0x0b, 0x00, 0x04, 0x00, 0x05, 0x00, 0x00, 0x00,
    0xdb, 0x97, 0x00, 0x00, 0x7b, 0x00, 0x00, 0x00, 0x22, 0x00, 0x37, 0x00,
    0x70, 0x20, 0x7a, 0x00, 0x70, 0x00, 0x12, 0x01, 0x6e, 0x20, 0x82, 0x00,
    0x10, 0x00, 0x13, 0x02, 0x10, 0x00, 0x6e, 0x20, 0x7f, 0x00, 0x20, 0x00,
    0x15, 0x02, 0x20, 0x42, 0x71, 0x20, 0x7f, 0x01, 0x27, 0x00, 0x0a, 0x02,
    0x6e, 0x51, 0x83, 0x00, 0x10, 0x21, 0x38, 0x0a, 0x35, 0x00, 0x1a, 0x02,
    0xfb, 0x02, 0x71, 0x20, 0x94, 0x01, 0x27, 0x00, 0x0c, 0x02, 0x15, 0x03,
    0x08, 0x42, 0x71, 0x30, 0x55, 0x01, 0x27, 0x03, 0x0c, 0x02, 0x1a, 0x03,
    0x23, 0x02, 0x6e, 0x20, 0x6e, 0x00, 0x32, 0x00, 0x15, 0x03, 0xc0, 0x40,
    0x71, 0x20, 0x7f, 0x01, 0x37, 0x00, 0x0a, 0x04, 0x71, 0x20, 0x7f, 0x01,
    0x37, 0x00, 0x0a, 0x05, 0x15, 0x06, 0x20, 0x41, 0x71, 0x20, 0x7f, 0x01,
    0x67, 0x00, 0x0a, 0x06, 0x71, 0x20, 0x7f, 0x01, 0x37, 0x00, 0x0a, 0x03,
    0x6e, 0x53, 0x73, 0x00, 0x42, 0x65, 0x22, 0x03, 0x3e, 0x00, 0x70, 0x20,
    0x9f, 0x00, 0xa3, 0x00, 0x6e, 0x20, 0x71, 0x00, 0x32, 0x00, 0x6e, 0x20,
    0x7b, 0x00, 0x20, 0x00, 0x15, 0x0a, 0xd0, 0x41, 0x71, 0x30, 0x87, 0x01,
    0x87, 0x0a, 0x0c, 0x0a, 0x6e, 0x20, 0x7b, 0x00, 0xa0, 0x00, 0x54, 0x88,
    0x97, 0x00, 0x15, 0x0a, 0x88, 0x41, 0x12, 0xf2, 0x71, 0x40, 0x98, 0x01,
    0x87, 0x2a, 0x0c, 0x08, 0x15, 0x0a, 0x00, 0x41, 0x71, 0x20, 0x7f, 0x01,
    0xa7, 0x00, 0x0a, 0x02, 0x6e, 0x51, 0x94, 0x00, 0x28, 0x11, 0x12, 0x12,
    0x6e, 0x20, 0x95, 0x00, 0x28, 0x00, 0x6e, 0x20, 0x7b, 0x00, 0x80, 0x00,
    0x38, 0x09, 0x0c, 0x00, 0x71, 0x20, 0x7f, 0x01, 0xa7, 0x00, 0x0a, 0x07,
    0x6e, 0x51, 0x94, 0x00, 0x79, 0x11, 0x6e, 0x20, 0x7b, 0x00, 0x90, 0x00,
    0x11, 0x00, 0x00, 0x00, 0x05, 0x00, 0x04, 0x00, 0x03, 0x00, 0x00, 0x00,
    0xf5, 0x97, 0x00, 0x00, 0x16, 0x00, 0x00, 0x00, 0x22, 0x00, 0x5b, 0x00,
    0x70, 0x20, 0xdf, 0x00, 0x10, 0x00, 0x6e, 0x20, 0x96, 0x00, 0x20, 0x00,
    0x71, 0x30, 0x41, 0x01, 0x01, 0x03, 0x6e, 0x20, 0x97, 0x00, 0x40, 0x00,
    0x71, 0x10, 0x52, 0x01, 0x01, 0x00, 0x0c, 0x01, 0x6e, 0x20, 0x99, 0x00,
    0x10, 0x00, 0x11, 0x00, 0x01, 0x00, 0x01, 0x00, 0x00, 0x00, 0x00, 0x00,
    0x02, 0x98, 0x00, 0x00, 0x03, 0x00, 0x00, 0x00, 0x6a, 0x00, 0xe4, 0x00,
    0x0f, 0x00, 0x00, 0x00, 0x01, 0x00, 0x01, 0x00, 0x01, 0x00, 0x00, 0x00,
    0x02, 0x98, 0x00, 0x00, 0x05, 0x00, 0x00, 0x00, 0x71, 0x10, 0x57, 0x01,
    0x00, 0x00, 0x0a, 0x00, 0x0f, 0x00, 0x00, 0x00, 0x01, 0x00, 0x01, 0x00,
    0x01, 0x00, 0x00, 0x00, 0x02, 0x98, 0x00, 0x00, 0x05, 0x00, 0x00, 0x00,
    0x71, 0x10, 0x5a, 0x01, 0x00, 0x00, 0x0a, 0x00, 0x0f, 0x00, 0x00, 0x00,
    0x02, 0x00, 0x01, 0x00, 0x00, 0x00, 0x00, 0x00, 0x07, 0x98, 0x00, 0x00,
    0x0b, 0x00, 0x00, 0x00, 0x62, 0x00, 0xcc, 0x00, 0x46, 0x01, 0x00, 0x01,
    0x21, 0x11, 0x39, 0x01, 0x04, 0x00, 0x12, 0x11, 0x0f, 0x01, 0x12, 0x01,
    0x0f, 0x01, 0x00, 0x00, 0x02, 0x00, 0x01, 0x00, 0x01, 0x00, 0x00, 0x00,
    0x0d, 0x98, 0x00, 0x00, 0x10, 0x00, 0x00, 0x00, 0x71, 0x10, 0x57, 0x01,
    0x01, 0x00, 0x0a, 0x00, 0x39, 0x00, 0x0a, 0x00, 0x71, 0x10, 0x5a, 0x01,
    0x01, 0x00, 0x0a, 0x01, 0x39, 0x01, 0x04, 0x00, 0x12, 0x11, 0x0f, 0x01,
    0x12, 0x01, 0x0f, 0x01, 0x04, 0x00, 0x01, 0x00, 0x02, 0x00, 0x00, 0x00,
    0x13, 0x98, 0x00, 0x00, 0x29, 0x00, 0x00, 0x00, 0x62, 0x00, 0xf5, 0x00,
    0x6e, 0x20, 0xd5, 0x01, 0x30, 0x00, 0x0c, 0x00, 0x1f, 0x00, 0x77, 0x00,
    0x12, 0x01, 0x39, 0x00, 0x03, 0x00, 0x0f, 0x01, 0x6e, 0x10, 0xce, 0x01,
    0x00, 0x00, 0x0c, 0x00, 0x72, 0x10, 0xd8, 0x01, 0x00, 0x00, 0x0a, 0x02,
    0x38, 0x02, 0x14, 0x00, 0x72, 0x10, 0xd9, 0x01, 0x00, 0x00, 0x0c, 0x02,
    0x1f, 0x02, 0x35, 0x00, 0x6e, 0x10, 0x6b, 0x00, 0x02, 0x00, 0x0c, 0x02,
    0x6e, 0x20, 0xb3, 0x01, 0x23, 0x00, 0x0a, 0x02, 0x38, 0x02, 0xec, 0xff,
    0x12, 0x13, 0x0f, 0x03, 0x0f, 0x01, 0x00, 0x00, 0x02, 0x00, 0x01, 0x00,
    0x00, 0x00, 0x00, 0x00, 0x00, 0x00, 0x00, 0x00, 0x0d, 0x00, 0x00, 0x00,
    0x13, 0x00, 0x13, 0x00, 0x32, 0x01, 0x09, 0x00, 0x13, 0x00, 0x14, 0x00,
    0x33, 0x01, 0x03, 0x00, 0x28, 0x03, 0x12, 0x01, 0x0f, 0x01, 0x12, 0x11,
    0x0f, 0x01, 0x00, 0x00, 0x01, 0x00, 0x00, 0x00, 0x00, 0x00, 0x00, 0x00,
    0xca, 0x96, 0x00, 0x00, 0x05, 0x00, 0x00, 0x00, 0x71, 0x00, 0x44, 0x01,
    0x00, 0x00, 0x0c, 0x00, 0x11, 0x00, 0x00, 0x00, 0x01, 0x00, 0x00, 0x00,
    0x00, 0x00, 0x00, 0x00, 0xca, 0x96, 0x00, 0x00, 0x03, 0x00, 0x00, 0x00,
    0x62, 0x00, 0xe3, 0x00, 0x11, 0x00, 0x00, 0x00, 0x01, 0x00, 0x01, 0x00,
    0x00, 0x00, 0x00, 0x00, 0x02, 0x98, 0x00, 0x00, 0x03, 0x00, 0x00, 0x00,
    0x69, 0x00, 0xe3, 0x00, 0x11, 0x00, 0x00, 0x00, 0x09, 0x00, 0x00, 0x00,
    0x03, 0x00, 0x00, 0x00, 0x1a, 0x98, 0x00, 0x00, 0xc2, 0x00, 0x00, 0x00,
    0x71, 0x00, 0x3b, 0x00, 0x00, 0x00, 0x0b, 0x00, 0x71, 0x00, 0x62, 0x01,
    0x00, 0x00, 0x0c, 0x02, 0x16, 0x03, 0x50, 0x00, 0x39, 0x02, 0x06, 0x00,
    0x71, 0x20, 0x90, 0x01, 0x43, 0x00, 0x28, 0xf5, 0x71, 0x00, 0x6c, 0x01,
    0x00, 0x00, 0x0c, 0x05, 0x39, 0x05, 0x06, 0x00, 0x71, 0x20, 0x90, 0x01,
    0x43, 0x00, 0x28, 0xf7, 0x71, 0x00, 0x3b, 0x00, 0x00, 0x00, 0x0b, 0x03,
    0x22, 0x06, 0x59, 0x00, 0x12, 0x07, 0x70, 0x20, 0xdc, 0x00, 0x76, 0x00,
    0x5b, 0x62, 0x65, 0x00, 0x5b, 0x65, 0x6a, 0x00, 0x71, 0x00, 0x63, 0x01,
    0x00, 0x00, 0x0c, 0x07, 0x5b, 0x67, 0x67, 0x00, 0x71, 0x00, 0x6b, 0x01,
    0x00, 0x00, 0x0c, 0x07, 0x5b, 0x67, 0x69, 0x00, 0x21, 0x27, 0x71, 0x10,
    0x8a, 0x01, 0x07, 0x00, 0x0c, 0x07, 0x5b, 0x67, 0x5e, 0x00, 0x21, 0x57,
    0x71, 0x10, 0x8a, 0x01, 0x07, 0x00, 0x0c, 0x07, 0x5b, 0x67, 0x5f, 0x00,
    0x71, 0x00, 0x61, 0x01, 0x00, 0x00, 0x0c, 0x07, 0x71, 0x20, 0x91, 0x01,
    0x27, 0x00, 0x0c, 0x07, 0x5b, 0x67, 0x63, 0x00, 0x71, 0x00, 0x61, 0x01,
    0x00, 0x00, 0x0c, 0x07, 0x71, 0x00, 0x64, 0x01, 0x00, 0x00, 0x0c, 0x08,
    0x71, 0x30, 0x92, 0x01, 0x87, 0x02, 0x0c, 0x07, 0x5b, 0x67, 0x64, 0x00,
    0x71, 0x00, 0x6a, 0x01, 0x00, 0x00, 0x0c, 0x07, 0x12, 0x58, 0x71, 0x30,
    0x93, 0x01, 0x57, 0x08, 0x0c, 0x07, 0x5b, 0x67, 0x68, 0x00, 0x71, 0x10,
    0x77, 0x01, 0x02, 0x00, 0x0c, 0x02, 0x5b, 0x62, 0x66, 0x00, 0x71, 0x10,
    0x77, 0x01, 0x05, 0x00, 0x0c, 0x02, 0x5b, 0x62, 0x6b, 0x00, 0x71, 0x00,
    0x5f, 0x01, 0x00, 0x00, 0x0c, 0x02, 0x38, 0x02, 0x03, 0x00, 0x28, 0x04,
    0x12, 0x02, 0x23, 0x22, 0x8c, 0x00, 0x5b, 0x62, 0x61, 0x00, 0x54, 0x62,
    0x61, 0x00, 0x71, 0x10, 0x77, 0x01, 0x02, 0x00, 0x0c, 0x02, 0x5b, 0x62,
    0x62, 0x00, 0x54, 0x62, 0x61, 0x00, 0x71, 0x10, 0x76, 0x01, 0x02, 0x00,
    0x0c, 0x02, 0x5b, 0x62, 0x5d, 0x00, 0x71, 0x00, 0x5e, 0x01, 0x00, 0x00,
    0x0c, 0x02, 0x54, 0x65, 0x61, 0x00, 0x12, 0x77, 0x71, 0x30, 0x93, 0x01,
    0x52, 0x07, 0x0c, 0x02, 0x5b, 0x62, 0x60, 0x00, 0x22, 0x02, 0x73, 0x00,
    0x1a, 0x05, 0x21, 0x03, 0x70, 0x20, 0xbc, 0x01, 0x52, 0x00, 0x9c, 0x00,
    0x03, 0x00, 0x6e, 0x30, 0xbf, 0x01, 0x02, 0x01, 0x1a, 0x00, 0x0e, 0x00,
    0x6e, 0x20, 0xc0, 0x01, 0x02, 0x00, 0x71, 0x00, 0x3b, 0x00, 0x00, 0x00,
    0x0b, 0x00, 0xbc, 0x30, 0x6e, 0x30, 0xbf, 0x01, 0x02, 0x01, 0x1a, 0x00,
    0x0d, 0x00, 0x6e, 0x20, 0xc0, 0x01, 0x02, 0x00, 0x6e, 0x10, 0xc1, 0x01,
    0x02, 0x00, 0x0c, 0x00, 0x1a, 0x01, 0x3e, 0x00, 0x71, 0x20, 0x41, 0x00,
    0x01, 0x00, 0x11, 0x06, 0x0e, 0x00, 0x05, 0x00, 0x06, 0x00, 0x00, 0x00,
    0x3a, 0x98, 0x00, 0x00, 0x35, 0x00, 0x00, 0x00, 0x62, 0x00, 0xd9, 0x00,
    0x46, 0x00, 0x00, 0x0a, 0x21, 0x01, 0x12, 0x12, 0xb0, 0x21, 0x23, 0x18,
    0x89, 0x00, 0x1a, 0x01, 0xf4, 0x01, 0x12, 0xf3, 0x71, 0x40, 0x01, 0x01,
    0xa1, 0xd3, 0x0c, 0x01, 0x12, 0x03, 0x4d, 0x01, 0x08, 0x03, 0x21, 0x01,
    0x35, 0x12, 0x0d, 0x00, 0x46, 0x01, 0x00, 0x02, 0x71, 0x40, 0x01, 0x01,
    0xa1, 0xd2, 0x0c, 0x01, 0x4d, 0x01, 0x08, 0x02, 0xd8, 0x02, 0x02, 0x01,
    0x28, 0xf3, 0x21, 0x01, 0x46, 0x00, 0x00, 0x03, 0x71, 0x40, 0x01, 0x01,
    0xa0, 0xd3, 0x0c, 0x0a, 0x4d, 0x0a, 0x08, 0x01, 0x1a, 0x03, 0xb3, 0x00,
    0x12, 0x07, 0x07, 0x94, 0x07, 0xb5, 0x01, 0xc6, 0x77, 0x06, 0xff, 0x00,
    0x03, 0x00, 0x0c, 0x09, 0x11, 0x09, 0x00, 0x00, 0x13, 0x00, 0x00, 0x00,
    0x06, 0x00, 0x00, 0x00, 0x49, 0x98, 0x00, 0x00, 0x28, 0x01, 0x00, 0x00,
    0x22, 0x00, 0x77, 0x00, 0x70, 0x10, 0xc7, 0x01, 0x00, 0x00, 0x1a, 0x01,
    0xe8, 0x01, 0x13, 0x02, 0x11, 0x0e, 0x71, 0x20, 0x0a, 0x01, 0x21, 0x00,
    0x0c, 0x01, 0x6e, 0x20, 0xca, 0x01, 0x10, 0x00, 0x71, 0x10, 0x40, 0x01,
    0x00, 0x00, 0x1a, 0x01, 0xf5, 0x01, 0x12, 0xf2, 0x1a, 0x03, 0xf7, 0x02,
    0x12, 0x04, 0x13, 0x05, 0xe7, 0x03, 0x71, 0x55, 0x02, 0x01, 0x21, 0x43,
    0x0c, 0x01, 0x6e, 0x20, 0xca, 0x01, 0x10, 0x00, 0x1a, 0x01, 0xf5, 0x02,
    0x1a, 0x03, 0x63, 0x00, 0x12, 0x16, 0x71, 0x56, 0x4b, 0x01, 0x63, 0x41,
    0x0c, 0x01, 0x6e, 0x20, 0xca, 0x01, 0x10, 0x00, 0x1a, 0x01, 0xf6, 0x02,
    0x1a, 0x03, 0x1c, 0x04, 0x12, 0x27, 0x71, 0x56, 0x4b, 0x01, 0x73, 0x41,
    0x0c, 0x01, 0x6e, 0x20, 0xca, 0x01, 0x10, 0x00, 0x1a, 0x01, 0xf4, 0x02,
    0x1a, 0x03, 0x70, 0x01, 0x12, 0x38, 0x71, 0x56, 0x4b, 0x01, 0x83, 0x41,
    0x0c, 0x01, 0x6e, 0x20, 0xca, 0x01, 0x10, 0x00, 0x1a, 0x01, 0xf3, 0x02,
    0x1a, 0x03, 0xb9, 0x00, 0x12, 0x49, 0x71, 0x56, 0x4b, 0x01, 0x93, 0x41,
    0x0c, 0x01, 0x6e, 0x20, 0xca, 0x01, 0x10, 0x00, 0x13, 0x01, 0x28, 0x00,
    0x1a, 0x03, 0x86, 0x01, 0x12, 0x5a, 0x12, 0x0b, 0x71, 0x55, 0x4b, 0x01,
    0xa3, 0x1b, 0x0c, 0x01, 0x6e, 0x20, 0xca, 0x01, 0x10, 0x00, 0x13, 0x01,
    0xc1, 0x0d, 0x1a, 0x03, 0x8f, 0x00, 0x12, 0x6c, 0x71, 0x56, 0x4b, 0x01,
    0xc3, 0x1b, 0x0c, 0x01, 0x6e, 0x20, 0xca, 0x01, 0x10, 0x00, 0x12, 0x71,
    0x1a, 0x03, 0xf1, 0x02, 0x1a, 0x0d, 0x22, 0x00, 0x71, 0x56, 0x4b, 0x01,
    0x1d, 0x43, 0x0c, 0x01, 0x6e, 0x20, 0xca, 0x01, 0x10, 0x00, 0x13, 0x01,
    0x08, 0x00, 0x13, 0x03, 0xe7, 0x00, 0x1a, 0x0d, 0x28, 0x00, 0x71, 0x56,
    0x4b, 0x01, 0x1d, 0x3b, 0x0c, 0x01, 0x6e, 0x20, 0xca, 0x01, 0x10, 0x00,
    0x13, 0x01, 0x09, 0x00, 0x1a, 0x03, 0xf9, 0x02, 0x1a, 0x0d, 0xc4, 0x01,
    0x71, 0x55, 0x4b, 0x01, 0x1d, 0x43, 0x0c, 0x01, 0x6e, 0x20, 0xca, 0x01,
    0x10, 0x00, 0x13, 0x01, 0x0a, 0x00, 0x1a, 0x03, 0xf2, 0x02, 0x1a, 0x0d,
    0x37, 0x00, 0x71, 0x55, 0x4b, 0x01, 0x1d, 0x43, 0x0c, 0x01, 0x6e, 0x20,
    0xca, 0x01, 0x10, 0x00, 0x13, 0x01, 0x1d, 0x00, 0x1a, 0x03, 0xa7, 0x01,
    0x71, 0x55, 0x4b, 0x01, 0x43, 0x1b, 0x0c, 0x01, 0x6e, 0x20, 0xca, 0x01,
    0x10, 0x00, 0x23, 0xc1, 0x89, 0x00, 0x1a, 0x05, 0xf4, 0x01, 0x71, 0x20,
    0x08, 0x01, 0x25, 0x00, 0x0c, 0x0b, 0x4d, 0x0b, 0x01, 0x04, 0x1a, 0x0b,
    0x58, 0x00, 0x71, 0x20, 0x08, 0x01, 0x6b, 0x00, 0x0c, 0x0b, 0x4d, 0x0b,
    0x01, 0x06, 0x1a, 0x0b, 0x81, 0x01, 0x71, 0x20, 0x08, 0x01, 0x7b, 0x00,
    0x0c, 0x0b, 0x4d, 0x0b, 0x01, 0x07, 0x1a, 0x07, 0x83, 0x01, 0x71, 0x20,
    0x08, 0x01, 0x87, 0x00, 0x0c, 0x07, 0x4d, 0x07, 0x01, 0x08, 0x1a, 0x07,
    0x65, 0x00, 0x71, 0x20, 0x08, 0x01, 0x97, 0x00, 0x0c, 0x07, 0x4d, 0x07,
    0x01, 0x09, 0x71, 0x20, 0x08, 0x01, 0x43, 0x00, 0x0c, 0x03, 0x4d, 0x03,
    0x01, 0x0a, 0x13, 0x10, 0x00, 0x00, 0x13, 0x11, 0x01, 0x00, 0x1a, 0x0d,
    0x6e, 0x01, 0x1a, 0x0e, 0x92, 0x01, 0x1a, 0x0f, 0xf8, 0x02, 0x08, 0x12,
    0x01, 0x00, 0x77, 0x06, 0xff, 0x00, 0x0d, 0x00, 0x0c, 0x01, 0x6e, 0x20,
    0xca, 0x01, 0x10, 0x00, 0x62, 0x01, 0xa4, 0x00, 0x21, 0x11, 0xb0, 0x61,
    0x23, 0x1c, 0x89, 0x00, 0x71, 0x20, 0xfd, 0x00, 0x25, 0x00, 0x0c, 0x01,
    0x4d, 0x01, 0x0c, 0x04, 0x62, 0x01, 0xa4, 0x00, 0x21, 0x12, 0x35, 0x26,
    0x0d, 0x00, 0x46, 0x01, 0x01, 0x06, 0x71, 0x20, 0xfd, 0x00, 0x61, 0x00,
    0x0c, 0x01, 0x4d, 0x01, 0x0c, 0x06, 0xd8, 0x06, 0x06, 0x01, 0x28, 0xf1,
    0x21, 0x12, 0x46, 0x01, 0x01, 0x04, 0x71, 0x20, 0xfd, 0x00, 0x41, 0x00,
    0x0c, 0x01, 0x4d, 0x01, 0x0c, 0x02, 0x12, 0x3a, 0x12, 0x2b, 0x1a, 0x07,
    0x2f, 0x00, 0x1a, 0x08, 0x3b, 0x00, 0x12, 0x09, 0x77, 0x06, 0xff, 0x00,
    0x07, 0x00, 0x0c, 0x01, 0x6e, 0x20, 0xca, 0x01, 0x10, 0x00, 0x23, 0x41,
    0x89, 0x00, 0x6e, 0x20, 0xd0, 0x01, 0x10, 0x00, 0x0c, 0x00, 0x1f, 0x00,
    0x89, 0x00, 0x11, 0x00, 0x01, 0x00, 0x01, 0x00, 0x01, 0x00, 0x00, 0x00,
    0x02, 0x98, 0x00, 0x00, 0x05, 0x00, 0x00, 0x00, 0x71, 0x10, 0x42, 0x01,
    0x00, 0x00, 0x0a, 0x00, 0x0f, 0x00, 0x00, 0x00, 0x02, 0x00, 0x01, 0x00,
    0x01, 0x00, 0x00, 0x00, 0x6b, 0x98, 0x00, 0x00, 0x10, 0x00, 0x00, 0x00,
    0x71, 0x10, 0x4c, 0x01, 0x01, 0x00, 0x0a, 0x01, 0x15, 0x00, 0x1b, 0x44,
    0x2e, 0x01, 0x01, 0x00, 0x3b, 0x01, 0x05, 0x00, 0x15, 0x01, 0xb4, 0x42,
    0x0f, 0x01, 0x15, 0x01, 0x0c, 0x43, 0x0f, 0x01, 0x02, 0x00, 0x01, 0x00,
    0x01, 0x00, 0x00, 0x00, 0x71, 0x98, 0x00, 0x00, 0x0b, 0x00, 0x00, 0x00,
    0x71, 0x10, 0xa0, 0x01, 0x01, 0x00, 0x0a, 0x01, 0x15, 0x00, 0x48, 0x43,
    0xc7, 0x01, 0x15, 0x00, 0x68, 0x42, 0xc7, 0x01, 0x0f, 0x01, 0x00, 0x00,
    0x04, 0x00, 0x01, 0x00, 0x02, 0x00, 0x00, 0x00, 0x77, 0x98, 0x00, 0x00,
    0x3a, 0x00, 0x00, 0x00, 0x60, 0x00, 0xf1, 0x00, 0x12, 0x01, 0x2d, 0x00,
    0x00, 0x01, 0x39, 0x00, 0x32, 0x00, 0x6e, 0x10, 0x03, 0x00, 0x03, 0x00,
    0x0c, 0x03, 0x6e, 0x10, 0x18, 0x00, 0x03, 0x00, 0x0c, 0x03, 0x52, 0x30,
    0x07, 0x00, 0x52, 0x31, 0x06, 0x00, 0x71, 0x20, 0xad, 0x01, 0x10, 0x00,
    0x0a, 0x00, 0x82, 0x00, 0x52, 0x31, 0x07, 0x00, 0x52, 0x32, 0x06, 0x00,
    0x71, 0x20, 0xab, 0x01, 0x21, 0x00, 0x0a, 0x01, 0x82, 0x11, 0x15, 0x02,
    0x0c, 0x44, 0xc9, 0x20, 0x14, 0x02, 0x33, 0x33, 0x73, 0x3f, 0x52, 0x33,
    0x05, 0x00, 0xc8, 0x23, 0x71, 0x20, 0xaa, 0x01, 0x30, 0x00, 0x0a, 0x03,
    0x15, 0x00, 0x3e, 0x44, 0xc9, 0x01, 0x71, 0x20, 0xac, 0x01, 0x13, 0x00,
    0x0a, 0x03, 0x67, 0x03, 0xf1, 0x00, 0x60, 0x03, 0xf1, 0x00, 0x0f, 0x03,
    0x03, 0x00, 0x01, 0x00, 0x02, 0x00, 0x00, 0x00, 0x83, 0x98, 0x00, 0x00,
    0x17, 0x00, 0x00, 0x00, 0x6e, 0x10, 0x03, 0x00, 0x02, 0x00, 0x0c, 0x00,
    0x6e, 0x10, 0x18, 0x00, 0x00, 0x00, 0x0c, 0x00, 0x52, 0x01, 0x07, 0x00,
    0x52, 0x00, 0x06, 0x00, 0x71, 0x20, 0xab, 0x01, 0x01, 0x00, 0x0a, 0x00,
    0x82, 0x00, 0x71, 0x10, 0x9d, 0x01, 0x02, 0x00, 0x0a, 0x02, 0xc9, 0x20,
    0x0f, 0x00, 0x00, 0x00, 0x03, 0x00, 0x03, 0x00, 0x03, 0x00, 0x00, 0x00,
    0xa7, 0x96, 0x00, 0x00, 0x05, 0x00, 0x00, 0x00, 0x71, 0x30, 0x4a, 0x01,
    0x10, 0x02, 0x0a, 0x00, 0x0f, 0x00, 0x00, 0x00, 0x01, 0x00, 0x00, 0x00,
    0x00, 0x00, 0x00, 0x00, 0xca, 0x96, 0x00, 0x00, 0x03, 0x00, 0x00, 0x00,
    0x60, 0x00, 0xe5, 0x00, 0x0f, 0x00, 0x00, 0x00, 0x02, 0x00, 0x02, 0x00,
    0x02, 0x00, 0x00, 0x00, 0x67, 0x96, 0x00, 0x00, 0x05, 0x00, 0x00, 0x00,
    0x71, 0x20, 0x3f, 0x01, 0x10, 0x00, 0x0a, 0x00, 0x0f, 0x00, 0x00, 0x00,
    0x02, 0x00, 0x02, 0x00, 0x02, 0x00, 0x00, 0x00, 0x67, 0x96, 0x00, 0x00,
    0x05, 0x00, 0x00, 0x00, 0x71, 0x20, 0x7f, 0x01, 0x10, 0x00, 0x0a, 0x00,
    0x0f, 0x00, 0x00, 0x00, 0x04, 0x00, 0x02, 0x00, 0x00, 0x00, 0x00, 0x00,
    0x8a, 0x98, 0x00, 0x00, 0x1a, 0x00, 0x00, 0x00, 0x62, 0x00, 0xe3, 0x00,
    0x38, 0x00, 0x17, 0x00, 0x54, 0x01, 0x67, 0x00, 0x38, 0x01, 0x13, 0x00,
    0x3a, 0x02, 0x11, 0x00, 0x54, 0x01, 0x67, 0x00, 0x21, 0x11, 0x34, 0x12,
    0x03, 0x00, 0x28, 0x0a, 0x54, 0x00, 0x67, 0x00, 0x44, 0x02, 0x00, 0x02,
    0x3d, 0x02, 0x05, 0x00, 0x37, 0x23, 0x03, 0x00, 0x0f, 0x02, 0x0f, 0x03,
    0x04, 0x00, 0x03, 0x00, 0x01, 0x00, 0x00, 0x00, 0x93, 0x98, 0x00, 0x00,
    0x15, 0x00, 0x00, 0x00, 0x35, 0x23, 0x03, 0x00, 0x01, 0x23, 0x82, 0x22,
    0x2e, 0x00, 0x01, 0x02, 0x3b, 0x00, 0x04, 0x00, 0x01, 0x21, 0x28, 0x07,
    0x82, 0x32, 0x2d, 0x03, 0x01, 0x02, 0x3d, 0x03, 0x03, 0x00, 0x28, 0xf9,
    0x71, 0x10, 0xae, 0x01, 0x01, 0x00, 0x0a, 0x01, 0x0f, 0x01, 0x00, 0x00,
    0x04, 0x00, 0x01, 0x00, 0x00, 0x00, 0x00, 0x00, 0x9b, 0x98, 0x00, 0x00,
    0x1e, 0x00, 0x00, 0x00, 0x62, 0x00, 0xe3, 0x00, 0x12, 0x11, 0x38, 0x00,
    0x1a, 0x00, 0x54, 0x02, 0x69, 0x00, 0x38, 0x02, 0x16, 0x00, 0x3a, 0x03,
    0x14, 0x00, 0x54, 0x02, 0x69, 0x00, 0x21, 0x22, 0x34, 0x23, 0x03, 0x00,
    0x28, 0x0d, 0x54, 0x02, 0x69, 0x00, 0x44, 0x02, 0x02, 0x03, 0x35, 0x12,
    0x03, 0x00, 0x0f, 0x01, 0x54, 0x00, 0x69, 0x00, 0x44, 0x03, 0x00, 0x03,
    0x0f, 0x03, 0x0f, 0x01, 0x02, 0x00, 0x01, 0x00, 0x01, 0x00, 0x00, 0x00,
    0xa3, 0x98, 0x00, 0x00, 0x11, 0x00, 0x00, 0x00, 0x71, 0x10, 0x4c, 0x01,
    0x01, 0x00, 0x0a, 0x01, 0x15, 0x00, 0x70, 0x43, 0xc9, 0x01, 0x87, 0x11,
    0x12, 0x20, 0x35, 0x01, 0x03, 0x00, 0x0f, 0x00, 0x12, 0x40, 0x37, 0x01,
    0x03, 0x00, 0x0f, 0x00, 0x0f, 0x01, 0x00, 0x00, 0x02, 0x00, 0x02, 0x00,
    0x01, 0x00, 0x00, 0x00, 0xa9, 0x98, 0x00, 0x00, 0x0a, 0x00, 0x00, 0x00,
    0x71, 0x10, 0x9d, 0x01, 0x00, 0x00, 0x0a, 0x00, 0xc8, 0x01, 0x71, 0x10,
    0xae, 0x01, 0x01, 0x00, 0x0a, 0x00, 0x0f, 0x00, 0x01, 0x00, 0x00, 0x00,
    0x00, 0x00, 0x00, 0x00, 0xca, 0x96, 0x00, 0x00, 0x03, 0x00, 0x00, 0x00,
    0x62, 0x00, 0xed, 0x00, 0x11, 0x00, 0x00, 0x00, 0x01, 0x00, 0x01, 0x00,
    0x01, 0x00, 0x00, 0x00, 0x02, 0x98, 0x00, 0x00, 0x05, 0x00, 0x00, 0x00,
    0x71, 0x10, 0x43, 0x01, 0x00, 0x00, 0x0c, 0x00, 0x11, 0x00, 0x00, 0x00,
    0x08, 0x00, 0x01, 0x00, 0x02, 0x00, 0x00, 0x00, 0xb0, 0x98, 0x00, 0x00,
    0x31, 0x00, 0x00, 0x00, 0x62, 0x00, 0xf7, 0x00, 0x54, 0x77, 0x68, 0x00,
    0x12, 0x11, 0x46, 0x07, 0x07, 0x01, 0x21, 0x71, 0x12, 0x02, 0x01, 0x23,
    0x01, 0x34, 0x35, 0x13, 0x0d, 0x00, 0x44, 0x05, 0x07, 0x03, 0x60, 0x06,
    0xf4, 0x00, 0x34, 0x65, 0x04, 0x00, 0xd8, 0x04, 0x04, 0x01, 0xd8, 0x03,
    0x03, 0x01, 0x28, 0xf4, 0x21, 0x01, 0xb0, 0x41, 0x71, 0x20, 0xd1, 0x01,
    0x10, 0x00, 0x0c, 0x01, 0x21, 0x00, 0x21, 0x73, 0x35, 0x32, 0x10, 0x00,
    0x44, 0x04, 0x07, 0x02, 0x60, 0x05, 0xf4, 0x00, 0x34, 0x54, 0x07, 0x00,
    0xd8, 0x05, 0x00, 0x01, 0x4b, 0x04, 0x01, 0x00, 0x01, 0x50, 0xd8, 0x02,
    0x02, 0x01, 0x28, 0xf1, 0x11, 0x01, 0x00, 0x00, 0x06, 0x00, 0x01, 0x00,
    0x00, 0x00, 0x00, 0x00, 0xbd, 0x98, 0x00, 0x00, 0x22, 0x00, 0x00, 0x00,
    0x12, 0x00, 0x12, 0x11, 0x01, 0x03, 0x01, 0x12, 0x21, 0x54, 0x35, 0x42,
    0x0b, 0x00, 0x46, 0x04, 0x05, 0x02, 0x38, 0x04, 0x04, 0x00, 0xd8, 0x03,
    0x03, 0x01, 0xd8, 0x02, 0x02, 0x01, 0x28, 0xf5, 0x23, 0x32, 0x87, 0x00,
    0x21, 0x53, 0x35, 0x31, 0x0e, 0x00, 0x46, 0x03, 0x05, 0x01, 0x38, 0x03,
    0x07, 0x00, 0xd8, 0x03, 0x00, 0x01, 0x4b, 0x01, 0x02, 0x00, 0x01, 0x30,
    0xd8, 0x01, 0x01, 0x01, 0x28, 0xf2, 0x11, 0x02, 0x04, 0x00, 0x01, 0x00,
    0x02, 0x00, 0x00, 0x00, 0xc5, 0x98, 0x00, 0x00, 0x12, 0x00, 0x00, 0x00,
    0xd8, 0x03, 0x03, 0xff, 0x12, 0x00, 0x71, 0x20, 0xab, 0x01, 0x30, 0x00,
    0x0a, 0x03, 0x23, 0x31, 0x87, 0x00, 0x35, 0x30, 0x08, 0x00, 0xd8, 0x02,
    0x00, 0x01, 0x4b, 0x02, 0x01, 0x00, 0x01, 0x20, 0x28, 0xf9, 0x11, 0x01,
    0x0b, 0x00, 0x02, 0x00, 0x02, 0x00, 0x00, 0x00, 0xcc, 0x98, 0x00, 0x00,
    0x4e, 0x00, 0x00, 0x00, 0x13, 0x00, 0x0b, 0x00, 0x23, 0x01, 0x87, 0x00,
    0x12, 0x02, 0x39, 0x09, 0x04, 0x00, 0x01, 0x23, 0x28, 0x07, 0x21, 0x93,
    0x21, 0xa4, 0x71, 0x20, 0xad, 0x01, 0x43, 0x00, 0x0a, 0x03, 0x12, 0x14,
    0x01, 0x45, 0x35, 0x35, 0x14, 0x00, 0x48, 0x06, 0x09, 0x05, 0xd5, 0x66,
    0xff, 0x00, 0x35, 0x06, 0x0b, 0x00, 0x46, 0x07, 0x0a, 0x05, 0x38, 0x07,
    0x07, 0x00, 0x44, 0x07, 0x01, 0x06, 0xb0, 0x47, 0x4b, 0x07, 0x01, 0x06,
    0xd8, 0x05, 0x05, 0x01, 0x28, 0xed, 0x23, 0x05, 0x8d, 0x00, 0x35, 0x02,
    0x0b, 0x00, 0x44, 0x06, 0x01, 0x02, 0x23, 0x66, 0x87, 0x00, 0x4d, 0x06,
    0x05, 0x02, 0xd8, 0x02, 0x02, 0x01, 0x28, 0xf6, 0x23, 0x01, 0x87, 0x00,
    0x35, 0x34, 0x19, 0x00, 0x48, 0x02, 0x09, 0x04, 0xd5, 0x22, 0xff, 0x00,
    0x35, 0x02, 0x10, 0x00, 0x46, 0x06, 0x0a, 0x04, 0x38, 0x06, 0x0c, 0x00,
    0x46, 0x06, 0x05, 0x02, 0x44, 0x07, 0x01, 0x02, 0xd8, 0x08, 0x07, 0x01,
    0x4b, 0x08, 0x01, 0x02, 0x4b, 0x04, 0x06, 0x07, 0xd8, 0x04, 0x04, 0x01,
    0x28, 0xe8, 0x11, 0x05, 0x0b, 0x00, 0x03, 0x00, 0x02, 0x00, 0x00, 0x00,
    0xdb, 0x98, 0x00, 0x00, 0x4c, 0x00, 0x00, 0x00, 0x23, 0xa0, 0x87, 0x00,
    0x12, 0x01, 0x39, 0x08, 0x04, 0x00, 0x01, 0x12, 0x28, 0x07, 0x21, 0x82,
    0x21, 0x93, 0x71, 0x20, 0xad, 0x01, 0x32, 0x00, 0x0a, 0x02, 0x12, 0x13,
    0x01, 0x34, 0x35, 0x24, 0x14, 0x00, 0x48, 0x05, 0x08, 0x04, 0xd5, 0x55,
    0xff, 0x00, 0x35, 0xa5, 0x0b, 0x00, 0x46, 0x06, 0x09, 0x04, 0x38, 0x06,
    0x07, 0x00, 0x44, 0x06, 0x00, 0x05, 0xb0, 0x36, 0x4b, 0x06, 0x00, 0x05,
    0xd8, 0x04, 0x04, 0x01, 0x28, 0xed, 0x23, 0xa4, 0x8d, 0x00, 0x35, 0xa1,
    0x0b, 0x00, 0x44, 0x05, 0x00, 0x01, 0x23, 0x55, 0x87, 0x00, 0x4d, 0x05,
    0x04, 0x01, 0xd8, 0x01, 0x01, 0x01, 0x28, 0xf6, 0x23, 0xa0, 0x87, 0x00,
    0x35, 0x23, 0x19, 0x00, 0x48, 0x01, 0x08, 0x03, 0xd5, 0x11, 0xff, 0x00,
    0x35, 0xa1, 0x10, 0x00, 0x46, 0x05, 0x09, 0x03, 0x38, 0x05, 0x0c, 0x00,
    0x46, 0x05, 0x04, 0x01, 0x44, 0x06, 0x00, 0x01, 0xd8, 0x07, 0x06, 0x01,
    0x4b, 0x07, 0x00, 0x01, 0x4b, 0x03, 0x05, 0x06, 0xd8, 0x03, 0x03, 0x01,
    0x28, 0xe8, 0x11, 0x04, 0x0f, 0x00, 0x03, 0x00, 0x02, 0x00, 0x00, 0x00,
    0xeb, 0x98, 0x00, 0x00, 0x7b, 0x00, 0x00, 0x00, 0x13, 0x00, 0x0b, 0x00,
    0x23, 0x01, 0x8f, 0x00, 0x12, 0x02, 0x01, 0x23, 0x35, 0x03, 0x74, 0x00,
    0x62, 0x04, 0xd9, 0x00, 0x46, 0x04, 0x04, 0x03, 0x21, 0x44, 0x23, 0x45,
    0x87, 0x00, 0x38, 0x0c, 0x11, 0x00, 0x39, 0x0d, 0x03, 0x00, 0x28, 0x0d,
    0x21, 0xc6, 0x21, 0xd7, 0x71, 0x20, 0xad, 0x01, 0x76, 0x00, 0x0a, 0x06,
    0x21, 0xe7, 0x71, 0x20, 0xad, 0x01, 0x76, 0x00, 0x0a, 0x06, 0x28, 0x02,
    0x01, 0x26, 0x12, 0x17, 0x01, 0x78, 0x35, 0x68, 0x1d, 0x00, 0x48, 0x09,
    0x0c, 0x08, 0xd5, 0x99, 0xff, 0x00, 0x33, 0x39, 0x14, 0x00, 0x46, 0x09,
    0x0e, 0x08, 0x39, 0x09, 0x03, 0x00, 0x28, 0x0e, 0x48, 0x09, 0x0d, 0x08,
    0xd5, 0x99, 0xff, 0x00, 0x35, 0x49, 0x03, 0x00, 0x28, 0x02, 0x01, 0x29,
    0x44, 0x0a, 0x05, 0x09, 0xb0, 0x7a, 0x4b, 0x0a, 0x05, 0x09, 0xd8, 0x08,
    0x08, 0x01, 0x28, 0xe4, 0x23, 0x48, 0x8d, 0x00, 0x4d, 0x08, 0x01, 0x03,
    0x01, 0x28, 0x35, 0x48, 0x0d, 0x00, 0x46, 0x09, 0x01, 0x03, 0x44, 0x0a,
    0x05, 0x08, 0x23, 0xaa, 0x87, 0x00, 0x4d, 0x0a, 0x09, 0x08, 0xd8, 0x08,
    0x08, 0x01, 0x28, 0xf4, 0x23, 0x45, 0x87, 0x00, 0x35, 0x67, 0x23, 0x00,
    0x48, 0x08, 0x0c, 0x07, 0xd5, 0x88, 0xff, 0x00, 0x33, 0x38, 0x1a, 0x00,
    0x46, 0x08, 0x0e, 0x07, 0x39, 0x08, 0x03, 0x00, 0x28, 0x14, 0x48, 0x08,
    0x0d, 0x07, 0xd5, 0x88, 0xff, 0x00, 0x34, 0x48, 0x03, 0x00, 0x01, 0x28,
    0x46, 0x09, 0x01, 0x03, 0x46, 0x09, 0x09, 0x08, 0x44, 0x0a, 0x05, 0x08,
    0xd8, 0x0b, 0x0a, 0x01, 0x4b, 0x0b, 0x05, 0x08, 0x4b, 0x07, 0x09, 0x0a,
    0xd8, 0x07, 0x07, 0x01, 0x28, 0xde, 0xd8, 0x03, 0x03, 0x01, 0x28, 0x8d,
    0x11, 0x01, 0x00, 0x00, 0x02, 0x00, 0x02, 0x00, 0x02, 0x00, 0x00, 0x00,
    0x67, 0x96, 0x00, 0x00, 0x05, 0x00, 0x00, 0x00, 0x71, 0x20, 0x80, 0x01,
    0x10, 0x00, 0x0c, 0x00, 0x11, 0x00, 0x00, 0x00, 0x01, 0x00, 0x01, 0x00,
    0x01, 0x00, 0x00, 0x00, 0x02, 0x98, 0x00, 0x00, 0x05, 0x00, 0x00, 0x00,
    0x71, 0x10, 0x51, 0x01, 0x00, 0x00, 0x0c, 0x00, 0x11, 0x00, 0x00, 0x00,
    0x06, 0x00, 0x01, 0x00, 0x02, 0x00, 0x00, 0x00, 0x01, 0x99, 0x00, 0x00,
    0x59, 0x00, 0x00, 0x00, 0x39, 0x05, 0x05, 0x00, 0x1a, 0x05, 0x00, 0x00,
    0x11, 0x05, 0x12, 0x00, 0x12, 0x11, 0x01, 0x02, 0x01, 0x13, 0x6e, 0x10,
    0xb4, 0x01, 0x05, 0x00, 0x0a, 0x04, 0x35, 0x42, 0x12, 0x00, 0x38, 0x03,
    0x10, 0x00, 0x6e, 0x20, 0xb1, 0x01, 0x25, 0x00, 0x0a, 0x03, 0x13, 0x04,
    0x80, 0x00, 0x35, 0x43, 0x04, 0x00, 0x01, 0x13, 0x28, 0x02, 0x01, 0x03,
    0xd8, 0x02, 0x02, 0x01, 0x28, 0xeb, 0x38, 0x03, 0x09, 0x00, 0x62, 0x00,
    0xfe, 0x00, 0x6e, 0x20, 0xb7, 0x01, 0x05, 0x00, 0x0c, 0x05, 0x11, 0x05,
    0x62, 0x01, 0xfd, 0x00, 0x71, 0x20, 0xc6, 0x01, 0x15, 0x00, 0x0c, 0x05,
    0x22, 0x01, 0x73, 0x00, 0x6e, 0x10, 0xb4, 0x01, 0x05, 0x00, 0x0a, 0x02,
    0x70, 0x20, 0xbb, 0x01, 0x21, 0x00, 0x6e, 0x10, 0xb4, 0x01, 0x05, 0x00,
    0x0a, 0x02, 0x35, 0x20, 0x13, 0x00, 0x6e, 0x20, 0xb1, 0x01, 0x05, 0x00,
    0x0a, 0x02, 0x71, 0x10, 0xa6, 0x01, 0x02, 0x00, 0x0a, 0x03, 0x12, 0x64,
    0x32, 0x43, 0x05, 0x00, 0x6e, 0x20, 0xbd, 0x01, 0x21, 0x00, 0xd8, 0x00,
    0x00, 0x01, 0x28, 0xea, 0x6e, 0x10, 0xc1, 0x01, 0x01, 0x00, 0x0c, 0x05,
    0x62, 0x00, 0xfe, 0x00, 0x6e, 0x20, 0xb7, 0x01, 0x05, 0x00, 0x0c, 0x05,
    0x11, 0x05, 0x00, 0x00, 0x05, 0x00, 0x02, 0x00, 0x00, 0x00, 0x00, 0x00,
    0x11, 0x99, 0x00, 0x00, 0x2a, 0x00, 0x00, 0x00, 0x12, 0x20, 0x12, 0x11,
    0x33, 0x13, 0x05, 0x00, 0x60, 0x02, 0xf4, 0x00, 0x28, 0x08, 0x33, 0x03,
    0x05, 0x00, 0x60, 0x02, 0xf3, 0x00, 0x28, 0x03, 0x60, 0x02, 0xf2, 0x00,
    0x33, 0x13, 0x05, 0x00, 0x62, 0x03, 0xe9, 0x00, 0x28, 0x08, 0x33, 0x03,
    0x05, 0x00, 0x62, 0x03, 0xe8, 0x00, 0x28, 0x03, 0x62, 0x03, 0xea, 0x00,
    0x12, 0x00, 0x3a, 0x02, 0x0e, 0x00, 0x34, 0x24, 0x0c, 0x00, 0x39, 0x03,
    0x03, 0x00, 0x28, 0x08, 0xb1, 0x24, 0x21, 0x31, 0x35, 0x14, 0x05, 0x00,
    0x46, 0x03, 0x03, 0x04, 0x11, 0x03, 0x11, 0x00, 0x02, 0x00, 0x01, 0x00,
    0x00, 0x00, 0x00, 0x00, 0x1c, 0x99, 0x00, 0x00, 0x09, 0x00, 0x00, 0x00,
    0x13, 0x00, 0x0f, 0x00, 0x33, 0x01, 0x05, 0x00, 0x1a, 0x01, 0xf0, 0x02,
    0x11, 0x01, 0x12, 0x01, 0x11, 0x01, 0x00, 0x00, 0x03, 0x00, 0x02, 0x00,
    0x02, 0x00, 0x00, 0x00, 0x22, 0x99, 0x00, 0x00, 0x23, 0x00, 0x00, 0x00,
    0x6e, 0x10, 0xfc, 0x00, 0x01, 0x00, 0x0a, 0x01, 0x38, 0x01, 0x14, 0x00,
    0x22, 0x01, 0x73, 0x00, 0x70, 0x10, 0xba, 0x01, 0x01, 0x00, 0x6e, 0x20,
    0xbe, 0x01, 0x21, 0x00, 0x1a, 0x02, 0x0b, 0x00, 0x6e, 0x20, 0xc0, 0x01,
    0x21, 0x00, 0x6e, 0x10, 0xc1, 0x01, 0x01, 0x00, 0x0c, 0x01, 0x11, 0x01,
    0x22, 0x01, 0x73, 0x00, 0x1a, 0x00, 0x13, 0x04, 0x70, 0x20, 0xbc, 0x01,
    0x01, 0x00, 0x6e, 0x20, 0xbe, 0x01, 0x21, 0x00, 0x28, 0xf1, 0x00, 0x00,
    0x04, 0x00, 0x02, 0x00, 0x02, 0x00, 0x00, 0x00, 0x29, 0x99, 0x00, 0x00,
    0x14, 0x00, 0x00, 0x00, 0x22, 0x00, 0x73, 0x00, 0x70, 0x10, 0xba, 0x01,
    0x00, 0x00, 0x62, 0x01, 0xd6, 0x00, 0x46, 0x02, 0x01, 0x02, 0x6e, 0x20,
    0xc0, 0x01, 0x20, 0x00, 0x6e, 0x20, 0xbe, 0x01, 0x30, 0x00, 0x6e, 0x10,
    0xc1, 0x01, 0x00, 0x00, 0x0c, 0x02, 0x11, 0x02, 0x01, 0x00, 0x00, 0x00,
    0x00, 0x00, 0x00, 0x00, 0xca, 0x96, 0x00, 0x00, 0x03, 0x00, 0x00, 0x00,
    0x62, 0x00, 0xdd, 0x00, 0x11, 0x00, 0x00, 0x00, 0x01, 0x00, 0x01, 0x00,
    0x01, 0x00, 0x00, 0x00, 0x02, 0x98, 0x00, 0x00, 0x05, 0x00, 0x00, 0x00,
    0x71, 0x10, 0x77, 0x01, 0x00, 0x00, 0x0c, 0x00, 0x11, 0x00, 0x00, 0x00,
    0x04, 0x00, 0x01, 0x00, 0x01, 0x00, 0x00, 0x00, 0x30, 0x99, 0x00, 0x00,
    0x13, 0x00, 0x00, 0x00, 0x21, 0x30, 0x23, 0x00, 0x8c, 0x00, 0x12, 0x01,
    0x21, 0x32, 0x35, 0x21, 0x0d, 0x00, 0x46, 0x02, 0x03, 0x01, 0x71, 0x10,
    0x51, 0x01, 0x02, 0x00, 0x0c, 0x02, 0x4d, 0x02, 0x00, 0x01, 0xd8, 0x01,
    0x01, 0x01, 0x28, 0xf3, 0x11, 0x00, 0x00, 0x00, 0x01, 0x00, 0x00, 0x00,
    0x00, 0x00, 0x00, 0x00, 0xca, 0x96, 0x00, 0x00, 0x03, 0x00, 0x00, 0x00,
    0x62, 0x00, 0xcc, 0x00, 0x11, 0x00, 0x00, 0x00, 0x01, 0x00, 0x00, 0x00,
    0x00, 0x00, 0x00, 0x00, 0xca, 0x96, 0x00, 0x00, 0x03, 0x00, 0x00, 0x00,
    0x62, 0x00, 0xeb, 0x00, 0x11, 0x00, 0x00, 0x00, 0x01, 0x00, 0x00, 0x00,
    0x00, 0x00, 0x00, 0x00, 0xca, 0x96, 0x00, 0x00, 0x03, 0x00, 0x00, 0x00,
    0x62, 0x00, 0xee, 0x00, 0x11, 0x00, 0x00, 0x00, 0x1e, 0x00, 0x00, 0x00,
    0x16, 0x00, 0x00, 0x00, 0x37, 0x99, 0x00, 0x00, 0x80, 0x02, 0x00, 0x00,
    0x13, 0x00, 0x0b, 0x00, 0x23, 0x00, 0x8e, 0x00, 0x69, 0x00, 0xd9, 0x00,
    0x1a, 0x05, 0x82, 0x01, 0x1a, 0x06, 0x38, 0x00, 0x1a, 0x01, 0xa7, 0x01,
    0x1a, 0x02, 0x77, 0x01, 0x1a, 0x03, 0xf1, 0x01, 0x1a, 0x04, 0xbd, 0x00,
    0x25, 0x06, 0x8c, 0x00, 0x01, 0x00, 0x0c, 0x01, 0x12, 0x02, 0x4d, 0x01,
    0x00, 0x02, 0x1a, 0x08, 0xbc, 0x00, 0x1a, 0x09, 0x3c, 0x00, 0x1a, 0x03,
    0xa7, 0x01, 0x1a, 0x04, 0x7b, 0x00, 0x1a, 0x05, 0x7c, 0x00, 0x1a, 0x06,
    0x12, 0x01, 0x1a, 0x07, 0x75, 0x01, 0x25, 0x07, 0x8c, 0x00, 0x03, 0x00,
    0x0c, 0x01, 0x12, 0x13, 0x4d, 0x01, 0x00, 0x03, 0x1a, 0x01, 0x11, 0x01,
    0x1a, 0x04, 0x2a, 0x00, 0x1a, 0x05, 0xa7, 0x01, 0x1a, 0x06, 0x27, 0x00,
    0x1a, 0x07, 0x29, 0x00, 0x24, 0x54, 0x8c, 0x00, 0x65, 0x17, 0x0c, 0x01,
    0x12, 0x24, 0x4d, 0x01, 0x00, 0x04, 0x1a, 0x01, 0x4d, 0x00, 0x24, 0x20,
    0x8c, 0x00, 0x15, 0x00, 0x0c, 0x01, 0x12, 0x34, 0x4d, 0x01, 0x00, 0x04,
    0x1a, 0x01, 0xdf, 0x01, 0x1a, 0x04, 0x59, 0x00, 0x1a, 0x06, 0xd7, 0x00,
    0x24, 0x40, 0x8c, 0x00, 0x65, 0x41, 0x0c, 0x01, 0x12, 0x44, 0x4d, 0x01,
    0x00, 0x04, 0x1a, 0x01, 0x33, 0x00, 0x1a, 0x04, 0x92, 0x00, 0x1a, 0x06,
    0xa6, 0x01, 0x1a, 0x07, 0x91, 0x00, 0x24, 0x40, 0x8c, 0x00, 0x76, 0x41,
    0x0c, 0x01, 0x12, 0x54, 0x4d, 0x01, 0x00, 0x04, 0x1a, 0x0c, 0x1a, 0x02,
    0x1a, 0x0d, 0x9b, 0x00, 0x1a, 0x07, 0xa6, 0x01, 0x1a, 0x08, 0xbe, 0x01,
    0x1a, 0x09, 0x6f, 0x01, 0x1a, 0x0a, 0x76, 0x01, 0x1a, 0x0b, 0x3a, 0x00,
    0x25, 0x07, 0x8c, 0x00, 0x07, 0x00, 0x0c, 0x01, 0x12, 0x64, 0x4d, 0x01,
    0x00, 0x04, 0x1a, 0x01, 0x50, 0x00, 0x1a, 0x04, 0x7a, 0x00, 0x1a, 0x07,
    0x2b, 0x00, 0x24, 0x40, 0x8c, 0x00, 0x75, 0x41, 0x0c, 0x01, 0x12, 0x74,
    0x4d, 0x01, 0x00, 0x04, 0x1a, 0x01, 0x51, 0x00, 0x1a, 0x04, 0x19, 0x02,
    0x1a, 0x07, 0x52, 0x00, 0x1a, 0x08, 0xba, 0x01, 0x24, 0x54, 0x8c, 0x00,
    0x76, 0x18, 0x0c, 0x01, 0x13, 0x04, 0x08, 0x00, 0x4d, 0x01, 0x00, 0x04,
    0x1a, 0x01, 0x60, 0x00, 0x1a, 0x04, 0x3b, 0x00, 0x1a, 0x07, 0x67, 0x00,
    0x1a, 0x08, 0x73, 0x01, 0x24, 0x54, 0x8c, 0x00, 0x76, 0x18, 0x0c, 0x01,
    0x13, 0x04, 0x09, 0x00, 0x4d, 0x01, 0x00, 0x04, 0x1a, 0x01, 0xf2, 0x01,
    0x1a, 0x04, 0x88, 0x01, 0x1a, 0x06, 0x36, 0x00, 0x1a, 0x07, 0xb8, 0x01,
    0x24, 0x54, 0x8c, 0x00, 0x65, 0x17, 0x0c, 0x01, 0x13, 0x04, 0x0a, 0x00,
    0x4d, 0x01, 0x00, 0x04, 0x1a, 0x00, 0x83, 0x01, 0x1a, 0x01, 0x65, 0x00,
    0x1a, 0x04, 0x58, 0x00, 0x1a, 0x06, 0x81, 0x01, 0x24, 0x51, 0x8c, 0x00,
    0x45, 0x06, 0x0c, 0x00, 0x69, 0x00, 0xbe, 0x00, 0x1a, 0x09, 0xbc, 0x01,
    0x1a, 0x0a, 0xba, 0x00, 0x1a, 0x04, 0xa7, 0x01, 0x1a, 0x05, 0x3b, 0x00,
    0x1a, 0x06, 0x6d, 0x00, 0x1a, 0x07, 0x60, 0x00, 0x1a, 0x08, 0x95, 0x00,
    0x25, 0x07, 0x8c, 0x00, 0x04, 0x00, 0x0c, 0x00, 0x69, 0x00, 0xa4, 0x00,
    0x22, 0x00, 0x77, 0x00, 0x70, 0x10, 0xc7, 0x01, 0x00, 0x00, 0x69, 0x00,
    0xeb, 0x00, 0x12, 0xf0, 0x67, 0x00, 0xf2, 0x00, 0x67, 0x00, 0xf4, 0x00,
    0x67, 0x00, 0xf3, 0x00, 0x1a, 0x01, 0x4a, 0x03, 0x1a, 0x04, 0x76, 0x02,
    0x1a, 0x05, 0x0d, 0x03, 0x24, 0x30, 0x8c, 0x00, 0x15, 0x04, 0x0c, 0x01,
    0x69, 0x01, 0xd6, 0x00, 0x1a, 0x18, 0x72, 0x00, 0x1a, 0x19, 0xd0, 0x01,
    0x1a, 0x04, 0x6c, 0x00, 0x1a, 0x05, 0xe7, 0x01, 0x1a, 0x06, 0xe6, 0x01,
    0x1a, 0x07, 0xb7, 0x01, 0x1a, 0x08, 0xb5, 0x00, 0x1a, 0x09, 0x74, 0x01,
    0x1a, 0x0a, 0xc7, 0x01, 0x1a, 0x0b, 0x7e, 0x01, 0x1a, 0x0c, 0x20, 0x02,
    0x1a, 0x0d, 0x22, 0x02, 0x1a, 0x0e, 0xcb, 0x01, 0x1a, 0x0f, 0xd8, 0x00,
    0x1a, 0x10, 0x5a, 0x00, 0x1a, 0x11, 0x1e, 0x02, 0x1a, 0x12, 0x35, 0x00,
    0x1a, 0x13, 0xdd, 0x01, 0x1a, 0x14, 0xef, 0x01, 0x1a, 0x15, 0x42, 0x01,
    0x1a, 0x16, 0xcf, 0x01, 0x1a, 0x17, 0xa3, 0x00, 0x25, 0x16, 0x8c, 0x00,
    0x04, 0x00, 0x0c, 0x01, 0x69, 0x01, 0xcd, 0x00, 0x1a, 0x18, 0x5d, 0x00,
    0x1a, 0x19, 0x85, 0x01, 0x1a, 0x04, 0xf3, 0x01, 0x1a, 0x05, 0x64, 0x00,
    0x1a, 0x06, 0xc6, 0x01, 0x1a, 0x07, 0xb7, 0x00, 0x1a, 0x08, 0x96, 0x01,
    0x1a, 0x09, 0x71, 0x01, 0x1a, 0x0a, 0xf6, 0x01, 0x1a, 0x0b, 0xbd, 0x01,
    0x1a, 0x0c, 0x7f, 0x01, 0x1a, 0x0d, 0x21, 0x02, 0x1a, 0x0e, 0xb4, 0x00,
    0x1a, 0x0f, 0xbb, 0x00, 0x1a, 0x10, 0x9d, 0x00, 0x1a, 0x11, 0x4f, 0x00,
    0x1a, 0x12, 0x40, 0x01, 0x1a, 0x13, 0x99, 0x01, 0x1a, 0x14, 0xdc, 0x01,
    0x1a, 0x15, 0x90, 0x00, 0x1a, 0x16, 0xa0, 0x01, 0x1a, 0x17, 0x61, 0x00,
    0x25, 0x16, 0x8c, 0x00, 0x04, 0x00, 0x0c, 0x04, 0x69, 0x04, 0xca, 0x00,
    0x1a, 0x04, 0x18, 0x04, 0x1a, 0x05, 0x15, 0x04, 0x1a, 0x06, 0x16, 0x04,
    0x24, 0x30, 0x8c, 0x00, 0x46, 0x05, 0x0c, 0x07, 0x1a, 0x04, 0x17, 0x04,
    0x24, 0x20, 0x8c, 0x00, 0x46, 0x00, 0x0c, 0x08, 0x24, 0x20, 0x8c, 0x00,
    0x46, 0x00, 0x0c, 0x09, 0x1a, 0x04, 0x41, 0x01, 0x24, 0x10, 0x8c, 0x00,
    0x04, 0x00, 0x0c, 0x0a, 0x24, 0x10, 0x8c, 0x00, 0x04, 0x00, 0x0c, 0x0b,
    0x24, 0x10, 0x8c, 0x00, 0x04, 0x00, 0x0c, 0x0c, 0x24, 0x10, 0x8c, 0x00,
    0x04, 0x00, 0x0c, 0x0d, 0x24, 0x10, 0x8c, 0x00, 0x04, 0x00, 0x0c, 0x0e,
    0x24, 0x10, 0x8c, 0x00, 0x04, 0x00, 0x0c, 0x0f, 0x1a, 0x05, 0x9c, 0x01,
    0x1a, 0x06, 0xd2, 0x01, 0x24, 0x20, 0x8c, 0x00, 0x65, 0x00, 0x0c, 0x10,
    0x24, 0x10, 0x8c, 0x00, 0x04, 0x00, 0x0c, 0x11, 0x24, 0x10, 0x8c, 0x00,
    0x04, 0x00, 0x0c, 0x12, 0x1a, 0x05, 0x94, 0x00, 0x1a, 0x06, 0xf0, 0x01,
    0x1a, 0x03, 0x9c, 0x00, 0x24, 0x30, 0x8c, 0x00, 0x53, 0x06, 0x0c, 0x13,
    0x1a, 0x03, 0x39, 0x00, 0x1a, 0x05, 0x1d, 0x02, 0x1a, 0x06, 0x4e, 0x00,
    0x24, 0x30, 0x8c, 0x00, 0x36, 0x05, 0x0c, 0x14, 0x23, 0x23, 0x8c, 0x00,
    0x1a, 0x05, 0x9d, 0x01, 0x1a, 0x06, 0xf4, 0x01, 0x24, 0x20, 0x8c, 0x00,
    0x65, 0x00, 0x0c, 0x16, 0x24, 0x10, 0x8c, 0x00, 0x04, 0x00, 0x0c, 0x17,
    0x23, 0x25, 0x8c, 0x00, 0x23, 0x22, 0x8c, 0x00, 0x24, 0x10, 0x8c, 0x00,
    0x04, 0x00, 0x0c, 0x1a, 0x1a, 0x06, 0x5c, 0x00, 0x1a, 0x00, 0x80, 0x00,
    0x08, 0x19, 0x02, 0x00, 0x1a, 0x02, 0x7c, 0x01, 0x08, 0x15, 0x03, 0x00,
    0x1a, 0x03, 0xc0, 0x00, 0x24, 0x40, 0x8c, 0x00, 0x06, 0x32, 0x0c, 0x1b,
    0x24, 0x10, 0x8c, 0x00, 0x04, 0x00, 0x0c, 0x1c, 0x08, 0x18, 0x05, 0x00,
    0x25, 0x16, 0x8e, 0x00, 0x07, 0x00, 0x0c, 0x04, 0x69, 0x04, 0xcc, 0x00,
    0x13, 0x04, 0x16, 0x00, 0x23, 0x44, 0x87, 0x00, 0x26, 0x04, 0x72, 0x00,
    0x00, 0x00, 0x69, 0x04, 0xcb, 0x00, 0x24, 0x40, 0x8c, 0x00, 0x06, 0x32,
    0x0c, 0x00, 0x69, 0x00, 0xb3, 0x00, 0x1a, 0x00, 0xe6, 0x02, 0x1a, 0x02,
    0xe4, 0x02, 0x1a, 0x03, 0xe7, 0x02, 0x1a, 0x04, 0xe5, 0x02, 0x24, 0x40,
    0x8c, 0x00, 0x43, 0x20, 0x0c, 0x00, 0x69, 0x00, 0xb4, 0x00, 0x12, 0xf0,
    0x24, 0x20, 0x87, 0x00, 0x00, 0x00, 0x0c, 0x02, 0x69, 0x02, 0xf6, 0x00,
    0x21, 0x10, 0x23, 0x00, 0x87, 0x00, 0x69, 0x00, 0xed, 0x00, 0x22, 0x00,
    0x7b, 0x00, 0x70, 0x10, 0xd3, 0x01, 0x00, 0x00, 0x69, 0x00, 0xf0, 0x00,
    0x22, 0x00, 0x4f, 0x00, 0x13, 0x01, 0x40, 0x00, 0x15, 0x02, 0x40, 0x3f,
    0x12, 0x13, 0x70, 0x40, 0xc6, 0x00, 0x10, 0x32, 0x69, 0x00, 0xe2, 0x00,
    0x22, 0x00, 0x83, 0x00, 0x70, 0x10, 0xe2, 0x01, 0x00, 0x00, 0x69, 0x00,
    0xee, 0x00, 0x22, 0x00, 0x82, 0x00, 0x70, 0x10, 0xe1, 0x01, 0x00, 0x00,
    0x71, 0x10, 0xd2, 0x01, 0x00, 0x00, 0x0c, 0x00, 0x69, 0x00, 0xef, 0x00,
    0x22, 0x00, 0x7b, 0x00, 0x70, 0x10, 0xd3, 0x01, 0x00, 0x00, 0x69, 0x00,
    0xf5, 0x00, 0x1a, 0x00, 0xea, 0x02, 0x1a, 0x01, 0xeb, 0x02, 0x1a, 0x02,
    0xe9, 0x02, 0x1a, 0x03, 0xec, 0x02, 0x24, 0x40, 0x8c, 0x00, 0x32, 0x10,
    0x0c, 0x00, 0x69, 0x00, 0xdc, 0x00, 0x1a, 0x00, 0x25, 0x00, 0x1a, 0x01,
    0x7a, 0x01, 0x1a, 0x02, 0x24, 0x00, 0x1a, 0x03, 0x7b, 0x01, 0x24, 0x40,
    0x8c, 0x00, 0x32, 0x10, 0x0c, 0x00, 0x69, 0x00, 0xdd, 0x00, 0x13, 0x1d,
    0xff, 0xff, 0x67, 0x1d, 0xe5, 0x00, 0x0e, 0x00, 0x00, 0x03, 0x04, 0x00,
    0x16, 0x00, 0x00, 0x00, 0x15, 0x05, 0x00, 0x00, 0x36, 0x00, 0x00, 0x00,
    0x77, 0x09, 0x00, 0x00, 0x1b, 0x0c, 0x00, 0x00, 0x4d, 0x06, 0x00, 0x00,
    0x6d, 0x00, 0x00, 0x00, 0x35, 0x00, 0x00, 0x00, 0x0e, 0x05, 0x00, 0x00,
    0x28, 0x01, 0x00, 0x00, 0xed, 0x01, 0x00, 0x00, 0x2a, 0x01, 0x00, 0x00,
    0x86, 0x04, 0x00, 0x00, 0xdc, 0x04, 0x00, 0x00, 0x0f, 0x11, 0x00, 0x00,
    0x17, 0x0c, 0x00, 0x00, 0x00, 0x00, 0x00, 0x00, 0xb5, 0x0b, 0x00, 0x00,
    0x5c, 0x01, 0x00, 0x00, 0x23, 0x05, 0x00, 0x00, 0x6f, 0x01, 0x00, 0x00,
    0x07, 0x0d, 0x00, 0x00, 0x0b, 0x05, 0x00, 0x00, 0x01, 0x00, 0x01, 0x00,
    0x01, 0x00, 0x00, 0x00, 0xca, 0x96, 0x00, 0x00, 0x04, 0x00, 0x00, 0x00,
    0x70, 0x10, 0xaf, 0x01, 0x00, 0x00, 0x0e, 0x00, 0x03, 0x00, 0x03, 0x00,
    0x03, 0x00, 0x00, 0x00, 0xa7, 0x96, 0x00, 0x00, 0x04, 0x00, 0x00, 0x00,
    0x71, 0x30, 0x4e, 0x01, 0x10, 0x02, 0x0e, 0x00, 0x01, 0x00, 0x01, 0x00,
    0x01, 0x00, 0x00, 0x00, 0x02, 0x98, 0x00, 0x00, 0x04, 0x00, 0x00, 0x00,
    0x71, 0x10, 0x49, 0x01, 0x00, 0x00, 0x0e, 0x00, 0x02, 0x00, 0x02, 0x00,
    0x02, 0x00, 0x00, 0x00, 0x67, 0x96, 0x00, 0x00, 0x04, 0x00, 0x00, 0x00,
    0x71, 0x20, 0x85, 0x01, 0x10, 0x00, 0x0e, 0x00, 0x01, 0x00, 0x01, 0x00,
    0x01, 0x00, 0x00, 0x00, 0x02, 0x98, 0x00, 0x00, 0x04, 0x00, 0x00, 0x00,
    0x71, 0x10, 0x9b, 0x01, 0x00, 0x00, 0x0e, 0x00, 0x05, 0x00, 0x05, 0x00,
    0x05, 0x00, 0x00, 0x00, 0xce, 0x96, 0x00, 0x00, 0x04, 0x00, 0x00, 0x00,
    0x71, 0x54, 0x89, 0x01, 0x10, 0x32, 0x0e, 0x00, 0x02, 0x00, 0x02, 0x00,
    0x02, 0x00, 0x00, 0x00, 0x67, 0x96, 0x00, 0x00, 0x04, 0x00, 0x00, 0x00,
    0x71, 0x20, 0x9a, 0x01, 0x10, 0x00, 0x0e, 0x00, 0x04, 0x00, 0x04, 0x00,
    0x04, 0x00, 0x00, 0x00, 0x8e, 0x99, 0x00, 0x00, 0x04, 0x00, 0x00, 0x00,
    0x71, 0x40, 0x8d, 0x01, 0x10, 0x32, 0x0e, 0x00, 0x05, 0x00, 0x05, 0x00,
    0x05, 0x00, 0x00, 0x00, 0xce, 0x96, 0x00, 0x00, 0x04, 0x00, 0x00, 0x00,
    0x71, 0x54, 0x8e, 0x01, 0x10, 0x32, 0x0e, 0x00, 0x03, 0x00, 0x03, 0x00,
    0x03, 0x00, 0x00, 0x00, 0xa7, 0x96, 0x00, 0x00, 0x04, 0x00, 0x00, 0x00,
    0x71, 0x30, 0x78, 0x01, 0x10, 0x02, 0x0e, 0x00, 0x01, 0x00, 0x01, 0x00,
    0x01, 0x00, 0x00, 0x00, 0x02, 0x98, 0x00, 0x00, 0x04, 0x00, 0x00, 0x00,
    0x71, 0x10, 0x86, 0x01, 0x00, 0x00, 0x0e, 0x00, 0x01, 0x00, 0x01, 0x00,
    0x01, 0x00, 0x00, 0x00, 0x02, 0x98, 0x00, 0x00, 0x04, 0x00, 0x00, 0x00,
    0x71, 0x10, 0x9e, 0x01, 0x00, 0x00, 0x0e, 0x00, 0x03, 0x00, 0x03, 0x00,
    0x03, 0x00, 0x00, 0x00, 0xa7, 0x96, 0x00, 0x00, 0x04, 0x00, 0x00, 0x00,
    0x71, 0x30, 0x50, 0x01, 0x10, 0x02, 0x0e, 0x00, 0x02, 0x00, 0x02, 0x00,
    0x02, 0x00, 0x00, 0x00, 0x67, 0x96, 0x00, 0x00, 0x04, 0x00, 0x00, 0x00,
    0x71, 0x20, 0x9c, 0x01, 0x10, 0x00, 0x0e, 0x00, 0x02, 0x00, 0x02, 0x00,
    0x02, 0x00, 0x00, 0x00, 0x67, 0x96, 0x00, 0x00, 0x04, 0x00, 0x00, 0x00,
    0x71, 0x20, 0x45, 0x01, 0x10, 0x00, 0x0e, 0x00, 0x0d, 0x00, 0x01, 0x00,
    0x04, 0x00, 0x00, 0x00, 0x96, 0x99, 0x00, 0x00, 0x8f, 0x00, 0x00, 0x00,
    0x71, 0x00, 0x66, 0x01, 0x00, 0x00, 0x0c, 0x00, 0x39, 0x00, 0x04, 0x00,
    0x29, 0x00, 0x88, 0x00, 0x22, 0x01, 0x77, 0x00, 0x70, 0x10, 0xc7, 0x01,
    0x01, 0x00, 0x12, 0x02, 0x12, 0x03, 0x07, 0x24, 0x07, 0x45, 0x01, 0x36,
    0xd8, 0x07, 0x06, 0x06, 0xd8, 0x08, 0x06, 0x05, 0x21, 0x09, 0x35, 0x98,
    0x60, 0x00, 0x38, 0x02, 0x1c, 0x00, 0x46, 0x08, 0x00, 0x06, 0x6e, 0x20,
    0xb3, 0x01, 0x82, 0x00, 0x0a, 0x02, 0x39, 0x02, 0x14, 0x00, 0x23, 0x32,
    0x89, 0x00, 0x6e, 0x20, 0xd0, 0x01, 0x21, 0x00, 0x0c, 0x02, 0x1f, 0x02,
    0x89, 0x00, 0x71, 0x30, 0x05, 0x01, 0x54, 0x02, 0x0c, 0x02, 0x6e, 0x20,
    0xca, 0x01, 0x2c, 0x00, 0x6e, 0x10, 0xcb, 0x01, 0x01, 0x00, 0x46, 0x02,
    0x00, 0x06, 0xd8, 0x04, 0x06, 0x01, 0x46, 0x04, 0x00, 0x04, 0xd8, 0x05,
    0x06, 0x02, 0x46, 0x05, 0x00, 0x05, 0xdb, 0x08, 0x06, 0x06, 0x71, 0x10,
    0x67, 0x01, 0x08, 0x00, 0x0c, 0x08, 0x38, 0x08, 0x30, 0x00, 0x21, 0x89,
    0x39, 0x09, 0x03, 0x00, 0x28, 0x2b, 0xd8, 0x09, 0x06, 0x05, 0x46, 0x0a,
    0x00, 0x09, 0x1a, 0x0b, 0x49, 0x03, 0x6e, 0x20, 0xb3, 0x01, 0xab, 0x00,
    0x0a, 0x0a, 0x38, 0x0a, 0x04, 0x00, 0x12, 0x19, 0x28, 0x0e, 0x1a, 0x0a,
    0x74, 0x02, 0x46, 0x09, 0x00, 0x09, 0x6e, 0x20, 0xb3, 0x01, 0x9a, 0x00,
    0x0a, 0x09, 0x38, 0x09, 0x04, 0x00, 0x12, 0x49, 0x28, 0x02, 0x01, 0x39,
    0xd8, 0x0a, 0x06, 0x03, 0x46, 0x0a, 0x00, 0x0a, 0xd8, 0x06, 0x06, 0x04,
    0x46, 0x06, 0x00, 0x06, 0x71, 0x40, 0x04, 0x01, 0x6a, 0x89, 0x0c, 0x06,
    0x6e, 0x20, 0xca, 0x01, 0x61, 0x00, 0x01, 0x76, 0x28, 0x9c, 0x38, 0x02,
    0x17, 0x00, 0x6e, 0x10, 0xcd, 0x01, 0x01, 0x00, 0x0a, 0x00, 0x39, 0x00,
    0x11, 0x00, 0x23, 0x30, 0x89, 0x00, 0x6e, 0x20, 0xd0, 0x01, 0x01, 0x00,
    0x0c, 0x00, 0x1f, 0x00, 0x89, 0x00, 0x71, 0x30, 0x05, 0x01, 0x54, 0x00,
    0x0c, 0x00, 0x6e, 0x20, 0xca, 0x01, 0x0c, 0x00, 0x0e, 0x00, 0x00, 0x00,
    0x04, 0x00, 0x03, 0x00, 0x03, 0x00, 0x00, 0x00, 0xae, 0x99, 0x00, 0x00,
    0x0e, 0x00, 0x00, 0x00, 0x14, 0x00, 0x48, 0xe1, 0xba, 0x3f, 0xc8, 0x03,
    0x71, 0x10, 0x9d, 0x01, 0x01, 0x00, 0x0a, 0x01, 0xc8, 0x13, 0x12, 0x01,
    0x6e, 0x30, 0x98, 0x00, 0x12, 0x03, 0x0e, 0x00, 0x05, 0x00, 0x02, 0x00,
    0x03, 0x00, 0x00, 0x00, 0xb6, 0x99, 0x00, 0x00, 0x3b, 0x00, 0x00, 0x00,
    0x6e, 0x10, 0x07, 0x00, 0x03, 0x00, 0x0a, 0x00, 0x38, 0x00, 0x03, 0x00,
    0x28, 0x2b, 0x22, 0x00, 0x06, 0x00, 0x70, 0x20, 0x09, 0x00, 0x30, 0x00,
    0x1a, 0x01, 0x3d, 0x00, 0x6e, 0x20, 0x0e, 0x00, 0x10, 0x00, 0x0c, 0x00,
    0x6e, 0x20, 0x0b, 0x00, 0x40, 0x00, 0x0c, 0x00, 0x1a, 0x01, 0xa1, 0x01,
    0x12, 0x02, 0x6e, 0x30, 0x0d, 0x00, 0x10, 0x02, 0x0c, 0x00, 0x1a, 0x01,
    0x62, 0x00, 0x6e, 0x30, 0x0c, 0x00, 0x10, 0x02, 0x0c, 0x00, 0x6e, 0x10,
    0x0a, 0x00, 0x00, 0x00, 0x0c, 0x00, 0x6e, 0x10, 0x10, 0x00, 0x00, 0x00,
    0x12, 0xd1, 0x6e, 0x20, 0x0f, 0x00, 0x10, 0x00, 0x0c, 0x00, 0x39, 0x00,
    0x03, 0x00, 0x0e, 0x00, 0x22, 0x01, 0x4e, 0x00, 0x70, 0x30, 0xc4, 0x00,
    0x31, 0x04, 0x6e, 0x20, 0x59, 0x00, 0x10, 0x00, 0x0e, 0x00, 0x00, 0x00,
    0x07, 0x00, 0x01, 0x00, 0x05, 0x00, 0x00, 0x00, 0xc6, 0x99, 0x00, 0x00,
    0x5c, 0x00, 0x00, 0x00, 0x1a, 0x00, 0xe3, 0x02, 0x71, 0x20, 0x94, 0x01,
    0x06, 0x00, 0x0c, 0x00, 0x15, 0x01, 0x20, 0x42, 0x71, 0x30, 0x55, 0x01,
    0x06, 0x01, 0x0c, 0x00, 0x15, 0x02, 0x80, 0x40, 0x71, 0x20, 0x7f, 0x01,
    0x26, 0x00, 0x0a, 0x03, 0x71, 0x20, 0x7f, 0x01, 0x26, 0x00, 0x0a, 0x04,
    0x71, 0x20, 0x7f, 0x01, 0x26, 0x00, 0x0a, 0x05, 0x71, 0x20, 0x7f, 0x01,
    0x26, 0x00, 0x0a, 0x02, 0x6e, 0x52, 0x73, 0x00, 0x30, 0x54, 0x14, 0x02,
    0x97, 0x52, 0x3f, 0xff, 0x14, 0x03, 0x25, 0x16, 0x13, 0xff, 0x71, 0x30,
    0x7a, 0x01, 0x26, 0x03, 0x0c, 0x02, 0x6e, 0x20, 0x6d, 0x00, 0x20, 0x00,
    0x1a, 0x02, 0x80, 0x01, 0x6e, 0x20, 0x6e, 0x00, 0x20, 0x00, 0x22, 0x02,
    0x5a, 0x00, 0x70, 0x20, 0xdd, 0x00, 0x62, 0x00, 0x6e, 0x20, 0x72, 0x00,
    0x20, 0x00, 0x13, 0x02, 0x08, 0x00, 0x6e, 0x20, 0x76, 0x00, 0x20, 0x00,
    0x22, 0x02, 0x32, 0x00, 0x71, 0x20, 0x7f, 0x01, 0x16, 0x00, 0x0a, 0x03,
    0x71, 0x20, 0x7f, 0x01, 0x16, 0x00, 0x0a, 0x01, 0x70, 0x30, 0x63, 0x00,
    0x32, 0x01, 0x14, 0x01, 0x33, 0x00, 0x80, 0x00, 0x59, 0x21, 0x08, 0x00,
    0x71, 0x20, 0x82, 0x01, 0x26, 0x00, 0x6e, 0x30, 0x00, 0x00, 0x06, 0x02,
    0x71, 0x20, 0x9f, 0x01, 0x06, 0x00, 0x0e, 0x00, 0x06, 0x00, 0x03, 0x00,
    0x03, 0x00, 0x00, 0x00, 0xd9, 0x99, 0x00, 0x00, 0x34, 0x00, 0x00, 0x00,
    0x62, 0x00, 0xef, 0x00, 0x72, 0x20, 0xe0, 0x01, 0x40, 0x00, 0x62, 0x00,
    0xe2, 0x00, 0x72, 0x30, 0xde, 0x01, 0x40, 0x05, 0x62, 0x00, 0xf5, 0x00,
    0x6e, 0x20, 0xd7, 0x01, 0x40, 0x00, 0x0c, 0x00, 0x1f, 0x00, 0x77, 0x00,
    0x39, 0x00, 0x03, 0x00, 0x28, 0x1f, 0x6e, 0x10, 0xce, 0x01, 0x00, 0x00,
    0x0c, 0x00, 0x72, 0x10, 0xd8, 0x01, 0x00, 0x00, 0x0a, 0x01, 0x38, 0x01,
    0x16, 0x00, 0x72, 0x10, 0xd9, 0x01, 0x00, 0x00, 0x0c, 0x01, 0x1f, 0x01,
    0x35, 0x00, 0x6e, 0x10, 0x6b, 0x00, 0x01, 0x00, 0x0c, 0x02, 0x6e, 0x20,
    0xb3, 0x01, 0x24, 0x00, 0x0a, 0x02, 0x38, 0x02, 0xec, 0xff, 0x71, 0x30,
    0x8b, 0x01, 0x13, 0x05, 0x28, 0xe7, 0x0e, 0x00, 0x03, 0x00, 0x00, 0x00,
    0x02, 0x00, 0x00, 0x00, 0xe4, 0x99, 0x00, 0x00, 0x28, 0x00, 0x00, 0x00,
    0x62, 0x00, 0xee, 0x00, 0x6e, 0x10, 0xe3, 0x01, 0x00, 0x00, 0x0c, 0x00,
    0x72, 0x10, 0xd8, 0x01, 0x00, 0x00, 0x0a, 0x01, 0x38, 0x01, 0x1d, 0x00,
    0x72, 0x10, 0xd9, 0x01, 0x00, 0x00, 0x0c, 0x01, 0x1f, 0x01, 0x72, 0x00,
    0x71, 0x10, 0x59, 0x01, 0x01, 0x00, 0x0a, 0x02, 0x38, 0x02, 0x03, 0x00,
    0x28, 0xee, 0x72, 0x10, 0xda, 0x01, 0x00, 0x00, 0x62, 0x02, 0xef, 0x00,
    0x72, 0x20, 0xe0, 0x01, 0x12, 0x00, 0x62, 0x02, 0xf5, 0x00, 0x6e, 0x20,
    0xd7, 0x01, 0x12, 0x00, 0x28, 0xe0, 0x0e, 0x00, 0x06, 0x00, 0x03, 0x00,
    0x04, 0x00, 0x00, 0x00, 0xef, 0x99, 0x00, 0x00, 0x32, 0x00, 0x00, 0x00,
    0x6e, 0x10, 0x4b, 0x00, 0x04, 0x00, 0x0c, 0x00, 0x1f, 0x00, 0x5c, 0x00,
    0x14, 0x01, 0x51, 0xa8, 0x22, 0xff, 0x14, 0x02, 0x25, 0x16, 0x13, 0xff,
    0x71, 0x30, 0x7a, 0x01, 0x13, 0x02, 0x0c, 0x01, 0x6e, 0x20, 0x50, 0x00,
    0x14, 0x00, 0x54, 0x01, 0x76, 0x00, 0x1a, 0x02, 0x8e, 0x00, 0x6e, 0x20,
    0x96, 0x00, 0x21, 0x00, 0x54, 0x01, 0x76, 0x00, 0x13, 0x02, 0x6b, 0xf3,
    0x6e, 0x20, 0x97, 0x00, 0x21, 0x00, 0x54, 0x00, 0x74, 0x00, 0x12, 0xf1,
    0x6e, 0x20, 0x97, 0x00, 0x10, 0x00, 0x22, 0x00, 0x4c, 0x00, 0x70, 0x40,
    0xc0, 0x00, 0x30, 0x54, 0x16, 0x01, 0xdc, 0x05, 0x6e, 0x40, 0x4f, 0x00,
    0x04, 0x21, 0x0e, 0x00, 0x02, 0x00, 0x01, 0x00, 0x02, 0x00, 0x01, 0x00,
    0xfc, 0x99, 0x00, 0x00, 0x0e, 0x00, 0x00, 0x00, 0x69, 0x01, 0xe1, 0x00,
    0x71, 0x10, 0x83, 0x01, 0x01, 0x00, 0x22, 0x00, 0x52, 0x00, 0x70, 0x20,
    0xcd, 0x00, 0x10, 0x00, 0x6e, 0x20, 0x08, 0x00, 0x01, 0x00, 0x0e, 0x00,
    0x02, 0x00, 0x00, 0x00, 0x03, 0x00, 0x01, 0x00, 0x01, 0x00, 0x05, 0x00,
    0x01, 0x00, 0x00, 0x00, 0x00, 0x00, 0x00, 0x00, 0x04, 0x9a, 0x00, 0x00,
    0x2a, 0x00, 0x00, 0x00, 0x60, 0x00, 0xf2, 0x00, 0x3a, 0x00, 0x03, 0x00,
    0x0e, 0x00, 0x71, 0x00, 0x73, 0x01, 0x00, 0x00, 0x0a, 0x00, 0x67, 0x00,
    0xf2, 0x00, 0x71, 0x00, 0x68, 0x01, 0x00, 0x00, 0x0c, 0x00, 0x69, 0x00,
    0xea, 0x00, 0x71, 0x00, 0x74, 0x01, 0x00, 0x00, 0x0a, 0x00, 0x67, 0x00,
    0xf4, 0x00, 0x71, 0x00, 0x69, 0x01, 0x00, 0x00, 0x0c, 0x00, 0x69, 0x00,
    0xe9, 0x00, 0x71, 0x00, 0x72, 0x01, 0x00, 0x00, 0x0a, 0x00, 0x67, 0x00,
    0xf3, 0x00, 0x71, 0x00, 0x65, 0x01, 0x00, 0x00, 0x0c, 0x00, 0x69, 0x00,
    0xe8, 0x00, 0x0e, 0x00, 0x09, 0x00, 0x03, 0x00, 0x04, 0x00, 0x00, 0x00,
    0x0f, 0x9a, 0x00, 0x00, 0x5b, 0x00, 0x00, 0x00, 0x6e, 0x10, 0x4b, 0x00,
    0x07, 0x00, 0x0c, 0x00, 0x1f, 0x00, 0x5c, 0x00, 0x71, 0x10, 0x5a, 0x01,
    0x08, 0x00, 0x0a, 0x01, 0x38, 0x01, 0x06, 0x00, 0x71, 0x40, 0x79, 0x01,
    0x76, 0x80, 0x0e, 0x00, 0x62, 0x01, 0xed, 0x00, 0x44, 0x01, 0x01, 0x08,
    0x12, 0x12, 0x3d, 0x01, 0x04, 0x00, 0x01, 0x23, 0x28, 0x02, 0x12, 0x03,
    0x38, 0x03, 0x06, 0x00, 0x14, 0x04, 0x51, 0xa8, 0x22, 0xff, 0x28, 0x04,
    0x14, 0x04, 0x6b, 0x3a, 0x2c, 0xff, 0x14, 0x05, 0x25, 0x16, 0x13, 0xff,
    0x71, 0x30, 0x7a, 0x01, 0x46, 0x05, 0x0c, 0x06, 0x6e, 0x20, 0x50, 0x00,
    0x67, 0x00, 0x54, 0x06, 0x76, 0x00, 0x38, 0x03, 0x0d, 0x00, 0x62, 0x07,
    0xcc, 0x00, 0x46, 0x07, 0x07, 0x08, 0x21, 0x78, 0x37, 0x28, 0x06, 0x00,
    0xb1, 0x21, 0x46, 0x07, 0x07, 0x01, 0x28, 0x03, 0x1a, 0x07, 0x00, 0x00,
    0x6e, 0x20, 0x96, 0x00, 0x76, 0x00, 0x54, 0x06, 0x76, 0x00, 0x38, 0x03,
    0x05, 0x00, 0x13, 0x07, 0x6b, 0xf3, 0x28, 0x04, 0x14, 0x07, 0x52, 0xed,
    0x2e, 0xff, 0x6e, 0x20, 0x97, 0x00, 0x76, 0x00, 0x54, 0x06, 0x74, 0x00,
    0x38, 0x03, 0x04, 0x00, 0x12, 0xf7, 0x28, 0x04, 0x14, 0x07, 0xea, 0xcb,
    0xc3, 0xff, 0x6e, 0x20, 0x97, 0x00, 0x76, 0x00, 0x0e, 0x00, 0x00, 0x00,
    0x0b, 0x00, 0x04, 0x00, 0x03, 0x00, 0x00, 0x00, 0x21, 0x9a, 0x00, 0x00,
    0x84, 0x00, 0x00, 0x00, 0x62, 0x00, 0xf6, 0x00, 0x12, 0x01, 0x12, 0x12,
    0x13, 0x03, 0x13, 0x00, 0x33, 0x3a, 0x04, 0x00, 0x01, 0x14, 0x28, 0x02,
    0x01, 0x24, 0x44, 0x00, 0x00, 0x04, 0x3d, 0x00, 0x04, 0x00, 0x01, 0x24,
    0x28, 0x02, 0x01, 0x14, 0x13, 0x05, 0x14, 0x00, 0x33, 0x5a, 0x1a, 0x00,
    0x3b, 0x00, 0x03, 0x00, 0x28, 0x09, 0x62, 0x01, 0xb4, 0x00, 0x21, 0x11,
    0xb1, 0x21, 0x71, 0x20, 0xad, 0x01, 0x10, 0x00, 0x0a, 0x01, 0x54, 0x95,
    0x75, 0x00, 0x62, 0x06, 0xb4, 0x00, 0x46, 0x01, 0x06, 0x01, 0x71, 0x20,
    0x94, 0x01, 0x17, 0x00, 0x0c, 0x01, 0x71, 0x30, 0x8b, 0x01, 0x57, 0x01,
    0x38, 0x04, 0x06, 0x00, 0x14, 0x01, 0x51, 0xa8, 0x22, 0xff, 0x28, 0x04,
    0x14, 0x01, 0x6b, 0x3a, 0x2c, 0xff, 0x14, 0x05, 0x25, 0x16, 0x13, 0xff,
    0x71, 0x30, 0x7a, 0x01, 0x17, 0x05, 0x0c, 0x07, 0x6e, 0x20, 0x50, 0x00,
    0x78, 0x00, 0x1a, 0x07, 0x00, 0x00, 0x3b, 0x00, 0x03, 0x00, 0x28, 0x12,
    0x33, 0x3a, 0x07, 0x00, 0x33, 0x20, 0x0f, 0x00, 0x1a, 0x07, 0x41, 0x01,
    0x28, 0x0b, 0x62, 0x07, 0xb3, 0x00, 0x21, 0x78, 0xb1, 0x28, 0x71, 0x20,
    0xad, 0x01, 0x80, 0x00, 0x0a, 0x08, 0x46, 0x07, 0x07, 0x08, 0x54, 0x98,
    0x76, 0x00, 0x6e, 0x20, 0x96, 0x00, 0x78, 0x00, 0x54, 0x97, 0x76, 0x00,
    0x38, 0x04, 0x05, 0x00, 0x13, 0x08, 0x6b, 0xf3, 0x28, 0x04, 0x14, 0x08,
    0x52, 0xed, 0x2e, 0xff, 0x6e, 0x20, 0x97, 0x00, 0x87, 0x00, 0x54, 0x97,
    0x74, 0x00, 0x3b, 0x00, 0x05, 0x00, 0x1a, 0x08, 0x78, 0x00, 0x28, 0x05,
    0x62, 0x08, 0xca, 0x00, 0x46, 0x08, 0x08, 0x0a, 0x6e, 0x20, 0x96, 0x00,
    0x87, 0x00, 0x54, 0x97, 0x74, 0x00, 0x38, 0x04, 0x04, 0x00, 0x12, 0xf8,
    0x28, 0x04, 0x14, 0x08, 0xea, 0xcb, 0xc3, 0xff, 0x6e, 0x20, 0x97, 0x00,
    0x87, 0x00, 0x0e, 0x00, 0x06, 0x00, 0x04, 0x00, 0x03, 0x00, 0x00, 0x00,
    0x37, 0x9a, 0x00, 0x00, 0x4d, 0x00, 0x00, 0x00, 0x71, 0x20, 0x96, 0x01,
    0x54, 0x00, 0x0c, 0x04, 0x6e, 0x20, 0x75, 0x00, 0x43, 0x00, 0x62, 0x05,
    0xe2, 0x00, 0x72, 0x20, 0xdc, 0x01, 0x45, 0x00, 0x0a, 0x00, 0x38, 0x00,
    0x0c, 0x00, 0x72, 0x20, 0xdd, 0x01, 0x45, 0x00, 0x0c, 0x04, 0x1f, 0x04,
    0x10, 0x00, 0x71, 0x30, 0x8b, 0x01, 0x32, 0x04, 0x0e, 0x00, 0x12, 0x05,
    0x71, 0x30, 0x8b, 0x01, 0x32, 0x05, 0x62, 0x05, 0xf5, 0x00, 0x6e, 0x20,
    0xd5, 0x01, 0x45, 0x00, 0x0c, 0x00, 0x1f, 0x00, 0x77, 0x00, 0x39, 0x00,
    0x0b, 0x00, 0x22, 0x00, 0x77, 0x00, 0x12, 0x21, 0x70, 0x20, 0xc8, 0x01,
    0x10, 0x00, 0x6e, 0x30, 0xd6, 0x01, 0x45, 0x00, 0x6e, 0x20, 0xcc, 0x01,
    0x30, 0x00, 0x0a, 0x05, 0x39, 0x05, 0x05, 0x00, 0x6e, 0x20, 0xca, 0x01,
    0x30, 0x00, 0x71, 0x00, 0x4f, 0x01, 0x00, 0x00, 0x62, 0x03, 0xef, 0x00,
    0x72, 0x20, 0xdf, 0x01, 0x43, 0x00, 0x0a, 0x03, 0x38, 0x03, 0x07, 0x00,
    0x62, 0x03, 0xee, 0x00, 0x6e, 0x20, 0xe4, 0x01, 0x43, 0x00, 0x71, 0x10,
    0x97, 0x01, 0x02, 0x00, 0x0e, 0x00, 0x00, 0x00, 0x07, 0x00, 0x02, 0x00,
    0x03, 0x00, 0x01, 0x00, 0x4b, 0x9a, 0x00, 0x00, 0x41, 0x00, 0x00, 0x00,
    0x6e, 0x10, 0x03, 0x00, 0x05, 0x00, 0x0c, 0x00, 0x6e, 0x10, 0x18, 0x00,
    0x00, 0x00, 0x0c, 0x00, 0x52, 0x01, 0x07, 0x00, 0x52, 0x62, 0x0d, 0x00,
    0xb1, 0x21, 0xdb, 0x01, 0x01, 0x02, 0x15, 0x02, 0xc0, 0x40, 0x71, 0x20,
    0x7f, 0x01, 0x25, 0x00, 0x0a, 0x02, 0x12, 0x03, 0x1a, 0x04, 0x83, 0x02,
    0x6e, 0x30, 0x04, 0x00, 0x45, 0x03, 0x0c, 0x05, 0x1a, 0x04, 0x13, 0x04,
    0x72, 0x30, 0x16, 0x00, 0x45, 0x01, 0x0a, 0x01, 0x1a, 0x04, 0x19, 0x04,
    0x72, 0x30, 0x16, 0x00, 0x45, 0x02, 0x0a, 0x02, 0x82, 0x15, 0x52, 0x01,
    0x07, 0x00, 0x52, 0x64, 0x0d, 0x00, 0xb1, 0x41, 0x71, 0x30, 0x4a, 0x01,
    0x35, 0x01, 0x0a, 0x05, 0x59, 0x65, 0x0a, 0x00, 0x82, 0x25, 0x52, 0x00,
    0x06, 0x00, 0x52, 0x61, 0x09, 0x00, 0xb1, 0x10, 0x71, 0x30, 0x4a, 0x01,
    0x35, 0x00, 0x0a, 0x05, 0x59, 0x65, 0x0c, 0x00, 0x0e, 0x00, 0x00, 0x00,
    0x16, 0x00, 0x00, 0x00, 0x12, 0x00, 0x01, 0x00, 0x01, 0x00, 0x28, 0x00,
    0x07, 0x00, 0x01, 0x00, 0x03, 0x00, 0x00, 0x00, 0x58, 0x9a, 0x00, 0x00,
    0x58, 0x00, 0x00, 0x00, 0x1a, 0x00, 0x84, 0x02, 0x12, 0x01, 0x6e, 0x30,
    0x04, 0x00, 0x06, 0x01, 0x0c, 0x06, 0x01, 0x10, 0x01, 0x02, 0x62, 0x03,
    0xed, 0x00, 0x21, 0x34, 0x35, 0x40, 0x31, 0x00, 0x71, 0x10, 0x58, 0x01,
    0x00, 0x00, 0x0a, 0x04, 0x39, 0x04, 0x03, 0x00, 0x28, 0x26, 0x22, 0x04,
    0x73, 0x00, 0x1a, 0x05, 0x5a, 0x03, 0x70, 0x20, 0xbc, 0x01, 0x54, 0x00,
    0x6e, 0x20, 0xbe, 0x01, 0x04, 0x00, 0x6e, 0x10, 0xc1, 0x01, 0x04, 0x00,
    0x0c, 0x04, 0x72, 0x30, 0x16, 0x00, 0x46, 0x01, 0x0a, 0x04, 0x3a, 0x04,
    0x09, 0x00, 0x62, 0x05, 0xcc, 0x00, 0x46, 0x05, 0x05, 0x00, 0x21, 0x55,
    0x37, 0x54, 0x03, 0x00, 0x01, 0x14, 0x4b, 0x04, 0x03, 0x00, 0x3d, 0x04,
    0x07, 0x00, 0x71, 0x20, 0x70, 0x01, 0x40, 0x00, 0xd8, 0x02, 0x02, 0x01,
    0xd8, 0x00, 0x00, 0x01, 0x28, 0xcd, 0x3d, 0x02, 0x1a, 0x00, 0x22, 0x06,
    0x73, 0x00, 0x1a, 0x00, 0x20, 0x03, 0x70, 0x20, 0xbc, 0x01, 0x06, 0x00,
    0x6e, 0x20, 0xbe, 0x01, 0x26, 0x00, 0x1a, 0x00, 0x10, 0x00, 0x6e, 0x20,
    0xc0, 0x01, 0x06, 0x00, 0x6e, 0x10, 0xc1, 0x01, 0x06, 0x00, 0x0c, 0x06,
    0x1a, 0x00, 0x3e, 0x00, 0x71, 0x20, 0x41, 0x00, 0x60, 0x00, 0x0e, 0x00,
    0x04, 0x00, 0x02, 0x00, 0x03, 0x00, 0x01, 0x00, 0x67, 0x9a, 0x00, 0x00,
    0x1f, 0x00, 0x00, 0x00, 0x1a, 0x00, 0x83, 0x02, 0x12, 0x01, 0x6e, 0x30,
    0x04, 0x00, 0x02, 0x01, 0x0c, 0x02, 0x72, 0x10, 0x15, 0x00, 0x02, 0x00,
    0x0c, 0x02, 0x1a, 0x00, 0x13, 0x04, 0x52, 0x31, 0x0a, 0x00, 0x72, 0x30,
    0x14, 0x00, 0x02, 0x01, 0x0c, 0x02, 0x1a, 0x00, 0x19, 0x04, 0x52, 0x33,
    0x0c, 0x00, 0x72, 0x30, 0x14, 0x00, 0x02, 0x03, 0x0c, 0x02, 0x72, 0x10,
    0x13, 0x00, 0x02, 0x00, 0x0e, 0x00, 0x00, 0x00, 0x00, 0x00, 0x00, 0x00,
    0x1e, 0x00, 0x01, 0x00, 0x01, 0x00, 0x1e, 0x00, 0x05, 0x00, 0x01, 0x00,
    0x03, 0x00, 0x00, 0x00, 0x6f, 0x9a, 0x00, 0x00, 0x30, 0x00, 0x00, 0x00,
    0x1a, 0x00, 0x84, 0x02, 0x12, 0x01, 0x6e, 0x30, 0x04, 0x00, 0x04, 0x01,
    0x0c, 0x04, 0x72, 0x10, 0x15, 0x00, 0x04, 0x00, 0x0c, 0x04, 0x62, 0x00,
    0xed, 0x00, 0x21, 0x02, 0x35, 0x21, 0x1e, 0x00, 0x71, 0x10, 0x58, 0x01,
    0x01, 0x00, 0x0a, 0x02, 0x38, 0x02, 0x15, 0x00, 0x22, 0x02, 0x73, 0x00,
    0x1a, 0x03, 0x5a, 0x03, 0x70, 0x20, 0xbc, 0x01, 0x32, 0x00, 0x6e, 0x20,
    0xbe, 0x01, 0x12, 0x00, 0x6e, 0x10, 0xc1, 0x01, 0x02, 0x00, 0x0c, 0x02,
    0x44, 0x00, 0x00, 0x01, 0x72, 0x30, 0x14, 0x00, 0x24, 0x00, 0xd8, 0x01,
    0x01, 0x01, 0x28, 0xe0, 0x72, 0x10, 0x13, 0x00, 0x04, 0x00, 0x0e, 0x00,
    0x0e, 0x00, 0x05, 0x00, 0x06, 0x00, 0x00, 0x00, 0x7a, 0x9a, 0x00, 0x00,
    0x3a, 0x00, 0x00, 0x00, 0x67, 0x0d, 0xe5, 0x00, 0x12, 0x00, 0x21, 0xc1,
    0x12, 0x02, 0x35, 0x10, 0x10, 0x00, 0x46, 0x01, 0x0c, 0x00, 0x33, 0xd0,
    0x06, 0x00, 0x71, 0x10, 0x54, 0x01, 0x09, 0x00, 0x0c, 0x02, 0x6e, 0x20,
    0x50, 0x00, 0x21, 0x00, 0xd8, 0x00, 0x00, 0x01, 0x28, 0xef, 0x46, 0x00,
    0x0b, 0x0d, 0x22, 0x03, 0x3f, 0x00, 0x07, 0x95, 0x07, 0xa6, 0x07, 0xb7,
    0x07, 0xc8, 0x01, 0xd4, 0x76, 0x06, 0xa1, 0x00, 0x03, 0x00, 0x52, 0x09,
    0x95, 0x00, 0x12, 0x2a, 0x33, 0xa9, 0x09, 0x00, 0x6e, 0x10, 0x7d, 0x00,
    0x06, 0x00, 0x71, 0x30, 0x8f, 0x01, 0x65, 0x00, 0x0e, 0x00, 0x52, 0x09,
    0x95, 0x00, 0x12, 0x3a, 0x33, 0xa9, 0x06, 0x00, 0x71, 0x40, 0x8d, 0x01,
    0x65, 0x40, 0x0e, 0x00, 0x71, 0x52, 0x8e, 0x01, 0x65, 0x30, 0x0e, 0x00,
    0x04, 0x00, 0x03, 0x00, 0x03, 0x00, 0x00, 0x00, 0x8b, 0x9a, 0x00, 0x00,
    0x1c, 0x00, 0x00, 0x00, 0x39, 0x03, 0x07, 0x00, 0x12, 0x01, 0x6e, 0x20,
    0x6f, 0x00, 0x12, 0x00, 0x0e, 0x00, 0x22, 0x00, 0x19, 0x00, 0x6e, 0x10,
    0x03, 0x00, 0x01, 0x00, 0x0c, 0x01, 0x70, 0x30, 0x2f, 0x00, 0x10, 0x03,
    0x6e, 0x10, 0x30, 0x00, 0x00, 0x00, 0x0c, 0x01, 0x12, 0x03, 0x6e, 0x20,
    0x29, 0x00, 0x31, 0x00, 0x6e, 0x20, 0x6f, 0x00, 0x02, 0x00, 0x0e, 0x00,
    0x03, 0x00, 0x01, 0x00, 0x03, 0x00, 0x00, 0x00, 0x96, 0x9a, 0x00, 0x00,
    0x0e, 0x00, 0x00, 0x00, 0x62, 0x00, 0xe1, 0x00, 0x39, 0x00, 0x03, 0x00,
    0x0e, 0x00, 0x22, 0x01, 0x4d, 0x00, 0x70, 0x30, 0xc2, 0x00, 0x01, 0x02,
    0x6e, 0x20, 0x08, 0x00, 0x10, 0x00, 0x0e, 0x00, 0x14, 0x00, 0x04, 0x00,
    0x06, 0x00, 0x00, 0x00, 0x9d, 0x9a, 0x00, 0x00, 0xa6, 0x01, 0x00, 0x00,
    0x08, 0x02, 0x10, 0x00, 0x08, 0x03, 0x11, 0x00, 0x08, 0x00, 0x12, 0x00,
    0x02, 0x01, 0x13, 0x00, 0x6e, 0x10, 0x7d, 0x00, 0x03, 0x00, 0x55, 0x04,
    0x8d, 0x00, 0x15, 0x06, 0x80, 0x3f, 0x12, 0xf7, 0x12, 0x08, 0x38, 0x04,
    0x25, 0x00, 0x62, 0x04, 0xe3, 0x00, 0x39, 0x04, 0x21, 0x00, 0x12, 0x04,
    0x71, 0x30, 0x46, 0x01, 0x02, 0x04, 0x0c, 0x04, 0x6e, 0x20, 0x7b, 0x00,
    0x43, 0x00, 0x1a, 0x04, 0x3f, 0x01, 0x71, 0x20, 0x5c, 0x01, 0x42, 0x00,
    0x0c, 0x04, 0x22, 0x05, 0x36, 0x00, 0x70, 0x40, 0x78, 0x00, 0x75, 0x68,
    0x6e, 0x30, 0x7c, 0x00, 0x43, 0x05, 0x22, 0x04, 0x40, 0x00, 0x70, 0x50,
    0xa3, 0x00, 0x14, 0x32, 0x71, 0x20, 0xa1, 0x01, 0x42, 0x00, 0x0e, 0x00,
    0x22, 0x04, 0x77, 0x00, 0x70, 0x10, 0xc7, 0x01, 0x04, 0x00, 0x54, 0x05,
    0x87, 0x00, 0x21, 0x59, 0x01, 0x8a, 0x35, 0x9a, 0x1b, 0x00, 0x46, 0x0b,
    0x05, 0x0a, 0x6e, 0x10, 0x03, 0x01, 0x0b, 0x00, 0x55, 0x0c, 0x8d, 0x00,
    0x38, 0x0c, 0x0c, 0x00, 0x52, 0xbc, 0x96, 0x00, 0x3a, 0x0c, 0x08, 0x00,
    0x6e, 0x10, 0x0d, 0x01, 0x0b, 0x00, 0x0a, 0x0c, 0x3d, 0x0c, 0x05, 0x00,
    0x6e, 0x20, 0xca, 0x01, 0xb4, 0x00, 0xd8, 0x0a, 0x0a, 0x01, 0x28, 0xe6,
    0x22, 0x05, 0x36, 0x00, 0x12, 0xe9, 0x70, 0x30, 0x77, 0x00, 0x75, 0x09,
    0x15, 0x0a, 0xc0, 0x40, 0x71, 0x20, 0x7f, 0x01, 0xa2, 0x00, 0x0a, 0x0b,
    0x59, 0x5b, 0x0f, 0x00, 0x55, 0x0b, 0x8d, 0x00, 0x12, 0x1c, 0x38, 0x0b,
    0x05, 0x00, 0x1a, 0x0b, 0x00, 0x00, 0x28, 0x1f, 0x6e, 0x10, 0xcf, 0x01,
    0x04, 0x00, 0x0a, 0x0b, 0x33, 0xcb, 0x05, 0x00, 0x1a, 0x0b, 0x17, 0x00,
    0x28, 0x16, 0x22, 0x0b, 0x73, 0x00, 0x70, 0x10, 0xba, 0x01, 0x0b, 0x00,
    0x6e, 0x10, 0xcf, 0x01, 0x04, 0x00, 0x0a, 0x0d, 0x6e, 0x20, 0xbe, 0x01,
    0xdb, 0x00, 0x1a, 0x0d, 0x0f, 0x00, 0x6e, 0x20, 0xc0, 0x01, 0xdb, 0x00,
    0x6e, 0x10, 0xc1, 0x01, 0x0b, 0x00, 0x0c, 0x0b, 0x15, 0x0d, 0x20, 0x41,
    0x14, 0x0e, 0xea, 0xcb, 0xc3, 0xff, 0x71, 0x40, 0x98, 0x01, 0xb2, 0xed,
    0x0c, 0x0b, 0x71, 0x30, 0x46, 0x01, 0x02, 0x0b, 0x0c, 0x0b, 0x6e, 0x30,
    0x7c, 0x00, 0xb3, 0x05, 0x22, 0x05, 0x41, 0x00, 0x70, 0x50, 0xa5, 0x00,
    0x15, 0x32, 0x22, 0x0b, 0x37, 0x00, 0x70, 0x20, 0x7a, 0x00, 0x2b, 0x00,
    0x6e, 0x20, 0x82, 0x00, 0xcb, 0x00, 0x6e, 0x10, 0xce, 0x01, 0x04, 0x00,
    0x0c, 0x0f, 0x72, 0x10, 0xd8, 0x01, 0x0f, 0x00, 0x0a, 0x00, 0x38, 0x00,
    0xe0, 0x00, 0x72, 0x10, 0xd9, 0x01, 0x0f, 0x00, 0x0c, 0x00, 0x07, 0x04,
    0x1f, 0x04, 0x5f, 0x00, 0x22, 0x00, 0x37, 0x00, 0x70, 0x20, 0x7a, 0x00,
    0x20, 0x00, 0x6e, 0x20, 0x82, 0x00, 0x80, 0x00, 0x13, 0x06, 0x10, 0x00,
    0x6e, 0x20, 0x7f, 0x00, 0x60, 0x00, 0x71, 0x20, 0x7f, 0x01, 0xa2, 0x00,
    0x0a, 0x06, 0x71, 0x20, 0x7f, 0x01, 0xa2, 0x00, 0x0a, 0x09, 0x71, 0x20,
    0x7f, 0x01, 0xa2, 0x00, 0x0a, 0x0d, 0x71, 0x20, 0x7f, 0x01, 0xa2, 0x00,
    0x0a, 0x0e, 0x6e, 0x5e, 0x83, 0x00, 0x60, 0xd9, 0x15, 0x06, 0xf0, 0x41,
    0x71, 0x30, 0x87, 0x01, 0x42, 0x06, 0x0c, 0x06, 0x6e, 0x20, 0x7b, 0x00,
    0x60, 0x00, 0x54, 0x46, 0x97, 0x00, 0x15, 0x09, 0x60, 0x41, 0x71, 0x40,
    0x98, 0x01, 0x62, 0x79, 0x0c, 0x06, 0x15, 0x09, 0x00, 0x41, 0x71, 0x20,
    0x7f, 0x01, 0x92, 0x00, 0x0a, 0x0d, 0x6e, 0x58, 0x94, 0x00, 0xd6, 0x88,
    0x6e, 0x20, 0x7b, 0x00, 0x60, 0x00, 0x6e, 0x10, 0x0d, 0x01, 0x04, 0x00,
    0x0a, 0x06, 0x22, 0x0d, 0x73, 0x00, 0x70, 0x10, 0xba, 0x01, 0x0d, 0x00,
    0x6e, 0x20, 0xbe, 0x01, 0x6d, 0x00, 0x6e, 0x10, 0x07, 0x01, 0x04, 0x00,
    0x0a, 0x0e, 0x38, 0x0e, 0x0a, 0x00, 0x33, 0xc6, 0x05, 0x00, 0x1a, 0x06,
    0x02, 0x00, 0x28, 0x19, 0x1a, 0x06, 0x03, 0x00, 0x28, 0x16, 0x6e, 0x10,
    0xfc, 0x00, 0x04, 0x00, 0x0a, 0x0e, 0x38, 0x0e, 0x0a, 0x00, 0x33, 0xc6,
    0x05, 0x00, 0x1a, 0x06, 0x04, 0x00, 0x28, 0x0b, 0x1a, 0x06, 0x05, 0x00,
    0x28, 0x08, 0x33, 0xc6, 0x05, 0x00, 0x1a, 0x06, 0x08, 0x00, 0x28, 0x03,
    0x1a, 0x06, 0x09, 0x00, 0x6e, 0x20, 0xc0, 0x01, 0x6d, 0x00, 0x6e, 0x10,
    0xc1, 0x01, 0x0d, 0x00, 0x0c, 0x06, 0x14, 0x0d, 0xea, 0xcb, 0xc3, 0xff,
    0x15, 0x0e, 0x20, 0x41, 0x71, 0x40, 0x98, 0x01, 0x62, 0xde, 0x0c, 0x06,
    0x71, 0x20, 0x7f, 0x01, 0x92, 0x00, 0x0a, 0x09, 0x15, 0x0a, 0x00, 0x40,
    0x71, 0x20, 0x7f, 0x01, 0xa2, 0x00, 0x0a, 0x0a, 0x6e, 0x5a, 0x94, 0x00,
    0x96, 0x88, 0x22, 0x09, 0x36, 0x00, 0x12, 0xea, 0x15, 0x0c, 0x80, 0x3f,
    0x70, 0x40, 0x78, 0x00, 0x89, 0xca, 0x6e, 0x30, 0x7c, 0x00, 0x60, 0x09,
    0x1a, 0x06, 0xfa, 0x02, 0x71, 0x20, 0x94, 0x01, 0x62, 0x00, 0x0c, 0x06,
    0x15, 0x09, 0xa0, 0x41, 0x71, 0x30, 0x55, 0x01, 0x62, 0x09, 0x0c, 0x06,
    0x6e, 0x20, 0x7b, 0x00, 0x60, 0x00, 0x14, 0x06, 0x6b, 0x3a, 0x2c, 0xff,
    0x14, 0x09, 0x25, 0x16, 0x13, 0xff, 0x71, 0x30, 0x7a, 0x01, 0x62, 0x09,
    0x0c, 0x06, 0x6e, 0x20, 0x7e, 0x00, 0x60, 0x00, 0x07, 0x06, 0x22, 0x00,
    0x43, 0x00, 0x76, 0x06, 0xa9, 0x00, 0x00, 0x00, 0x6e, 0x20, 0x81, 0x00,
    0x06, 0x00, 0x22, 0x00, 0x36, 0x00, 0x12, 0xea, 0x70, 0x30, 0x77, 0x00,
    0x70, 0x0a, 0x15, 0x01, 0x80, 0x40, 0x71, 0x20, 0x7f, 0x01, 0x12, 0x00,
    0x0a, 0x01, 0x59, 0x01, 0x0f, 0x00, 0x6e, 0x30, 0x7c, 0x00, 0x6b, 0x00,
    0x01, 0xe1, 0x01, 0xde, 0x01, 0x1d, 0x02, 0x01, 0x13, 0x00, 0x01, 0xa9,
    0x15, 0x06, 0x80, 0x3f, 0x15, 0x0a, 0xc0, 0x40, 0x12, 0x1c, 0x29, 0x00,
    0x1e, 0xff, 0x22, 0x00, 0x3a, 0x00, 0x70, 0x20, 0x8d, 0x00, 0x20, 0x00,
    0x6e, 0x20, 0x8e, 0x00, 0xb0, 0x00, 0x22, 0x01, 0x36, 0x00, 0x15, 0x0c,
    0x80, 0x3f, 0x70, 0x40, 0x78, 0x00, 0x71, 0xc8, 0x6e, 0x30, 0x7c, 0x00,
    0x03, 0x01, 0x0e, 0x00, 0x17, 0x00, 0x05, 0x00, 0x06, 0x00, 0x00, 0x00,
    0xe0, 0x9a, 0x00, 0x00, 0xb3, 0x01, 0x00, 0x00, 0x08, 0x00, 0x12, 0x00,
    0x08, 0x01, 0x13, 0x00, 0x08, 0x05, 0x14, 0x00, 0x08, 0x02, 0x16, 0x00,
    0x12, 0x03, 0x5b, 0x53, 0x89, 0x00, 0x6e, 0x10, 0x7d, 0x00, 0x01, 0x00,
    0x6e, 0x10, 0x03, 0x01, 0x05, 0x00, 0x0a, 0x04, 0x15, 0x08, 0x80, 0x3f,
    0x12, 0xf9, 0x12, 0x0a, 0x39, 0x04, 0x1d, 0x00, 0x71, 0x40, 0x47, 0x01,
    0x50, 0x23, 0x0c, 0x02, 0x6e, 0x20, 0x7b, 0x00, 0x21, 0x00, 0x1a, 0x02,
    0x3f, 0x01, 0x71, 0x20, 0x5c, 0x01, 0x20, 0x00, 0x0c, 0x02, 0x22, 0x03,
    0x36, 0x00, 0x70, 0x40, 0x78, 0x00, 0x93, 0x8a, 0x6e, 0x30, 0x7c, 0x00,
    0x21, 0x03, 0x08, 0x01, 0x15, 0x00, 0x71, 0x20, 0xa1, 0x01, 0x10, 0x00,
    0x0e, 0x00, 0x6e, 0x10, 0x0d, 0x01, 0x05, 0x00, 0x0a, 0x04, 0x71, 0x10,
    0xb9, 0x01, 0x04, 0x00, 0x0c, 0x04, 0x15, 0x06, 0x20, 0x41, 0x14, 0x07,
    0xea, 0xcb, 0xc3, 0xff, 0x71, 0x40, 0x98, 0x01, 0x40, 0x76, 0x0c, 0x06,
    0x71, 0x40, 0x47, 0x01, 0x50, 0x26, 0x0c, 0x02, 0x22, 0x04, 0x37, 0x00,
    0x70, 0x20, 0x7a, 0x00, 0x04, 0x00, 0x6e, 0x20, 0x82, 0x00, 0xa4, 0x00,
    0x13, 0x0b, 0x10, 0x00, 0x6e, 0x20, 0x7f, 0x00, 0xb4, 0x00, 0x14, 0x0b,
    0x6b, 0x3a, 0x2c, 0xff, 0x14, 0x0c, 0x25, 0x16, 0x13, 0xff, 0x71, 0x30,
    0x7a, 0x01, 0xb0, 0x0c, 0x0c, 0x0b, 0x6e, 0x20, 0x7e, 0x00, 0xb4, 0x00,
    0x15, 0x0b, 0xc0, 0x40, 0x71, 0x20, 0x7f, 0x01, 0xb0, 0x00, 0x0a, 0x0c,
    0x71, 0x20, 0x7f, 0x01, 0xb0, 0x00, 0x0a, 0x0d, 0x6e, 0x5a, 0x83, 0x00,
    0xc4, 0xda, 0x1a, 0x0c, 0xee, 0x02, 0x71, 0x20, 0x94, 0x01, 0xc0, 0x00,
    0x0c, 0x0c, 0x15, 0x0d, 0x80, 0x41, 0x71, 0x30, 0x55, 0x01, 0xc0, 0x0d,
    0x0c, 0x0c, 0x6e, 0x20, 0x7b, 0x00, 0xc4, 0x00, 0x22, 0x0c, 0x31, 0x00,
    0x70, 0x20, 0x5a, 0x00, 0x0c, 0x00, 0x12, 0x1d, 0x6e, 0x20, 0x60, 0x00,
    0xdc, 0x00, 0x6e, 0x20, 0x5c, 0x00, 0x3c, 0x00, 0x6e, 0x20, 0x61, 0x00,
    0x9c, 0x00, 0x6e, 0x20, 0x5e, 0x00, 0x7c, 0x00, 0x1a, 0x0e, 0x9b, 0x01,
    0x6e, 0x20, 0x5d, 0x00, 0xec, 0x00, 0x15, 0x0e, 0x30, 0x41, 0x71, 0x30,
    0x41, 0x01, 0xc0, 0x0e, 0x71, 0x10, 0x52, 0x01, 0x00, 0x00, 0x0c, 0x0e,
    0x6e, 0x20, 0x62, 0x00, 0xec, 0x00, 0x71, 0x20, 0x7f, 0x01, 0xb0, 0x00,
    0x0a, 0x0e, 0x15, 0x0f, 0x40, 0x40, 0x08, 0x10, 0x03, 0x00, 0x71, 0x20,
    0x7f, 0x01, 0xf0, 0x00, 0x0a, 0x03, 0x71, 0x20, 0x7f, 0x01, 0xf0, 0x00,
    0x0a, 0x0f, 0x6e, 0x5f, 0x5f, 0x00, 0xec, 0xa3, 0x22, 0x03, 0x36, 0x00,
    0x12, 0xee, 0x70, 0x40, 0x78, 0x00, 0xa3, 0x8e, 0x6e, 0x30, 0x7c, 0x00,
    0xc4, 0x03, 0x22, 0x03, 0x36, 0x00, 0x70, 0x40, 0x78, 0x00, 0xa3, 0x8e,
    0x15, 0x0f, 0x40, 0x41, 0x71, 0x20, 0x7f, 0x01, 0xf0, 0x00, 0x0a, 0x0a,
    0x59, 0x3a, 0x10, 0x00, 0x71, 0x20, 0x7f, 0x01, 0xf0, 0x00, 0x0a, 0x0a,
    0x59, 0x3a, 0x11, 0x00, 0x6e, 0x30, 0x7c, 0x00, 0x42, 0x03, 0x6e, 0x10,
    0x07, 0x01, 0x05, 0x00, 0x0a, 0x03, 0x38, 0x03, 0x05, 0x00, 0x13, 0x03,
    0x0a, 0x00, 0x28, 0x0c, 0x6e, 0x10, 0xfc, 0x00, 0x05, 0x00, 0x0a, 0x03,
    0x38, 0x03, 0x05, 0x00, 0x13, 0x03, 0x3c, 0x00, 0x28, 0x03, 0x13, 0x03,
    0xe7, 0x03, 0x52, 0x54, 0x88, 0x00, 0x71, 0x20, 0xab, 0x01, 0x4d, 0x00,
    0x0a, 0x04, 0x71, 0x20, 0xad, 0x01, 0x43, 0x00, 0x0a, 0x04, 0x24, 0x10,
    0x87, 0x00, 0x04, 0x00, 0x0c, 0x0a, 0x71, 0x20, 0x80, 0x01, 0x45, 0x00,
    0x0c, 0x08, 0x71, 0x40, 0x98, 0x01, 0x80, 0x9f, 0x0c, 0x08, 0x6e, 0x10,
    0xfc, 0x00, 0x05, 0x00, 0x0a, 0x11, 0x38, 0x11, 0x05, 0x00, 0x15, 0x11,
    0x68, 0x42, 0x28, 0x03, 0x15, 0x11, 0x20, 0x42, 0x02, 0x07, 0x11, 0x00,
    0x71, 0x20, 0x7f, 0x01, 0x70, 0x00, 0x0a, 0x07, 0x6e, 0x20, 0x9a, 0x00,
    0x78, 0x00, 0x6e, 0x20, 0x95, 0x00, 0xd8, 0x00, 0x14, 0x07, 0x05, 0x00,
    0x80, 0x00, 0x6e, 0x20, 0x92, 0x00, 0x78, 0x00, 0x22, 0x07, 0x5d, 0x00,
    0x70, 0x40, 0xec, 0x00, 0x07, 0x43, 0x22, 0x03, 0x44, 0x00, 0x70, 0x55,
    0xab, 0x00, 0xa3, 0x87, 0x5b, 0x73, 0x7b, 0x00, 0x6e, 0x20, 0x7b, 0x00,
    0x82, 0x00, 0x22, 0x03, 0x36, 0x00, 0x71, 0x10, 0x42, 0x01, 0x00, 0x00,
    0x0a, 0x04, 0x71, 0x20, 0x7f, 0x01, 0x40, 0x00, 0x0a, 0x04, 0x70, 0x30,
    0x77, 0x00, 0x43, 0x0e, 0x71, 0x20, 0x7f, 0x01, 0xb0, 0x00, 0x0a, 0x04,
    0x59, 0x34, 0x10, 0x00, 0x6e, 0x30, 0x7c, 0x00, 0x72, 0x03, 0x22, 0x03,
    0x36, 0x00, 0x70, 0x30, 0x77, 0x00, 0x93, 0x0e, 0x71, 0x20, 0x7f, 0x01,
    0xb0, 0x00, 0x0a, 0x04, 0x59, 0x34, 0x0f, 0x00, 0x6e, 0x30, 0x7c, 0x00,
    0x21, 0x03, 0x6e, 0x10, 0x0d, 0x01, 0x05, 0x00, 0x0a, 0x02, 0x39, 0x02,
    0x22, 0x00, 0x6e, 0x10, 0x07, 0x01, 0x05, 0x00, 0x0a, 0x02, 0x38, 0x02,
    0x08, 0x00, 0x1a, 0x02, 0x97, 0x01, 0x14, 0x03, 0xea, 0xcb, 0xc3, 0xff,
    0x28, 0x0d, 0x6e, 0x10, 0xfc, 0x00, 0x05, 0x00, 0x0a, 0x02, 0x38, 0x02,
    0x05, 0x00, 0x1a, 0x02, 0x98, 0x01, 0x28, 0xf4, 0x1a, 0x02, 0x9f, 0x01,
    0x28, 0xf1, 0x71, 0x40, 0x98, 0x01, 0x20, 0x3f, 0x0c, 0x00, 0x6e, 0x20,
    0x7b, 0x00, 0x01, 0x00, 0x0e, 0x00, 0x22, 0x04, 0x39, 0x00, 0x70, 0x20,
    0x85, 0x00, 0x04, 0x00, 0x22, 0x02, 0x1a, 0x00, 0x14, 0x03, 0xff, 0xff,
    0xff, 0x22, 0x70, 0x20, 0x31, 0x00, 0x32, 0x00, 0x6e, 0x20, 0x8a, 0x00,
    0x24, 0x00, 0x15, 0x02, 0x80, 0x3f, 0x71, 0x20, 0x7f, 0x01, 0x20, 0x00,
    0x0a, 0x03, 0x71, 0x20, 0xab, 0x01, 0x3d, 0x00, 0x0a, 0x02, 0x6e, 0x20,
    0x8b, 0x00, 0x24, 0x00, 0x12, 0x08, 0x6e, 0x20, 0x89, 0x00, 0x84, 0x00,
    0x22, 0x07, 0x45, 0x00, 0x70, 0x40, 0xad, 0x00, 0x57, 0xa0, 0x6e, 0x20,
    0x88, 0x00, 0x74, 0x00, 0x23, 0xd3, 0x8b, 0x00, 0x4d, 0x10, 0x03, 0x08,
    0x22, 0x02, 0x47, 0x00, 0x76, 0x06, 0xb4, 0x00, 0x02, 0x00, 0x6e, 0x20,
    0x5b, 0x00, 0x2c, 0x00, 0x22, 0x00, 0x36, 0x00, 0x15, 0x02, 0x80, 0x3f,
    0x70, 0x40, 0x78, 0x00, 0x90, 0x28, 0x6e, 0x30, 0x7c, 0x00, 0x41, 0x00,
    0x0e, 0x00, 0x00, 0x00, 0x13, 0x00, 0x03, 0x00, 0x05, 0x00, 0x00, 0x00,
    0x33, 0x9b, 0x00, 0x00, 0x1c, 0x01, 0x00, 0x00, 0x08, 0x00, 0x10, 0x00,
    0x08, 0x01, 0x11, 0x00, 0x71, 0x00, 0x75, 0x01, 0x00, 0x00, 0x0c, 0x02,
    0x38, 0x02, 0x08, 0x00, 0x21, 0x23, 0x12, 0x24, 0x33, 0x43, 0x04, 0x00,
    0x69, 0x02, 0xf6, 0x00, 0x1a, 0x02, 0x00, 0x00, 0x14, 0x03, 0xea, 0xcb,
    0xc3, 0xff, 0x15, 0x04, 0x20, 0x41, 0x71, 0x40, 0x98, 0x01, 0x20, 0x34,
    0x0c, 0x02, 0x08, 0x03, 0x12, 0x00, 0x71, 0x30, 0x46, 0x01, 0x30, 0x02,
    0x0c, 0x03, 0x62, 0x05, 0xcd, 0x00, 0x21, 0x55, 0x23, 0x55, 0x88, 0x00,
    0x22, 0x06, 0x2a, 0x00, 0x70, 0x20, 0x47, 0x00, 0x06, 0x00, 0x22, 0x07,
    0x36, 0x00, 0x12, 0x08, 0x12, 0x19, 0x15, 0x0a, 0x80, 0x3f, 0x70, 0x40,
    0x78, 0x00, 0x87, 0xa9, 0x6e, 0x30, 0x7c, 0x00, 0x63, 0x07, 0x1a, 0x06,
    0x70, 0x00, 0x15, 0x07, 0x30, 0x41, 0x12, 0xfb, 0x71, 0x40, 0x98, 0x01,
    0x60, 0xb7, 0x0c, 0x06, 0x14, 0x07, 0x6b, 0x3a, 0x2c, 0xff, 0x14, 0x0c,
    0x25, 0x16, 0x13, 0xff, 0x71, 0x30, 0x7a, 0x01, 0x70, 0x0c, 0x0c, 0x07,
    0x6e, 0x20, 0x91, 0x00, 0x76, 0x00, 0x71, 0x20, 0x7f, 0x01, 0x40, 0x00,
    0x0a, 0x07, 0x15, 0x0c, 0xa0, 0x40, 0x71, 0x20, 0x7f, 0x01, 0xc0, 0x00,
    0x0a, 0x0d, 0x71, 0x20, 0x7f, 0x01, 0x40, 0x00, 0x0a, 0x04, 0x71, 0x20,
    0x7f, 0x01, 0xc0, 0x00, 0x0a, 0x0c, 0x6e, 0x5c, 0x94, 0x00, 0x76, 0x4d,
    0x22, 0x04, 0x49, 0x00, 0x70, 0x40, 0xba, 0x00, 0x04, 0x25, 0x6e, 0x20,
    0x93, 0x00, 0x46, 0x00, 0x6e, 0x20, 0x7b, 0x00, 0x63, 0x00, 0x22, 0x04,
    0x36, 0x00, 0x12, 0xe6, 0x70, 0x30, 0x77, 0x00, 0xb4, 0x06, 0x15, 0x07,
    0xc0, 0x40, 0x71, 0x20, 0x7f, 0x01, 0x70, 0x00, 0x0a, 0x07, 0x59, 0x47,
    0x0f, 0x00, 0x6e, 0x30, 0x7c, 0x00, 0x31, 0x04, 0x71, 0x10, 0x7d, 0x01,
    0x00, 0x00, 0x0a, 0x03, 0x22, 0x04, 0x37, 0x00, 0x70, 0x20, 0x7a, 0x00,
    0x04, 0x00, 0x6e, 0x20, 0x82, 0x00, 0x94, 0x00, 0x12, 0x07, 0x01, 0x89,
    0x62, 0x0c, 0xcd, 0x00, 0x21, 0xcd, 0x15, 0x0e, 0x40, 0x40, 0x35, 0xd9,
    0x45, 0x00, 0x94, 0x0c, 0x09, 0x03, 0x39, 0x0c, 0x12, 0x00, 0x22, 0x07,
    0x37, 0x00, 0x70, 0x20, 0x7a, 0x00, 0x07, 0x00, 0x6e, 0x20, 0x82, 0x00,
    0x87, 0x00, 0x22, 0x0c, 0x36, 0x00, 0x70, 0x30, 0x77, 0x00, 0xbc, 0x06,
    0x6e, 0x30, 0x7c, 0x00, 0x74, 0x0c, 0x71, 0x20, 0x7c, 0x01, 0x90, 0x00,
    0x0c, 0x0c, 0x22, 0x0d, 0x4b, 0x00, 0x70, 0x52, 0xbe, 0x00, 0x9d, 0xc0,
    0x6e, 0x20, 0x52, 0x00, 0xdc, 0x00, 0x4d, 0x0c, 0x05, 0x09, 0x22, 0x0d,
    0x36, 0x00, 0x70, 0x40, 0x78, 0x00, 0x8d, 0xab, 0x71, 0x20, 0x7f, 0x01,
    0xe0, 0x00, 0x0a, 0x0f, 0x71, 0x20, 0x7f, 0x01, 0xe0, 0x00, 0x0a, 0x06,
    0x71, 0x20, 0x7f, 0x01, 0xe0, 0x00, 0x0a, 0x0a, 0x71, 0x20, 0x7f, 0x01,
    0xe0, 0x00, 0x0a, 0x0e, 0x6e, 0x5e, 0x79, 0x00, 0xfd, 0xa6, 0x6e, 0x30,
    0x7c, 0x00, 0xc7, 0x0d, 0xd8, 0x09, 0x09, 0x01, 0x12, 0xe6, 0x15, 0x0a,
    0x80, 0x3f, 0x28, 0xb7, 0x21, 0xc5, 0xb4, 0x35, 0x91, 0x05, 0x03, 0x05,
    0xb4, 0x35, 0x01, 0x83, 0x35, 0x53, 0x2a, 0x00, 0x71, 0x20, 0x7c, 0x01,
    0x80, 0x00, 0x0c, 0x06, 0x12, 0x49, 0x6e, 0x20, 0x53, 0x00, 0x96, 0x00,
    0x22, 0x09, 0x36, 0x00, 0x15, 0x0a, 0x80, 0x3f, 0x70, 0x40, 0x78, 0x00,
    0x89, 0xab, 0x71, 0x20, 0x7f, 0x01, 0xe0, 0x00, 0x0a, 0x0a, 0x71, 0x20,
    0x7f, 0x01, 0xe0, 0x00, 0x0a, 0x0c, 0x71, 0x20, 0x7f, 0x01, 0xe0, 0x00,
    0x0a, 0x0d, 0x71, 0x20, 0x7f, 0x01, 0xe0, 0x00, 0x0a, 0x0f, 0x6e, 0x5f,
    0x79, 0x00, 0xa9, 0xdc, 0x6e, 0x30, 0x7c, 0x00, 0x67, 0x09, 0xd8, 0x03,
    0x03, 0x01, 0x28, 0xd7, 0x22, 0x03, 0x3a, 0x00, 0x70, 0x20, 0x8d, 0x00,
    0x03, 0x00, 0x6e, 0x20, 0x8e, 0x00, 0x43, 0x00, 0x22, 0x00, 0x36, 0x00,
    0x15, 0x0a, 0x80, 0x3f, 0x70, 0x40, 0x78, 0x00, 0xb0, 0xa8, 0x6e, 0x30,
    0x7c, 0x00, 0x31, 0x00, 0x71, 0x10, 0x9e, 0x01, 0x02, 0x00, 0x0e, 0x00,
    0x02, 0x00, 0x02, 0x00, 0x02, 0x00, 0x01, 0x00, 0x6b, 0x9b, 0x00, 0x00,
    0x04, 0x00, 0x00, 0x00, 0x71, 0x20, 0xc4, 0x01, 0x10, 0x00, 0x0e, 0x00,
    0x00, 0x00, 0x00, 0x00, 0x03, 0x00, 0x01, 0x00, 0x01, 0x01, 0x6d, 0x03,
    0x03, 0x00, 0x01, 0x00, 0x03, 0x00, 0x00, 0x00, 0x71, 0x9b, 0x00, 0x00,
    0x1d, 0x00, 0x00, 0x00, 0x62, 0x00, 0xe6, 0x00, 0x38, 0x00, 0x03, 0x00,
    0x0e, 0x00, 0x22, 0x00, 0x74, 0x00, 0x22, 0x01, 0x51, 0x00, 0x70, 0x20,
    0xcb, 0x00, 0x21, 0x00, 0x1a, 0x02, 0x82, 0x02, 0x70, 0x30, 0xc2, 0x01,
    0x10, 0x02, 0x69, 0x00, 0xe6, 0x00, 0x12, 0x12, 0x6e, 0x20, 0xc3, 0x01,
    0x20, 0x00, 0x62, 0x02, 0xe6, 0x00, 0x6e, 0x10, 0xc5, 0x01, 0x02, 0x00,
    0x0e, 0x00, 0x00, 0x00, 0x03, 0x00, 0x02, 0x00, 0x03, 0x00, 0x00, 0x00,
    0x7c, 0x9b, 0x00, 0x00, 0x09, 0x00, 0x00, 0x00, 0x12, 0x00, 0x71, 0x30,
    0x9b, 0x00, 0x21, 0x00, 0x0c, 0x01, 0x6e, 0x10, 0x9c, 0x00, 0x01, 0x00,
    0x0e, 0x00, 0x00, 0x00, 0x03, 0x00, 0x01, 0x00, 0x03, 0x00, 0x00, 0x00,
    0x83, 0x9b, 0x00, 0x00, 0x24, 0x00, 0x00, 0x00, 0x62, 0x00, 0xec, 0x00,
    0x38, 0x00, 0x10, 0x00, 0x6e, 0x10, 0x4c, 0x00, 0x00, 0x00, 0x0a, 0x02,
    0x39, 0x02, 0x05, 0x00, 0x13, 0x02, 0x08, 0x00, 0x28, 0x02, 0x12, 0x02,
    0x6e, 0x20, 0x53, 0x00, 0x20, 0x00, 0x0e, 0x00, 0x71, 0x10, 0x48, 0x01,
    0x02, 0x00, 0x0c, 0x00, 0x69, 0x00, 0xec, 0x00, 0x22, 0x00, 0x32, 0x00,
    0x12, 0xf1, 0x70, 0x30, 0x63, 0x00, 0x10, 0x01, 0x62, 0x01, 0xec, 0x00,
    0x6e, 0x30, 0x00, 0x00, 0x12, 0x00, 0x0e, 0x00, 0x06, 0x00, 0x02, 0x00,
    0x02, 0x00, 0x00, 0x00, 0x8e, 0x9b, 0x00, 0x00, 0x3b, 0x00, 0x00, 0x00,
    0x13, 0x00, 0x13, 0x00, 0x1a, 0x01, 0x79, 0x00, 0x12, 0x12, 0x33, 0x05,
    0x1d, 0x00, 0x62, 0x00, 0xf6, 0x00, 0x12, 0x03, 0x44, 0x00, 0x00, 0x03,
    0x3b, 0x00, 0x06, 0x00, 0x71, 0x20, 0x9a, 0x01, 0x14, 0x00, 0x0e, 0x00,
    0x33, 0x20, 0x04, 0x00, 0x12, 0x24, 0x28, 0x02, 0x01, 0x24, 0x71, 0x20,
    0x70, 0x01, 0x45, 0x00, 0x62, 0x04, 0xf6, 0x00, 0x33, 0x20, 0x03, 0x00,
    0x01, 0x32, 0x4b, 0x02, 0x04, 0x03, 0x0e, 0x00, 0x62, 0x00, 0xf6, 0x00,
    0x44, 0x00, 0x00, 0x02, 0x3b, 0x00, 0x06, 0x00, 0x71, 0x20, 0x9a, 0x01,
    0x14, 0x00, 0x0e, 0x00, 0xb0, 0x20, 0x62, 0x04, 0xb3, 0x00, 0x21, 0x44,
    0xb4, 0x40, 0xd8, 0x04, 0x00, 0x01, 0x71, 0x20, 0x70, 0x01, 0x45, 0x00,
    0x62, 0x04, 0xf6, 0x00, 0x4b, 0x00, 0x04, 0x02, 0x0e, 0x00, 0x00, 0x00,
    0x06, 0x00, 0x01, 0x00, 0x02, 0x00, 0x00, 0x00, 0x9e, 0x9b, 0x00, 0x00,
    0x30, 0x00, 0x00, 0x00, 0x62, 0x00, 0xed, 0x00, 0x21, 0x01, 0x12, 0x02,
    0x01, 0x23, 0x35, 0x12, 0x0b, 0x00, 0x44, 0x04, 0x00, 0x02, 0x3d, 0x04,
    0x04, 0x00, 0xd8, 0x03, 0x03, 0x01, 0xd8, 0x02, 0x02, 0x01, 0x28, 0xf6,
    0x39, 0x03, 0x05, 0x00, 0x1a, 0x00, 0x00, 0x00, 0x28, 0x18, 0x12, 0x10,
    0x33, 0x03, 0x05, 0x00, 0x1a, 0x00, 0x16, 0x00, 0x28, 0x12, 0x22, 0x00,
    0x73, 0x00, 0x70, 0x10, 0xba, 0x01, 0x00, 0x00, 0x6e, 0x20, 0xbe, 0x01,
    0x30, 0x00, 0x1a, 0x01, 0x0a, 0x00, 0x6e, 0x20, 0xc0, 0x01, 0x10, 0x00,
    0x6e, 0x10, 0xc1, 0x01, 0x00, 0x00, 0x0c, 0x00, 0x6e, 0x20, 0x96, 0x00,
    0x05, 0x00, 0x0e, 0x00, 0x04, 0x00, 0x02, 0x00, 0x04, 0x00, 0x00, 0x00,
    0xa7, 0x9b, 0x00, 0x00, 0x12, 0x00, 0x00, 0x00, 0x22, 0x00, 0x1d, 0x00,
    0x71, 0x00, 0x39, 0x00, 0x00, 0x00, 0x0c, 0x01, 0x70, 0x20, 0x36, 0x00,
    0x10, 0x00, 0x22, 0x01, 0x53, 0x00, 0x70, 0x40, 0xcf, 0x00, 0x21, 0x03,
    0x6e, 0x20, 0x37, 0x00, 0x10, 0x00, 0x0e, 0x00, 0x04, 0x00, 0x02, 0x00,
    0x03, 0x00, 0x00, 0x00, 0xaf, 0x9b, 0x00, 0x00, 0x2c, 0x00, 0x00, 0x00,
    0x62, 0x00, 0xe3, 0x00, 0x38, 0x00, 0x08, 0x00, 0x38, 0x03, 0x11, 0x00,
    0x72, 0x10, 0xb0, 0x01, 0x03, 0x00, 0x0e, 0x00, 0x38, 0x03, 0x07, 0x00,
    0x62, 0x00, 0xeb, 0x00, 0x6e, 0x20, 0xca, 0x01, 0x30, 0x00, 0x63, 0x03,
    0xe4, 0x00, 0x38, 0x03, 0x03, 0x00, 0x0e, 0x00, 0x12, 0x13, 0x6a, 0x03,
    0xe4, 0x00, 0x22, 0x00, 0x74, 0x00, 0x22, 0x01, 0x4a, 0x00, 0x70, 0x20,
    0xbc, 0x00, 0x21, 0x00, 0x1a, 0x02, 0x81, 0x02, 0x70, 0x30, 0xc2, 0x01,
    0x10, 0x02, 0x6e, 0x20, 0xc3, 0x01, 0x30, 0x00, 0x6e, 0x10, 0xc5, 0x01,
    0x00, 0x00, 0x0e, 0x00, 0x19, 0x00, 0x00, 0x00, 0x18, 0x00, 0x00, 0x00,
    0xbf, 0x9b, 0x00, 0x00, 0x2e, 0x01, 0x00, 0x00, 0x1a, 0x12, 0xde, 0x01,
    0x1a, 0x13, 0x6e, 0x00, 0x1a, 0x01, 0xcd, 0x01, 0x1a, 0x02, 0xa4, 0x01,
    0x1a, 0x03, 0x71, 0x00, 0x1a, 0x04, 0x55, 0x00, 0x1a, 0x05, 0x21, 0x00,
    0x1a, 0x06, 0xe0, 0x01, 0x1a, 0x07, 0x87, 0x01, 0x1a, 0x08, 0xca, 0x01,
    0x1a, 0x09, 0x9e, 0x01, 0x1a, 0x0a, 0xce, 0x01, 0x1a, 0x0b, 0xe3, 0x01,
    0x1a, 0x0c, 0xe1, 0x01, 0x1a, 0x0d, 0xc2, 0x01, 0x1a, 0x0e, 0x9f, 0x00,
    0x1a, 0x0f, 0x76, 0x00, 0x1a, 0x10, 0xb6, 0x00, 0x1a, 0x11, 0x66, 0x00,
    0x25, 0x13, 0x8c, 0x00, 0x01, 0x00, 0x0c, 0x00, 0x69, 0x00, 0xf8, 0x00,
    0x13, 0x00, 0x13, 0x00, 0x23, 0x00, 0x87, 0x00, 0x26, 0x00, 0x78, 0x00,
    0x00, 0x00, 0x69, 0x00, 0xf7, 0x00, 0x1a, 0x11, 0xbf, 0x01, 0x1a, 0x12,
    0x93, 0x00, 0x1a, 0x01, 0xe2, 0x01, 0x1a, 0x02, 0xa3, 0x01, 0x1a, 0x03,
    0x2b, 0x02, 0x1a, 0x04, 0x7e, 0x00, 0x1a, 0x05, 0x84, 0x01, 0x1a, 0x06,
    0x34, 0x00, 0x1a, 0x07, 0xa4, 0x00, 0x1a, 0x08, 0x1f, 0x02, 0x1a, 0x09,
    0x7d, 0x01, 0x1a, 0x0a, 0x7d, 0x00, 0x1a, 0x0b, 0x65, 0x01, 0x1a, 0x0c,
    0x54, 0x00, 0x1a, 0x0d, 0x79, 0x01, 0x1a, 0x0e, 0xa0, 0x00, 0x1a, 0x0f,
    0x73, 0x00, 0x1a, 0x10, 0x9a, 0x01, 0x25, 0x12, 0x8c, 0x00, 0x01, 0x00,
    0x0c, 0x00, 0x69, 0x00, 0xfa, 0x00, 0x13, 0x00, 0x12, 0x00, 0x23, 0x00,
    0x87, 0x00, 0x26, 0x00, 0x6f, 0x00, 0x00, 0x00, 0x69, 0x00, 0xf9, 0x00,
    0x1a, 0x17, 0x68, 0x00, 0x1a, 0x18, 0xa1, 0x00, 0x1a, 0x01, 0xa2, 0x00,
    0x1a, 0x02, 0x5f, 0x00, 0x1a, 0x03, 0x77, 0x00, 0x1a, 0x04, 0x1b, 0x02,
    0x1a, 0x05, 0x75, 0x00, 0x1a, 0x06, 0x6f, 0x00, 0x1a, 0x07, 0x23, 0x00,
    0x1a, 0x08, 0x96, 0x00, 0x1a, 0x09, 0x72, 0x01, 0x1a, 0x0a, 0x78, 0x01,
    0x1a, 0x0b, 0xe4, 0x01, 0x1a, 0x0c, 0x1c, 0x02, 0x1a, 0x0d, 0x9e, 0x00,
    0x1a, 0x0e, 0x5b, 0x00, 0x1a, 0x0f, 0xc0, 0x01, 0x1a, 0x10, 0xbb, 0x01,
    0x1a, 0x11, 0x7f, 0x00, 0x1a, 0x12, 0x5e, 0x00, 0x1a, 0x13, 0xf7, 0x01,
    0x1a, 0x14, 0xc1, 0x01, 0x1a, 0x15, 0xb6, 0x01, 0x1a, 0x16, 0xc5, 0x01,
    0x25, 0x18, 0x8c, 0x00, 0x01, 0x00, 0x0c, 0x00, 0x69, 0x00, 0xfc, 0x00,
    0x13, 0x00, 0x18, 0x00, 0x23, 0x00, 0x87, 0x00, 0x26, 0x00, 0x58, 0x00,
    0x00, 0x00, 0x69, 0x00, 0xfb, 0x00, 0x0e, 0x00, 0x00, 0x03, 0x04, 0x00,
    0x13, 0x00, 0x00, 0x00, 0x32, 0x00, 0x00, 0x00, 0x04, 0x00, 0x00, 0x00,
    0x0d, 0x00, 0x00, 0x00, 0x0a, 0x01, 0x00, 0x00, 0xde, 0x00, 0x00, 0x00,
    0x23, 0x00, 0x00, 0x00, 0x71, 0x00, 0x00, 0x00, 0x91, 0x02, 0x00, 0x00,
    0x86, 0x00, 0x00, 0x00, 0x7d, 0x00, 0x00, 0x00, 0x7e, 0x00, 0x00, 0x00,
    0x7f, 0x00, 0x00, 0x00, 0x06, 0x01, 0x00, 0x00, 0xf5, 0x00, 0x00, 0x00,
    0x72, 0x01, 0x00, 0x00, 0x7c, 0x02, 0x00, 0x00, 0xb7, 0x01, 0x00, 0x00,
    0x8e, 0x01, 0x00, 0x00, 0x9c, 0x02, 0x00, 0x00, 0x00, 0x03, 0x04, 0x00,
    0x12, 0x00, 0x00, 0x00, 0x01, 0x00, 0x00, 0x00, 0x02, 0x00, 0x00, 0x00,
    0x03, 0x00, 0x00, 0x00, 0x15, 0x00, 0x00, 0x00, 0x31, 0x00, 0x00, 0x00,
    0x49, 0x00, 0x00, 0x00, 0x30, 0x00, 0x00, 0x00, 0x2a, 0x00, 0x00, 0x00,
    0x55, 0x00, 0x00, 0x00, 0x52, 0x00, 0x00, 0x00, 0x68, 0x00, 0x00, 0x00,
    0xfd, 0x00, 0x00, 0x00, 0xe0, 0x01, 0x00, 0x00, 0xf3, 0x00, 0x00, 0x00,
    0x88, 0x01, 0x00, 0x00, 0xc4, 0x00, 0x00, 0x00, 0xfc, 0xff, 0xff, 0xff,
    0x45, 0x00, 0x00, 0x00, 0x00, 0x03, 0x04, 0x00, 0x18, 0x00, 0x00, 0x00,
    0x16, 0x00, 0x00, 0x00, 0x11, 0x00, 0x00, 0x00, 0x12, 0x00, 0x00, 0x00,
    0x13, 0x00, 0x00, 0x00, 0x14, 0x00, 0x00, 0x00, 0x26, 0x00, 0x00, 0x00,
    0x36, 0x00, 0x00, 0x00, 0x6b, 0x00, 0x00, 0x00, 0x6c, 0x00, 0x00, 0x00,
    0x7c, 0x00, 0x00, 0x00, 0xb2, 0x00, 0x00, 0x00, 0xcf, 0x00, 0x00, 0x00,
    0xd0, 0x00, 0x00, 0x00, 0xd1, 0x00, 0x00, 0x00, 0xe3, 0x00, 0x00, 0x00,
    0x71, 0x01, 0x00, 0x00, 0x61, 0x01, 0x00, 0x00, 0xb9, 0x01, 0x00, 0x00,
    0xa0, 0x00, 0x00, 0x00, 0xe5, 0x00, 0x00, 0x00, 0x8e, 0x00, 0x00, 0x00,
    0x97, 0x02, 0x00, 0x00, 0xe4, 0x00, 0x00, 0x00, 0x4c, 0x02, 0x00, 0x00,
    0x01, 0x00, 0x01, 0x00, 0x01, 0x00, 0x00, 0x00, 0xce, 0x9b, 0x00, 0x00,
    0x04, 0x00, 0x00, 0x00, 0x70, 0x10, 0xaf, 0x01, 0x00, 0x00, 0x0e, 0x00,
    0xe5, 0x01, 0x02, 0x00, 0x00, 0x0e, 0x00, 0xe7, 0x01, 0x00, 0x0e, 0x69,
    0x3c, 0x96, 0x78, 0x00, 0x81, 0x0e, 0x01, 0x00, 0x0e, 0x00, 0x82, 0x0e,
    0x01, 0x00, 0x0e, 0x00, 0xa3, 0x0e, 0x05, 0x00, 0x00, 0x00, 0x00, 0x00,
    0x0e, 0x00, 0xa5, 0x0e, 0x00, 0x0e, 0x00, 0xb9, 0x0e, 0x04, 0x00, 0x00,
    0x00, 0x00, 0x0e, 0x00, 0xbb, 0x0e, 0x00, 0x0e, 0x00, 0xcc, 0x0e, 0x04,
    0x00, 0x00, 0x00, 0x00, 0x0e, 0x00, 0xce, 0x0e, 0x00, 0x0e, 0x00, 0xe9,
    0x0e, 0x02, 0x00, 0x00, 0x0e, 0x00, 0xeb, 0x0e, 0x00, 0x0e, 0x00, 0xe6,
    0x0e, 0x05, 0x00, 0x00, 0x00, 0x00, 0x00, 0x0e, 0x00, 0xe8, 0x0e, 0x01,
    0x00, 0x1d, 0x69, 0x7c, 0x00, 0xb8, 0x0f, 0x04, 0x00, 0x00, 0x00, 0x00,
    0x0e, 0x00, 0xba, 0x0f, 0x00, 0x0e, 0xb4, 0x00, 0xe1, 0x0f, 0x03, 0x00,
    0x00, 0x00, 0x0e, 0x00, 0xdd, 0x0f, 0x00, 0x0e, 0x00, 0xdc, 0x0f, 0x03,
    0x00, 0x00, 0x00, 0x0e, 0x00, 0xec, 0x0f, 0x02, 0x00, 0x00, 0x0e, 0x00,
    0xee, 0x0f, 0x00, 0x0e, 0x96, 0x01, 0x19, 0x0f, 0x01, 0x24, 0x0d, 0x3d,
    0x78, 0x00, 0xe8, 0x0f, 0x05, 0x00, 0x00, 0x00, 0x00, 0x00, 0x0e, 0x00,
    0xea, 0x0f, 0x04, 0x00, 0x00, 0x00, 0x00, 0x0e, 0xc3, 0x4b, 0x9e, 0x00,
    0xbe, 0x10, 0x05, 0x00, 0x00, 0x00, 0x00, 0x00, 0x0e, 0x00, 0xc0, 0x10,
    0x01, 0x00, 0x0e, 0x96, 0x87, 0x78, 0x01, 0x25, 0x0f, 0xc6, 0x5a, 0x01,
    0x2a, 0x0f, 0x4c, 0x5a, 0x69, 0x01, 0x25, 0x0f, 0x00, 0xe9, 0x10, 0x03,
    0x00, 0x00, 0x00, 0x0e, 0x00, 0xeb, 0x10, 0x01, 0x00, 0x2c, 0x78, 0x96,
    0x69, 0x3c, 0xc4, 0x5a, 0x00, 0xe1, 0x01, 0x01, 0x00, 0x0e, 0x00, 0xe3,
    0x01, 0x00, 0x2c, 0x3c, 0x4b, 0x00, 0x8a, 0x11, 0x04, 0x00, 0x00, 0x00,
    0x00, 0x0e, 0x00, 0x8c, 0x11, 0x01, 0x00, 0x0e, 0x96, 0x5a, 0xa7, 0x87,
    0x78, 0xa7, 0x01, 0x1c, 0x0f, 0xb4, 0x96, 0x5a, 0x00, 0x8b, 0x12, 0x03,
    0x00, 0x00, 0x00, 0x0e, 0x00, 0x8d, 0x12, 0x00, 0x0e, 0x00, 0xa1, 0x12,
    0x02, 0x00, 0x00, 0x0e, 0x00, 0xa3, 0x12, 0x00, 0x0e, 0x00, 0xc8, 0x12,
    0x02, 0x00, 0x00, 0x0e, 0x00, 0xca, 0x12, 0x01, 0x00, 0x0e, 0x4b, 0x87,
    0xb4, 0x00, 0xdd, 0x08, 0x01, 0x00, 0x0e, 0x00, 0xdb, 0x08, 0x03, 0x00,
    0x00, 0x00, 0x0e, 0x00, 0xdb, 0x09, 0x03, 0x00, 0x00, 0x00, 0x0e, 0x00,
    0xdc, 0x09, 0x00, 0x0e, 0x00, 0xd4, 0x09, 0x01, 0x00, 0x0e, 0x00, 0xd6,
    0x09, 0x00, 0x2c, 0x3e, 0xa5, 0x69, 0x00, 0xc1, 0x0a, 0x01, 0x00, 0x0e,
    0x00, 0xc3, 0x0a, 0x00, 0x0e, 0x00, 0xc6, 0x0b, 0x03, 0x00, 0x00, 0x00,
    0x0e, 0x00, 0xc8, 0x0b, 0x00, 0x0e, 0x01, 0x11, 0x10, 0xd3, 0xf2, 0xff,
    0x79, 0x00, 0xee, 0x0b, 0x00, 0x0e, 0x00, 0xae, 0x0c, 0x05, 0x00, 0x00,
    0x00, 0x00, 0x00, 0x0e, 0x00, 0xb0, 0x0c, 0x01, 0x00, 0x0e, 0x00, 0xc7,
    0x0c, 0x00, 0x0e, 0x00, 0xc9, 0x0c, 0x01, 0x00, 0x0e, 0x00, 0xf0, 0x0c,
    0x01, 0x00, 0x0e, 0x00, 0xf1, 0x0c, 0x00, 0x0e, 0x00, 0xeb, 0x0c, 0x03,
    0x00, 0x00, 0x00, 0x0e, 0x00, 0xed, 0x0c, 0x01, 0x00, 0x0e, 0xe1, 0x5a,
    0x01, 0x11, 0x0f, 0xc5, 0x00, 0x9b, 0x01, 0x00, 0x0e, 0x00, 0x9b, 0x01,
    0x01, 0x00, 0x0e, 0x00, 0x97, 0x0b, 0x02, 0x00, 0x00, 0x0e, 0x69, 0x02,
    0x15, 0x01, 0x11, 0x0e, 0x02, 0x74, 0xa4, 0xe1, 0x01, 0x1b, 0x0f, 0x2d,
    0x69, 0x01, 0x13, 0x0f, 0x01, 0x13, 0x0f, 0x4d, 0x02, 0x70, 0xfe, 0x69,
    0x69, 0x4b, 0x4b, 0x00, 0x91, 0x0b, 0x01, 0x00, 0x0e, 0x3c, 0x2d, 0x00,
    0xf6, 0x07, 0x01, 0x00, 0x0e, 0x5a, 0x99, 0x78, 0x3c, 0x00, 0x81, 0x08,
    0x01, 0x00, 0x0e, 0xb4, 0x87, 0x4b, 0x4d, 0x5a, 0x01, 0x12, 0x0f, 0x5b,
    0x5a, 0x5a, 0x78, 0x3c, 0x3d, 0x5a, 0x3c, 0x00, 0xbb, 0x11, 0x00, 0x0e,
    0x00, 0xbb, 0x11, 0x01, 0x00, 0x0e, 0x00, 0xc7, 0x0d, 0x01, 0x00, 0x0e,
    0x02, 0x11, 0xc2, 0x02, 0x73, 0x59, 0xe1, 0x01, 0x1a, 0x10, 0xa5, 0x4b,
    0x2d, 0x3c, 0x7a, 0x00, 0x9b, 0x0d, 0x00, 0x0e, 0x00, 0x94, 0x0d, 0x03,
    0x00, 0x00, 0x00, 0x0e, 0x02, 0x7a, 0x3b, 0xba, 0x2d, 0x4b, 0x96, 0x00,
    0xa3, 0x0d, 0x01, 0x00, 0x2c, 0x87, 0xd2, 0x01, 0x14, 0x12, 0x78, 0x87,
    0x01, 0x15, 0x0f, 0x87, 0xb5, 0x01, 0x17, 0x11, 0x87, 0x9b, 0xd3, 0xd2,
    0x5a, 0x01, 0x17, 0x0f, 0x69, 0x01, 0x16, 0x11, 0x87, 0x00, 0x9e, 0x0d,
    0x02, 0x00, 0x00, 0x0e, 0x01, 0x1e, 0x0f, 0x01, 0x13, 0x0d, 0x00, 0xff,
    0x0f, 0x00, 0x0e, 0x00, 0xff, 0x0f, 0x01, 0x00, 0x0e, 0x00, 0xad, 0x04,
    0x00, 0x0e, 0x00, 0xe7, 0x04, 0x00, 0x0e, 0x69, 0x88, 0x78, 0x01, 0x16,
    0x0f, 0xf0, 0xe1, 0xa5, 0x01, 0x17, 0x0f, 0x88, 0x00, 0xac, 0x04, 0x00,
    0x0e, 0x00, 0xf9, 0x03, 0x02, 0x00, 0x00, 0x0e, 0xf0, 0x3c, 0x00, 0x86,
    0x04, 0x06, 0x00, 0x00, 0x00, 0x00, 0x00, 0x00, 0x0e, 0xe1, 0x2d, 0x3c,
    0x00, 0xea, 0x03, 0x04, 0x00, 0x00, 0x00, 0x00, 0x0e, 0xf0, 0x00, 0xe5,
    0x03, 0x05, 0x00, 0x00, 0x00, 0x00, 0x00, 0x0e, 0x00, 0x9a, 0x04, 0x04,
    0x00, 0x00, 0x00, 0x00, 0x0e, 0xd2, 0xe1, 0xff, 0x00, 0xa3, 0x04, 0x03,
    0x00, 0x00, 0x00, 0x1d, 0x2d, 0x01, 0x12, 0x10, 0xa5, 0x4b, 0x00, 0xf1,
    0x03, 0x02, 0x00, 0x00, 0x0e, 0xf0, 0x3c, 0x00, 0x91, 0x04, 0x04, 0x00,
    0x00, 0x00, 0x00, 0x0e, 0x00, 0x95, 0x04, 0x02, 0x00, 0x00, 0x0e, 0x00,
    0xb5, 0x04, 0x00, 0x0e, 0x00, 0xb6, 0x04, 0x01, 0x00, 0x0e, 0x00, 0xaf,
    0x04, 0x00, 0x0e, 0x00, 0xb4, 0x04, 0x00, 0x0e, 0x00, 0xb9, 0x04, 0x01,
    0x00, 0x0e, 0x78, 0x00, 0xbe, 0x04, 0x01, 0x00, 0x0e, 0x4b, 0xa5, 0x5b,
    0x00, 0xde, 0x03, 0x09, 0x00, 0x00, 0x00, 0x00, 0x00, 0x00, 0x00, 0x00,
    0x00, 0x0e, 0x02, 0x72, 0x4a, 0x3d, 0x02, 0x0d, 0x2c, 0x69, 0x69, 0x00,
    0xce, 0x04, 0x01, 0x00, 0x0e, 0x87, 0xa6, 0x6a, 0x4b, 0x7a, 0x01, 0x18,
    0x10, 0x97, 0x4b, 0x01, 0x1a, 0x11, 0x00, 0x98, 0x0a, 0x01, 0x00, 0x0e,
    0x02, 0x7b, 0x3b, 0x78, 0xe5, 0x96, 0x00, 0xa3, 0x0a, 0x01, 0x00, 0x0e,
    0x5a, 0x4b, 0x01, 0x12, 0x0f, 0x01, 0x16, 0x0f, 0xb4, 0xa7, 0x00, 0x9e,
    0x0a, 0x02, 0x00, 0x00, 0x0e, 0x87, 0x00, 0x49, 0x02, 0x00, 0x00, 0x0e,
    0x00, 0xee, 0x08, 0x02, 0x00, 0x00, 0x2c, 0xc3, 0xc7, 0x01, 0x14, 0x0f,
    0x5a, 0x4c, 0x6a, 0x01, 0x19, 0x0f, 0xc8, 0xc3, 0x97, 0xa5, 0xab, 0x00,
    0xbd, 0x08, 0x02, 0x00, 0x00, 0x0e, 0x01, 0x10, 0x11, 0x4b, 0xc4, 0x69,
    0x2d, 0x4f, 0x00, 0x96, 0x09, 0x03, 0x00, 0x00, 0x00, 0x0e, 0x4b, 0xf0,
    0x4b, 0x00, 0xaa, 0x08, 0x01, 0x00, 0x0e, 0x4c, 0xd3, 0x4d, 0x00, 0x49,
    0x03, 0x00, 0x00, 0x00, 0x0e, 0x00, 0xd1, 0x07, 0x01, 0x00, 0x0e, 0x87,
    0x5a, 0x00, 0xe0, 0x07, 0x03, 0x00, 0x00, 0x00, 0x0e, 0x5a, 0x5a, 0x96,
    0x00, 0xd9, 0x07, 0x03, 0x00, 0x00, 0x00, 0x0e, 0x69, 0x00, 0x49, 0x00,
    0x0e, 0x00, 0x49, 0x05, 0x00, 0x00, 0x00, 0x00, 0x00, 0x0e, 0x00, 0xe4,
    0x0b, 0x01, 0x00, 0x2c, 0x3c, 0x5d, 0x3d, 0x78, 0x3d, 0x8a, 0x69, 0x3c,
    0x88, 0x01, 0x13, 0x0f, 0x3c, 0x3e, 0x69, 0x96, 0x96, 0x01, 0x15, 0x11,
    0x5a, 0x3c, 0x78, 0x01, 0x13, 0x10, 0x5a, 0x5a, 0x3c, 0xf0, 0x5a, 0x3c,
    0x78, 0xb4, 0xe1, 0x3c, 0x3c, 0x79, 0x5a, 0x5a, 0x3c, 0x3c, 0xa7, 0x79,
    0x3c, 0x2d, 0x87, 0x2d, 0x69, 0x01, 0x11, 0x0f, 0x6b, 0x5a, 0x5a, 0x5a,
    0x01, 0x17, 0x0f, 0x78, 0xa5, 0x5a, 0x87, 0x3c, 0xa9, 0x6b, 0x69, 0x3c,
    0x01, 0x12, 0x11, 0x4b, 0x78, 0x69, 0x3c, 0x9b, 0xe1, 0x01, 0x13, 0x0f,
    0x8d, 0xff, 0x4b, 0x87, 0x69, 0x4c, 0x00, 0xb1, 0x0a, 0x02, 0x00, 0x00,
    0x0e, 0x69, 0x5a, 0x3c, 0xd2, 0x4b, 0x5a, 0x87, 0x00, 0xc1, 0x11, 0x02,
    0x00, 0x00, 0x0e, 0x69, 0x69, 0x5a, 0x5a, 0x01, 0x15, 0x0f, 0x69, 0x01,
    0x15, 0x0f, 0x5b, 0x69, 0x3c, 0x78, 0x5a, 0x5a, 0x3c, 0xd2, 0xa5, 0x87,
    0x96, 0x5a, 0x5a, 0x3c, 0xf0, 0x5a, 0xb6, 0x3c, 0x00, 0x8a, 0x10, 0x05,
    0x00, 0x00, 0x00, 0x00, 0x00, 0x0e, 0xc3, 0x3c, 0x88, 0x69, 0x69, 0x5a,
    0x5a, 0x01, 0x17, 0x10, 0x69, 0x5e, 0x5a, 0x5a, 0x5a, 0x96, 0xe1, 0x69,
    0xf0, 0x5a, 0x5a, 0xb8, 0x78, 0x78, 0x01, 0x15, 0x0f, 0x01, 0x14, 0x10,
    0x89, 0x4d, 0x4b, 0x6b, 0x01, 0x15, 0x10, 0x96, 0x5a, 0x01, 0x30, 0x0f,
    0x01, 0x19, 0x0f, 0x01, 0x14, 0x0f, 0x00, 0xe3, 0x0c, 0x01, 0x00, 0x0e,
    0x69, 0x4b, 0x79, 0xc3, 0x96, 0x01, 0x19, 0x0f, 0x78, 0x02, 0x0b, 0x86,
    0xf0, 0x01, 0x12, 0x0f, 0x6a, 0x97, 0x69, 0x69, 0x00, 0xee, 0x09, 0x03,
    0x00, 0x00, 0x00, 0x0e, 0x5a, 0x5a, 0x3c, 0x00, 0xfe, 0x09, 0x03, 0x00,
    0x00, 0x00, 0x0e, 0x4b, 0x69, 0x2d, 0x87, 0x5b, 0xb4, 0x85, 0x00, 0xf0,
    0x0d, 0x03, 0x00, 0x00, 0x00, 0x1d, 0x00, 0xf6, 0x0d, 0x04, 0x00, 0x00,
    0x00, 0x00, 0x0e, 0x69, 0x5a, 0x5b, 0x98, 0xc3, 0x79, 0x01, 0x15, 0x0f,
    0x89, 0x5b, 0x78, 0xb4, 0x87, 0x3c, 0x5b, 0x78, 0x00, 0x98, 0x08, 0x04,
    0x00, 0x00, 0x00, 0x00, 0x0e, 0x5a, 0x3c, 0x3c, 0x3c, 0x00, 0x49, 0x01,
    0x00, 0x0e, 0x00, 0xb1, 0x06, 0x01, 0x00, 0x0e, 0x00, 0xd8, 0x06, 0x01,
    0x00, 0x0e, 0x00, 0xc0, 0x09, 0x01, 0x00, 0x0e, 0xc4, 0x00, 0xfe, 0x01,
    0x00, 0x0e, 0x4c, 0xc3, 0xa5, 0x4b, 0x69, 0x2d, 0x2d, 0x69, 0x69, 0x78,
    0x78, 0xa5, 0xe1, 0xb4, 0x69, 0x69, 0x87, 0x4b, 0x87, 0x87, 0xd2, 0x01,
    0x11, 0x0f, 0x01, 0x11, 0x0d, 0x00, 0xc0, 0x05, 0x05, 0x00, 0x00, 0x00,
    0x00, 0x00, 0x0e, 0x4b, 0x5a, 0xa5, 0xe1, 0x96, 0x00, 0x9c, 0x05, 0x00,
    0x0e, 0x5c, 0xb6, 0x3c, 0xf0, 0xc3, 0xc3, 0xc3, 0xe1, 0xd2, 0xb4, 0xf0,
    0xb4, 0xd2, 0xd2, 0x97, 0x2d, 0x01, 0x12, 0x0f, 0xff, 0x01, 0x10, 0x10,
    0xf0, 0x69, 0x69, 0xff, 0xb4, 0xc3, 0x00, 0xba, 0x07, 0x01, 0x00, 0x0e,
    0x00, 0xb5, 0x07, 0x01, 0x00, 0x0e, 0x00, 0x93, 0x07, 0x01, 0x00, 0x0e,
    0x78, 0x87, 0x96, 0xf0, 0xa5, 0x6a, 0x00, 0xa9, 0x07, 0x01, 0x00, 0x0e,
    0x87, 0x00, 0xb4, 0x03, 0x02, 0x00, 0x00, 0x0e, 0x4b, 0xc3, 0x00, 0xe6,
    0x0a, 0x03, 0x00, 0x00, 0x00, 0xfe, 0x00, 0xe7, 0x08, 0x01, 0x00, 0x0e,
    0x5a, 0xc3, 0x00, 0xc2, 0x07, 0x01, 0x00, 0x0e, 0x00, 0x9e, 0x07, 0x02,
    0x00, 0x00, 0x0e, 0x00, 0xfc, 0x04, 0x01, 0x00, 0x0e, 0x2d, 0x5b, 0x01,
    0x11, 0x0f, 0x69, 0x1e, 0x00, 0xe8, 0x02, 0x01, 0x00, 0x4a, 0xc3, 0x2e,
    0x00, 0x9f, 0x02, 0x01, 0x00, 0x3b, 0xa5, 0x00, 0xaa, 0x02, 0x02, 0x00,
    0x00, 0x2c, 0x78, 0xa6, 0x69, 0xc4, 0x4b, 0x96, 0x4c, 0x69, 0x00, 0xd5,
    0x02, 0x03, 0x00, 0x00, 0x00, 0x0e, 0x78, 0xa6, 0x69, 0xc4, 0x4b, 0x96,
    0x4c, 0x69, 0x00, 0xbc, 0x02, 0x03, 0x00, 0x00, 0x00, 0x2c, 0x6a, 0x5a,
    0x78, 0x01, 0x11, 0x10, 0xb4, 0x87, 0x88, 0x78, 0xb4, 0x4c, 0xb4, 0x79,
    0x00, 0x88, 0x05, 0x01, 0x00, 0x2c, 0x7b, 0x01, 0x18, 0x0f, 0x78, 0x69,
    0x96, 0x69, 0x4b, 0xd3, 0x00, 0x8d, 0x03, 0x02, 0x00, 0x00, 0x4a, 0xc3,
    0x01, 0x13, 0x11, 0x00, 0x97, 0x06, 0x01, 0x00, 0x4a, 0x00, 0xe4, 0x0d,
    0x02, 0x00, 0x00, 0x0e, 0x00, 0xe2, 0x08, 0x02, 0x00, 0x00, 0x0e, 0x00,
    0xf0, 0x02, 0x01, 0x00, 0x0e, 0x4b, 0x00, 0xb9, 0x01, 0x00, 0x2c, 0x4c,
    0x01, 0x13, 0x10, 0x01, 0x15, 0x10, 0x01, 0x11, 0x10, 0x96, 0xd2, 0xf0,
    0x01, 0x15, 0x10, 0xd2, 0xff, 0xff, 0x01, 0x10, 0x10, 0xe2, 0x01, 0x14,
    0x13, 0x02, 0xa8, 0x01, 0x86, 0x02, 0x0f, 0x68, 0x02, 0xc3, 0x02, 0xc2,
    0x01, 0x32, 0x15, 0x02, 0x19, 0x01, 0x32, 0x0e, 0x02, 0x0b, 0x01, 0x86,
    0x01, 0x0e, 0x02, 0x2c, 0x77, 0x6a, 0xf3, 0x02, 0x23, 0x68, 0x02, 0xee,
    0x01, 0x59, 0x02, 0x20, 0x77, 0x02, 0xcf, 0x00, 0xc2, 0x78, 0x5a, 0x6a,
    0x02, 0xac, 0x03, 0x77, 0xe3, 0x02, 0xb7, 0x01, 0xfe, 0x00, 0x49, 0x04,
    0x00, 0x00, 0x00, 0x00, 0x0e, 0x00, 0x9c, 0x03, 0x01, 0x00, 0x0e, 0x89,
    0xe1, 0x5a, 0x87, 0xf0, 0x3d, 0x4b, 0x4b, 0x2d, 0x87, 0x69, 0x01, 0x1b,
    0x0f, 0x01, 0x11, 0x10, 0x69, 0x00, 0xcc, 0x07, 0x03, 0x00, 0x00, 0x00,
    0x4a, 0x00, 0xb8, 0x12, 0x02, 0x00, 0x00, 0x0e, 0x7a, 0x78, 0x4b, 0x78,
    0x69, 0x4b, 0x4b, 0x4f, 0x79, 0x00, 0xd6, 0x0a, 0x01, 0x00, 0x0e, 0xe1,
    0x01, 0x19, 0x0f, 0x78, 0x5a, 0xa5, 0x3c, 0x2d, 0xe1, 0x2d, 0x3c, 0x3c,
    0x00, 0xe6, 0x09, 0x03, 0x00, 0x00, 0x00, 0x0e, 0x5a, 0x5a, 0xb5, 0x00,
    0xc8, 0x09, 0x00, 0x0e, 0x69, 0x69, 0x69, 0x78, 0x3c, 0x5a, 0x00, 0x86,
    0x12, 0x03, 0x00, 0x00, 0x00, 0x0e, 0xc3, 0x78, 0x78, 0x78, 0x69, 0x00,
    0xbf, 0x0a, 0x01, 0x00, 0x0e, 0x2d, 0x3c, 0x00, 0xfe, 0x02, 0x00, 0x0e,
    0x5a, 0x69, 0x69, 0x69, 0x69, 0x69, 0x00, 0xe3, 0x11, 0x03, 0x00, 0x00,
    0x00, 0x0e, 0x69, 0xa5, 0x01, 0x16, 0x10, 0x78, 0x01, 0x14, 0x0f, 0xd2,
    0x00, 0xf2, 0x11, 0x04, 0x00, 0x00, 0x00, 0x00, 0x0e, 0x01, 0x19, 0x11,
    0x87, 0x01, 0x19, 0x10, 0x78, 0xc3, 0xa5, 0x5a, 0xd2, 0xe1, 0x00, 0xb3,
    0x09, 0x04, 0x00, 0x00, 0x00, 0x00, 0x0e, 0x4b, 0x3c, 0x01, 0x13, 0x0f,
    0x3c, 0xa5, 0x96, 0x96, 0x3c, 0xd2, 0x00, 0xef, 0x0a, 0x02, 0x00, 0x00,
    0x0e, 0x87, 0xe2, 0x69, 0x69, 0x7a, 0xc3, 0x00, 0xdc, 0x06, 0x01, 0x00,
    0x0e, 0x97, 0x5a, 0x78, 0x01, 0x14, 0x0f, 0x87, 0x4b, 0xa6, 0x00, 0xb8,
    0x0b, 0x02, 0x00, 0x00, 0x0e, 0xf0, 0x00, 0xea, 0x06, 0x01, 0x00, 0x0e,
    0xb4, 0x5a, 0x01, 0x1c, 0x10, 0x00, 0x9a, 0x0e, 0x05, 0x00, 0x00, 0x00,
    0x00, 0x00, 0x0e, 0x3c, 0x4f, 0xe2, 0x2d, 0xa9, 0xc3, 0x96, 0x00, 0xf7,
    0x09, 0x03, 0x00, 0x00, 0x00, 0x3b, 0x4b, 0x96, 0x87, 0x00, 0x9f, 0x12,
    0x01, 0x00, 0x0e, 0x5b, 0x00, 0xb3, 0x0e, 0x04, 0x00, 0x00, 0x00, 0x00,
    0x86, 0x3c, 0xd3, 0x78, 0xe2, 0x9d, 0x5a, 0x87, 0x3c, 0x01, 0x14, 0x10,
    0x88, 0x69, 0x87, 0x01, 0x23, 0x0d, 0xb6, 0x5e, 0x5a, 0x3c, 0x01, 0x11,
    0x0f, 0x5a, 0x5a, 0x3c, 0x01, 0x15, 0x0f, 0x78, 0xa5, 0x78, 0x3c, 0x4b,
    0x01, 0x16, 0x0f, 0xff, 0x01, 0x11, 0x0c, 0x4d, 0xd2, 0xb5, 0xc3, 0x96,
    0x87, 0x02, 0x0b, 0x86, 0x88, 0x69, 0x01, 0x10, 0x10, 0x5a, 0x3c, 0x00,
    0x83, 0x0f, 0x05, 0x00, 0x00, 0x00, 0x00, 0x00, 0x95, 0x2d, 0x3d, 0xa8,
    0x78, 0x01, 0x10, 0x10, 0x4f, 0x01, 0x11, 0x0f, 0x4c, 0x5a, 0x5a, 0x96,
    0x96, 0xb4, 0xf1, 0x69, 0x3c, 0x3c, 0x3c, 0x3c, 0x78, 0x3c, 0x78, 0x01,
    0x13, 0x0f, 0x98, 0x79, 0x69, 0x69, 0x3d, 0x01, 0x14, 0x0f, 0xa5, 0x4b,
    0x89, 0x01, 0x14, 0x0f, 0x69, 0x3c, 0x5a, 0x7d, 0x3c, 0x2d, 0xb4, 0x69,
    0x3d, 0x5b, 0x69, 0x3d, 0x69, 0x01, 0x15, 0x0f, 0x3a, 0x02, 0x0b, 0x86,
    0x5d, 0xd2, 0xc3, 0x3c, 0x61, 0x3e, 0x4b, 0x02, 0x12, 0x86, 0x00, 0xde,
    0x10, 0x03, 0x00, 0x00, 0x00, 0x4a, 0x69, 0x69, 0xd2, 0x4c, 0x5a, 0x5a,
    0xc3, 0xf0, 0x78, 0x01, 0x15, 0x0f, 0x02, 0x0c, 0x86, 0x3d, 0x88, 0x69,
    0x3d, 0x4b, 0x5a, 0x5b, 0x78, 0x4b, 0x5a, 0x3c, 0x8b, 0x4b, 0x02, 0x13,
    0x86, 0x2d, 0x5b, 0x01, 0x13, 0x0f, 0x9d, 0x88, 0x5a, 0x3c, 0x79, 0x01,
    0x13, 0x0f, 0x6b, 0x5a, 0x3c, 0xa6, 0x00, 0x9a, 0x02, 0x01, 0x00, 0x0e,
    0x00, 0xd3, 0x09, 0x01, 0x00, 0x0e, 0x5a, 0x02, 0x0d, 0xef, 0x3c, 0x00,
    0xc5, 0x06, 0x02, 0x00, 0x00, 0x1d, 0x00, 0xd8, 0x0b, 0x01, 0x00, 0x0e,
    0x4c, 0xa3, 0x4e, 0x69, 0x6a, 0x00, 0xb6, 0x06, 0x02, 0x00, 0x00, 0x2c,
    0x5a, 0x78, 0x96, 0x3c, 0x88, 0x69, 0x5a, 0x69, 0x3c, 0x00, 0x94, 0x12,
    0x01, 0x00, 0x0e, 0x01, 0x12, 0x0f, 0x00, 0xc5, 0x0b, 0x02, 0x00, 0x00,
    0x0e, 0x96, 0x00, 0xda, 0x01, 0x02, 0x00, 0x00, 0x0e, 0x69, 0x6b, 0x5a,
    0x69, 0x2d, 0x02, 0x0f, 0xc2, 0x3c, 0x00, 0x0a, 0x00, 0x0e, 0x01, 0x2e,
    0x0f, 0x7a, 0x01, 0x2c, 0x0f, 0x7a, 0x01, 0x38, 0x0f, 0x00, 0x08, 0x00,
    0x0e, 0x00, 0x00, 0x00, 0x01, 0x00, 0x00, 0x00, 0x71, 0x00, 0x00, 0x00,
    0x01, 0x00, 0x00, 0x00, 0x28, 0x00, 0x00, 0x00, 0x01, 0x00, 0x00, 0x00,
    0x24, 0x00, 0x00, 0x00, 0x01, 0x00, 0x00, 0x00, 0x29, 0x00, 0x00, 0x00,
    0x01, 0x00, 0x00, 0x00, 0x03, 0x00, 0x00, 0x00, 0x01, 0x00, 0x00, 0x00,
    0x01, 0x00, 0x00, 0x00, 0x01, 0x00, 0x00, 0x00, 0x02, 0x00, 0x00, 0x00,
    0x02, 0x00, 0x00, 0x00, 0x02, 0x00, 0x02, 0x00, 0x01, 0x00, 0x00, 0x00,
    0x05, 0x00, 0x00, 0x00, 0x01, 0x00, 0x00, 0x00, 0x00, 0x00, 0x00, 0x00,
    0x03, 0x00, 0x00, 0x00, 0x02, 0x00, 0x03, 0x00, 0x03, 0x00, 0x00, 0x00,
    0x02, 0x00, 0x00, 0x00, 0x03, 0x00, 0x03, 0x00, 0x02, 0x00, 0x00, 0x00,
    0x05, 0x00, 0x02, 0x00, 0x01, 0x00, 0x00, 0x00, 0x72, 0x00, 0x00, 0x00,
    0x02, 0x00, 0x00, 0x00, 0x72, 0x00, 0x03, 0x00, 0x02, 0x00, 0x00, 0x00,
    0x72, 0x00, 0x72, 0x00, 0x03, 0x00, 0x00, 0x00, 0x72, 0x00, 0x72, 0x00,
    0x72, 0x00, 0x00, 0x00, 0x01, 0x00, 0x00, 0x00, 0x6a, 0x00, 0x00, 0x00,
    0x02, 0x00, 0x00, 0x00, 0x6a, 0x00, 0x0b, 0x00, 0x02, 0x00, 0x00, 0x00,
    0x6a, 0x00, 0x6a, 0x00, 0x03, 0x00, 0x00, 0x00, 0x05, 0x00, 0x03, 0x00,
    0x03, 0x00, 0x00, 0x00, 0x02, 0x00, 0x00, 0x00, 0x05, 0x00, 0x72, 0x00,
    0x03, 0x00, 0x00, 0x00, 0x0f, 0x00, 0x03, 0x00, 0x11, 0x00, 0x00, 0x00,
    0x05, 0x00, 0x00, 0x00, 0x10, 0x00, 0x03, 0x00, 0x03, 0x00, 0x03, 0x00,
    0x03, 0x00, 0x00, 0x00, 0x03, 0x00, 0x00, 0x00, 0x69, 0x00, 0x17, 0x00,
    0x11, 0x00, 0x00, 0x00, 0x02, 0x00, 0x00, 0x00, 0x72, 0x00, 0x11, 0x00,
    0x02, 0x00, 0x00, 0x00, 0x0e, 0x00, 0x72, 0x00, 0x03, 0x00, 0x00, 0x00,
    0x03, 0x00, 0x2a, 0x00, 0x2d, 0x00, 0x00, 0x00, 0x02, 0x00, 0x00, 0x00,
    0x05, 0x00, 0x03, 0x00, 0x05, 0x00, 0x00, 0x00, 0x05, 0x00, 0x5f, 0x00,
    0x03, 0x00, 0x87, 0x00, 0x2a, 0x00, 0x00, 0x00, 0x01, 0x00, 0x00, 0x00,
    0x0a, 0x00, 0x00, 0x00, 0x03, 0x00, 0x00, 0x00, 0x05, 0x00, 0x10, 0x00,
    0x02, 0x00, 0x00, 0x00, 0x03, 0x00, 0x00, 0x00, 0x05, 0x00, 0x5f, 0x00,
    0x02, 0x00, 0x00, 0x00, 0x03, 0x00, 0x00, 0x00, 0x05, 0x00, 0x5f, 0x00,
    0x3b, 0x00, 0x00, 0x00, 0x04, 0x00, 0x00, 0x00, 0x05, 0x00, 0x5f, 0x00,
    0x3b, 0x00, 0x71, 0x00, 0x04, 0x00, 0x00, 0x00, 0x05, 0x00, 0x72, 0x00,
    0x02, 0x00, 0x03, 0x00, 0x03, 0x00, 0x00, 0x00, 0x0a, 0x00, 0x6a, 0x00,
    0x03, 0x00, 0x00, 0x00, 0x01, 0x00, 0x00, 0x00, 0x59, 0x00, 0x00, 0x00,
    0x04, 0x00, 0x00, 0x00, 0x72, 0x00, 0x03, 0x00, 0x03, 0x00, 0x03, 0x00,
    0x05, 0x00, 0x00, 0x00, 0x72, 0x00, 0x03, 0x00, 0x72, 0x00, 0x03, 0x00,
    0x03, 0x00, 0x00, 0x00, 0x04, 0x00, 0x00, 0x00, 0x72, 0x00, 0x72, 0x00,
    0x03, 0x00, 0x87, 0x00, 0x06, 0x00, 0x00, 0x00, 0x72, 0x00, 0x72, 0x00,
    0x72, 0x00, 0x03, 0x00, 0x03, 0x00, 0x89, 0x00, 0x03, 0x00, 0x00, 0x00,
    0x72, 0x00, 0x72, 0x00, 0x89, 0x00, 0x00, 0x00, 0x04, 0x00, 0x00, 0x00,
    0x72, 0x00, 0x8c, 0x00, 0x87, 0x00, 0x72, 0x00, 0x01, 0x00, 0x00, 0x00,
    0x70, 0x00, 0x00, 0x00, 0x02, 0x00, 0x00, 0x00, 0x70, 0x00, 0x70, 0x00,
    0x02, 0x00, 0x00, 0x00, 0x5f, 0x00, 0x03, 0x00, 0x02, 0x00, 0x00, 0x00,
    0x6a, 0x00, 0x75, 0x00, 0x01, 0x00, 0x00, 0x00, 0x7e, 0x00, 0x00, 0x00,
    0x01, 0x00, 0x00, 0x00, 0x04, 0x00, 0x00, 0x00, 0x01, 0x00, 0x00, 0x00,
    0x80, 0x00, 0x00, 0x00, 0x07, 0x00, 0x00, 0x00, 0x02, 0x00, 0x02, 0x00,
    0x02, 0x00, 0x02, 0x00, 0x02, 0x00, 0x02, 0x00, 0x16, 0x00, 0x00, 0x00,
    0x05, 0x00, 0x00, 0x00, 0x02, 0x00, 0x02, 0x00, 0x02, 0x00, 0x02, 0x00,
    0x16, 0x00, 0x00, 0x00, 0x02, 0x00, 0x00, 0x00, 0x03, 0x00, 0x02, 0x00,
    0x03, 0x00, 0x00, 0x00, 0x03, 0x00, 0x02, 0x00, 0x85, 0x00, 0x00, 0x00,
    0x03, 0x00, 0x00, 0x00, 0x03, 0x00, 0x03, 0x00, 0x02, 0x00, 0x00, 0x00,
    0x04, 0x00, 0x00, 0x00, 0x03, 0x00, 0x03, 0x00, 0x03, 0x00, 0x03, 0x00,
    0x04, 0x00, 0x00, 0x00, 0x03, 0x00, 0x05, 0x00, 0x2a, 0x00, 0x3b, 0x00,
    0x04, 0x00, 0x00, 0x00, 0x03, 0x00, 0x05, 0x00, 0x37, 0x00, 0x5f, 0x00,
    0x05, 0x00, 0x00, 0x00, 0x03, 0x00, 0x05, 0x00, 0x37, 0x00, 0x5f, 0x00,
    0x71, 0x00, 0x00, 0x00, 0x05, 0x00, 0x00, 0x00, 0x03, 0x00, 0x05, 0x00,
    0x37, 0x00, 0x89, 0x00, 0x88, 0x00, 0x00, 0x00, 0x03, 0x00, 0x00, 0x00,
    0x05, 0x00, 0x03, 0x00, 0x35, 0x00, 0x00, 0x00, 0x02, 0x00, 0x00, 0x00,
    0x05, 0x00, 0x2a, 0x00, 0x03, 0x00, 0x00, 0x00, 0x05, 0x00, 0x2a, 0x00,
    0x03, 0x00, 0x00, 0x00, 0x03, 0x00, 0x00, 0x00, 0x05, 0x00, 0x2a, 0x00,
    0x1d, 0x00, 0x00, 0x00, 0x04, 0x00, 0x00, 0x00, 0x05, 0x00, 0x2a, 0x00,
    0x5c, 0x00, 0x03, 0x00, 0x02, 0x00, 0x00, 0x00, 0x05, 0x00, 0x32, 0x00,
    0x04, 0x00, 0x00, 0x00, 0x05, 0x00, 0x35, 0x00, 0x03, 0x00, 0x03, 0x00,
    0x03, 0x00, 0x00, 0x00, 0x05, 0x00, 0x35, 0x00, 0x10, 0x00, 0x00, 0x00,
    0x03, 0x00, 0x00, 0x00, 0x05, 0x00, 0x37, 0x00, 0x5f, 0x00, 0x00, 0x00,
    0x04, 0x00, 0x00, 0x00, 0x05, 0x00, 0x37, 0x00, 0x5f, 0x00, 0x03, 0x00,
    0x05, 0x00, 0x00, 0x00, 0x05, 0x00, 0x37, 0x00, 0x5f, 0x00, 0x71, 0x00,
    0x71, 0x00, 0x00, 0x00, 0x05, 0x00, 0x00, 0x00, 0x05, 0x00, 0x37, 0x00,
    0x89, 0x00, 0x88, 0x00, 0x03, 0x00, 0x00, 0x00, 0x03, 0x00, 0x00, 0x00,
    0x05, 0x00, 0x3b, 0x00, 0x02, 0x00, 0x00, 0x00, 0x02, 0x00, 0x00, 0x00,
    0x05, 0x00, 0x71, 0x00, 0x03, 0x00, 0x00, 0x00, 0x05, 0x00, 0x72, 0x00,
    0x10, 0x00, 0x00, 0x00, 0x03, 0x00, 0x00, 0x00, 0x05, 0x00, 0x88, 0x00,
    0x3b, 0x00, 0x00, 0x00, 0x01, 0x00, 0x00, 0x00, 0x08, 0x00, 0x00, 0x00,
    0x02, 0x00, 0x00, 0x00, 0x0f, 0x00, 0x10, 0x00, 0x04, 0x00, 0x00, 0x00,
    0x10, 0x00, 0x17, 0x00, 0x17, 0x00, 0x16, 0x00, 0x01, 0x00, 0x00, 0x00,
    0x13, 0x00, 0x00, 0x00, 0x01, 0x00, 0x00, 0x00, 0x14, 0x00, 0x00, 0x00,
    0x01, 0x00, 0x00, 0x00, 0x15, 0x00, 0x00, 0x00, 0x01, 0x00, 0x00, 0x00,
    0x18, 0x00, 0x00, 0x00, 0x01, 0x00, 0x00, 0x00, 0x1b, 0x00, 0x00, 0x00,
    0x01, 0x00, 0x00, 0x00, 0x1e, 0x00, 0x00, 0x00, 0x01, 0x00, 0x00, 0x00,
    0x21, 0x00, 0x00, 0x00, 0x01, 0x00, 0x00, 0x00, 0x2a, 0x00, 0x00, 0x00,
    0x02, 0x00, 0x00, 0x00, 0x2a, 0x00, 0x2c, 0x00, 0x01, 0x00, 0x00, 0x00,
    0x2c, 0x00, 0x00, 0x00, 0x01, 0x00, 0x00, 0x00, 0x34, 0x00, 0x00, 0x00,
    0x01, 0x00, 0x00, 0x00, 0x38, 0x00, 0x00, 0x00, 0x01, 0x00, 0x00, 0x00,
    0x3b, 0x00, 0x00, 0x00, 0x02, 0x00, 0x00, 0x00, 0x43, 0x00, 0x8b, 0x00,
    0x02, 0x00, 0x00, 0x00, 0x47, 0x00, 0x72, 0x00, 0x01, 0x00, 0x00, 0x00,
    0x4a, 0x00, 0x00, 0x00, 0x02, 0x00, 0x00, 0x00, 0x4a, 0x00, 0x59, 0x00,
    0x03, 0x00, 0x00, 0x00, 0x51, 0x00, 0x72, 0x00, 0x10, 0x00, 0x00, 0x00,
    0x01, 0x00, 0x00, 0x00, 0x58, 0x00, 0x00, 0x00, 0x03, 0x00, 0x00, 0x00,
    0x5f, 0x00, 0x05, 0x00, 0x87, 0x00, 0x00, 0x00, 0x04, 0x00, 0x00, 0x00,
    0x6a, 0x00, 0x03, 0x00, 0x03, 0x00, 0x03, 0x00, 0x02, 0x00, 0x00, 0x00,
    0x71, 0x00, 0x72, 0x00, 0x04, 0x00, 0x00, 0x00, 0x72, 0x00, 0x02, 0x00,
    0x02, 0x00, 0x16, 0x00, 0x09, 0x00, 0x00, 0x00, 0x72, 0x00, 0x72, 0x00,
    0x03, 0x00, 0x03, 0x00, 0x8c, 0x00, 0x87, 0x00, 0x72, 0x00, 0x03, 0x00,
    0x03, 0x00, 0x00, 0x00, 0x01, 0x00, 0x00, 0x00, 0x77, 0x00, 0x00, 0x00,
    0x01, 0x00, 0x00, 0x00, 0x79, 0x00, 0x00, 0x00, 0x01, 0x00, 0x00, 0x00,
    0x85, 0x00, 0x00, 0x00, 0x04, 0x00, 0x00, 0x00, 0x87, 0x00, 0x5d, 0x00,
    0x3b, 0x00, 0x5f, 0x00, 0x05, 0x00, 0x00, 0x00, 0x87, 0x00, 0x5f, 0x00,
    0x03, 0x00, 0x05, 0x00, 0x72, 0x00, 0x00, 0x00, 0x05, 0x00, 0x00, 0x00,
    0x8b, 0x00, 0x39, 0x00, 0x5f, 0x00, 0x3b, 0x00, 0x2f, 0x00, 0x00, 0x00,
    0x01, 0x00, 0x00, 0x00, 0x27, 0x00, 0x00, 0x00, 0x02, 0x00, 0x00, 0x00,
    0x2a, 0x00, 0x27, 0x00, 0x02, 0x00, 0x00, 0x00, 0x71, 0x00, 0x04, 0x00,
    0x01, 0x00, 0x00, 0x00, 0x7f, 0x00, 0x00, 0x00, 0x02, 0x00, 0x00, 0x00,
    0x87, 0x00, 0x03, 0x00, 0x01, 0x00, 0x00, 0x00, 0x8c, 0x00, 0x00, 0x00,
    0x01, 0x00, 0x00, 0x00, 0x8a, 0x00, 0x00, 0x00, 0x02, 0x00, 0x00, 0x00,
    0x86, 0x00, 0x8c, 0x00, 0x03, 0x00, 0x00, 0x00, 0x86, 0x00, 0x8c, 0x00,
    0x03, 0x00, 0x00, 0x00, 0x03, 0x00, 0x00, 0x00, 0x86, 0x00, 0x86, 0x00,
    0x8c, 0x00, 0x00, 0x00, 0x02, 0x20, 0x28, 0x00, 0x04, 0x20, 0x4e, 0x50,
    0x43, 0x00, 0x05, 0x20, 0x4e, 0x50, 0x43, 0x73, 0x00, 0x05, 0x20, 0x62,
    0x75, 0x66, 0x66, 0x00, 0x06, 0x20, 0x62, 0x75, 0x66, 0x66, 0x73, 0x00,
    0x04, 0x20, 0x64, 0x65, 0x20, 0x00, 0x09, 0x20, 0x69, 0x6e, 0x76, 0x6f,
    0x63, 0x61, 0x64, 0x6f, 0x00, 0x05, 0x20, 0x69, 0x74, 0x65, 0x6d, 0x00,
    0x06, 0x20, 0x69, 0x74, 0x65, 0x6e, 0x73, 0x00, 0x08, 0x20, 0x6c, 0x69,
    0x67, 0x61, 0x64, 0x6f, 0x73, 0x00, 0x04, 0x20, 0x6d, 0x69, 0x6e, 0x00,
    0x05, 0x20, 0x6d, 0x69, 0x6e, 0x29, 0x00, 0x03, 0x20, 0x6d, 0x73, 0x00,
    0x0f, 0x20, 0x6d, 0x73, 0x2c, 0x20, 0x6d, 0x6f, 0x6e, 0x74, 0x6f, 0x75,
    0x20, 0x65, 0x6d, 0x20, 0x00, 0x07, 0x20, 0x70, 0x61, 0x73, 0x74, 0x61,
    0x73, 0x00, 0x1f, 0x20, 0x70, 0x6f, 0x64, 0x65, 0x72, 0x28, 0x65, 0x73,
    0x29, 0x20, 0x73, 0x61, 0x6c, 0x76, 0x6f, 0x28, 0x73, 0x29, 0x20, 0x72,
    0x65, 0x6c, 0x69, 0x67, 0x61, 0x64, 0x6f, 0x28, 0x73, 0x29, 0x00, 0x02,
    0x20, 0x78, 0x00, 0x01, 0x23, 0x00, 0x01, 0x28, 0x00, 0x03, 0x28, 0x29,
    0x56, 0x00, 0x04, 0x2e, 0x70, 0x6e, 0x67, 0x00, 0x08, 0x31, 0x20, 0x6c,
    0x69, 0x67, 0x61, 0x64, 0x6f, 0x00, 0x07, 0x31, 0x20, 0x70, 0x61, 0x73,
    0x74, 0x61, 0x00, 0x08, 0x3c, 0x63, 0x6c, 0x69, 0x6e, 0x69, 0x74, 0x3e,
    0x00, 0x06, 0x3c, 0x69, 0x6e, 0x69, 0x74, 0x3e, 0x00, 0x02, 0x3e, 0x3b,
    0x00, 0x04, 0x3e, 0x3b, 0x29, 0x56, 0x00, 0x04, 0x3e, 0x3b, 0x29, 0x5a,
    0x00, 0x04, 0x3e, 0x3b, 0x3e, 0x3b, 0x00, 0x0f, 0x41, 0x43, 0x54, 0x49,
    0x4f, 0x4e, 0x5f, 0x46, 0x4c, 0x41, 0x53, 0x48, 0x5f, 0x4d, 0x53, 0x00,
    0x0b, 0x41, 0x4c, 0x4c, 0x5f, 0x43, 0x4c, 0x41, 0x53, 0x53, 0x45, 0x53,
    0x00, 0x05, 0x41, 0x53, 0x49, 0x44, 0x45, 0x00, 0x0d, 0x41, 0x62, 0x65,
    0x6c, 0x68, 0x61, 0x20, 0x52, 0x61, 0x69, 0x6e, 0x68, 0x61, 0x00, 0x0a,
    0x41, 0x63, 0x65, 0x73, 0x73, 0xc3, 0xb3, 0x72, 0x69, 0x6f, 0x73, 0x00,
    0x08, 0x41, 0x6c, 0x66, 0x61, 0x69, 0x61, 0x74, 0x65, 0x00, 0x09, 0x41,
    0x6d, 0x61, 0x6e, 0x68, 0x65, 0x63, 0x65, 0x72, 0x00, 0x09, 0x41, 0x6e,
    0x6f, 0x69, 0x74, 0x65, 0x63, 0x65, 0x72, 0x00, 0x07, 0x41, 0x70, 0x6c,
    0x69, 0x63, 0x61, 0x72, 0x00, 0x05, 0x41, 0x72, 0x63, 0x6f, 0x73, 0x00,
    0x09, 0x41, 0x72, 0x6d, 0x61, 0x64, 0x75, 0x72, 0x61, 0x73, 0x00, 0x0d,
    0x41, 0x72, 0x6d, 0x61, 0x73, 0x20, 0x64, 0x65, 0x20, 0x66, 0x6f, 0x67,
    0x6f, 0x00, 0x0d, 0x41, 0x72, 0x72, 0x65, 0x6d, 0x65, 0x73, 0x73, 0xc3,
    0xa1, 0x76, 0x65, 0x69, 0x73, 0x00, 0x04, 0x41, 0x73, 0x61, 0x73, 0x00,
    0x08, 0x42, 0x4f, 0x53, 0x53, 0x45, 0x53, 0x5f, 0x49, 0x00, 0x08, 0x42,
    0x4f, 0x53, 0x53, 0x45, 0x53, 0x5f, 0x4e, 0x00, 0x04, 0x42, 0x55, 0x46,
    0x46, 0x00, 0x05, 0x42, 0x55, 0x46, 0x46, 0x53, 0x00, 0x10, 0x42, 0x55,
    0x46, 0x46, 0x5f, 0x43, 0x4c, 0x41, 0x53, 0x53, 0x5f, 0x4e, 0x41, 0x4d,
    0x45, 0x53, 0x00, 0x0c, 0x42, 0x55, 0x4e, 0x4e, 0x59, 0x20, 0x4c, 0x4f,
    0x41, 0x44, 0x45, 0x52, 0x00, 0x0b, 0x42, 0x55, 0x54, 0x54, 0x4f, 0x4e,
    0x5f, 0x53, 0x49, 0x5a, 0x45, 0x00, 0x05, 0x42, 0x61, 0x6c, 0x61, 0x73,
    0x00, 0x0e, 0x42, 0x61, 0x74, 0x65, 0x64, 0x6f, 0x72, 0x20, 0x47, 0x6f,
    0x62, 0x6c, 0x69, 0x6e, 0x00, 0x09, 0x42, 0x65, 0x73, 0x74, 0x69, 0xc3,
    0xa1, 0x72, 0x69, 0x6f, 0x00, 0x06, 0x42, 0x6c, 0x6f, 0x63, 0x6f, 0x73,
    0x00, 0x0f, 0x42, 0x6c, 0x6f, 0x63, 0x6f, 0x73, 0x20, 0x65, 0x20, 0x6d,
    0xc3, 0xb3, 0x76, 0x65, 0x69, 0x73, 0x00, 0x0f, 0x42, 0x6f, 0x6c, 0x73,
    0x61, 0x73, 0x20, 0x65, 0x20, 0x63, 0x61, 0x69, 0x78, 0x61, 0x73, 0x00,
    0x05, 0x42, 0x72, 0x69, 0x73, 0x61, 0x00, 0x0f, 0x42, 0x72, 0x6f, 0x63,
    0x61, 0x73, 0x20, 0x65, 0x20, 0x73, 0x65, 0x72, 0x72, 0x61, 0x73, 0x00,
    0x05, 0x42, 0x75, 0x66, 0x66, 0x73, 0x00, 0x0b, 0x42, 0x75, 0x6d, 0x65,
    0x72, 0x61, 0x6e, 0x67, 0x75, 0x65, 0x73, 0x00, 0x13, 0x42, 0x75, 0x6e,
    0x6e, 0x79, 0x20, 0x4c, 0x6f, 0x61, 0x64, 0x65, 0x72, 0x20, 0xe2, 0x80,
    0x94, 0x20, 0x65, 0x72, 0x72, 0x6f, 0x00, 0x0b, 0x42, 0x75, 0x6e, 0x6e,
    0x79, 0x4c, 0x6f, 0x61, 0x64, 0x65, 0x72, 0x00, 0x01, 0x43, 0x00, 0x0d,
    0x43, 0x41, 0x43, 0x48, 0x45, 0x5f, 0x53, 0x50, 0x52, 0x49, 0x54, 0x45,
    0x53, 0x00, 0x02, 0x43, 0x49, 0x00, 0x0c, 0x43, 0x4c, 0x5f, 0x41, 0x43,
    0x43, 0x45, 0x53, 0x53, 0x4f, 0x52, 0x59, 0x00, 0x07, 0x43, 0x4c, 0x5f,
    0x41, 0x4d, 0x4d, 0x4f, 0x00, 0x08, 0x43, 0x4c, 0x5f, 0x41, 0x52, 0x4d,
    0x4f, 0x52, 0x00, 0x08, 0x43, 0x4c, 0x5f, 0x42, 0x4c, 0x4f, 0x43, 0x4b,
    0x00, 0x08, 0x43, 0x4c, 0x5f, 0x4d, 0x41, 0x47, 0x49, 0x43, 0x00, 0x08,
    0x43, 0x4c, 0x5f, 0x4d, 0x45, 0x4c, 0x45, 0x45, 0x00, 0x08, 0x43, 0x4c,
    0x5f, 0x4f, 0x54, 0x48, 0x45, 0x52, 0x00, 0x09, 0x43, 0x4c, 0x5f, 0x50,
    0x4f, 0x54, 0x49, 0x4f, 0x4e, 0x00, 0x09, 0x43, 0x4c, 0x5f, 0x52, 0x41,
    0x4e, 0x47, 0x45, 0x44, 0x00, 0x09, 0x43, 0x4c, 0x5f, 0x53, 0x55, 0x4d,
    0x4d, 0x4f, 0x4e, 0x00, 0x07, 0x43, 0x4c, 0x5f, 0x54, 0x4f, 0x4f, 0x4c,
    0x00, 0x07, 0x43, 0x61, 0x6a, 0x61, 0x64, 0x6f, 0x73, 0x00, 0x05, 0x43,
    0x61, 0x6c, 0x6d, 0x6f, 0x00, 0x18, 0x43, 0x61, 0x6c, 0x6d, 0x6f, 0x2c,
    0x20, 0x62, 0x72, 0x69, 0x73, 0x61, 0x20, 0x6f, 0x75, 0x20, 0x76, 0x65,
    0x6e, 0x74, 0x61, 0x6e, 0x69, 0x61, 0x00, 0x08, 0x43, 0x61, 0x6c, 0xc3,
    0xa7, 0x61, 0x64, 0x6f, 0x73, 0x00, 0x06, 0x43, 0x61, 0x6c, 0xc3, 0xa7,
    0x61, 0x73, 0x00, 0x09, 0x43, 0x61, 0x70, 0x61, 0x63, 0x65, 0x74, 0x65,
    0x73, 0x00, 0x07, 0x43, 0x61, 0x74, 0x61, 0x6c, 0x6f, 0x67, 0x00, 0x08,
    0x43, 0x65, 0x69, 0x66, 0x61, 0x64, 0x6f, 0x72, 0x00, 0x12, 0x43, 0x65,
    0x72, 0x65, 0x62, 0x72, 0x6f, 0x20, 0x64, 0x65, 0x20, 0x43, 0x74, 0x68,
    0x75, 0x6c, 0x68, 0x75, 0x00, 0x10, 0x43, 0x68, 0x65, 0x61, 0x74, 0x42,
    0x72, 0x69, 0x64, 0x67, 0x65, 0x2e, 0x6a, 0x61, 0x76, 0x61, 0x00, 0x0e,
    0x43, 0x68, 0x65, 0x61, 0x74, 0x44, 0x61, 0x74, 0x61, 0x2e, 0x6a, 0x61,
    0x76, 0x61, 0x00, 0x06, 0x43, 0x68, 0x65, 0x66, 0x65, 0x73, 0x00, 0x08,
    0x43, 0x68, 0x69, 0x63, 0x6f, 0x74, 0x65, 0x73, 0x00, 0x05, 0x43, 0x68,
    0x75, 0x76, 0x61, 0x00, 0x08, 0x43, 0x69, 0x62, 0x6f, 0x72, 0x67, 0x75,
    0x65, 0x00, 0x08, 0x43, 0x6c, 0xc3, 0xa1, 0x73, 0x73, 0x69, 0x63, 0x6f,
    0x00, 0x21, 0x43, 0x6c, 0xc3, 0xa1, 0x73, 0x73, 0x69, 0x63, 0x6f, 0x2c,
    0x20, 0x45, 0x78, 0x70, 0x65, 0x72, 0x74, 0x2c, 0x20, 0x4d, 0x65, 0x73,
    0x74, 0x72, 0x65, 0x2c, 0x20, 0x4a, 0x6f, 0x72, 0x6e, 0x61, 0x64, 0x61,
    0x00, 0x08, 0x43, 0x6f, 0x62, 0x72, 0x61, 0x64, 0x6f, 0x72, 0x00, 0x0b,
    0x43, 0x6f, 0x6d, 0x65, 0x72, 0x63, 0x69, 0x61, 0x6e, 0x74, 0x65, 0x00,
    0x06, 0x43, 0x6f, 0x6d, 0x69, 0x64, 0x61, 0x00, 0x1d, 0x43, 0x6f, 0x6d,
    0x6f, 0x20, 0x76, 0x65, 0x6e, 0x63, 0x65, 0x72, 0x20, 0x61, 0x20, 0x50,
    0x61, 0x72, 0x65, 0x64, 0x65, 0x20, 0x64, 0x65, 0x20, 0x43, 0x61, 0x72,
    0x6e, 0x65, 0x00, 0x06, 0x43, 0x6f, 0x70, 0x69, 0x61, 0x72, 0x00, 0x0d,
    0x43, 0x6f, 0x72, 0x70, 0x6f, 0x20, 0x61, 0x20, 0x63, 0x6f, 0x72, 0x70,
    0x6f, 0x00, 0x17, 0x43, 0x6f, 0x72, 0x72, 0x65, 0x20, 0x6d, 0x75, 0x69,
    0x74, 0x6f, 0x20, 0x6d, 0x61, 0x69, 0x73, 0x20, 0x72, 0xc3, 0xa1, 0x70,
    0x69, 0x64, 0x6f, 0x00, 0x09, 0x43, 0x72, 0x69, 0x61, 0x74, 0x75, 0x72,
    0x61, 0x73, 0x00, 0x08, 0x43, 0x75, 0x6c, 0x74, 0x69, 0x73, 0x74, 0x61,
    0x00, 0x04, 0x43, 0x75, 0x72, 0x61, 0x00, 0x0a, 0x43, 0x75, 0x72, 0x61,
    0x6e, 0x64, 0x65, 0x69, 0x72, 0x6f, 0x00, 0x01, 0x44, 0x00, 0x02, 0x44,
    0x44, 0x00, 0x07, 0x44, 0x45, 0x46, 0x41, 0x55, 0x4c, 0x54, 0x00, 0x0a,
    0x44, 0x61, 0x6e, 0x6f, 0x20, 0x65, 0x78, 0x74, 0x72, 0x61, 0x00, 0x07,
    0x44, 0x65, 0x62, 0x75, 0x66, 0x66, 0x73, 0x00, 0x09, 0x44, 0x65, 0x65,
    0x72, 0x63, 0x6c, 0x6f, 0x70, 0x73, 0x00, 0x09, 0x44, 0x65, 0x6d, 0x6f,
    0x6c, 0x69, 0x64, 0x6f, 0x72, 0x00, 0x0d, 0x44, 0x65, 0x73, 0x6c, 0x69,
    0x67, 0x61, 0x72, 0x20, 0x74, 0x75, 0x64, 0x6f, 0x00, 0x13, 0x44, 0x65,
    0x76, 0x6f, 0x72, 0x61, 0x64, 0x6f, 0x72, 0x20, 0x64, 0x65, 0x20, 0x4d,
    0x75, 0x6e, 0x64, 0x6f, 0x73, 0x00, 0x0b, 0x44, 0x69, 0x66, 0x69, 0x63,
    0x75, 0x6c, 0x64, 0x61, 0x64, 0x65, 0x00, 0x0e, 0x44, 0x69, 0x73, 0x63,
    0x6f, 0x20, 0x4d, 0x61, 0x72, 0x63, 0x69, 0x61, 0x6e, 0x6f, 0x00, 0x0b,
    0x44, 0x72, 0x61, 0x67, 0x48, 0x61, 0x6e, 0x64, 0x6c, 0x65, 0x72, 0x00,
    0x05, 0x44, 0x72, 0x79, 0x61, 0x64, 0x00, 0x0c, 0x44, 0x75, 0x6b, 0x65,
    0x20, 0x46, 0x69, 0x73, 0x68, 0x72, 0x6f, 0x6e, 0x00, 0x0a, 0x45, 0x6e,
    0x66, 0x65, 0x72, 0x6d, 0x65, 0x69, 0x72, 0x61, 0x00, 0x0f, 0x45, 0x6e,
    0x74, 0x72, 0x65, 0x20, 0x6e, 0x75, 0x6d, 0x20, 0x6d, 0x75, 0x6e, 0x64,
    0x6f, 0x00, 0x18, 0x45, 0x6e, 0x74, 0x72, 0x65, 0x20, 0x6e, 0x75, 0x6d,
    0x20, 0x6d, 0x75, 0x6e, 0x64, 0x6f, 0x20, 0x70, 0x72, 0x69, 0x6d, 0x65,
    0x69, 0x72, 0x6f, 0x00, 0x07, 0x45, 0x73, 0x63, 0x75, 0x64, 0x6f, 0x73,
    0x00, 0x07, 0x45, 0x73, 0x70, 0x61, 0x64, 0x61, 0x73, 0x00, 0x0e, 0x45,
    0x73, 0x70, 0x61, 0x64, 0x61, 0x73, 0x20, 0x63, 0x75, 0x72, 0x74, 0x61,
    0x73, 0x00, 0x08, 0x45, 0x73, 0x70, 0x65, 0x63, 0x74, 0x72, 0x6f, 0x00,
    0x09, 0x45, 0x73, 0x71, 0x75, 0x65, 0x6c, 0x65, 0x74, 0x6f, 0x00, 0x09,
    0x45, 0x73, 0x74, 0x69, 0x6c, 0x69, 0x73, 0x74, 0x61, 0x00, 0x06, 0x45,
    0x78, 0x70, 0x65, 0x72, 0x74, 0x00, 0x01, 0x46, 0x00, 0x02, 0x46, 0x46,
    0x00, 0x03, 0x46, 0x46, 0x46, 0x00, 0x02, 0x46, 0x49, 0x00, 0x04, 0x46,
    0x49, 0x4c, 0x4c, 0x00, 0x0a, 0x46, 0x49, 0x54, 0x5f, 0x43, 0x45, 0x4e,
    0x54, 0x45, 0x52, 0x00, 0x02, 0x46, 0x4c, 0x00, 0x07, 0x46, 0x4f, 0x4c,
    0x44, 0x45, 0x52, 0x53, 0x00, 0x0d, 0x46, 0x4f, 0x4c, 0x44, 0x45, 0x52,
    0x5f, 0x46, 0x49, 0x45, 0x4c, 0x44, 0x53, 0x00, 0x06, 0x46, 0x52, 0x41,
    0x4d, 0x45, 0x53, 0x00, 0x07, 0x46, 0x52, 0x41, 0x4d, 0x45, 0x5f, 0x48,
    0x00, 0x08, 0x46, 0x52, 0x41, 0x4d, 0x45, 0x5f, 0x4d, 0x53, 0x00, 0x07,
    0x46, 0x52, 0x41, 0x4d, 0x45, 0x5f, 0x57, 0x00, 0x06, 0x46, 0x65, 0x69,
    0x74, 0x6f, 0x21, 0x00, 0x0b, 0x46, 0x65, 0x72, 0x72, 0x61, 0x6d, 0x65,
    0x6e, 0x74, 0x61, 0x73, 0x00, 0x1e, 0x46, 0x69, 0x63, 0x61, 0x20, 0x66,
    0x61, 0x76, 0x6f, 0x72, 0x69, 0x74, 0x6f, 0x2c, 0x20, 0x6d, 0x6f, 0x65,
    0x64, 0x61, 0x20, 0x65, 0x20, 0x6d, 0x75, 0x6e, 0x69, 0xc3, 0xa7, 0xc3,
    0xa3, 0x6f, 0x00, 0x07, 0x46, 0x6c, 0x65, 0x63, 0x68, 0x61, 0x73, 0x00,
    0x08, 0x46, 0x6f, 0x67, 0x75, 0x65, 0x74, 0x65, 0x73, 0x00, 0x0c, 0x46,
    0x6f, 0x72, 0x6d, 0x69, 0x67, 0x61, 0x2d, 0x6c, 0x65, 0x61, 0x6f, 0x00,
    0x05, 0x46, 0x6f, 0x72, 0x74, 0x65, 0x00, 0x07, 0x46, 0x72, 0x61, 0x73,
    0x63, 0x6f, 0x73, 0x00, 0x10, 0x46, 0x75, 0x6e, 0x69, 0x6c, 0x65, 0x69,
    0x72, 0x6f, 0x20, 0x47, 0x6f, 0x62, 0x6c, 0x69, 0x6e, 0x00, 0x09, 0x47,
    0x41, 0x4d, 0x45, 0x5f, 0x4d, 0x4f, 0x44, 0x45, 0x00, 0x0e, 0x47, 0x41,
    0x4d, 0x45, 0x5f, 0x4d, 0x4f, 0x44, 0x45, 0x5f, 0x49, 0x43, 0x4f, 0x4e,
    0x00, 0x05, 0x47, 0x52, 0x41, 0x53, 0x53, 0x00, 0x09, 0x47, 0x52, 0x41,
    0x53, 0x53, 0x5f, 0x4c, 0x49, 0x54, 0x00, 0x07, 0x47, 0x61, 0x6e, 0x63,
    0x68, 0x6f, 0x73, 0x00, 0x05, 0x47, 0x61, 0x72, 0x6f, 0x61, 0x00, 0x1a,
    0x47, 0x61, 0x72, 0x6f, 0x61, 0x2c, 0x20, 0x66, 0x6f, 0x72, 0x74, 0x65,
    0x20, 0x6f, 0x75, 0x20, 0x74, 0x65, 0x6d, 0x70, 0x65, 0x73, 0x74, 0x61,
    0x64, 0x65, 0x00, 0x0f, 0x47, 0x61, 0x72, 0x6f, 0x74, 0x61, 0x20, 0x64,
    0x61, 0x20, 0x46, 0x65, 0x73, 0x74, 0x61, 0x00, 0x05, 0x47, 0x6f, 0x6c,
    0x65, 0x6d, 0x00, 0x0d, 0x47, 0x6f, 0x6c, 0x65, 0x6d, 0x20, 0x64, 0x65,
    0x20, 0x47, 0x65, 0x6c, 0x6f, 0x00, 0x08, 0x47, 0x6f, 0x6c, 0x66, 0x69,
    0x73, 0x74, 0x61, 0x00, 0x04, 0x47, 0x75, 0x69, 0x61, 0x00, 0x08, 0x48,
    0x61, 0x72, 0x64, 0x6d, 0x6f, 0x64, 0x65, 0x00, 0x06, 0x48, 0x61, 0x72,
    0x70, 0x69, 0x61, 0x00, 0x01, 0x49, 0x00, 0x02, 0x49, 0x43, 0x00, 0x02,
    0x49, 0x46, 0x00, 0x04, 0x49, 0x46, 0x49, 0x49, 0x00, 0x02, 0x49, 0x49,
    0x00, 0x03, 0x49, 0x49, 0x49, 0x00, 0x02, 0x49, 0x4c, 0x00, 0x03, 0x49,
    0x4c, 0x46, 0x00, 0x03, 0x49, 0x4c, 0x49, 0x00, 0x03, 0x49, 0x4c, 0x4c,
    0x00, 0x04, 0x49, 0x4c, 0x4c, 0x4c, 0x00, 0x03, 0x49, 0x4e, 0x4b, 0x00,
    0x07, 0x49, 0x4e, 0x4b, 0x5f, 0x44, 0x49, 0x4d, 0x00, 0x04, 0x49, 0x54,
    0x45, 0x4d, 0x00, 0x05, 0x49, 0x54, 0x45, 0x4e, 0x53, 0x00, 0x16, 0x49,
    0x6c, 0x75, 0x6d, 0x69, 0x6e, 0x61, 0x20, 0x61, 0x20, 0x74, 0x65, 0x6c,
    0x61, 0x20, 0x69, 0x6e, 0x74, 0x65, 0x69, 0x72, 0x61, 0x00, 0x07, 0x49,
    0x6d, 0x6f, 0x72, 0x74, 0x61, 0x6c, 0x00, 0x11, 0x49, 0x6d, 0x70, 0x65,
    0x72, 0x61, 0x74, 0x72, 0x69, 0x7a, 0x20, 0x64, 0x61, 0x20, 0x4c, 0x75,
    0x7a, 0x00, 0x1f, 0x49, 0x6e, 0x69, 0x6d, 0x69, 0x67, 0x6f, 0x73, 0x2c,
    0x20, 0x74, 0x69, 0x72, 0x6f, 0x73, 0x20, 0x65, 0x20, 0x72, 0x65, 0x6c,
    0xc3, 0xb3, 0x67, 0x69, 0x6f, 0x20, 0x70, 0x61, 0x72, 0x61, 0x6d, 0x00,
    0x07, 0x49, 0x6e, 0x76, 0x6f, 0x63, 0x61, 0x72, 0x00, 0x09, 0x49, 0x6e,
    0x76, 0x6f, 0x63, 0x61, 0xc3, 0xa7, 0xc3, 0xa3, 0x6f, 0x00, 0x16, 0x49,
    0x6e, 0x76, 0x6f, 0x63, 0x61, 0xc3, 0xa7, 0xc3, 0xb5, 0x65, 0x73, 0x20,
    0x65, 0x20, 0x6d, 0x6f, 0x6e, 0x74, 0x61, 0x72, 0x69, 0x61, 0x73, 0x00,
    0x16, 0x49, 0x6e, 0x76, 0x6f, 0x71, 0x75, 0x65, 0x20, 0x71, 0x75, 0x61,
    0x6e, 0x74, 0x6f, 0x73, 0x20, 0x71, 0x75, 0x69, 0x73, 0x65, 0x72, 0x00,
    0x05, 0x49, 0x6f, 0x69, 0xc3, 0xb4, 0x73, 0x00, 0x05, 0x49, 0x73, 0x63,
    0x61, 0x73, 0x00, 0x01, 0x4a, 0x00, 0x02, 0x4a, 0x49, 0x00, 0x07, 0x4a,
    0x6f, 0x72, 0x6e, 0x61, 0x64, 0x61, 0x00, 0x01, 0x4c, 0x00, 0x02, 0x4c,
    0x43, 0x00, 0x02, 0x4c, 0x49, 0x00, 0x03, 0x4c, 0x49, 0x49, 0x00, 0x04,
    0x4c, 0x49, 0x4c, 0x4c, 0x00, 0x02, 0x4c, 0x4a, 0x00, 0x02, 0x4c, 0x4c,
    0x00, 0x03, 0x4c, 0x4c, 0x49, 0x00, 0x04, 0x4c, 0x4c, 0x49, 0x49, 0x00,
    0x05, 0x4c, 0x4c, 0x49, 0x49, 0x49, 0x00, 0x06, 0x4c, 0x4c, 0x49, 0x49,
    0x49, 0x49, 0x00, 0x04, 0x4c, 0x4c, 0x49, 0x4c, 0x00, 0x06, 0x4c, 0x4c,
    0x49, 0x4c, 0x49, 0x49, 0x00, 0x03, 0x4c, 0x4c, 0x4c, 0x00, 0x04, 0x4c,
    0x4c, 0x4c, 0x46, 0x00, 0x05, 0x4c, 0x4c, 0x4c, 0x46, 0x49, 0x00, 0x04,
    0x4c, 0x4c, 0x4c, 0x49, 0x00, 0x05, 0x4c, 0x4c, 0x4c, 0x49, 0x4c, 0x00,
    0x06, 0x4c, 0x4c, 0x4c, 0x49, 0x4c, 0x4c, 0x00, 0x04, 0x4c, 0x4c, 0x4c,
    0x4c, 0x00, 0x07, 0x4c, 0x4c, 0x4c, 0x4c, 0x49, 0x49, 0x4c, 0x00, 0x05,
    0x4c, 0x4c, 0x4c, 0x4c, 0x4c, 0x00, 0x07, 0x4c, 0x61, 0x63, 0x61, 0x69,
    0x6f, 0x73, 0x00, 0x11, 0x4c, 0x61, 0x63, 0x61, 0x69, 0x6f, 0x73, 0x20,
    0x69, 0x6e, 0x66, 0x69, 0x6e, 0x69, 0x74, 0x6f, 0x73, 0x00, 0x16, 0x4c,
    0x61, 0x6e, 0x64, 0x72, 0x6f, 0x69, 0x64, 0x2f, 0x61, 0x70, 0x70, 0x2f,
    0x41, 0x63, 0x74, 0x69, 0x76, 0x69, 0x74, 0x79, 0x3b, 0x00, 0x21, 0x4c,
    0x61, 0x6e, 0x64, 0x72, 0x6f, 0x69, 0x64, 0x2f, 0x61, 0x70, 0x70, 0x2f,
    0x41, 0x6c, 0x65, 0x72, 0x74, 0x44, 0x69, 0x61, 0x6c, 0x6f, 0x67, 0x24,
    0x42, 0x75, 0x69, 0x6c, 0x64, 0x65, 0x72, 0x3b, 0x00, 0x19, 0x4c, 0x61,
    0x6e, 0x64, 0x72, 0x6f, 0x69, 0x64, 0x2f, 0x61, 0x70, 0x70, 0x2f, 0x41,
    0x6c, 0x65, 0x72, 0x74, 0x44, 0x69, 0x61, 0x6c, 0x6f, 0x67, 0x3b, 0x00,
    0x1a, 0x4c, 0x61, 0x6e, 0x64, 0x72, 0x6f, 0x69, 0x64, 0x2f, 0x63, 0x6f,
    0x6e, 0x74, 0x65, 0x6e, 0x74, 0x2f, 0x43, 0x6c, 0x69, 0x70, 0x44, 0x61,
    0x74, 0x61, 0x3b, 0x00, 0x22, 0x4c, 0x61, 0x6e, 0x64, 0x72, 0x6f, 0x69,
    0x64, 0x2f, 0x63, 0x6f, 0x6e, 0x74, 0x65, 0x6e, 0x74, 0x2f, 0x43, 0x6c,
    0x69, 0x70, 0x62, 0x6f, 0x61, 0x72, 0x64, 0x4d, 0x61, 0x6e, 0x61, 0x67,
    0x65, 0x72, 0x3b, 0x00, 0x19, 0x4c, 0x61, 0x6e, 0x64, 0x72, 0x6f, 0x69,
    0x64, 0x2f, 0x63, 0x6f, 0x6e, 0x74, 0x65, 0x6e, 0x74, 0x2f, 0x43, 0x6f,
    0x6e, 0x74, 0x65, 0x78, 0x74, 0x3b, 0x00, 0x31, 0x4c, 0x61, 0x6e, 0x64,
    0x72, 0x6f, 0x69, 0x64, 0x2f, 0x63, 0x6f, 0x6e, 0x74, 0x65, 0x6e, 0x74,
    0x2f, 0x44, 0x69, 0x61, 0x6c, 0x6f, 0x67, 0x49, 0x6e, 0x74, 0x65, 0x72,
    0x66, 0x61, 0x63, 0x65, 0x24, 0x4f, 0x6e, 0x43, 0x6c, 0x69, 0x63, 0x6b,
    0x4c, 0x69, 0x73, 0x74, 0x65, 0x6e, 0x65, 0x72, 0x3b, 0x00, 0x2a, 0x4c,
    0x61, 0x6e, 0x64, 0x72, 0x6f, 0x69, 0x64, 0x2f, 0x63, 0x6f, 0x6e, 0x74,
    0x65, 0x6e, 0x74, 0x2f, 0x53, 0x68, 0x61, 0x72, 0x65, 0x64, 0x50, 0x72,
    0x65, 0x66, 0x65, 0x72, 0x65, 0x6e, 0x63, 0x65, 0x73, 0x24, 0x45, 0x64,
    0x69, 0x74, 0x6f, 0x72, 0x3b, 0x00, 0x23, 0x4c, 0x61, 0x6e, 0x64, 0x72,
    0x6f, 0x69, 0x64, 0x2f, 0x63, 0x6f, 0x6e, 0x74, 0x65, 0x6e, 0x74, 0x2f,
    0x53, 0x68, 0x61, 0x72, 0x65, 0x64, 0x50, 0x72, 0x65, 0x66, 0x65, 0x72,
    0x65, 0x6e, 0x63, 0x65, 0x73, 0x3b, 0x00, 0x22, 0x4c, 0x61, 0x6e, 0x64,
    0x72, 0x6f, 0x69, 0x64, 0x2f, 0x63, 0x6f, 0x6e, 0x74, 0x65, 0x6e, 0x74,
    0x2f, 0x72, 0x65, 0x73, 0x2f, 0x41, 0x73, 0x73, 0x65, 0x74, 0x4d, 0x61,
    0x6e, 0x61, 0x67, 0x65, 0x72, 0x3b, 0x00, 0x1f, 0x4c, 0x61, 0x6e, 0x64,
    0x72, 0x6f, 0x69, 0x64, 0x2f, 0x63, 0x6f, 0x6e, 0x74, 0x65, 0x6e, 0x74,
    0x2f, 0x72, 0x65, 0x73, 0x2f, 0x52, 0x65, 0x73, 0x6f, 0x75, 0x72, 0x63,
    0x65, 0x73, 0x3b, 0x00, 0x19, 0x4c, 0x61, 0x6e, 0x64, 0x72, 0x6f, 0x69,
    0x64, 0x2f, 0x67, 0x72, 0x61, 0x70, 0x68, 0x69, 0x63, 0x73, 0x2f, 0x42,
    0x69, 0x74, 0x6d, 0x61, 0x70, 0x3b, 0x00, 0x28, 0x4c, 0x61, 0x6e, 0x64,
    0x72, 0x6f, 0x69, 0x64, 0x2f, 0x67, 0x72, 0x61, 0x70, 0x68, 0x69, 0x63,
    0x73, 0x2f, 0x42, 0x69, 0x74, 0x6d, 0x61, 0x70, 0x46, 0x61, 0x63, 0x74,
    0x6f, 0x72, 0x79, 0x24, 0x4f, 0x70, 0x74, 0x69, 0x6f, 0x6e, 0x73, 0x3b,
    0x00, 0x20, 0x4c, 0x61, 0x6e, 0x64, 0x72, 0x6f, 0x69, 0x64, 0x2f, 0x67,
    0x72, 0x61, 0x70, 0x68, 0x69, 0x63, 0x73, 0x2f, 0x42, 0x69, 0x74, 0x6d,
    0x61, 0x70, 0x46, 0x61, 0x63, 0x74, 0x6f, 0x72, 0x79, 0x3b, 0x00, 0x19,
    0x4c, 0x61, 0x6e, 0x64, 0x72, 0x6f, 0x69, 0x64, 0x2f, 0x67, 0x72, 0x61,
    0x70, 0x68, 0x69, 0x63, 0x73, 0x2f, 0x43, 0x61, 0x6e, 0x76, 0x61, 0x73,
    0x3b, 0x00, 0x1d, 0x4c, 0x61, 0x6e, 0x64, 0x72, 0x6f, 0x69, 0x64, 0x2f,
    0x67, 0x72, 0x61, 0x70, 0x68, 0x69, 0x63, 0x73, 0x2f, 0x50, 0x61, 0x69,
    0x6e, 0x74, 0x24, 0x4a, 0x6f, 0x69, 0x6e, 0x3b, 0x00, 0x1e, 0x4c, 0x61,
    0x6e, 0x64, 0x72, 0x6f, 0x69, 0x64, 0x2f, 0x67, 0x72, 0x61, 0x70, 0x68,
    0x69, 0x63, 0x73, 0x2f, 0x50, 0x61, 0x69, 0x6e, 0x74, 0x24, 0x53, 0x74,
    0x79, 0x6c, 0x65, 0x3b, 0x00, 0x18, 0x4c, 0x61, 0x6e, 0x64, 0x72, 0x6f,
    0x69, 0x64, 0x2f, 0x67, 0x72, 0x61, 0x70, 0x68, 0x69, 0x63, 0x73, 0x2f,
    0x50, 0x61, 0x69, 0x6e, 0x74, 0x3b, 0x00, 0x17, 0x4c, 0x61, 0x6e, 0x64,
    0x72, 0x6f, 0x69, 0x64, 0x2f, 0x67, 0x72, 0x61, 0x70, 0x68, 0x69, 0x63,
    0x73, 0x2f, 0x52, 0x65, 0x63, 0x74, 0x3b, 0x00, 0x1b, 0x4c, 0x61, 0x6e,
    0x64, 0x72, 0x6f, 0x69, 0x64, 0x2f, 0x67, 0x72, 0x61, 0x70, 0x68, 0x69,
    0x63, 0x73, 0x2f, 0x54, 0x79, 0x70, 0x65, 0x66, 0x61, 0x63, 0x65, 0x3b,
    0x00, 0x2a, 0x4c, 0x61, 0x6e, 0x64, 0x72, 0x6f, 0x69, 0x64, 0x2f, 0x67,
    0x72, 0x61, 0x70, 0x68, 0x69, 0x63, 0x73, 0x2f, 0x64, 0x72, 0x61, 0x77,
    0x61, 0x62, 0x6c, 0x65, 0x2f, 0x42, 0x69, 0x74, 0x6d, 0x61, 0x70, 0x44,
    0x72, 0x61, 0x77, 0x61, 0x62, 0x6c, 0x65, 0x3b, 0x00, 0x29, 0x4c, 0x61,
    0x6e, 0x64, 0x72, 0x6f, 0x69, 0x64, 0x2f, 0x67, 0x72, 0x61, 0x70, 0x68,
    0x69, 0x63, 0x73, 0x2f, 0x64, 0x72, 0x61, 0x77, 0x61, 0x62, 0x6c, 0x65,
    0x2f, 0x43, 0x6f, 0x6c, 0x6f, 0x72, 0x44, 0x72, 0x61, 0x77, 0x61, 0x62,
    0x6c, 0x65, 0x3b, 0x00, 0x24, 0x4c, 0x61, 0x6e, 0x64, 0x72, 0x6f, 0x69,
    0x64, 0x2f, 0x67, 0x72, 0x61, 0x70, 0x68, 0x69, 0x63, 0x73, 0x2f, 0x64,
    0x72, 0x61, 0x77, 0x61, 0x62, 0x6c, 0x65, 0x2f, 0x44, 0x72, 0x61, 0x77,
    0x61, 0x62, 0x6c, 0x65, 0x3b, 0x00, 0x2c, 0x4c, 0x61, 0x6e, 0x64, 0x72,
    0x6f, 0x69, 0x64, 0x2f, 0x67, 0x72, 0x61, 0x70, 0x68, 0x69, 0x63, 0x73,
    0x2f, 0x64, 0x72, 0x61, 0x77, 0x61, 0x62, 0x6c, 0x65, 0x2f, 0x47, 0x72,
    0x61, 0x64, 0x69, 0x65, 0x6e, 0x74, 0x44, 0x72, 0x61, 0x77, 0x61, 0x62,
    0x6c, 0x65, 0x3b, 0x00, 0x14, 0x4c, 0x61, 0x6e, 0x64, 0x72, 0x6f, 0x69,
    0x64, 0x2f, 0x6f, 0x73, 0x2f, 0x48, 0x61, 0x6e, 0x64, 0x6c, 0x65, 0x72,
    0x3b, 0x00, 0x13, 0x4c, 0x61, 0x6e, 0x64, 0x72, 0x6f, 0x69, 0x64, 0x2f,
    0x6f, 0x73, 0x2f, 0x4c, 0x6f, 0x6f, 0x70, 0x65, 0x72, 0x3b, 0x00, 0x14,
    0x4c, 0x61, 0x6e, 0x64, 0x72, 0x6f, 0x69, 0x64, 0x2f, 0x6f, 0x73, 0x2f,
    0x50, 0x72, 0x6f, 0x63, 0x65, 0x73, 0x73, 0x3b, 0x00, 0x18, 0x4c, 0x61,
    0x6e, 0x64, 0x72, 0x6f, 0x69, 0x64, 0x2f, 0x6f, 0x73, 0x2f, 0x53, 0x79,
    0x73, 0x74, 0x65, 0x6d, 0x43, 0x6c, 0x6f, 0x63, 0x6b, 0x3b, 0x00, 0x17,
    0x4c, 0x61, 0x6e, 0x64, 0x72, 0x6f, 0x69, 0x64, 0x2f, 0x74, 0x65, 0x78,
    0x74, 0x2f, 0x45, 0x64, 0x69, 0x74, 0x61, 0x62, 0x6c, 0x65, 0x3b, 0x00,
    0x15, 0x4c, 0x61, 0x6e, 0x64, 0x72, 0x6f, 0x69, 0x64, 0x2f, 0x74, 0x65,
    0x78, 0x74, 0x2f, 0x4c, 0x61, 0x79, 0x6f, 0x75, 0x74, 0x3b, 0x00, 0x18,
    0x4c, 0x61, 0x6e, 0x64, 0x72, 0x6f, 0x69, 0x64, 0x2f, 0x74, 0x65, 0x78,
    0x74, 0x2f, 0x54, 0x65, 0x78, 0x74, 0x50, 0x61, 0x69, 0x6e, 0x74, 0x3b,
    0x00, 0x1a, 0x4c, 0x61, 0x6e, 0x64, 0x72, 0x6f, 0x69, 0x64, 0x2f, 0x74,
    0x65, 0x78, 0x74, 0x2f, 0x54, 0x65, 0x78, 0x74, 0x57, 0x61, 0x74, 0x63,
    0x68, 0x65, 0x72, 0x3b, 0x00, 0x1d, 0x4c, 0x61, 0x6e, 0x64, 0x72, 0x6f,
    0x69, 0x64, 0x2f, 0x75, 0x74, 0x69, 0x6c, 0x2f, 0x44, 0x69, 0x73, 0x70,
    0x6c, 0x61, 0x79, 0x4d, 0x65, 0x74, 0x72, 0x69, 0x63, 0x73, 0x3b, 0x00,
    0x12, 0x4c, 0x61, 0x6e, 0x64, 0x72, 0x6f, 0x69, 0x64, 0x2f, 0x75, 0x74,
    0x69, 0x6c, 0x2f, 0x4c, 0x6f, 0x67, 0x3b, 0x00, 0x1a, 0x4c, 0x61, 0x6e,
    0x64, 0x72, 0x6f, 0x69, 0x64, 0x2f, 0x76, 0x69, 0x65, 0x77, 0x2f, 0x4d,
    0x6f, 0x74, 0x69, 0x6f, 0x6e, 0x45, 0x76, 0x65, 0x6e, 0x74, 0x3b, 0x00,
    0x23, 0x4c, 0x61, 0x6e, 0x64, 0x72, 0x6f, 0x69, 0x64, 0x2f, 0x76, 0x69,
    0x65, 0x77, 0x2f, 0x56, 0x69, 0x65, 0x77, 0x24, 0x4f, 0x6e, 0x43, 0x6c,
    0x69, 0x63, 0x6b, 0x4c, 0x69, 0x73, 0x74, 0x65, 0x6e, 0x65, 0x72, 0x3b,
    0x00, 0x23, 0x4c, 0x61, 0x6e, 0x64, 0x72, 0x6f, 0x69, 0x64, 0x2f, 0x76,
    0x69, 0x65, 0x77, 0x2f, 0x56, 0x69, 0x65, 0x77, 0x24, 0x4f, 0x6e, 0x54,
    0x6f, 0x75, 0x63, 0x68, 0x4c, 0x69, 0x73, 0x74, 0x65, 0x6e, 0x65, 0x72,
    0x3b, 0x00, 0x13, 0x4c, 0x61, 0x6e, 0x64, 0x72, 0x6f, 0x69, 0x64, 0x2f,
    0x76, 0x69, 0x65, 0x77, 0x2f, 0x56, 0x69, 0x65, 0x77, 0x3b, 0x00, 0x20,
    0x4c, 0x61, 0x6e, 0x64, 0x72, 0x6f, 0x69, 0x64, 0x2f, 0x76, 0x69, 0x65,
    0x77, 0x2f, 0x56, 0x69, 0x65, 0x77, 0x43, 0x6f, 0x6e, 0x66, 0x69, 0x67,
    0x75, 0x72, 0x61, 0x74, 0x69, 0x6f, 0x6e, 0x3b, 0x00, 0x25, 0x4c, 0x61,
    0x6e, 0x64, 0x72, 0x6f, 0x69, 0x64, 0x2f, 0x76, 0x69, 0x65, 0x77, 0x2f,
    0x56, 0x69, 0x65, 0x77, 0x47, 0x72, 0x6f, 0x75, 0x70, 0x24, 0x4c, 0x61,
    0x79, 0x6f, 0x75, 0x74, 0x50, 0x61, 0x72, 0x61, 0x6d, 0x73, 0x3b, 0x00,
    0x18, 0x4c, 0x61, 0x6e, 0x64, 0x72, 0x6f, 0x69, 0x64, 0x2f, 0x76, 0x69,
    0x65, 0x77, 0x2f, 0x56, 0x69, 0x65, 0x77, 0x47, 0x72, 0x6f, 0x75, 0x70,
    0x3b, 0x00, 0x19, 0x4c, 0x61, 0x6e, 0x64, 0x72, 0x6f, 0x69, 0x64, 0x2f,
    0x76, 0x69, 0x65, 0x77, 0x2f, 0x56, 0x69, 0x65, 0x77, 0x50, 0x61, 0x72,
    0x65, 0x6e, 0x74, 0x3b, 0x00, 0x1c, 0x4c, 0x61, 0x6e, 0x64, 0x72, 0x6f,
    0x69, 0x64, 0x2f, 0x77, 0x69, 0x64, 0x67, 0x65, 0x74, 0x2f, 0x42, 0x61,
    0x73, 0x65, 0x41, 0x64, 0x61, 0x70, 0x74, 0x65, 0x72, 0x3b, 0x00, 0x17,
    0x4c, 0x61, 0x6e, 0x64, 0x72, 0x6f, 0x69, 0x64, 0x2f, 0x77, 0x69, 0x64,
    0x67, 0x65, 0x74, 0x2f, 0x42, 0x75, 0x74, 0x74, 0x6f, 0x6e, 0x3b, 0x00,
    0x19, 0x4c, 0x61, 0x6e, 0x64, 0x72, 0x6f, 0x69, 0x64, 0x2f, 0x77, 0x69,
    0x64, 0x67, 0x65, 0x74, 0x2f, 0x45, 0x64, 0x69, 0x74, 0x54, 0x65, 0x78,
    0x74, 0x3b, 0x00, 0x29, 0x4c, 0x61, 0x6e, 0x64, 0x72, 0x6f, 0x69, 0x64,
    0x2f, 0x77, 0x69, 0x64, 0x67, 0x65, 0x74, 0x2f, 0x46, 0x72, 0x61, 0x6d,
    0x65, 0x4c, 0x61, 0x79, 0x6f, 0x75, 0x74, 0x24, 0x4c, 0x61, 0x79, 0x6f,
    0x75, 0x74, 0x50, 0x61, 0x72, 0x61, 0x6d, 0x73, 0x3b, 0x00, 0x1c, 0x4c,
    0x61, 0x6e, 0x64, 0x72, 0x6f, 0x69, 0x64, 0x2f, 0x77, 0x69, 0x64, 0x67,
    0x65, 0x74, 0x2f, 0x46, 0x72, 0x61, 0x6d, 0x65, 0x4c, 0x61, 0x79, 0x6f,
    0x75, 0x74, 0x3b, 0x00, 0x24, 0x4c, 0x61, 0x6e, 0x64, 0x72, 0x6f, 0x69,
    0x64, 0x2f, 0x77, 0x69, 0x64, 0x67, 0x65, 0x74, 0x2f, 0x49, 0x6d, 0x61,
    0x67, 0x65, 0x56, 0x69, 0x65, 0x77, 0x24, 0x53, 0x63, 0x61, 0x6c, 0x65,
    0x54, 0x79, 0x70, 0x65, 0x3b, 0x00, 0x1a, 0x4c, 0x61, 0x6e, 0x64, 0x72,
    0x6f, 0x69, 0x64, 0x2f, 0x77, 0x69, 0x64, 0x67, 0x65, 0x74, 0x2f, 0x49,
    0x6d, 0x61, 0x67, 0x65, 0x56, 0x69, 0x65, 0x77, 0x3b, 0x00, 0x2a, 0x4c,
    0x61, 0x6e, 0x64, 0x72, 0x6f, 0x69, 0x64, 0x2f, 0x77, 0x69, 0x64, 0x67,
    0x65, 0x74, 0x2f, 0x4c, 0x69, 0x6e, 0x65, 0x61, 0x72, 0x4c, 0x61, 0x79,
    0x6f, 0x75, 0x74, 0x24, 0x4c, 0x61, 0x79, 0x6f, 0x75, 0x74, 0x50, 0x61,
    0x72, 0x61, 0x6d, 0x73, 0x3b, 0x00, 0x1d, 0x4c, 0x61, 0x6e, 0x64, 0x72,
    0x6f, 0x69, 0x64, 0x2f, 0x77, 0x69, 0x64, 0x67, 0x65, 0x74, 0x2f, 0x4c,
    0x69, 0x6e, 0x65, 0x61, 0x72, 0x4c, 0x61, 0x79, 0x6f, 0x75, 0x74, 0x3b,
    0x00, 0x1c, 0x4c, 0x61, 0x6e, 0x64, 0x72, 0x6f, 0x69, 0x64, 0x2f, 0x77,
    0x69, 0x64, 0x67, 0x65, 0x74, 0x2f, 0x4c, 0x69, 0x73, 0x74, 0x41, 0x64,
    0x61, 0x70, 0x74, 0x65, 0x72, 0x3b, 0x00, 0x19, 0x4c, 0x61, 0x6e, 0x64,
    0x72, 0x6f, 0x69, 0x64, 0x2f, 0x77, 0x69, 0x64, 0x67, 0x65, 0x74, 0x2f,
    0x4c, 0x69, 0x73, 0x74, 0x56, 0x69, 0x65, 0x77, 0x3b, 0x00, 0x1b, 0x4c,
    0x61, 0x6e, 0x64, 0x72, 0x6f, 0x69, 0x64, 0x2f, 0x77, 0x69, 0x64, 0x67,
    0x65, 0x74, 0x2f, 0x53, 0x63, 0x72, 0x6f, 0x6c, 0x6c, 0x56, 0x69, 0x65,
    0x77, 0x3b, 0x00, 0x19, 0x4c, 0x61, 0x6e, 0x64, 0x72, 0x6f, 0x69, 0x64,
    0x2f, 0x77, 0x69, 0x64, 0x67, 0x65, 0x74, 0x2f, 0x54, 0x65, 0x78, 0x74,
    0x56, 0x69, 0x65, 0x77, 0x3b, 0x00, 0x16, 0x4c, 0x61, 0x6e, 0x64, 0x72,
    0x6f, 0x69, 0x64, 0x2f, 0x77, 0x69, 0x64, 0x67, 0x65, 0x74, 0x2f, 0x54,
    0x6f, 0x61, 0x73, 0x74, 0x3b, 0x00, 0x0e, 0x4c, 0x61, 0x6e, 0xc3, 0xa7,
    0x61, 0x2d, 0x66, 0x6f, 0x67, 0x75, 0x65, 0x74, 0x65, 0x73, 0x00, 0x06,
    0x4c, 0x61, 0x6e, 0xc3, 0xa7, 0x61, 0x73, 0x00, 0x17, 0x4c, 0x62, 0x75,
    0x6e, 0x6e, 0x79, 0x2f, 0x43, 0x68, 0x65, 0x61, 0x74, 0x42, 0x72, 0x69,
    0x64, 0x67, 0x65, 0x24, 0x31, 0x24, 0x31, 0x3b, 0x00, 0x16, 0x4c, 0x62,
    0x75, 0x6e, 0x6e, 0x79, 0x2f, 0x43, 0x68, 0x65, 0x61, 0x74, 0x42, 0x72,
    0x69, 0x64, 0x67, 0x65, 0x24, 0x31, 0x30, 0x3b, 0x00, 0x16, 0x4c, 0x62,
    0x75, 0x6e, 0x6e, 0x79, 0x2f, 0x43, 0x68, 0x65, 0x61, 0x74, 0x42, 0x72,
    0x69, 0x64, 0x67, 0x65, 0x24, 0x31, 0x31, 0x3b, 0x00, 0x16, 0x4c, 0x62,
    0x75, 0x6e, 0x6e, 0x79, 0x2f, 0x43, 0x68, 0x65, 0x61, 0x74, 0x42, 0x72,
    0x69, 0x64, 0x67, 0x65, 0x24, 0x31, 0x32, 0x3b, 0x00, 0x16, 0x4c, 0x62,
    0x75, 0x6e, 0x6e, 0x79, 0x2f, 0x43, 0x68, 0x65, 0x61, 0x74, 0x42, 0x72,
    0x69, 0x64, 0x67, 0x65, 0x24, 0x31, 0x33, 0x3b, 0x00, 0x18, 0x4c, 0x62,
    0x75, 0x6e, 0x6e, 0x79, 0x2f, 0x43, 0x68, 0x65, 0x61, 0x74, 0x42, 0x72,
    0x69, 0x64, 0x67, 0x65, 0x24, 0x31, 0x34, 0x24, 0x31, 0x3b, 0x00, 0x16,
    0x4c, 0x62, 0x75, 0x6e, 0x6e, 0x79, 0x2f, 0x43, 0x68, 0x65, 0x61, 0x74,
    0x42, 0x72, 0x69, 0x64, 0x67, 0x65, 0x24, 0x31, 0x34, 0x3b, 0x00, 0x16,
    0x4c, 0x62, 0x75, 0x6e, 0x6e, 0x79, 0x2f, 0x43, 0x68, 0x65, 0x61, 0x74,
    0x42, 0x72, 0x69, 0x64, 0x67, 0x65, 0x24, 0x31, 0x35, 0x3b, 0x00, 0x16,
    0x4c, 0x62, 0x75, 0x6e, 0x6e, 0x79, 0x2f, 0x43, 0x68, 0x65, 0x61, 0x74,
    0x42, 0x72, 0x69, 0x64, 0x67, 0x65, 0x24, 0x31, 0x36, 0x3b, 0x00, 0x18,
    0x4c, 0x62, 0x75, 0x6e, 0x6e, 0x79, 0x2f, 0x43, 0x68, 0x65, 0x61, 0x74,
    0x42, 0x72, 0x69, 0x64, 0x67, 0x65, 0x24, 0x31, 0x37, 0x24, 0x31, 0x3b,
    0x00, 0x16, 0x4c, 0x62, 0x75, 0x6e, 0x6e, 0x79, 0x2f, 0x43, 0x68, 0x65,
    0x61, 0x74, 0x42, 0x72, 0x69, 0x64, 0x67, 0x65, 0x24, 0x31, 0x37, 0x3b,
    0x00, 0x16, 0x4c, 0x62, 0x75, 0x6e, 0x6e, 0x79, 0x2f, 0x43, 0x68, 0x65,
    0x61, 0x74, 0x42, 0x72, 0x69, 0x64, 0x67, 0x65, 0x24, 0x31, 0x38, 0x3b,
    0x00, 0x16, 0x4c, 0x62, 0x75, 0x6e, 0x6e, 0x79, 0x2f, 0x43, 0x68, 0x65,
    0x61, 0x74, 0x42, 0x72, 0x69, 0x64, 0x67, 0x65, 0x24, 0x31, 0x39, 0x3b,
    0x00, 0x15, 0x4c, 0x62, 0x75, 0x6e, 0x6e, 0x79, 0x2f, 0x43, 0x68, 0x65,
    0x61, 0x74, 0x42, 0x72, 0x69, 0x64, 0x67, 0x65, 0x24, 0x31, 0x3b, 0x00,
    0x16, 0x4c, 0x62, 0x75, 0x6e, 0x6e, 0x79, 0x2f, 0x43, 0x68, 0x65, 0x61,
    0x74, 0x42, 0x72, 0x69, 0x64, 0x67, 0x65, 0x24, 0x32, 0x30, 0x3b, 0x00,
    0x16, 0x4c, 0x62, 0x75, 0x6e, 0x6e, 0x79, 0x2f, 0x43, 0x68, 0x65, 0x61,
    0x74, 0x42, 0x72, 0x69, 0x64, 0x67, 0x65, 0x24, 0x32, 0x31, 0x3b, 0x00,
    0x16, 0x4c, 0x62, 0x75, 0x6e, 0x6e, 0x79, 0x2f, 0x43, 0x68, 0x65, 0x61,
    0x74, 0x42, 0x72, 0x69, 0x64, 0x67, 0x65, 0x24, 0x32, 0x32, 0x3b, 0x00,
    0x16, 0x4c, 0x62, 0x75, 0x6e, 0x6e, 0x79, 0x2f, 0x43, 0x68, 0x65, 0x61,
    0x74, 0x42, 0x72, 0x69, 0x64, 0x67, 0x65, 0x24, 0x32, 0x33, 0x3b, 0x00,
    0x15, 0x4c, 0x62, 0x75, 0x6e, 0x6e, 0x79, 0x2f, 0x43, 0x68, 0x65, 0x61,
    0x74, 0x42, 0x72, 0x69, 0x64, 0x67, 0x65, 0x24, 0x32, 0x3b, 0x00, 0x17,
    0x4c, 0x62, 0x75, 0x6e, 0x6e, 0x79, 0x2f, 0x43, 0x68, 0x65, 0x61, 0x74,
    0x42, 0x72, 0x69, 0x64, 0x67, 0x65, 0x24, 0x33, 0x24, 0x31, 0x3b, 0x00,
    0x15, 0x4c, 0x62, 0x75, 0x6e, 0x6e, 0x79, 0x2f, 0x43, 0x68, 0x65, 0x61,
    0x74, 0x42, 0x72, 0x69, 0x64, 0x67, 0x65, 0x24, 0x33, 0x3b, 0x00, 0x15,
    0x4c, 0x62, 0x75, 0x6e, 0x6e, 0x79, 0x2f, 0x43, 0x68, 0x65, 0x61, 0x74,
    0x42, 0x72, 0x69, 0x64, 0x67, 0x65, 0x24, 0x34, 0x3b, 0x00, 0x15, 0x4c,
    0x62, 0x75, 0x6e, 0x6e, 0x79, 0x2f, 0x43, 0x68, 0x65, 0x61, 0x74, 0x42,
    0x72, 0x69, 0x64, 0x67, 0x65, 0x24, 0x35, 0x3b, 0x00, 0x15, 0x4c, 0x62,
    0x75, 0x6e, 0x6e, 0x79, 0x2f, 0x43, 0x68, 0x65, 0x61, 0x74, 0x42, 0x72,
    0x69, 0x64, 0x67, 0x65, 0x24, 0x36, 0x3b, 0x00, 0x15, 0x4c, 0x62, 0x75,
    0x6e, 0x6e, 0x79, 0x2f, 0x43, 0x68, 0x65, 0x61, 0x74, 0x42, 0x72, 0x69,
    0x64, 0x67, 0x65, 0x24, 0x37, 0x3b, 0x00, 0x15, 0x4c, 0x62, 0x75, 0x6e,
    0x6e, 0x79, 0x2f, 0x43, 0x68, 0x65, 0x61, 0x74, 0x42, 0x72, 0x69, 0x64,
    0x67, 0x65, 0x24, 0x38, 0x3b, 0x00, 0x17, 0x4c, 0x62, 0x75, 0x6e, 0x6e,
    0x79, 0x2f, 0x43, 0x68, 0x65, 0x61, 0x74, 0x42, 0x72, 0x69, 0x64, 0x67,
    0x65, 0x24, 0x39, 0x24, 0x31, 0x3b, 0x00, 0x15, 0x4c, 0x62, 0x75, 0x6e,
    0x6e, 0x79, 0x2f, 0x43, 0x68, 0x65, 0x61, 0x74, 0x42, 0x72, 0x69, 0x64,
    0x67, 0x65, 0x24, 0x39, 0x3b, 0x00, 0x1b, 0x4c, 0x62, 0x75, 0x6e, 0x6e,
    0x79, 0x2f, 0x43, 0x68, 0x65, 0x61, 0x74, 0x42, 0x72, 0x69, 0x64, 0x67,
    0x65, 0x24, 0x43, 0x61, 0x74, 0x61, 0x6c, 0x6f, 0x67, 0x3b, 0x00, 0x1f,
    0x4c, 0x62, 0x75, 0x6e, 0x6e, 0x79, 0x2f, 0x43, 0x68, 0x65, 0x61, 0x74,
    0x42, 0x72, 0x69, 0x64, 0x67, 0x65, 0x24, 0x44, 0x72, 0x61, 0x67, 0x48,
    0x61, 0x6e, 0x64, 0x6c, 0x65, 0x72, 0x3b, 0x00, 0x20, 0x4c, 0x62, 0x75,
    0x6e, 0x6e, 0x79, 0x2f, 0x43, 0x68, 0x65, 0x61, 0x74, 0x42, 0x72, 0x69,
    0x64, 0x67, 0x65, 0x24, 0x4f, 0x75, 0x74, 0x6c, 0x69, 0x6e, 0x65, 0x64,
    0x54, 0x65, 0x78, 0x74, 0x3b, 0x00, 0x22, 0x4c, 0x62, 0x75, 0x6e, 0x6e,
    0x79, 0x2f, 0x43, 0x68, 0x65, 0x61, 0x74, 0x42, 0x72, 0x69, 0x64, 0x67,
    0x65, 0x24, 0x50, 0x6f, 0x77, 0x65, 0x72, 0x43, 0x61, 0x72, 0x64, 0x56,
    0x69, 0x65, 0x77, 0x73, 0x3b, 0x00, 0x19, 0x4c, 0x62, 0x75, 0x6e, 0x6e,
    0x79, 0x2f, 0x43, 0x68, 0x65, 0x61, 0x74, 0x42, 0x72, 0x69, 0x64, 0x67,
    0x65, 0x24, 0x52, 0x61, 0x6e, 0x67, 0x65, 0x3b, 0x00, 0x1c, 0x4c, 0x62,
    0x75, 0x6e, 0x6e, 0x79, 0x2f, 0x43, 0x68, 0x65, 0x61, 0x74, 0x42, 0x72,
    0x69, 0x64, 0x67, 0x65, 0x24, 0x52, 0x6f, 0x77, 0x56, 0x69, 0x65, 0x77,
    0x73, 0x3b, 0x00, 0x1b, 0x4c, 0x62, 0x75, 0x6e, 0x6e, 0x79, 0x2f, 0x43,
    0x68, 0x65, 0x61, 0x74, 0x42, 0x72, 0x69, 0x64, 0x67, 0x65, 0x24, 0x53,
    0x65, 0x63, 0x74, 0x69, 0x6f, 0x6e, 0x3b, 0x00, 0x1d, 0x4c, 0x62, 0x75,
    0x6e, 0x6e, 0x79, 0x2f, 0x43, 0x68, 0x65, 0x61, 0x74, 0x42, 0x72, 0x69,
    0x64, 0x67, 0x65, 0x24, 0x53, 0x75, 0x6e, 0x66, 0x6c, 0x6f, 0x77, 0x65,
    0x72, 0x3b, 0x00, 0x13, 0x4c, 0x62, 0x75, 0x6e, 0x6e, 0x79, 0x2f, 0x43,
    0x68, 0x65, 0x61, 0x74, 0x42, 0x72, 0x69, 0x64, 0x67, 0x65, 0x3b, 0x00,
    0x11, 0x4c, 0x62, 0x75, 0x6e, 0x6e, 0x79, 0x2f, 0x43, 0x68, 0x65, 0x61,
    0x74, 0x44, 0x61, 0x74, 0x61, 0x3b, 0x00, 0x22, 0x4c, 0x64, 0x61, 0x6c,
    0x76, 0x69, 0x6b, 0x2f, 0x61, 0x6e, 0x6e, 0x6f, 0x74, 0x61, 0x74, 0x69,
    0x6f, 0x6e, 0x2f, 0x45, 0x6e, 0x63, 0x6c, 0x6f, 0x73, 0x69, 0x6e, 0x67,
    0x43, 0x6c, 0x61, 0x73, 0x73, 0x3b, 0x00, 0x23, 0x4c, 0x64, 0x61, 0x6c,
    0x76, 0x69, 0x6b, 0x2f, 0x61, 0x6e, 0x6e, 0x6f, 0x74, 0x61, 0x74, 0x69,
    0x6f, 0x6e, 0x2f, 0x45, 0x6e, 0x63, 0x6c, 0x6f, 0x73, 0x69, 0x6e, 0x67,
    0x4d, 0x65, 0x74, 0x68, 0x6f, 0x64, 0x3b, 0x00, 0x1e, 0x4c, 0x64, 0x61,
    0x6c, 0x76, 0x69, 0x6b, 0x2f, 0x61, 0x6e, 0x6e, 0x6f, 0x74, 0x61, 0x74,
    0x69, 0x6f, 0x6e, 0x2f, 0x49, 0x6e, 0x6e, 0x65, 0x72, 0x43, 0x6c, 0x61,
    0x73, 0x73, 0x3b, 0x00, 0x21, 0x4c, 0x64, 0x61, 0x6c, 0x76, 0x69, 0x6b,
    0x2f, 0x61, 0x6e, 0x6e, 0x6f, 0x74, 0x61, 0x74, 0x69, 0x6f, 0x6e, 0x2f,
    0x4d, 0x65, 0x6d, 0x62, 0x65, 0x72, 0x43, 0x6c, 0x61, 0x73, 0x73, 0x65,
    0x73, 0x3b, 0x00, 0x24, 0x4c, 0x64, 0x61, 0x6c, 0x76, 0x69, 0x6b, 0x2f,
    0x61, 0x6e, 0x6e, 0x6f, 0x74, 0x61, 0x74, 0x69, 0x6f, 0x6e, 0x2f, 0x4d,
    0x65, 0x74, 0x68, 0x6f, 0x64, 0x50, 0x61, 0x72, 0x61, 0x6d, 0x65, 0x74,
    0x65, 0x72, 0x73, 0x3b, 0x00, 0x1d, 0x4c, 0x64, 0x61, 0x6c, 0x76, 0x69,
    0x6b, 0x2f, 0x61, 0x6e, 0x6e, 0x6f, 0x74, 0x61, 0x74, 0x69, 0x6f, 0x6e,
    0x2f, 0x53, 0x69, 0x67, 0x6e, 0x61, 0x74, 0x75, 0x72, 0x65, 0x3b, 0x00,
    0x2a, 0x4c, 0x65, 0x6e, 0x64, 0x6f, 0x20, 0x6f, 0x20, 0x63, 0x61, 0x74,
    0xc3, 0xa1, 0x6c, 0x6f, 0x67, 0x6f, 0x20, 0x64, 0x6f, 0x20, 0x6a, 0x6f,
    0x67, 0x6f, 0x2c, 0x20, 0x6e, 0x6f, 0x20, 0x73, 0x65, 0x75, 0x20, 0x69,
    0x64, 0x69, 0x6f, 0x6d, 0x61, 0x2e, 0x2e, 0x2e, 0x00, 0x19, 0x4c, 0x69,
    0x62, 0x65, 0x72, 0x61, 0x20, 0x74, 0x6f, 0x64, 0x61, 0x73, 0x20, 0x61,
    0x73, 0x20, 0x63, 0x72, 0x69, 0x61, 0x74, 0x75, 0x72, 0x61, 0x73, 0x00,
    0x06, 0x4c, 0x69, 0x67, 0x61, 0x64, 0x6f, 0x00, 0x11, 0x4c, 0x69, 0x6d,
    0x70, 0x61, 0x72, 0x20, 0x69, 0x6e, 0x76, 0x65, 0x6e, 0x74, 0xc3, 0xa1,
    0x72, 0x69, 0x6f, 0x00, 0x15, 0x4c, 0x6a, 0x61, 0x76, 0x61, 0x2f, 0x69,
    0x6f, 0x2f, 0x49, 0x6e, 0x70, 0x75, 0x74, 0x53, 0x74, 0x72, 0x65, 0x61,
    0x6d, 0x3b, 0x00, 0x18, 0x4c, 0x6a, 0x61, 0x76, 0x61, 0x2f, 0x6c, 0x61,
    0x6e, 0x67, 0x2f, 0x43, 0x68, 0x61, 0x72, 0x53, 0x65, 0x71, 0x75, 0x65,
    0x6e, 0x63, 0x65, 0x3b, 0x00, 0x15, 0x4c, 0x6a, 0x61, 0x76, 0x61, 0x2f,
    0x6c, 0x61, 0x6e, 0x67, 0x2f, 0x43, 0x68, 0x61, 0x72, 0x61, 0x63, 0x74,
    0x65, 0x72, 0x3b, 0x00, 0x13, 0x4c, 0x6a, 0x61, 0x76, 0x61, 0x2f, 0x6c,
    0x61, 0x6e, 0x67, 0x2f, 0x49, 0x6e, 0x74, 0x65, 0x67, 0x65, 0x72, 0x3b,
    0x00, 0x20, 0x4c, 0x6a, 0x61, 0x76, 0x61, 0x2f, 0x6c, 0x61, 0x6e, 0x67,
    0x2f, 0x49, 0x6e, 0x74, 0x65, 0x72, 0x72, 0x75, 0x70, 0x74, 0x65, 0x64,
    0x45, 0x78, 0x63, 0x65, 0x70, 0x74, 0x69, 0x6f, 0x6e, 0x3b, 0x00, 0x10,
    0x4c, 0x6a, 0x61, 0x76, 0x61, 0x2f, 0x6c, 0x61, 0x6e, 0x67, 0x2f, 0x4d,
    0x61, 0x74, 0x68, 0x3b, 0x00, 0x21, 0x4c, 0x6a, 0x61, 0x76, 0x61, 0x2f,
    0x6c, 0x61, 0x6e, 0x67, 0x2f, 0x4e, 0x75, 0x6d, 0x62, 0x65, 0x72, 0x46,
    0x6f, 0x72, 0x6d, 0x61, 0x74, 0x45, 0x78, 0x63, 0x65, 0x70, 0x74, 0x69,
    0x6f, 0x6e, 0x3b, 0x00, 0x12, 0x4c, 0x6a, 0x61, 0x76, 0x61, 0x2f, 0x6c,
    0x61, 0x6e, 0x67, 0x2f, 0x4f, 0x62, 0x6a, 0x65, 0x63, 0x74, 0x3b, 0x00,
    0x14, 0x4c, 0x6a, 0x61, 0x76, 0x61, 0x2f, 0x6c, 0x61, 0x6e, 0x67, 0x2f,
    0x52, 0x75, 0x6e, 0x6e, 0x61, 0x62, 0x6c, 0x65, 0x3b, 0x00, 0x12, 0x4c,
    0x6a, 0x61, 0x76, 0x61, 0x2f, 0x6c, 0x61, 0x6e, 0x67, 0x2f, 0x53, 0x74,
    0x72, 0x69, 0x6e, 0x67, 0x3b, 0x00, 0x19, 0x4c, 0x6a, 0x61, 0x76, 0x61,
    0x2f, 0x6c, 0x61, 0x6e, 0x67, 0x2f, 0x53, 0x74, 0x72, 0x69, 0x6e, 0x67,
    0x42, 0x75, 0x69, 0x6c, 0x64, 0x65, 0x72, 0x3b, 0x00, 0x12, 0x4c, 0x6a,
    0x61, 0x76, 0x61, 0x2f, 0x6c, 0x61, 0x6e, 0x67, 0x2f, 0x54, 0x68, 0x72,
    0x65, 0x61, 0x64, 0x3b, 0x00, 0x1b, 0x4c, 0x6a, 0x61, 0x76, 0x61, 0x2f,
    0x74, 0x65, 0x78, 0x74, 0x2f, 0x4e, 0x6f, 0x72, 0x6d, 0x61, 0x6c, 0x69,
    0x7a, 0x65, 0x72, 0x24, 0x46, 0x6f, 0x72, 0x6d, 0x3b, 0x00, 0x16, 0x4c,
    0x6a, 0x61, 0x76, 0x61, 0x2f, 0x74, 0x65, 0x78, 0x74, 0x2f, 0x4e, 0x6f,
    0x72, 0x6d, 0x61, 0x6c, 0x69, 0x7a, 0x65, 0x72, 0x3b, 0x00, 0x15, 0x4c,
    0x6a, 0x61, 0x76, 0x61, 0x2f, 0x75, 0x74, 0x69, 0x6c, 0x2f, 0x41, 0x72,
    0x72, 0x61, 0x79, 0x4c, 0x69, 0x73, 0x74, 0x3b, 0x00, 0x15, 0x4c, 0x6a,
    0x61, 0x76, 0x61, 0x2f, 0x75, 0x74, 0x69, 0x6c, 0x2f, 0x41, 0x72, 0x72,
    0x61, 0x79, 0x4c, 0x69, 0x73, 0x74, 0x3c, 0x00, 0x12, 0x4c, 0x6a, 0x61,
    0x76, 0x61, 0x2f, 0x75, 0x74, 0x69, 0x6c, 0x2f, 0x41, 0x72, 0x72, 0x61,
    0x79, 0x73, 0x3b, 0x00, 0x16, 0x4c, 0x6a, 0x61, 0x76, 0x61, 0x2f, 0x75,
    0x74, 0x69, 0x6c, 0x2f, 0x43, 0x6f, 0x6c, 0x6c, 0x65, 0x63, 0x74, 0x69,
    0x6f, 0x6e, 0x3b, 0x00, 0x17, 0x4c, 0x6a, 0x61, 0x76, 0x61, 0x2f, 0x75,
    0x74, 0x69, 0x6c, 0x2f, 0x43, 0x6f, 0x6c, 0x6c, 0x65, 0x63, 0x74, 0x69,
    0x6f, 0x6e, 0x73, 0x3b, 0x00, 0x13, 0x4c, 0x6a, 0x61, 0x76, 0x61, 0x2f,
    0x75, 0x74, 0x69, 0x6c, 0x2f, 0x48, 0x61, 0x73, 0x68, 0x4d, 0x61, 0x70,
    0x3b, 0x00, 0x13, 0x4c, 0x6a, 0x61, 0x76, 0x61, 0x2f, 0x75, 0x74, 0x69,
    0x6c, 0x2f, 0x48, 0x61, 0x73, 0x68, 0x4d, 0x61, 0x70, 0x3c, 0x00, 0x14,
    0x4c, 0x6a, 0x61, 0x76, 0x61, 0x2f, 0x75, 0x74, 0x69, 0x6c, 0x2f, 0x49,
    0x74, 0x65, 0x72, 0x61, 0x74, 0x6f, 0x72, 0x3b, 0x00, 0x19, 0x4c, 0x6a,
    0x61, 0x76, 0x61, 0x2f, 0x75, 0x74, 0x69, 0x6c, 0x2f, 0x4c, 0x69, 0x6e,
    0x6b, 0x65, 0x64, 0x48, 0x61, 0x73, 0x68, 0x4d, 0x61, 0x70, 0x3b, 0x00,
    0x19, 0x4c, 0x6a, 0x61, 0x76, 0x61, 0x2f, 0x75, 0x74, 0x69, 0x6c, 0x2f,
    0x4c, 0x69, 0x6e, 0x6b, 0x65, 0x64, 0x48, 0x61, 0x73, 0x68, 0x4d, 0x61,
    0x70, 0x3c, 0x00, 0x12, 0x4c, 0x6a, 0x61, 0x76, 0x61, 0x2f, 0x75, 0x74,
    0x69, 0x6c, 0x2f, 0x4c, 0x6f, 0x63, 0x61, 0x6c, 0x65, 0x3b, 0x00, 0x15,
    0x4c, 0x6a, 0x61, 0x76, 0x61, 0x2f, 0x75, 0x74, 0x69, 0x6c, 0x2f, 0x4d,
    0x61, 0x70, 0x24, 0x45, 0x6e, 0x74, 0x72, 0x79, 0x3b, 0x00, 0x15, 0x4c,
    0x6a, 0x61, 0x76, 0x61, 0x2f, 0x75, 0x74, 0x69, 0x6c, 0x2f, 0x4d, 0x61,
    0x70, 0x24, 0x45, 0x6e, 0x74, 0x72, 0x79, 0x3c, 0x00, 0x0f, 0x4c, 0x6a,
    0x61, 0x76, 0x61, 0x2f, 0x75, 0x74, 0x69, 0x6c, 0x2f, 0x4d, 0x61, 0x70,
    0x3b, 0x00, 0x0f, 0x4c, 0x6a, 0x61, 0x76, 0x61, 0x2f, 0x75, 0x74, 0x69,
    0x6c, 0x2f, 0x4d, 0x61, 0x70, 0x3c, 0x00, 0x0f, 0x4c, 0x6a, 0x61, 0x76,
    0x61, 0x2f, 0x75, 0x74, 0x69, 0x6c, 0x2f, 0x53, 0x65, 0x74, 0x3b, 0x00,
    0x0f, 0x4c, 0x6a, 0x61, 0x76, 0x61, 0x2f, 0x75, 0x74, 0x69, 0x6c, 0x2f,
    0x53, 0x65, 0x74, 0x3c, 0x00, 0x28, 0x4c, 0x6a, 0x61, 0x76, 0x61, 0x2f,
    0x75, 0x74, 0x69, 0x6c, 0x2f, 0x63, 0x6f, 0x6e, 0x63, 0x75, 0x72, 0x72,
    0x65, 0x6e, 0x74, 0x2f, 0x43, 0x6f, 0x6e, 0x63, 0x75, 0x72, 0x72, 0x65,
    0x6e, 0x74, 0x48, 0x61, 0x73, 0x68, 0x4d, 0x61, 0x70, 0x3b, 0x00, 0x2a,
    0x4c, 0x6a, 0x61, 0x76, 0x61, 0x2f, 0x75, 0x74, 0x69, 0x6c, 0x2f, 0x63,
    0x6f, 0x6e, 0x63, 0x75, 0x72, 0x72, 0x65, 0x6e, 0x74, 0x2f, 0x4c, 0x69,
    0x6e, 0x6b, 0x65, 0x64, 0x42, 0x6c, 0x6f, 0x63, 0x6b, 0x69, 0x6e, 0x67,
    0x44, 0x65, 0x71, 0x75, 0x65, 0x3b, 0x00, 0x2a, 0x4c, 0x6a, 0x61, 0x76,
    0x61, 0x2f, 0x75, 0x74, 0x69, 0x6c, 0x2f, 0x63, 0x6f, 0x6e, 0x63, 0x75,
    0x72, 0x72, 0x65, 0x6e, 0x74, 0x2f, 0x4c, 0x69, 0x6e, 0x6b, 0x65, 0x64,
    0x42, 0x6c, 0x6f, 0x63, 0x6b, 0x69, 0x6e, 0x67, 0x44, 0x65, 0x71, 0x75,
    0x65, 0x3c, 0x00, 0x09, 0x4c, 0x6f, 0x62, 0x69, 0x73, 0x6f, 0x6d, 0x65,
    0x6d, 0x00, 0x0b, 0x4c, 0x6f, 0x67, 0x20, 0x63, 0x6f, 0x70, 0x69, 0x61,
    0x64, 0x6f, 0x00, 0x0c, 0x4d, 0x41, 0x58, 0x5f, 0x42, 0x55, 0x46, 0x46,
    0x5f, 0x4d, 0x49, 0x4e, 0x00, 0x08, 0x4d, 0x41, 0x58, 0x5f, 0x49, 0x54,
    0x45, 0x4d, 0x00, 0x07, 0x4d, 0x41, 0x58, 0x5f, 0x4e, 0x50, 0x43, 0x00,
    0x06, 0x4d, 0x49, 0x4e, 0x5f, 0x44, 0x50, 0x00, 0x04, 0x4d, 0x4f, 0x44,
    0x53, 0x00, 0x0a, 0x4d, 0x4f, 0x4e, 0x53, 0x54, 0x45, 0x52, 0x53, 0x5f,
    0x49, 0x00, 0x0a, 0x4d, 0x4f, 0x4e, 0x53, 0x54, 0x45, 0x52, 0x53, 0x5f,
    0x4e, 0x00, 0x05, 0x4d, 0x55, 0x4e, 0x44, 0x4f, 0x00, 0x08, 0x4d, 0x61,
    0x63, 0x68, 0x61, 0x64, 0x6f, 0x73, 0x00, 0x05, 0x4d, 0x61, 0x67, 0x69,
    0x61, 0x00, 0x1c, 0x4d, 0x61, 0x67, 0x69, 0x61, 0x20, 0x64, 0x65, 0x20,
    0x67, 0x72, 0x61, 0xc3, 0xa7, 0x61, 0x2c, 0x20, 0x73, 0x65, 0x6d, 0x70,
    0x72, 0x65, 0x20, 0x63, 0x68, 0x65, 0x69, 0x61, 0x00, 0x04, 0x4d, 0x61,
    0x67, 0x6f, 0x00, 0x04, 0x4d, 0x61, 0x6e, 0x61, 0x00, 0x0d, 0x4d, 0x61,
    0x6e, 0x61, 0x20, 0x69, 0x6e, 0x66, 0x69, 0x6e, 0x69, 0x74, 0x61, 0x00,
    0x10, 0x4d, 0x61, 0x6e, 0x67, 0x75, 0x61, 0x69, 0x73, 0x20, 0x65, 0x20,
    0x6d, 0x61, 0xc3, 0xa7, 0x61, 0x73, 0x00, 0x08, 0x4d, 0x61, 0x72, 0x74,
    0x65, 0x6c, 0x6f, 0x73, 0x00, 0x09, 0x4d, 0x61, 0x74, 0x65, 0x72, 0x69,
    0x61, 0x69, 0x73, 0x00, 0x08, 0x4d, 0x65, 0x63, 0x61, 0x6e, 0x69, 0x63,
    0x61, 0x00, 0x06, 0x4d, 0x65, 0x64, 0x75, 0x73, 0x61, 0x00, 0x0a, 0x4d,
    0x65, 0x69, 0x61, 0x2d, 0x6e, 0x6f, 0x69, 0x74, 0x65, 0x00, 0x08, 0x4d,
    0x65, 0x69, 0x6f, 0x2d, 0x64, 0x69, 0x61, 0x00, 0x06, 0x4d, 0x65, 0x73,
    0x74, 0x72, 0x65, 0x00, 0x06, 0x4d, 0x69, 0x6d, 0x69, 0x63, 0x6f, 0x00,
    0x0f, 0x4d, 0x69, 0x6e, 0x65, 0x72, 0x61, 0xc3, 0xa7, 0xc3, 0xa3, 0x6f,
    0x20, 0x74, 0x75, 0x72, 0x62, 0x6f, 0x00, 0x19, 0x4d, 0x69, 0x6e, 0xc3,
    0xa9, 0x72, 0x69, 0x6f, 0x2c, 0x20, 0x69, 0x6e, 0x69, 0x6d, 0x69, 0x67,
    0x6f, 0x20, 0x65, 0x20, 0x70, 0x65, 0x72, 0x69, 0x67, 0x6f, 0x00, 0x08,
    0x4d, 0x6f, 0x64, 0x20, 0x4d, 0x65, 0x6e, 0x75, 0x00, 0x08, 0x4d, 0x6f,
    0x6e, 0x73, 0x74, 0x72, 0x6f, 0x73, 0x00, 0x09, 0x4d, 0x6f, 0x6e, 0x74,
    0x61, 0x72, 0x69, 0x61, 0x73, 0x00, 0x09, 0x4d, 0x6f, 0x72, 0x61, 0x64,
    0x6f, 0x72, 0x65, 0x73, 0x00, 0x07, 0x4d, 0x6f, 0x72, 0x63, 0x65, 0x67,
    0x6f, 0x00, 0x15, 0x4d, 0x6f, 0x72, 0x72, 0x65, 0x75, 0x2c, 0x20, 0x76,
    0x6f, 0x6c, 0x74, 0x61, 0x20, 0x6e, 0x61, 0x20, 0x68, 0x6f, 0x72, 0x61,
    0x00, 0x07, 0x4d, 0x75, 0x6e, 0x69, 0xc3, 0xa7, 0xc3, 0xa3, 0x6f, 0x00,
    0x0e, 0x4d, 0x75, 0x72, 0x61, 0x6c, 0x20, 0x64, 0x65, 0x20, 0x43, 0x61,
    0x72, 0x6e, 0x65, 0x00, 0x10, 0x4d, 0xc3, 0xb3, 0x76, 0x65, 0x69, 0x73,
    0x20, 0x65, 0x20, 0x6f, 0x62, 0x6a, 0x65, 0x74, 0x6f, 0x73, 0x00, 0x03,
    0x4e, 0x46, 0x44, 0x00, 0x03, 0x4e, 0x50, 0x43, 0x00, 0x04, 0x4e, 0x50,
    0x43, 0x20, 0x00, 0x08, 0x4e, 0x50, 0x43, 0x5f, 0x42, 0x4f, 0x53, 0x53,
    0x00, 0x0f, 0x4e, 0x50, 0x43, 0x5f, 0x43, 0x4c, 0x41, 0x53, 0x53, 0x5f,
    0x4e, 0x41, 0x4d, 0x45, 0x53, 0x00, 0x0b, 0x4e, 0x50, 0x43, 0x5f, 0x43,
    0x52, 0x49, 0x54, 0x54, 0x45, 0x52, 0x00, 0x0b, 0x4e, 0x50, 0x43, 0x5f,
    0x4d, 0x4f, 0x4e, 0x53, 0x54, 0x45, 0x52, 0x00, 0x09, 0x4e, 0x50, 0x43,
    0x5f, 0x4f, 0x54, 0x48, 0x45, 0x52, 0x00, 0x08, 0x4e, 0x50, 0x43, 0x5f,
    0x54, 0x4f, 0x57, 0x4e, 0x00, 0x04, 0x4e, 0x50, 0x43, 0x73, 0x00, 0x0e,
    0x4e, 0x5f, 0x42, 0x55, 0x46, 0x46, 0x5f, 0x43, 0x4c, 0x41, 0x53, 0x53,
    0x45, 0x53, 0x00, 0x09, 0x4e, 0x5f, 0x43, 0x4c, 0x41, 0x53, 0x53, 0x45,
    0x53, 0x00, 0x0d, 0x4e, 0x5f, 0x4e, 0x50, 0x43, 0x5f, 0x43, 0x4c, 0x41,
    0x53, 0x53, 0x45, 0x53, 0x00, 0x12, 0x4e, 0x61, 0x64, 0x61, 0x20, 0x74,
    0x69, 0x72, 0x61, 0x20, 0x73, 0x75, 0x61, 0x20, 0x76, 0x69, 0x64, 0x61,
    0x00, 0x10, 0x4e, 0x65, 0x6e, 0x68, 0x75, 0x6d, 0x20, 0x4e, 0x50, 0x43,
    0x20, 0x61, 0x71, 0x75, 0x69, 0x2e, 0x00, 0x11, 0x4e, 0x65, 0x6e, 0x68,
    0x75, 0x6d, 0x20, 0x62, 0x75, 0x66, 0x66, 0x20, 0x61, 0x71, 0x75, 0x69,
    0x2e, 0x00, 0x1f, 0x4e, 0x65, 0x6e, 0x68, 0x75, 0x6d, 0x20, 0x6e, 0x61,
    0x73, 0x63, 0x65, 0x2c, 0x20, 0x6f, 0x75, 0x20, 0x73, 0x6f, 0x6d, 0x65,
    0x20, 0x63, 0x6f, 0x6d, 0x20, 0x74, 0x6f, 0x64, 0x6f, 0x73, 0x00, 0x05,
    0x4e, 0x69, 0x6e, 0x66, 0x61, 0x00, 0x0a, 0x4e, 0x6f, 0x6d, 0x65, 0x20,
    0x6f, 0x75, 0x20, 0x69, 0x64, 0x00, 0x06, 0x4e, 0x6f, 0x72, 0x6d, 0x61,
    0x6c, 0x00, 0x05, 0x4e, 0x6f, 0x76, 0x6f, 0x73, 0x00, 0x0c, 0x4f, 0x20,
    0x44, 0x65, 0x73, 0x74, 0x72, 0x75, 0x69, 0x64, 0x6f, 0x72, 0x00, 0x56,
    0x4f, 0x20, 0x6a, 0x6f, 0x67, 0x6f, 0x20, 0x6e, 0xc3, 0xa3, 0x6f, 0x20,
    0x65, 0x6e, 0x74, 0x72, 0x65, 0x67, 0x6f, 0x75, 0x20, 0x61, 0x20, 0x63,
    0x6c, 0x61, 0x73, 0x73, 0x65, 0x20, 0x64, 0x6f, 0x73, 0x20, 0x69, 0x74,
    0x65, 0x6e, 0x73, 0x2e, 0x20, 0x22, 0x54, 0x6f, 0x64, 0x6f, 0x73, 0x20,
    0x6f, 0x73, 0x20, 0x69, 0x74, 0x65, 0x6e, 0x73, 0x22, 0x20, 0x63, 0x6f,
    0x6e, 0x74, 0x69, 0x6e, 0x75, 0x61, 0x20, 0x63, 0x6f, 0x6d, 0x20, 0x61,
    0x20, 0x6c, 0x69, 0x73, 0x74, 0x61, 0x20, 0x69, 0x6e, 0x74, 0x65, 0x69,
    0x72, 0x61, 0x2e, 0x00, 0x17, 0x4f, 0x20, 0x6d, 0x75, 0x6e, 0x64, 0x6f,
    0x20, 0x69, 0x6e, 0x74, 0x65, 0x69, 0x72, 0x6f, 0x20, 0x6e, 0x6f, 0x20,
    0x6d, 0x61, 0x70, 0x61, 0x00, 0x02, 0x4f, 0x4b, 0x00, 0x07, 0x4f, 0x55,
    0x54, 0x4c, 0x49, 0x4e, 0x45, 0x00, 0x0e, 0x4f, 0x6c, 0x68, 0x6f, 0x20,
    0x44, 0x65, 0x6d, 0x6f, 0x6e, 0x69, 0x61, 0x63, 0x6f, 0x00, 0x0f, 0x4f,
    0x6c, 0x68, 0x6f, 0x20, 0x64, 0x65, 0x20, 0x43, 0x74, 0x68, 0x75, 0x6c,
    0x68, 0x75, 0x00, 0x0c, 0x4f, 0x75, 0x74, 0x6c, 0x69, 0x6e, 0x65, 0x64,
    0x54, 0x65, 0x78, 0x74, 0x00, 0x06, 0x4f, 0x75, 0x74, 0x72, 0x61, 0x73,
    0x00, 0x06, 0x4f, 0x75, 0x74, 0x72, 0x6f, 0x73, 0x00, 0x05, 0x50, 0x41,
    0x4e, 0x45, 0x4c, 0x00, 0x0a, 0x50, 0x41, 0x4e, 0x45, 0x4c, 0x5f, 0x44,
    0x41, 0x52, 0x4b, 0x00, 0x09, 0x50, 0x41, 0x4e, 0x45, 0x4c, 0x5f, 0x4c,
    0x49, 0x54, 0x00, 0x07, 0x50, 0x4f, 0x44, 0x45, 0x52, 0x45, 0x53, 0x00,
    0x05, 0x50, 0x4f, 0x57, 0x45, 0x52, 0x00, 0x0a, 0x50, 0x4f, 0x57, 0x45,
    0x52, 0x5f, 0x44, 0x45, 0x53, 0x43, 0x00, 0x0a, 0x50, 0x4f, 0x57, 0x45,
    0x52, 0x5f, 0x49, 0x43, 0x4f, 0x4e, 0x00, 0x0c, 0x50, 0x4f, 0x57, 0x45,
    0x52, 0x5f, 0x4c, 0x45, 0x56, 0x45, 0x4c, 0x53, 0x00, 0x0a, 0x50, 0x4f,
    0x57, 0x45, 0x52, 0x5f, 0x4e, 0x41, 0x4d, 0x45, 0x00, 0x0b, 0x50, 0x4f,
    0x57, 0x45, 0x52, 0x5f, 0x50, 0x52, 0x45, 0x46, 0x53, 0x00, 0x05, 0x50,
    0x52, 0x45, 0x46, 0x53, 0x00, 0x0c, 0x50, 0x5f, 0x44, 0x49, 0x46, 0x46,
    0x49, 0x43, 0x55, 0x4c, 0x54, 0x59, 0x00, 0x0a, 0x50, 0x5f, 0x48, 0x41,
    0x52, 0x44, 0x4d, 0x4f, 0x44, 0x45, 0x00, 0x0b, 0x50, 0x5f, 0x4e, 0x4f,
    0x5f, 0x53, 0x50, 0x41, 0x57, 0x4e, 0x53, 0x00, 0x0a, 0x50, 0x61, 0x70,
    0x61, 0x69, 0x20, 0x4e, 0x6f, 0x65, 0x6c, 0x00, 0x0d, 0x50, 0x61, 0x72,
    0x61, 0x72, 0x20, 0x6f, 0x20, 0x74, 0x65, 0x6d, 0x70, 0x6f, 0x00, 0x07,
    0x50, 0x61, 0x72, 0x65, 0x64, 0x65, 0x73, 0x00, 0x05, 0x50, 0x65, 0x67,
    0x61, 0x72, 0x00, 0x09, 0x50, 0x65, 0x69, 0x74, 0x6f, 0x72, 0x61, 0x69,
    0x73, 0x00, 0x08, 0x50, 0x65, 0x73, 0x63, 0x61, 0x64, 0x6f, 0x72, 0x00,
    0x0c, 0x50, 0x65, 0x74, 0x73, 0x20, 0x65, 0x20, 0x6c, 0x75, 0x7a, 0x65,
    0x73, 0x00, 0x15, 0x50, 0x69, 0x63, 0x61, 0x72, 0x65, 0x74, 0x61, 0x20,
    0x65, 0x20, 0x6d, 0x61, 0x63, 0x68, 0x61, 0x64, 0x6f, 0x20, 0x34, 0x78,
    0x00, 0x09, 0x50, 0x69, 0x63, 0x61, 0x72, 0x65, 0x74, 0x61, 0x73, 0x00,
    0x05, 0x50, 0x69, 0x6e, 0x6b, 0x79, 0x00, 0x06, 0x50, 0x69, 0x6e, 0x74,
    0x6f, 0x72, 0x00, 0x06, 0x50, 0x69, 0x72, 0x61, 0x74, 0x61, 0x00, 0x08,
    0x50, 0x6c, 0x61, 0x6e, 0x74, 0x65, 0x72, 0x61, 0x00, 0x0e, 0x50, 0x6f,
    0x77, 0x65, 0x72, 0x43, 0x61, 0x72, 0x64, 0x56, 0x69, 0x65, 0x77, 0x73,
    0x00, 0x0f, 0x50, 0x6f, 0xc3, 0xa7, 0xc3, 0xb5, 0x65, 0x73, 0x20, 0x65,
    0x20, 0x63, 0x6f, 0x6d, 0x69, 0x64, 0x61, 0x00, 0x08, 0x50, 0x72, 0x69,
    0x6e, 0x63, 0x65, 0x73, 0x61, 0x00, 0x1c, 0x50, 0x75, 0x6c, 0x61, 0x20,
    0x61, 0x6c, 0x74, 0x6f, 0x2c, 0x20, 0x73, 0x65, 0x6d, 0x20, 0x64, 0x61,
    0x6e, 0x6f, 0x20, 0x64, 0x65, 0x20, 0x71, 0x75, 0x65, 0x64, 0x61, 0x00,
    0x0d, 0x50, 0x75, 0x6c, 0x6f, 0x20, 0x69, 0x6e, 0x66, 0x69, 0x6e, 0x69,
    0x74, 0x6f, 0x00, 0x04, 0x52, 0x4f, 0x4f, 0x54, 0x00, 0x05, 0x52, 0x4f,
    0x55, 0x4e, 0x44, 0x00, 0x0c, 0x52, 0x61, 0x69, 0x6e, 0x68, 0x61, 0x20,
    0x53, 0x6c, 0x69, 0x6d, 0x65, 0x00, 0x06, 0x52, 0x61, 0x69, 0x6f, 0x2d,
    0x58, 0x00, 0x05, 0x52, 0x61, 0x6e, 0x67, 0x65, 0x00, 0x09, 0x52, 0x65,
    0x69, 0x20, 0x53, 0x6c, 0x69, 0x6d, 0x65, 0x00, 0x09, 0x52, 0x65, 0x74,
    0x69, 0x6e, 0x61, 0x7a, 0x65, 0x72, 0x00, 0x0c, 0x52, 0x65, 0x76, 0x65,
    0x6c, 0x61, 0x72, 0x20, 0x6d, 0x61, 0x70, 0x61, 0x00, 0x0e, 0x52, 0x65,
    0x76, 0x69, 0x76, 0x65, 0x72, 0x20, 0x72, 0xc3, 0xa1, 0x70, 0x69, 0x64,
    0x6f, 0x00, 0x08, 0x52, 0x6f, 0x77, 0x56, 0x69, 0x65, 0x77, 0x73, 0x00,
    0x06, 0x52, 0xc3, 0xa1, 0x70, 0x69, 0x64, 0x6f, 0x00, 0x05, 0x53, 0x43,
    0x52, 0x49, 0x4d, 0x00, 0x0f, 0x53, 0x45, 0x41, 0x52, 0x43, 0x48, 0x5f,
    0x44, 0x45, 0x4c, 0x41, 0x59, 0x5f, 0x4d, 0x53, 0x00, 0x08, 0x53, 0x50,
    0x52, 0x5f, 0x42, 0x55, 0x46, 0x46, 0x00, 0x07, 0x53, 0x50, 0x52, 0x5f,
    0x44, 0x49, 0x52, 0x00, 0x08, 0x53, 0x50, 0x52, 0x5f, 0x49, 0x54, 0x45,
    0x4d, 0x00, 0x07, 0x53, 0x50, 0x52, 0x5f, 0x4e, 0x50, 0x43, 0x00, 0x06,
    0x53, 0x54, 0x52, 0x4f, 0x4b, 0x45, 0x00, 0x09, 0x53, 0x55, 0x42, 0x5f,
    0x4e, 0x41, 0x4d, 0x45, 0x53, 0x00, 0x07, 0x53, 0x65, 0x63, 0x74, 0x69,
    0x6f, 0x6e, 0x00, 0x19, 0x53, 0x65, 0x67, 0x75, 0x72, 0x65, 0x20, 0x32,
    0x20, 0x73, 0x20, 0x6e, 0x6f, 0x20, 0x6d, 0x61, 0x70, 0x61, 0x20, 0x67,
    0x72, 0x61, 0x6e, 0x64, 0x65, 0x00, 0x0c, 0x53, 0x65, 0x6d, 0x20, 0x69,
    0x6e, 0x69, 0x6d, 0x69, 0x67, 0x6f, 0x73, 0x00, 0x0d, 0x53, 0x65, 0x6e,
    0x68, 0x6f, 0x72, 0x20, 0x64, 0x61, 0x20, 0x4c, 0x75, 0x61, 0x00, 0x0a,
    0x53, 0x65, 0x6e, 0x74, 0x69, 0x6e, 0x65, 0x6c, 0x61, 0x73, 0x00, 0x09,
    0x53, 0x6b, 0x65, 0x6c, 0x65, 0x74, 0x72, 0x6f, 0x6e, 0x00, 0x0f, 0x53,
    0x6b, 0x65, 0x6c, 0x65, 0x74, 0x72, 0x6f, 0x6e, 0x20, 0x50, 0x72, 0x69,
    0x6d, 0x65, 0x00, 0x0a, 0x53, 0x6c, 0x69, 0x6d, 0x65, 0x20, 0x41, 0x7a,
    0x75, 0x6c, 0x00, 0x0a, 0x53, 0x70, 0x61, 0x7a, 0x6d, 0x61, 0x74, 0x69,
    0x73, 0x6d, 0x00, 0x0b, 0x53, 0x74, 0x65, 0x61, 0x6d, 0x70, 0x75, 0x6e,
    0x6b, 0x65, 0x72, 0x00, 0x09, 0x53, 0x75, 0x6e, 0x66, 0x6c, 0x6f, 0x77,
    0x65, 0x72, 0x00, 0x0a, 0x53, 0x75, 0x70, 0x65, 0x72, 0x20, 0x70, 0x75,
    0x6c, 0x6f, 0x00, 0x10, 0x53, 0x75, 0x70, 0x65, 0x72, 0x20, 0x76, 0x65,
    0x6c, 0x6f, 0x63, 0x69, 0x64, 0x61, 0x64, 0x65, 0x00, 0x0c, 0x53, 0x75,
    0x70, 0x65, 0x72, 0x70, 0x6f, 0x64, 0x65, 0x72, 0x65, 0x73, 0x00, 0x0a,
    0x54, 0x45, 0x58, 0x54, 0x5f, 0x53, 0x43, 0x41, 0x4c, 0x45, 0x00, 0x0d,
    0x54, 0x49, 0x4d, 0x45, 0x5f, 0x46, 0x4c, 0x41, 0x53, 0x48, 0x5f, 0x4d,
    0x53, 0x00, 0x09, 0x54, 0x49, 0x4d, 0x45, 0x5f, 0x49, 0x43, 0x4f, 0x4e,
    0x00, 0x09, 0x54, 0x49, 0x4d, 0x45, 0x5f, 0x4e, 0x41, 0x4d, 0x45, 0x00,
    0x0b, 0x54, 0x4f, 0x57, 0x4e, 0x5f, 0x4e, 0x50, 0x43, 0x53, 0x5f, 0x49,
    0x00, 0x0b, 0x54, 0x4f, 0x57, 0x4e, 0x5f, 0x4e, 0x50, 0x43, 0x53, 0x5f,
    0x4e, 0x00, 0x11, 0x54, 0x65, 0x6c, 0x65, 0x70, 0x6f, 0x72, 0x74, 0x65,
    0x20, 0x6e, 0x6f, 0x20, 0x6d, 0x61, 0x70, 0x61, 0x00, 0x0a, 0x54, 0x65,
    0x6d, 0x70, 0x65, 0x73, 0x74, 0x61, 0x64, 0x65, 0x00, 0x11, 0x54, 0x69,
    0x6e, 0x74, 0x61, 0x73, 0x20, 0x65, 0x20, 0x63, 0x6f, 0x72, 0x61, 0x6e,
    0x74, 0x65, 0x73, 0x00, 0x06, 0x54, 0x6f, 0x63, 0x68, 0x61, 0x73, 0x00,
    0x19, 0x54, 0x6f, 0x64, 0x61, 0x20, 0x61, 0x72, 0x6d, 0x61, 0x20, 0x62,
    0x61, 0x74, 0x65, 0x20, 0x6d, 0x61, 0x69, 0x73, 0x20, 0x66, 0x6f, 0x72,
    0x74, 0x65, 0x00, 0x05, 0x54, 0x6f, 0x64, 0x6f, 0x73, 0x00, 0x0e, 0x54,
    0x6f, 0x64, 0x6f, 0x73, 0x20, 0x6f, 0x73, 0x20, 0x69, 0x74, 0x65, 0x6e,
    0x73, 0x00, 0x1a, 0x54, 0x6f, 0x71, 0x75, 0x65, 0x20, 0x6e, 0x6f, 0x20,
    0x61, 0x72, 0x20, 0x65, 0x20, 0x70, 0x75, 0x6c, 0x65, 0x20, 0x64, 0x65,
    0x20, 0x6e, 0x6f, 0x76, 0x6f, 0x00, 0x05, 0x54, 0x72, 0x75, 0x66, 0x61,
    0x00, 0x0a, 0x55, 0x4e, 0x49, 0x54, 0x53, 0x5f, 0x54, 0x41, 0x4c, 0x4c,
    0x00, 0x0a, 0x55, 0x4e, 0x49, 0x54, 0x53, 0x5f, 0x57, 0x49, 0x44, 0x45,
    0x00, 0x01, 0x56, 0x00, 0x02, 0x56, 0x46, 0x00, 0x08, 0x56, 0x46, 0x46,
    0x46, 0x46, 0x46, 0x46, 0x4c, 0x00, 0x06, 0x56, 0x46, 0x46, 0x46, 0x46,
    0x4c, 0x00, 0x02, 0x56, 0x49, 0x00, 0x03, 0x56, 0x49, 0x46, 0x00, 0x04,
    0x56, 0x49, 0x46, 0x5a, 0x00, 0x03, 0x56, 0x49, 0x49, 0x00, 0x04, 0x56,
    0x49, 0x49, 0x46, 0x00, 0x05, 0x56, 0x49, 0x49, 0x49, 0x49, 0x00, 0x05,
    0x56, 0x49, 0x4c, 0x4c, 0x4c, 0x00, 0x06, 0x56, 0x49, 0x4c, 0x4c, 0x4c,
    0x4c, 0x00, 0x02, 0x56, 0x4a, 0x00, 0x02, 0x56, 0x4c, 0x00, 0x05, 0x56,
    0x4c, 0x46, 0x46, 0x4c, 0x00, 0x03, 0x56, 0x4c, 0x49, 0x00, 0x04, 0x56,
    0x4c, 0x49, 0x49, 0x00, 0x05, 0x56, 0x4c, 0x49, 0x49, 0x49, 0x00, 0x04,
    0x56, 0x4c, 0x49, 0x4c, 0x00, 0x03, 0x56, 0x4c, 0x4c, 0x00, 0x04, 0x56,
    0x4c, 0x4c, 0x46, 0x00, 0x04, 0x56, 0x4c, 0x4c, 0x49, 0x00, 0x05, 0x56,
    0x4c, 0x4c, 0x49, 0x49, 0x00, 0x0a, 0x56, 0x4c, 0x4c, 0x49, 0x49, 0x4c,
    0x4c, 0x4c, 0x49, 0x49, 0x00, 0x06, 0x56, 0x4c, 0x4c, 0x49, 0x4c, 0x4c,
    0x00, 0x04, 0x56, 0x4c, 0x4c, 0x4c, 0x00, 0x05, 0x56, 0x4c, 0x4c, 0x4c,
    0x49, 0x00, 0x05, 0x56, 0x4c, 0x4c, 0x4c, 0x4c, 0x00, 0x06, 0x56, 0x4c,
    0x4c, 0x4c, 0x4c, 0x49, 0x00, 0x06, 0x56, 0x4c, 0x4c, 0x4c, 0x4c, 0x4c,
    0x00, 0x02, 0x56, 0x5a, 0x00, 0x07, 0x56, 0x61, 0x69, 0x64, 0x61, 0x64,
    0x65, 0x00, 0x0e, 0x56, 0x61, 0x72, 0x61, 0x73, 0x20, 0x64, 0x65, 0x20,
    0x70, 0x65, 0x73, 0x63, 0x61, 0x00, 0x11, 0x56, 0x65, 0x6e, 0x64, 0x65,
    0x64, 0x6f, 0x72, 0x20, 0x64, 0x65, 0x20, 0x41, 0x72, 0x6d, 0x61, 0x73,
    0x00, 0x12, 0x56, 0x65, 0x6e, 0x64, 0x65, 0x64, 0x6f, 0x72, 0x20, 0x64,
    0x65, 0x20, 0x54, 0x69, 0x6e, 0x74, 0x61, 0x73, 0x00, 0x08, 0x56, 0x65,
    0x6e, 0x74, 0x61, 0x6e, 0x69, 0x61, 0x00, 0x05, 0x56, 0x65, 0x6e, 0x74,
    0x6f, 0x00, 0x05, 0x56, 0x65, 0x73, 0x70, 0x61, 0x00, 0x0b, 0x56, 0x69,
    0x73, 0xc3, 0xa3, 0x6f, 0x20, 0x74, 0x6f, 0x74, 0x61, 0x6c, 0x00, 0x17,
    0x56, 0x6f, 0x61, 0x20, 0x65, 0x20, 0x61, 0x74, 0x72, 0x61, 0x76, 0x65,
    0x73, 0x73, 0x61, 0x20, 0x70, 0x61, 0x72, 0x65, 0x64, 0x65, 0x73, 0x00,
    0x04, 0x56, 0x6f, 0x61, 0x72, 0x00, 0x06, 0x56, 0x6f, 0x6c, 0x74, 0x61,
    0x72, 0x00, 0x0d, 0x57, 0x4f, 0x52, 0x4c, 0x44, 0x5f, 0x50, 0x4f, 0x4c,
    0x4c, 0x5f, 0x4d, 0x53, 0x00, 0x01, 0x5a, 0x00, 0x02, 0x5a, 0x49, 0x00,
    0x02, 0x5a, 0x4c, 0x00, 0x03, 0x5a, 0x4c, 0x4a, 0x00, 0x03, 0x5a, 0x4c,
    0x4c, 0x00, 0x02, 0x5a, 0x5a, 0x00, 0x05, 0x5a, 0x75, 0x6d, 0x62, 0x69,
    0x00, 0x02, 0x5b, 0x42, 0x00, 0x02, 0x5b, 0x49, 0x00, 0x14, 0x5b, 0x4c,
    0x61, 0x6e, 0x64, 0x72, 0x6f, 0x69, 0x64, 0x2f, 0x76, 0x69, 0x65, 0x77,
    0x2f, 0x56, 0x69, 0x65, 0x77, 0x3b, 0x00, 0x1c, 0x5b, 0x4c, 0x62, 0x75,
    0x6e, 0x6e, 0x79, 0x2f, 0x43, 0x68, 0x65, 0x61, 0x74, 0x42, 0x72, 0x69,
    0x64, 0x67, 0x65, 0x24, 0x53, 0x65, 0x63, 0x74, 0x69, 0x6f, 0x6e, 0x3b,
    0x00, 0x13, 0x5b, 0x4c, 0x6a, 0x61, 0x76, 0x61, 0x2f, 0x6c, 0x61, 0x6e,
    0x67, 0x2f, 0x4f, 0x62, 0x6a, 0x65, 0x63, 0x74, 0x3b, 0x00, 0x15, 0x5b,
    0x4c, 0x6a, 0x61, 0x76, 0x61, 0x2f, 0x6c, 0x61, 0x6e, 0x67, 0x2f, 0x52,
    0x75, 0x6e, 0x6e, 0x61, 0x62, 0x6c, 0x65, 0x3b, 0x00, 0x13, 0x5b, 0x4c,
    0x6a, 0x61, 0x76, 0x61, 0x2f, 0x6c, 0x61, 0x6e, 0x67, 0x2f, 0x53, 0x74,
    0x72, 0x69, 0x6e, 0x67, 0x3b, 0x00, 0x03, 0x5b, 0x5b, 0x49, 0x00, 0x14,
    0x5b, 0x5b, 0x4c, 0x6a, 0x61, 0x76, 0x61, 0x2f, 0x6c, 0x61, 0x6e, 0x67,
    0x2f, 0x53, 0x74, 0x72, 0x69, 0x6e, 0x67, 0x3b, 0x00, 0x04, 0x5b, 0x5b,
    0x5b, 0x49, 0x00, 0x03, 0x61, 0x62, 0x73, 0x00, 0x0a, 0x61, 0x63, 0x63,
    0x65, 0x73, 0x73, 0x24, 0x30, 0x30, 0x30, 0x00, 0x0a, 0x61, 0x63, 0x63,
    0x65, 0x73, 0x73, 0x24, 0x31, 0x30, 0x30, 0x00, 0x0b, 0x61, 0x63, 0x63,
    0x65, 0x73, 0x73, 0x24, 0x31, 0x30, 0x30, 0x30, 0x00, 0x0a, 0x61, 0x63,
    0x63, 0x65, 0x73, 0x73, 0x24, 0x31, 0x30, 0x32, 0x00, 0x0b, 0x61, 0x63,
    0x63, 0x65, 0x73, 0x73, 0x24, 0x31, 0x31, 0x30, 0x30, 0x00, 0x0b, 0x61,
    0x63, 0x63, 0x65, 0x73, 0x73, 0x24, 0x31, 0x32, 0x30, 0x30, 0x00, 0x0b,
    0x61, 0x63, 0x63, 0x65, 0x73, 0x73, 0x24, 0x31, 0x33, 0x30, 0x30, 0x00,
    0x0b, 0x61, 0x63, 0x63, 0x65, 0x73, 0x73, 0x24, 0x31, 0x34, 0x30, 0x30,
    0x00, 0x0b, 0x61, 0x63, 0x63, 0x65, 0x73, 0x73, 0x24, 0x31, 0x35, 0x30,
    0x30, 0x00, 0x0b, 0x61, 0x63, 0x63, 0x65, 0x73, 0x73, 0x24, 0x31, 0x36,
    0x30, 0x30, 0x00, 0x0b, 0x61, 0x63, 0x63, 0x65, 0x73, 0x73, 0x24, 0x31,
    0x37, 0x30, 0x30, 0x00, 0x0b, 0x61, 0x63, 0x63, 0x65, 0x73, 0x73, 0x24,
    0x31, 0x38, 0x30, 0x30, 0x00, 0x0b, 0x61, 0x63, 0x63, 0x65, 0x73, 0x73,
    0x24, 0x31, 0x39, 0x30, 0x30, 0x00, 0x0b, 0x61, 0x63, 0x63, 0x65, 0x73,
    0x73, 0x24, 0x32, 0x30, 0x30, 0x30, 0x00, 0x0a, 0x61, 0x63, 0x63, 0x65,
    0x73, 0x73, 0x24, 0x32, 0x30, 0x32, 0x00, 0x0b, 0x61, 0x63, 0x63, 0x65,
    0x73, 0x73, 0x24, 0x32, 0x31, 0x30, 0x30, 0x00, 0x0b, 0x61, 0x63, 0x63,
    0x65, 0x73, 0x73, 0x24, 0x32, 0x32, 0x30, 0x30, 0x00, 0x0b, 0x61, 0x63,
    0x63, 0x65, 0x73, 0x73, 0x24, 0x32, 0x33, 0x30, 0x30, 0x00, 0x0b, 0x61,
    0x63, 0x63, 0x65, 0x73, 0x73, 0x24, 0x32, 0x34, 0x30, 0x30, 0x00, 0x0b,
    0x61, 0x63, 0x63, 0x65, 0x73, 0x73, 0x24, 0x32, 0x35, 0x30, 0x30, 0x00,
    0x0b, 0x61, 0x63, 0x63, 0x65, 0x73, 0x73, 0x24, 0x32, 0x36, 0x30, 0x30,
    0x00, 0x0b, 0x61, 0x63, 0x63, 0x65, 0x73, 0x73, 0x24, 0x32, 0x37, 0x30,
    0x30, 0x00, 0x0b, 0x61, 0x63, 0x63, 0x65, 0x73, 0x73, 0x24, 0x32, 0x39,
    0x30, 0x30, 0x00, 0x0a, 0x61, 0x63, 0x63, 0x65, 0x73, 0x73, 0x24, 0x33,
    0x30, 0x30, 0x00, 0x0b, 0x61, 0x63, 0x63, 0x65, 0x73, 0x73, 0x24, 0x33,
    0x30, 0x30, 0x30, 0x00, 0x0b, 0x61, 0x63, 0x63, 0x65, 0x73, 0x73, 0x24,
    0x33, 0x31, 0x30, 0x30, 0x00, 0x0b, 0x61, 0x63, 0x63, 0x65, 0x73, 0x73,
    0x24, 0x33, 0x32, 0x30, 0x30, 0x00, 0x0b, 0x61, 0x63, 0x63, 0x65, 0x73,
    0x73, 0x24, 0x33, 0x33, 0x30, 0x30, 0x00, 0x0b, 0x61, 0x63, 0x63, 0x65,
    0x73, 0x73, 0x24, 0x33, 0x34, 0x30, 0x30, 0x00, 0x0b, 0x61, 0x63, 0x63,
    0x65, 0x73, 0x73, 0x24, 0x33, 0x35, 0x30, 0x30, 0x00, 0x0b, 0x61, 0x63,
    0x63, 0x65, 0x73, 0x73, 0x24, 0x33, 0x36, 0x30, 0x30, 0x00, 0x0b, 0x61,
    0x63, 0x63, 0x65, 0x73, 0x73, 0x24, 0x33, 0x37, 0x30, 0x30, 0x00, 0x0b,
    0x61, 0x63, 0x63, 0x65, 0x73, 0x73, 0x24, 0x33, 0x38, 0x30, 0x30, 0x00,
    0x0b, 0x61, 0x63, 0x63, 0x65, 0x73, 0x73, 0x24, 0x34, 0x30, 0x30, 0x30,
    0x00, 0x0a, 0x61, 0x63, 0x63, 0x65, 0x73, 0x73, 0x24, 0x35, 0x30, 0x30,
    0x00, 0x0a, 0x61, 0x63, 0x63, 0x65, 0x73, 0x73, 0x24, 0x36, 0x30, 0x30,
    0x00, 0x0a, 0x61, 0x63, 0x63, 0x65, 0x73, 0x73, 0x24, 0x37, 0x30, 0x30,
    0x00, 0x0a, 0x61, 0x63, 0x63, 0x65, 0x73, 0x73, 0x24, 0x38, 0x30, 0x30,
    0x00, 0x0a, 0x61, 0x63, 0x63, 0x65, 0x73, 0x73, 0x24, 0x39, 0x30, 0x30,
    0x00, 0x0b, 0x61, 0x63, 0x63, 0x65, 0x73, 0x73, 0x46, 0x6c, 0x61, 0x67,
    0x73, 0x00, 0x03, 0x61, 0x63, 0x74, 0x00, 0x06, 0x61, 0x63, 0x74, 0x69,
    0x6f, 0x6e, 0x00, 0x0b, 0x61, 0x63, 0x74, 0x75, 0x61, 0x6c, 0x53, 0x74,
    0x61, 0x63, 0x6b, 0x00, 0x03, 0x61, 0x64, 0x64, 0x00, 0x0e, 0x61, 0x64,
    0x64, 0x43, 0x6f, 0x6e, 0x74, 0x65, 0x6e, 0x74, 0x56, 0x69, 0x65, 0x77,
    0x00, 0x0e, 0x61, 0x64, 0x64, 0x4d, 0x6f, 0x64, 0x53, 0x65, 0x63, 0x74,
    0x69, 0x6f, 0x6e, 0x73, 0x00, 0x16, 0x61, 0x64, 0x64, 0x54, 0x65, 0x78,
    0x74, 0x43, 0x68, 0x61, 0x6e, 0x67, 0x65, 0x64, 0x4c, 0x69, 0x73, 0x74,
    0x65, 0x6e, 0x65, 0x72, 0x00, 0x07, 0x61, 0x64, 0x64, 0x56, 0x69, 0x65,
    0x77, 0x00, 0x10, 0x61, 0x66, 0x74, 0x65, 0x72, 0x54, 0x65, 0x78, 0x74,
    0x43, 0x68, 0x61, 0x6e, 0x67, 0x65, 0x64, 0x00, 0x08, 0x61, 0x6c, 0x6c,
    0x42, 0x75, 0x66, 0x66, 0x73, 0x00, 0x08, 0x61, 0x6c, 0x6c, 0x49, 0x74,
    0x65, 0x6d, 0x73, 0x00, 0x07, 0x61, 0x6c, 0x6c, 0x4e, 0x70, 0x63, 0x73,
    0x00, 0x06, 0x61, 0x70, 0x70, 0x65, 0x6e, 0x64, 0x00, 0x05, 0x61, 0x70,
    0x70, 0x6c, 0x79, 0x00, 0x0b, 0x61, 0x70, 0x70, 0x6c, 0x79, 0x46, 0x69,
    0x6c, 0x74, 0x65, 0x72, 0x00, 0x0d, 0x61, 0x70, 0x70, 0x6c, 0x79, 0x54,
    0x65, 0x78, 0x74, 0x53, 0x69, 0x7a, 0x65, 0x00, 0x08, 0x62, 0x61, 0x72,
    0x55, 0x6e, 0x69, 0x74, 0x73, 0x00, 0x11, 0x62, 0x65, 0x66, 0x6f, 0x72,
    0x65, 0x54, 0x65, 0x78, 0x74, 0x43, 0x68, 0x61, 0x6e, 0x67, 0x65, 0x64,
    0x00, 0x06, 0x62, 0x6f, 0x72, 0x64, 0x65, 0x72, 0x00, 0x06, 0x62, 0x6f,
    0x73, 0x73, 0x65, 0x73, 0x00, 0x0c, 0x62, 0x6f, 0x74, 0x74, 0x6f, 0x6d,
    0x4d, 0x61, 0x72, 0x67, 0x69, 0x6e, 0x00, 0x04, 0x62, 0x75, 0x66, 0x66,
    0x00, 0x05, 0x62, 0x75, 0x66, 0x66, 0x20, 0x00, 0x05, 0x62, 0x75, 0x66,
    0x66, 0x2f, 0x00, 0x0b, 0x62, 0x75, 0x66, 0x66, 0x42, 0x79, 0x43, 0x6c,
    0x61, 0x73, 0x73, 0x00, 0x09, 0x62, 0x75, 0x66, 0x66, 0x43, 0x6c, 0x61,
    0x73, 0x73, 0x00, 0x09, 0x62, 0x75, 0x66, 0x66, 0x4e, 0x61, 0x6d, 0x65,
    0x73, 0x00, 0x0a, 0x62, 0x75, 0x66, 0x66, 0x53, 0x65, 0x61, 0x72, 0x63,
    0x68, 0x00, 0x0c, 0x62, 0x75, 0x69, 0x6c, 0x64, 0x43, 0x61, 0x74, 0x61,
    0x6c, 0x6f, 0x67, 0x00, 0x0a, 0x62, 0x75, 0x69, 0x6c, 0x64, 0x45, 0x72,
    0x72, 0x6f, 0x72, 0x00, 0x0b, 0x62, 0x75, 0x69, 0x6c, 0x64, 0x48, 0x65,
    0x61, 0x64, 0x65, 0x72, 0x00, 0x09, 0x62, 0x75, 0x69, 0x6c, 0x64, 0x4d,
    0x65, 0x6e, 0x75, 0x00, 0x0b, 0x62, 0x75, 0x69, 0x6c, 0x64, 0x54, 0x6f,
    0x67, 0x67, 0x6c, 0x65, 0x00, 0x05, 0x62, 0x75, 0x6e, 0x6e, 0x79, 0x00,
    0x0d, 0x62, 0x75, 0x6e, 0x6e, 0x79, 0x2d, 0x63, 0x61, 0x74, 0x61, 0x6c,
    0x6f, 0x67, 0x00, 0x0d, 0x62, 0x75, 0x6e, 0x6e, 0x79, 0x2d, 0x73, 0x70,
    0x72, 0x69, 0x74, 0x65, 0x73, 0x00, 0x0a, 0x62, 0x75, 0x6e, 0x6e, 0x79,
    0x5f, 0x6d, 0x65, 0x6e, 0x75, 0x00, 0x0c, 0x62, 0x75, 0x6e, 0x6e, 0x79,
    0x5f, 0x70, 0x6f, 0x77, 0x65, 0x72, 0x73, 0x00, 0x07, 0x62, 0x79, 0x43,
    0x6c, 0x61, 0x73, 0x73, 0x00, 0x05, 0x62, 0x79, 0x53, 0x75, 0x62, 0x00,
    0x04, 0x63, 0x65, 0x69, 0x6c, 0x00, 0x06, 0x63, 0x68, 0x61, 0x72, 0x41,
    0x74, 0x00, 0x08, 0x63, 0x68, 0x69, 0x6c, 0x64, 0x72, 0x65, 0x6e, 0x00,
    0x05, 0x63, 0x6c, 0x61, 0x6d, 0x70, 0x00, 0x0a, 0x63, 0x6c, 0x61, 0x73,
    0x73, 0x47, 0x72, 0x6f, 0x75, 0x70, 0x00, 0x05, 0x63, 0x6c, 0x65, 0x61,
    0x72, 0x00, 0x09, 0x63, 0x6c, 0x69, 0x70, 0x62, 0x6f, 0x61, 0x72, 0x64,
    0x00, 0x05, 0x63, 0x6c, 0x6f, 0x73, 0x65, 0x00, 0x08, 0x63, 0x6f, 0x6e,
    0x74, 0x61, 0x69, 0x6e, 0x73, 0x00, 0x0b, 0x63, 0x6f, 0x6e, 0x74, 0x61,
    0x69, 0x6e, 0x73, 0x4b, 0x65, 0x79, 0x00, 0x0c, 0x63, 0x6f, 0x6e, 0x74,
    0x65, 0x6e, 0x74, 0x55, 0x6e, 0x69, 0x74, 0x73, 0x00, 0x06, 0x63, 0x6f,
    0x70, 0x79, 0x4f, 0x66, 0x00, 0x05, 0x63, 0x6f, 0x75, 0x6e, 0x74, 0x00,
    0x06, 0x63, 0x72, 0x65, 0x61, 0x74, 0x65, 0x00, 0x0c, 0x63, 0x72, 0x65,
    0x61, 0x74, 0x65, 0x42, 0x69, 0x74, 0x6d, 0x61, 0x70, 0x00, 0x0f, 0x63,
    0x72, 0x65, 0x61, 0x74, 0x65, 0x46, 0x72, 0x6f, 0x6d, 0x41, 0x73, 0x73,
    0x65, 0x74, 0x00, 0x06, 0x64, 0x65, 0x63, 0x6f, 0x64, 0x65, 0x00, 0x0a,
    0x64, 0x65, 0x63, 0x6f, 0x64, 0x65, 0x46, 0x69, 0x6c, 0x65, 0x00, 0x0e,
    0x64, 0x65, 0x63, 0x6f, 0x64, 0x65, 0x52, 0x65, 0x73, 0x6f, 0x75, 0x72,
    0x63, 0x65, 0x00, 0x0c, 0x64, 0x65, 0x63, 0x6f, 0x64, 0x65, 0x53, 0x74,
    0x72, 0x65, 0x61, 0x6d, 0x00, 0x0a, 0x64, 0x65, 0x66, 0x61, 0x75, 0x6c,
    0x74, 0x51, 0x74, 0x79, 0x00, 0x07, 0x64, 0x65, 0x6c, 0x69, 0x76, 0x65,
    0x72, 0x00, 0x07, 0x64, 0x65, 0x6e, 0x73, 0x69, 0x74, 0x79, 0x00, 0x04,
    0x64, 0x65, 0x73, 0x63, 0x00, 0x06, 0x64, 0x65, 0x74, 0x61, 0x69, 0x6c,
    0x00, 0x08, 0x64, 0x72, 0x61, 0x67, 0x67, 0x69, 0x6e, 0x67, 0x00, 0x0a,
    0x64, 0x72, 0x61, 0x77, 0x42, 0x69, 0x74, 0x6d, 0x61, 0x70, 0x00, 0x08,
    0x64, 0x72, 0x61, 0x77, 0x52, 0x65, 0x63, 0x74, 0x00, 0x0d, 0x64, 0x72,
    0x61, 0x77, 0x52, 0x6f, 0x75, 0x6e, 0x64, 0x52, 0x65, 0x63, 0x74, 0x00,
    0x08, 0x64, 0x72, 0x61, 0x77, 0x54, 0x65, 0x78, 0x74, 0x00, 0x08, 0x64,
    0x72, 0x61, 0x77, 0x61, 0x62, 0x6c, 0x65, 0x00, 0x0b, 0x64, 0x72, 0x6f,
    0x70, 0x4f, 0x72, 0x70, 0x68, 0x61, 0x6e, 0x73, 0x00, 0x03, 0x64, 0x73,
    0x74, 0x00, 0x04, 0x65, 0x64, 0x69, 0x74, 0x00, 0x0f, 0x65, 0x6c, 0x61,
    0x70, 0x73, 0x65, 0x64, 0x52, 0x65, 0x61, 0x6c, 0x74, 0x69, 0x6d, 0x65,
    0x00, 0x06, 0x65, 0x71, 0x75, 0x61, 0x6c, 0x73, 0x00, 0x08, 0x66, 0x69,
    0x6c, 0x74, 0x65, 0x72, 0x65, 0x64, 0x00, 0x08, 0x66, 0x69, 0x78, 0x65,
    0x64, 0x49, 0x64, 0x73, 0x00, 0x0a, 0x66, 0x69, 0x78, 0x65, 0x64, 0x4e,
    0x61, 0x6d, 0x65, 0x73, 0x00, 0x0b, 0x66, 0x69, 0x78, 0x65, 0x64, 0x53,
    0x65, 0x61, 0x72, 0x63, 0x68, 0x00, 0x0f, 0x66, 0x6c, 0x61, 0x73, 0x68,
    0x41, 0x63, 0x74, 0x69, 0x6f, 0x6e, 0x43, 0x61, 0x72, 0x64, 0x00, 0x0b,
    0x66, 0x6f, 0x6c, 0x64, 0x41, 0x63, 0x63, 0x65, 0x6e, 0x74, 0x73, 0x00,
    0x04, 0x66, 0x6f, 0x6e, 0x74, 0x00, 0x0f, 0x66, 0x6f, 0x6e, 0x74, 0x65,
    0x2f, 0x62, 0x75, 0x6e, 0x6e, 0x79, 0x2e, 0x74, 0x74, 0x66, 0x00, 0x05,
    0x66, 0x72, 0x61, 0x6d, 0x65, 0x00, 0x08, 0x66, 0x72, 0x61, 0x6d, 0x65,
    0x73, 0x4f, 0x66, 0x00, 0x0b, 0x66, 0x72, 0x6f, 0x6d, 0x43, 0x61, 0x74,
    0x61, 0x6c, 0x6f, 0x67, 0x00, 0x03, 0x67, 0x65, 0x74, 0x00, 0x09, 0x67,
    0x65, 0x74, 0x41, 0x63, 0x74, 0x69, 0x6f, 0x6e, 0x00, 0x0f, 0x67, 0x65,
    0x74, 0x41, 0x63, 0x74, 0x69, 0x6f, 0x6e, 0x4d, 0x61, 0x73, 0x6b, 0x65,
    0x64, 0x00, 0x09, 0x67, 0x65, 0x74, 0x41, 0x73, 0x73, 0x65, 0x74, 0x73,
    0x00, 0x0b, 0x67, 0x65, 0x74, 0x42, 0x61, 0x73, 0x65, 0x6c, 0x69, 0x6e,
    0x65, 0x00, 0x09, 0x67, 0x65, 0x74, 0x42, 0x75, 0x74, 0x74, 0x6f, 0x6e,
    0x00, 0x16, 0x67, 0x65, 0x74, 0x43, 0x6f, 0x6d, 0x70, 0x6f, 0x75, 0x6e,
    0x64, 0x50, 0x61, 0x64, 0x64, 0x69, 0x6e, 0x67, 0x4c, 0x65, 0x66, 0x74,
    0x00, 0x0a, 0x67, 0x65, 0x74, 0x43, 0x6f, 0x6e, 0x74, 0x65, 0x78, 0x74,
    0x00, 0x08, 0x67, 0x65, 0x74, 0x43, 0x6f, 0x75, 0x6e, 0x74, 0x00, 0x13,
    0x67, 0x65, 0x74, 0x43, 0x75, 0x72, 0x72, 0x65, 0x6e, 0x74, 0x54, 0x65,
    0x78, 0x74, 0x43, 0x6f, 0x6c, 0x6f, 0x72, 0x00, 0x11, 0x67, 0x65, 0x74,
    0x44, 0x69, 0x73, 0x70, 0x6c, 0x61, 0x79, 0x4d, 0x65, 0x74, 0x72, 0x69,
    0x63, 0x73, 0x00, 0x09, 0x67, 0x65, 0x74, 0x48, 0x65, 0x69, 0x67, 0x68,
    0x74, 0x00, 0x0d, 0x67, 0x65, 0x74, 0x49, 0x64, 0x65, 0x6e, 0x74, 0x69,
    0x66, 0x69, 0x65, 0x72, 0x00, 0x06, 0x67, 0x65, 0x74, 0x49, 0x6e, 0x74,
    0x00, 0x07, 0x67, 0x65, 0x74, 0x49, 0x74, 0x65, 0x6d, 0x00, 0x09, 0x67,
    0x65, 0x74, 0x49, 0x74, 0x65, 0x6d, 0x49, 0x64, 0x00, 0x09, 0x67, 0x65,
    0x74, 0x4c, 0x61, 0x79, 0x6f, 0x75, 0x74, 0x00, 0x0f, 0x67, 0x65, 0x74,
    0x4c, 0x61, 0x79, 0x6f, 0x75, 0x74, 0x50, 0x61, 0x72, 0x61, 0x6d, 0x73,
    0x00, 0x0c, 0x67, 0x65, 0x74, 0x4c, 0x69, 0x6e, 0x65, 0x43, 0x6f, 0x75,
    0x6e, 0x74, 0x00, 0x0b, 0x67, 0x65, 0x74, 0x4c, 0x69, 0x6e, 0x65, 0x4c,
    0x65, 0x66, 0x74, 0x00, 0x0d, 0x67, 0x65, 0x74, 0x4d, 0x61, 0x69, 0x6e,
    0x4c, 0x6f, 0x6f, 0x70, 0x65, 0x72, 0x00, 0x0e, 0x67, 0x65, 0x74, 0x50,
    0x61, 0x63, 0x6b, 0x61, 0x67, 0x65, 0x4e, 0x61, 0x6d, 0x65, 0x00, 0x08,
    0x67, 0x65, 0x74, 0x50, 0x61, 0x69, 0x6e, 0x74, 0x00, 0x09, 0x67, 0x65,
    0x74, 0x50, 0x61, 0x72, 0x65, 0x6e, 0x74, 0x00, 0x07, 0x67, 0x65, 0x74,
    0x52, 0x61, 0x77, 0x58, 0x00, 0x07, 0x67, 0x65, 0x74, 0x52, 0x61, 0x77,
    0x59, 0x00, 0x0c, 0x67, 0x65, 0x74, 0x52, 0x65, 0x73, 0x6f, 0x75, 0x72,
    0x63, 0x65, 0x73, 0x00, 0x12, 0x67, 0x65, 0x74, 0x53, 0x63, 0x61, 0x6c,
    0x65, 0x64, 0x54, 0x6f, 0x75, 0x63, 0x68, 0x53, 0x6c, 0x6f, 0x70, 0x00,
    0x14, 0x67, 0x65, 0x74, 0x53, 0x68, 0x61, 0x72, 0x65, 0x64, 0x50, 0x72,
    0x65, 0x66, 0x65, 0x72, 0x65, 0x6e, 0x63, 0x65, 0x73, 0x00, 0x10, 0x67,
    0x65, 0x74, 0x53, 0x79, 0x73, 0x74, 0x65, 0x6d, 0x53, 0x65, 0x72, 0x76,
    0x69, 0x63, 0x65, 0x00, 0x06, 0x67, 0x65, 0x74, 0x54, 0x61, 0x67, 0x00,
    0x07, 0x67, 0x65, 0x74, 0x54, 0x65, 0x78, 0x74, 0x00, 0x07, 0x67, 0x65,
    0x74, 0x54, 0x79, 0x70, 0x65, 0x00, 0x07, 0x67, 0x65, 0x74, 0x56, 0x69,
    0x65, 0x77, 0x00, 0x0d, 0x67, 0x65, 0x74, 0x56, 0x69, 0x73, 0x69, 0x62,
    0x69, 0x6c, 0x69, 0x74, 0x79, 0x00, 0x08, 0x67, 0x65, 0x74, 0x57, 0x69,
    0x64, 0x74, 0x68, 0x00, 0x04, 0x67, 0x65, 0x74, 0x58, 0x00, 0x07, 0x67,
    0x72, 0x61, 0x76, 0x69, 0x74, 0x79, 0x00, 0x05, 0x67, 0x72, 0x6f, 0x75,
    0x70, 0x00, 0x06, 0x68, 0x61, 0x6e, 0x64, 0x6c, 0x65, 0x00, 0x07, 0x68,
    0x61, 0x73, 0x4e, 0x65, 0x78, 0x74, 0x00, 0x06, 0x68, 0x65, 0x69, 0x67,
    0x68, 0x74, 0x00, 0x0c, 0x68, 0x65, 0x69, 0x67, 0x68, 0x74, 0x50, 0x69,
    0x78, 0x65, 0x6c, 0x73, 0x00, 0x09, 0x68, 0x69, 0x67, 0x68, 0x6c, 0x69,
    0x67, 0x68, 0x74, 0x00, 0x01, 0x69, 0x00, 0x0d, 0x69, 0x63, 0x5f, 0x62,
    0x75, 0x6e, 0x6e, 0x79, 0x5f, 0x68, 0x65, 0x61, 0x64, 0x00, 0x0f, 0x69,
    0x63, 0x5f, 0x64, 0x69, 0x66, 0x5f, 0x63, 0x72, 0x65, 0x61, 0x74, 0x69,
    0x76, 0x65, 0x00, 0x0d, 0x69, 0x63, 0x5f, 0x64, 0x69, 0x66, 0x5f, 0x65,
    0x78, 0x70, 0x65, 0x72, 0x74, 0x00, 0x0d, 0x69, 0x63, 0x5f, 0x64, 0x69,
    0x66, 0x5f, 0x6d, 0x61, 0x73, 0x74, 0x65, 0x72, 0x00, 0x0d, 0x69, 0x63,
    0x5f, 0x64, 0x69, 0x66, 0x5f, 0x6e, 0x6f, 0x72, 0x6d, 0x61, 0x6c, 0x00,
    0x09, 0x69, 0x63, 0x5f, 0x66, 0x65, 0x63, 0x68, 0x61, 0x72, 0x00, 0x11,
    0x69, 0x63, 0x5f, 0x68, 0x6f, 0x72, 0x61, 0x5f, 0x61, 0x6d, 0x61, 0x6e,
    0x68, 0x65, 0x63, 0x65, 0x72, 0x00, 0x11, 0x69, 0x63, 0x5f, 0x68, 0x6f,
    0x72, 0x61, 0x5f, 0x61, 0x6e, 0x6f, 0x69, 0x74, 0x65, 0x63, 0x65, 0x72,
    0x00, 0x11, 0x69, 0x63, 0x5f, 0x68, 0x6f, 0x72, 0x61, 0x5f, 0x6d, 0x65,
    0x69, 0x61, 0x6e, 0x6f, 0x69, 0x74, 0x65, 0x00, 0x0f, 0x69, 0x63, 0x5f,
    0x68, 0x6f, 0x72, 0x61, 0x5f, 0x6d, 0x65, 0x69, 0x6f, 0x64, 0x69, 0x61,
    0x00, 0x0a, 0x69, 0x63, 0x5f, 0x69, 0x6e, 0x76, 0x6f, 0x63, 0x61, 0x72,
    0x00, 0x07, 0x69, 0x63, 0x5f, 0x6c, 0x75, 0x70, 0x61, 0x00, 0x08, 0x69,
    0x63, 0x5f, 0x70, 0x65, 0x67, 0x61, 0x72, 0x00, 0x0e, 0x69, 0x63, 0x5f,
    0x70, 0x6f, 0x64, 0x65, 0x72, 0x5f, 0x73, 0x70, 0x61, 0x77, 0x6e, 0x00,
    0x0c, 0x69, 0x63, 0x5f, 0x73, 0x65, 0x63, 0x5f, 0x61, 0x63, 0x65, 0x73,
    0x73, 0x00, 0x0d, 0x69, 0x63, 0x5f, 0x73, 0x65, 0x63, 0x5f, 0x62, 0x6c,
    0x6f, 0x63, 0x6f, 0x73, 0x00, 0x0c, 0x69, 0x63, 0x5f, 0x73, 0x65, 0x63,
    0x5f, 0x69, 0x6e, 0x76, 0x6f, 0x63, 0x00, 0x0c, 0x69, 0x63, 0x5f, 0x73,
    0x65, 0x63, 0x5f, 0x6d, 0x61, 0x67, 0x69, 0x61, 0x00, 0x0c, 0x69, 0x63,
    0x5f, 0x73, 0x65, 0x63, 0x5f, 0x6d, 0x65, 0x6c, 0x65, 0x65, 0x00, 0x0d,
    0x69, 0x63, 0x5f, 0x73, 0x65, 0x63, 0x5f, 0x72, 0x61, 0x6e, 0x67, 0x65,
    0x64, 0x00, 0x10, 0x69, 0x63, 0x5f, 0x73, 0x65, 0x63, 0x5f, 0x74, 0x75,
    0x64, 0x6f, 0x5f, 0x69, 0x74, 0x65, 0x6d, 0x00, 0x0f, 0x69, 0x63, 0x5f,
    0x73, 0x65, 0x63, 0x5f, 0x74, 0x75, 0x64, 0x6f, 0x5f, 0x6e, 0x70, 0x63,
    0x00, 0x0b, 0x69, 0x63, 0x5f, 0x73, 0x65, 0x63, 0x5f, 0x75, 0x74, 0x69,
    0x6c, 0x00, 0x0b, 0x69, 0x63, 0x5f, 0x73, 0x65, 0x74, 0x61, 0x5f, 0x64,
    0x69, 0x72, 0x00, 0x0b, 0x69, 0x63, 0x5f, 0x73, 0x65, 0x74, 0x61, 0x5f,
    0x65, 0x73, 0x71, 0x00, 0x04, 0x69, 0x63, 0x6f, 0x6e, 0x00, 0x08, 0x69,
    0x63, 0x6f, 0x6e, 0x46, 0x69, 0x6c, 0x65, 0x00, 0x08, 0x69, 0x63, 0x6f,
    0x6e, 0x49, 0x74, 0x65, 0x6d, 0x00, 0x08, 0x69, 0x63, 0x6f, 0x6e, 0x4b,
    0x69, 0x6e, 0x64, 0x00, 0x03, 0x69, 0x64, 0x20, 0x00, 0x03, 0x69, 0x64,
    0x73, 0x00, 0x08, 0x69, 0x6e, 0x53, 0x63, 0x61, 0x6c, 0x65, 0x64, 0x00,
    0x07, 0x69, 0x6e, 0x64, 0x65, 0x78, 0x41, 0x74, 0x00, 0x07, 0x69, 0x6e,
    0x73, 0x74, 0x61, 0x6c, 0x6c, 0x00, 0x0a, 0x69, 0x6e, 0x76, 0x61, 0x6c,
    0x69, 0x64, 0x61, 0x74, 0x65, 0x00, 0x08, 0x69, 0x73, 0x41, 0x63, 0x74,
    0x69, 0x6f, 0x6e, 0x00, 0x0b, 0x69, 0x73, 0x44, 0x65, 0x73, 0x74, 0x72,
    0x6f, 0x79, 0x65, 0x64, 0x00, 0x07, 0x69, 0x73, 0x45, 0x6d, 0x70, 0x74,
    0x79, 0x00, 0x0b, 0x69, 0x73, 0x46, 0x69, 0x6e, 0x69, 0x73, 0x68, 0x69,
    0x6e, 0x67, 0x00, 0x07, 0x69, 0x73, 0x53, 0x61, 0x76, 0x65, 0x64, 0x00,
    0x08, 0x69, 0x73, 0x57, 0x61, 0x6e, 0x74, 0x65, 0x64, 0x00, 0x0c, 0x69,
    0x73, 0x57, 0x6f, 0x72, 0x6c, 0x64, 0x53, 0x74, 0x61, 0x74, 0x65, 0x00,
    0x05, 0x69, 0x74, 0x65, 0x6d, 0x2f, 0x00, 0x09, 0x69, 0x74, 0x65, 0x6d,
    0x43, 0x6c, 0x61, 0x73, 0x73, 0x00, 0x09, 0x69, 0x74, 0x65, 0x6d, 0x4e,
    0x61, 0x6d, 0x65, 0x73, 0x00, 0x0a, 0x69, 0x74, 0x65, 0x6d, 0x53, 0x65,
    0x61, 0x72, 0x63, 0x68, 0x00, 0x07, 0x69, 0x74, 0x65, 0x6d, 0x53, 0x75,
    0x62, 0x00, 0x05, 0x69, 0x74, 0x65, 0x6d, 0x73, 0x00, 0x08, 0x69, 0x74,
    0x65, 0x72, 0x61, 0x74, 0x6f, 0x72, 0x00, 0x04, 0x6b, 0x69, 0x6e, 0x64,
    0x00, 0x0a, 0x6c, 0x65, 0x66, 0x74, 0x4d, 0x61, 0x72, 0x67, 0x69, 0x6e,
    0x00, 0x06, 0x6c, 0x65, 0x6e, 0x67, 0x74, 0x68, 0x00, 0x0a, 0x6c, 0x65,
    0x76, 0x65, 0x6c, 0x4c, 0x61, 0x62, 0x65, 0x6c, 0x00, 0x04, 0x6c, 0x6f,
    0x61, 0x64, 0x00, 0x0c, 0x6c, 0x6f, 0x61, 0x64, 0x4d, 0x6f, 0x64, 0x49,
    0x74, 0x65, 0x6d, 0x73, 0x00, 0x0b, 0x6c, 0x6f, 0x61, 0x64, 0x69, 0x6e,
    0x67, 0x56, 0x69, 0x65, 0x77, 0x00, 0x03, 0x6d, 0x30, 0x78, 0x00, 0x03,
    0x6d, 0x30, 0x79, 0x00, 0x08, 0x6d, 0x61, 0x6b, 0x65, 0x54, 0x65, 0x78,
    0x74, 0x00, 0x03, 0x6d, 0x61, 0x78, 0x00, 0x09, 0x6d, 0x61, 0x78, 0x53,
    0x74, 0x61, 0x63, 0x6b, 0x73, 0x00, 0x06, 0x6d, 0x65, 0x6e, 0x75, 0x3a,
    0x20, 0x00, 0x28, 0x6d, 0x65, 0x6e, 0x75, 0x3a, 0x20, 0x63, 0x61, 0x74,
    0x61, 0x6c, 0x6f, 0x67, 0x6f, 0x20, 0x70, 0x72, 0x6f, 0x6e, 0x74, 0x6f,
    0x3b, 0x20, 0x65, 0x73, 0x70, 0x65, 0x72, 0x6f, 0x75, 0x20, 0x6f, 0x20,
    0x6e, 0x61, 0x74, 0x69, 0x76, 0x6f, 0x20, 0x00, 0x03, 0x6d, 0x69, 0x6e,
    0x00, 0x09, 0x6d, 0x6f, 0x64, 0x46, 0x6f, 0x6c, 0x64, 0x65, 0x72, 0x00,
    0x08, 0x6d, 0x6f, 0x64, 0x47, 0x72, 0x6f, 0x75, 0x70, 0x00, 0x0a, 0x6d,
    0x6f, 0x64, 0x54, 0x65, 0x78, 0x74, 0x75, 0x72, 0x65, 0x00, 0x0c, 0x6e,
    0x42, 0x75, 0x66, 0x66, 0x43, 0x6c, 0x61, 0x73, 0x73, 0x65, 0x73, 0x00,
    0x0a, 0x6e, 0x42, 0x75, 0x66, 0x66, 0x4e, 0x61, 0x6d, 0x65, 0x73, 0x00,
    0x08, 0x6e, 0x49, 0x6e, 0x57, 0x6f, 0x72, 0x6c, 0x64, 0x00, 0x0c, 0x6e,
    0x49, 0x74, 0x65, 0x6d, 0x43, 0x6c, 0x61, 0x73, 0x73, 0x65, 0x73, 0x00,
    0x0a, 0x6e, 0x49, 0x74, 0x65, 0x6d, 0x4e, 0x61, 0x6d, 0x65, 0x73, 0x00,
    0x0b, 0x6e, 0x49, 0x74, 0x65, 0x6d, 0x53, 0x74, 0x61, 0x63, 0x6b, 0x73,
    0x00, 0x0f, 0x6e, 0x49, 0x74, 0x65, 0x6d, 0x53, 0x75, 0x62, 0x43, 0x6c,
    0x61, 0x73, 0x73, 0x65, 0x73, 0x00, 0x10, 0x6e, 0x4d, 0x6f, 0x64, 0x42,
    0x75, 0x66, 0x66, 0x54, 0x65, 0x78, 0x74, 0x75, 0x72, 0x65, 0x73, 0x00,
    0x0e, 0x6e, 0x4d, 0x6f, 0x64, 0x43, 0x61, 0x74, 0x65, 0x67, 0x6f, 0x72,
    0x69, 0x65, 0x73, 0x00, 0x11, 0x6e, 0x4d, 0x6f, 0x64, 0x43, 0x61, 0x74,
    0x65, 0x67, 0x6f, 0x72, 0x79, 0x49, 0x74, 0x65, 0x6d, 0x73, 0x00, 0x10,
    0x6e, 0x4d, 0x6f, 0x64, 0x49, 0x74, 0x65, 0x6d, 0x54, 0x65, 0x78, 0x74,
    0x75, 0x72, 0x65, 0x73, 0x00, 0x0f, 0x6e, 0x4d, 0x6f, 0x64, 0x4e, 0x70,
    0x63, 0x54, 0x65, 0x78, 0x74, 0x75, 0x72, 0x65, 0x73, 0x00, 0x0b, 0x6e,
    0x4e, 0x70, 0x63, 0x43, 0x6c, 0x61, 0x73, 0x73, 0x65, 0x73, 0x00, 0x0a,
    0x6e, 0x4e, 0x70, 0x63, 0x46, 0x72, 0x61, 0x6d, 0x65, 0x73, 0x00, 0x09,
    0x6e, 0x4e, 0x70, 0x63, 0x4e, 0x61, 0x6d, 0x65, 0x73, 0x00, 0x07, 0x6e,
    0x4f, 0x6e, 0x42, 0x75, 0x66, 0x66, 0x00, 0x07, 0x6e, 0x4f, 0x6e, 0x47,
    0x69, 0x76, 0x65, 0x00, 0x08, 0x6e, 0x4f, 0x6e, 0x53, 0x70, 0x61, 0x77,
    0x6e, 0x00, 0x09, 0x6e, 0x53, 0x65, 0x74, 0x50, 0x6f, 0x77, 0x65, 0x72,
    0x00, 0x0d, 0x6e, 0x53, 0x65, 0x74, 0x54, 0x69, 0x6d, 0x65, 0x4f, 0x66,
    0x44, 0x61, 0x79, 0x00, 0x11, 0x6e, 0x56, 0x61, 0x6e, 0x69, 0x6c, 0x6c,
    0x61, 0x42, 0x75, 0x66, 0x66, 0x43, 0x6f, 0x75, 0x6e, 0x74, 0x00, 0x11,
    0x6e, 0x56, 0x61, 0x6e, 0x69, 0x6c, 0x6c, 0x61, 0x49, 0x74, 0x65, 0x6d,
    0x43, 0x6f, 0x75, 0x6e, 0x74, 0x00, 0x10, 0x6e, 0x56, 0x61, 0x6e, 0x69,
    0x6c, 0x6c, 0x61, 0x4e, 0x70, 0x63, 0x43, 0x6f, 0x75, 0x6e, 0x74, 0x00,
    0x0b, 0x6e, 0x57, 0x6f, 0x72, 0x6c, 0x64, 0x53, 0x74, 0x61, 0x74, 0x65,
    0x00, 0x04, 0x6e, 0x61, 0x6d, 0x65, 0x00, 0x06, 0x6e, 0x61, 0x6d, 0x65,
    0x41, 0x74, 0x00, 0x09, 0x6e, 0x61, 0x6d, 0x65, 0x4c, 0x61, 0x62, 0x65,
    0x6c, 0x00, 0x05, 0x6e, 0x61, 0x6d, 0x65, 0x64, 0x00, 0x05, 0x6e, 0x61,
    0x6d, 0x65, 0x73, 0x00, 0x0c, 0x6e, 0x65, 0x77, 0x50, 0x6c, 0x61, 0x69,
    0x6e, 0x54, 0x65, 0x78, 0x74, 0x00, 0x0d, 0x6e, 0x65, 0x77, 0x53, 0x65,
    0x74, 0x46, 0x72, 0x6f, 0x6d, 0x4d, 0x61, 0x70, 0x00, 0x04, 0x6e, 0x65,
    0x78, 0x74, 0x00, 0x09, 0x6e, 0x6f, 0x72, 0x6d, 0x61, 0x6c, 0x69, 0x7a,
    0x65, 0x00, 0x0c, 0x6e, 0x6f, 0x72, 0x6d, 0x61, 0x6c, 0x69, 0x7a, 0x65,
    0x41, 0x6c, 0x6c, 0x00, 0x14, 0x6e, 0x6f, 0x74, 0x69, 0x66, 0x79, 0x44,
    0x61, 0x74, 0x61, 0x53, 0x65, 0x74, 0x43, 0x68, 0x61, 0x6e, 0x67, 0x65,
    0x64, 0x00, 0x03, 0x6e, 0x70, 0x63, 0x00, 0x04, 0x6e, 0x70, 0x63, 0x2f,
    0x00, 0x0a, 0x6e, 0x70, 0x63, 0x42, 0x79, 0x43, 0x6c, 0x61, 0x73, 0x73,
    0x00, 0x08, 0x6e, 0x70, 0x63, 0x43, 0x6c, 0x61, 0x73, 0x73, 0x00, 0x09,
    0x6e, 0x70, 0x63, 0x46, 0x72, 0x61, 0x6d, 0x65, 0x73, 0x00, 0x08, 0x6e,
    0x70, 0x63, 0x4e, 0x61, 0x6d, 0x65, 0x73, 0x00, 0x09, 0x6e, 0x70, 0x63,
    0x53, 0x65, 0x61, 0x72, 0x63, 0x68, 0x00, 0x04, 0x6e, 0x70, 0x63, 0x73,
    0x00, 0x09, 0x6f, 0x66, 0x66, 0x65, 0x72, 0x4c, 0x61, 0x73, 0x74, 0x00,
    0x08, 0x6f, 0x6e, 0x43, 0x68, 0x61, 0x6e, 0x67, 0x65, 0x00, 0x07, 0x6f,
    0x6e, 0x43, 0x6c, 0x69, 0x63, 0x6b, 0x00, 0x06, 0x6f, 0x6e, 0x44, 0x72,
    0x61, 0x77, 0x00, 0x09, 0x6f, 0x6e, 0x4d, 0x65, 0x61, 0x73, 0x75, 0x72,
    0x65, 0x00, 0x0d, 0x6f, 0x6e, 0x54, 0x65, 0x78, 0x74, 0x43, 0x68, 0x61,
    0x6e, 0x67, 0x65, 0x64, 0x00, 0x07, 0x6f, 0x6e, 0x54, 0x6f, 0x75, 0x63,
    0x68, 0x00, 0x0c, 0x6f, 0x6e, 0x54, 0x6f, 0x75, 0x63, 0x68, 0x45, 0x76,
    0x65, 0x6e, 0x74, 0x00, 0x04, 0x6f, 0x70, 0x65, 0x6e, 0x00, 0x01, 0x70,
    0x00, 0x05, 0x70, 0x61, 0x69, 0x6e, 0x74, 0x00, 0x0e, 0x70, 0x61, 0x69,
    0x6e, 0x74, 0x50, 0x6f, 0x77, 0x65, 0x72, 0x43, 0x61, 0x72, 0x64, 0x00,
    0x0e, 0x70, 0x61, 0x69, 0x6e, 0x74, 0x57, 0x6f, 0x72, 0x6c, 0x64, 0x43,
    0x61, 0x72, 0x64, 0x00, 0x05, 0x70, 0x61, 0x6e, 0x65, 0x6c, 0x00, 0x08,
    0x70, 0x61, 0x6e, 0x65, 0x6c, 0x42, 0x69, 0x67, 0x00, 0x08, 0x70, 0x61,
    0x72, 0x73, 0x65, 0x49, 0x6e, 0x74, 0x00, 0x04, 0x70, 0x6f, 0x73, 0x74,
    0x00, 0x0b, 0x70, 0x6f, 0x73, 0x74, 0x44, 0x65, 0x6c, 0x61, 0x79, 0x65,
    0x64, 0x00, 0x15, 0x70, 0x6f, 0x73, 0x74, 0x49, 0x6e, 0x76, 0x61, 0x6c,
    0x69, 0x64, 0x61, 0x74, 0x65, 0x44, 0x65, 0x6c, 0x61, 0x79, 0x65, 0x64,
    0x00, 0x09, 0x70, 0x6f, 0x77, 0x65, 0x72, 0x43, 0x61, 0x72, 0x64, 0x00,
    0x0c, 0x70, 0x6f, 0x77, 0x65, 0x72, 0x43, 0x6f, 0x6c, 0x75, 0x6d, 0x6e,
    0x73, 0x00, 0x08, 0x70, 0x6f, 0x77, 0x65, 0x72, 0x52, 0x65, 0x73, 0x00,
    0x06, 0x70, 0x6f, 0x77, 0x65, 0x72, 0x73, 0x00, 0x03, 0x70, 0x75, 0x74,
    0x00, 0x06, 0x70, 0x75, 0x74, 0x49, 0x6e, 0x74, 0x00, 0x02, 0x70, 0x78,
    0x00, 0x07, 0x71, 0x74, 0x79, 0x54, 0x65, 0x78, 0x74, 0x00, 0x07, 0x72,
    0x65, 0x63, 0x79, 0x63, 0x6c, 0x65, 0x00, 0x06, 0x72, 0x65, 0x6d, 0x6f,
    0x76, 0x65, 0x00, 0x0e, 0x72, 0x65, 0x6d, 0x6f, 0x76, 0x65, 0x41, 0x6c,
    0x6c, 0x56, 0x69, 0x65, 0x77, 0x73, 0x00, 0x0f, 0x72, 0x65, 0x6d, 0x6f,
    0x76, 0x65, 0x43, 0x61, 0x6c, 0x6c, 0x62, 0x61, 0x63, 0x6b, 0x73, 0x00,
    0x11, 0x72, 0x65, 0x6d, 0x6f, 0x76, 0x65, 0x45, 0x6c, 0x64, 0x65, 0x73,
    0x74, 0x45, 0x6e, 0x74, 0x72, 0x79, 0x00, 0x22, 0x72, 0x65, 0x71, 0x75,
    0x65, 0x73, 0x74, 0x44, 0x69, 0x73, 0x61, 0x6c, 0x6c, 0x6f, 0x77, 0x49,
    0x6e, 0x74, 0x65, 0x72, 0x63, 0x65, 0x70, 0x74, 0x54, 0x6f, 0x75, 0x63,
    0x68, 0x45, 0x76, 0x65, 0x6e, 0x74, 0x00, 0x0d, 0x72, 0x65, 0x71, 0x75,
    0x65, 0x73, 0x74, 0x53, 0x70, 0x72, 0x69, 0x74, 0x65, 0x00, 0x0b, 0x72,
    0x65, 0x73, 0x6f, 0x6c, 0x76, 0x65, 0x53, 0x69, 0x7a, 0x65, 0x00, 0x0f,
    0x72, 0x65, 0x73, 0x74, 0x6f, 0x72, 0x65, 0x50, 0x6f, 0x73, 0x69, 0x74,
    0x69, 0x6f, 0x6e, 0x00, 0x0d, 0x72, 0x65, 0x73, 0x74, 0x6f, 0x72, 0x65,
    0x50, 0x6f, 0x77, 0x65, 0x72, 0x73, 0x00, 0x0b, 0x72, 0x69, 0x67, 0x68,
    0x74, 0x4d, 0x61, 0x72, 0x67, 0x69, 0x6e, 0x00, 0x05, 0x72, 0x6f, 0x75,
    0x6e, 0x64, 0x00, 0x03, 0x72, 0x6f, 0x77, 0x00, 0x03, 0x72, 0x75, 0x6e,
    0x00, 0x0d, 0x72, 0x75, 0x6e, 0x4f, 0x6e, 0x55, 0x69, 0x54, 0x68, 0x72,
    0x65, 0x61, 0x64, 0x00, 0x09, 0x73, 0x41, 0x63, 0x74, 0x69, 0x76, 0x69,
    0x74, 0x79, 0x00, 0x06, 0x73, 0x43, 0x61, 0x63, 0x68, 0x65, 0x00, 0x08,
    0x73, 0x43, 0x61, 0x74, 0x61, 0x6c, 0x6f, 0x67, 0x00, 0x0f, 0x73, 0x43,
    0x61, 0x74, 0x61, 0x6c, 0x6f, 0x67, 0x4c, 0x6f, 0x61, 0x64, 0x69, 0x6e,
    0x67, 0x00, 0x0f, 0x73, 0x43, 0x75, 0x72, 0x72, 0x65, 0x6e, 0x74, 0x53,
    0x65, 0x63, 0x74, 0x69, 0x6f, 0x6e, 0x00, 0x08, 0x73, 0x44, 0x65, 0x63,
    0x6f, 0x64, 0x65, 0x72, 0x00, 0x05, 0x73, 0x46, 0x6f, 0x6e, 0x74, 0x00,
    0x10, 0x73, 0x4d, 0x6f, 0x64, 0x42, 0x75, 0x66, 0x66, 0x54, 0x65, 0x78,
    0x74, 0x75, 0x72, 0x65, 0x73, 0x00, 0x0f, 0x73, 0x4d, 0x6f, 0x64, 0x4e,
    0x70, 0x63, 0x54, 0x65, 0x78, 0x74, 0x75, 0x72, 0x65, 0x73, 0x00, 0x0c,
    0x73, 0x4d, 0x6f, 0x64, 0x54, 0x65, 0x78, 0x74, 0x75, 0x72, 0x65, 0x73,
    0x00, 0x0f, 0x73, 0x4f, 0x6e, 0x43, 0x61, 0x74, 0x61, 0x6c, 0x6f, 0x67,
    0x52, 0x65, 0x61, 0x64, 0x79, 0x00, 0x08, 0x73, 0x4f, 0x76, 0x65, 0x72,
    0x6c, 0x61, 0x79, 0x00, 0x0c, 0x73, 0x50, 0x6f, 0x77, 0x65, 0x72, 0x4c,
    0x65, 0x76, 0x65, 0x6c, 0x73, 0x00, 0x06, 0x73, 0x51, 0x75, 0x65, 0x75,
    0x65, 0x00, 0x07, 0x73, 0x51, 0x75, 0x65, 0x75, 0x65, 0x64, 0x00, 0x04,
    0x73, 0x52, 0x65, 0x73, 0x00, 0x05, 0x73, 0x55, 0x6e, 0x69, 0x74, 0x00,
    0x08, 0x73, 0x56, 0x61, 0x6e, 0x69, 0x6c, 0x6c, 0x61, 0x00, 0x0c, 0x73,
    0x56, 0x61, 0x6e, 0x69, 0x6c, 0x6c, 0x61, 0x42, 0x75, 0x66, 0x66, 0x00,
    0x0b, 0x73, 0x56, 0x61, 0x6e, 0x69, 0x6c, 0x6c, 0x61, 0x4e, 0x70, 0x63,
    0x00, 0x08, 0x73, 0x57, 0x61, 0x69, 0x74, 0x69, 0x6e, 0x67, 0x00, 0x06,
    0x73, 0x57, 0x6f, 0x72, 0x6c, 0x64, 0x00, 0x0c, 0x73, 0x61, 0x76, 0x65,
    0x50, 0x6f, 0x73, 0x69, 0x74, 0x69, 0x6f, 0x6e, 0x00, 0x0a, 0x73, 0x61,
    0x76, 0x65, 0x50, 0x6f, 0x77, 0x65, 0x72, 0x73, 0x00, 0x0a, 0x73, 0x65,
    0x61, 0x72, 0x63, 0x68, 0x54, 0x65, 0x78, 0x74, 0x00, 0x0b, 0x73, 0x65,
    0x63, 0x74, 0x69, 0x6f, 0x6e, 0x49, 0x63, 0x6f, 0x6e, 0x00, 0x08, 0x73,
    0x65, 0x63, 0x74, 0x69, 0x6f, 0x6e, 0x73, 0x00, 0x06, 0x73, 0x65, 0x6c,
    0x65, 0x63, 0x74, 0x00, 0x08, 0x73, 0x65, 0x71, 0x75, 0x65, 0x6e, 0x63,
    0x65, 0x00, 0x03, 0x73, 0x65, 0x74, 0x00, 0x0a, 0x73, 0x65, 0x74, 0x41,
    0x64, 0x61, 0x70, 0x74, 0x65, 0x72, 0x00, 0x0d, 0x73, 0x65, 0x74, 0x42,
    0x61, 0x63, 0x6b, 0x67, 0x72, 0x6f, 0x75, 0x6e, 0x64, 0x00, 0x12, 0x73,
    0x65, 0x74, 0x42, 0x61, 0x63, 0x6b, 0x67, 0x72, 0x6f, 0x75, 0x6e, 0x64,
    0x43, 0x6f, 0x6c, 0x6f, 0x72, 0x00, 0x09, 0x73, 0x65, 0x74, 0x42, 0x69,
    0x74, 0x6d, 0x61, 0x70, 0x00, 0x11, 0x73, 0x65, 0x74, 0x43, 0x61, 0x63,
    0x68, 0x65, 0x43, 0x6f, 0x6c, 0x6f, 0x72, 0x48, 0x69, 0x6e, 0x74, 0x00,
    0x08, 0x73, 0x65, 0x74, 0x43, 0x6f, 0x6c, 0x6f, 0x72, 0x00, 0x15, 0x73,
    0x65, 0x74, 0x43, 0x6f, 0x6e, 0x74, 0x65, 0x6e, 0x74, 0x44, 0x65, 0x73,
    0x63, 0x72, 0x69, 0x70, 0x74, 0x69, 0x6f, 0x6e, 0x00, 0x0f, 0x73, 0x65,
    0x74, 0x43, 0x6f, 0x72, 0x6e, 0x65, 0x72, 0x52, 0x61, 0x64, 0x69, 0x75,
    0x73, 0x00, 0x09, 0x73, 0x65, 0x74, 0x44, 0x61, 0x65, 0x6d, 0x6f, 0x6e,
    0x00, 0x0a, 0x73, 0x65, 0x74, 0x44, 0x69, 0x76, 0x69, 0x64, 0x65, 0x72,
    0x00, 0x10, 0x73, 0x65, 0x74, 0x44, 0x69, 0x76, 0x69, 0x64, 0x65, 0x72,
    0x48, 0x65, 0x69, 0x67, 0x68, 0x74, 0x00, 0x0f, 0x73, 0x65, 0x74, 0x46,
    0x69, 0x6c, 0x74, 0x65, 0x72, 0x42, 0x69, 0x74, 0x6d, 0x61, 0x70, 0x00,
    0x0a, 0x73, 0x65, 0x74, 0x47, 0x72, 0x61, 0x76, 0x69, 0x74, 0x79, 0x00,
    0x07, 0x73, 0x65, 0x74, 0x48, 0x69, 0x6e, 0x74, 0x00, 0x10, 0x73, 0x65,
    0x74, 0x48, 0x69, 0x6e, 0x74, 0x54, 0x65, 0x78, 0x74, 0x43, 0x6f, 0x6c,
    0x6f, 0x72, 0x00, 0x10, 0x73, 0x65, 0x74, 0x49, 0x6d, 0x61, 0x67, 0x65,
    0x44, 0x72, 0x61, 0x77, 0x61, 0x62, 0x6c, 0x65, 0x00, 0x15, 0x73, 0x65,
    0x74, 0x49, 0x6e, 0x63, 0x6c, 0x75, 0x64, 0x65, 0x46, 0x6f, 0x6e, 0x74,
    0x50, 0x61, 0x64, 0x64, 0x69, 0x6e, 0x67, 0x00, 0x0f, 0x73, 0x65, 0x74,
    0x4c, 0x61, 0x79, 0x6f, 0x75, 0x74, 0x50, 0x61, 0x72, 0x61, 0x6d, 0x73,
    0x00, 0x0a, 0x73, 0x65, 0x74, 0x4d, 0x61, 0x72, 0x67, 0x69, 0x6e, 0x73,
    0x00, 0x14, 0x73, 0x65, 0x74, 0x4d, 0x65, 0x61, 0x73, 0x75, 0x72, 0x65,
    0x64, 0x44, 0x69, 0x6d, 0x65, 0x6e, 0x73, 0x69, 0x6f, 0x6e, 0x00, 0x0a,
    0x73, 0x65, 0x74, 0x4d, 0x65, 0x73, 0x73, 0x61, 0x67, 0x65, 0x00, 0x10,
    0x73, 0x65, 0x74, 0x4e, 0x65, 0x75, 0x74, 0x72, 0x61, 0x6c, 0x42, 0x75,
    0x74, 0x74, 0x6f, 0x6e, 0x00, 0x12, 0x73, 0x65, 0x74, 0x4f, 0x6e, 0x43,
    0x6c, 0x69, 0x63, 0x6b, 0x4c, 0x69, 0x73, 0x74, 0x65, 0x6e, 0x65, 0x72,
    0x00, 0x12, 0x73, 0x65, 0x74, 0x4f, 0x6e, 0x54, 0x6f, 0x75, 0x63, 0x68,
    0x4c, 0x69, 0x73, 0x74, 0x65, 0x6e, 0x65, 0x72, 0x00, 0x0e, 0x73, 0x65,
    0x74, 0x4f, 0x72, 0x69, 0x65, 0x6e, 0x74, 0x61, 0x74, 0x69, 0x6f, 0x6e,
    0x00, 0x0a, 0x73, 0x65, 0x74, 0x50, 0x61, 0x64, 0x64, 0x69, 0x6e, 0x67,
    0x00, 0x11, 0x73, 0x65, 0x74, 0x50, 0x6f, 0x73, 0x69, 0x74, 0x69, 0x76,
    0x65, 0x42, 0x75, 0x74, 0x74, 0x6f, 0x6e, 0x00, 0x0e, 0x73, 0x65, 0x74,
    0x50, 0x72, 0x69, 0x6d, 0x61, 0x72, 0x79, 0x43, 0x6c, 0x69, 0x70, 0x00,
    0x0c, 0x73, 0x65, 0x74, 0x53, 0x63, 0x61, 0x6c, 0x65, 0x54, 0x79, 0x70,
    0x65, 0x00, 0x0c, 0x73, 0x65, 0x74, 0x53, 0x65, 0x6c, 0x65, 0x63, 0x74,
    0x69, 0x6f, 0x6e, 0x00, 0x0d, 0x73, 0x65, 0x74, 0x53, 0x69, 0x6e, 0x67,
    0x6c, 0x65, 0x4c, 0x69, 0x6e, 0x65, 0x00, 0x09, 0x73, 0x65, 0x74, 0x53,
    0x74, 0x72, 0x6f, 0x6b, 0x65, 0x00, 0x0d, 0x73, 0x65, 0x74, 0x53, 0x74,
    0x72, 0x6f, 0x6b, 0x65, 0x4a, 0x6f, 0x69, 0x6e, 0x00, 0x0e, 0x73, 0x65,
    0x74, 0x53, 0x74, 0x72, 0x6f, 0x6b, 0x65, 0x57, 0x69, 0x64, 0x74, 0x68,
    0x00, 0x08, 0x73, 0x65, 0x74, 0x53, 0x74, 0x79, 0x6c, 0x65, 0x00, 0x06,
    0x73, 0x65, 0x74, 0x54, 0x61, 0x67, 0x00, 0x07, 0x73, 0x65, 0x74, 0x54,
    0x65, 0x78, 0x74, 0x00, 0x0c, 0x73, 0x65, 0x74, 0x54, 0x65, 0x78, 0x74,
    0x43, 0x6f, 0x6c, 0x6f, 0x72, 0x00, 0x0b, 0x73, 0x65, 0x74, 0x54, 0x65,
    0x78, 0x74, 0x53, 0x69, 0x7a, 0x65, 0x00, 0x11, 0x73, 0x65, 0x74, 0x54,
    0x68, 0x72, 0x65, 0x61, 0x64, 0x50, 0x72, 0x69, 0x6f, 0x72, 0x69, 0x74,
    0x79, 0x00, 0x08, 0x73, 0x65, 0x74, 0x54, 0x69, 0x74, 0x6c, 0x65, 0x00,
    0x0b, 0x73, 0x65, 0x74, 0x54, 0x79, 0x70, 0x65, 0x66, 0x61, 0x63, 0x65,
    0x00, 0x0d, 0x73, 0x65, 0x74, 0x56, 0x69, 0x73, 0x69, 0x62, 0x69, 0x6c,
    0x69, 0x74, 0x79, 0x00, 0x08, 0x73, 0x65, 0x74, 0x57, 0x69, 0x64, 0x74,
    0x68, 0x00, 0x04, 0x73, 0x68, 0x6f, 0x77, 0x00, 0x09, 0x73, 0x68, 0x6f,
    0x77, 0x45, 0x72, 0x72, 0x6f, 0x72, 0x00, 0x0b, 0x73, 0x68, 0x6f, 0x77,
    0x46, 0x6f, 0x6c, 0x64, 0x65, 0x72, 0x73, 0x00, 0x08, 0x73, 0x68, 0x6f,
    0x77, 0x4c, 0x69, 0x73, 0x74, 0x00, 0x0a, 0x73, 0x68, 0x6f, 0x77, 0x50,
    0x6f, 0x77, 0x65, 0x72, 0x73, 0x00, 0x04, 0x73, 0x69, 0x7a, 0x65, 0x00,
    0x05, 0x73, 0x6c, 0x65, 0x65, 0x70, 0x00, 0x0c, 0x73, 0x6c, 0x65, 0x65,
    0x70, 0x51, 0x75, 0x69, 0x65, 0x74, 0x6c, 0x79, 0x00, 0x0c, 0x73, 0x70,
    0x6c, 0x69, 0x74, 0x42, 0x79, 0x43, 0x6c, 0x61, 0x73, 0x73, 0x00, 0x0a,
    0x73, 0x70, 0x6c, 0x69, 0x74, 0x42, 0x79, 0x53, 0x75, 0x62, 0x00, 0x0b,
    0x73, 0x70, 0x6c, 0x69, 0x74, 0x47, 0x72, 0x6f, 0x75, 0x70, 0x73, 0x00,
    0x0b, 0x73, 0x70, 0x72, 0x5f, 0x6c, 0x6f, 0x61, 0x64, 0x69, 0x6e, 0x67,
    0x00, 0x06, 0x73, 0x70, 0x72, 0x69, 0x74, 0x65, 0x00, 0x08, 0x73, 0x70,
    0x72, 0x69, 0x74, 0x65, 0x4a, 0x61, 0x00, 0x09, 0x73, 0x70, 0x72, 0x69,
    0x74, 0x65, 0x4b, 0x65, 0x79, 0x00, 0x0a, 0x73, 0x70, 0x72, 0x69, 0x74,
    0x65, 0x4b, 0x69, 0x6e, 0x64, 0x00, 0x08, 0x73, 0x70, 0x72, 0x69, 0x74,
    0x65, 0x73, 0x2f, 0x00, 0x03, 0x73, 0x72, 0x63, 0x00, 0x05, 0x73, 0x74,
    0x61, 0x72, 0x74, 0x00, 0x0c, 0x73, 0x74, 0x61, 0x72, 0x74, 0x44, 0x65,
    0x63, 0x6f, 0x64, 0x65, 0x72, 0x00, 0x0a, 0x73, 0x74, 0x61, 0x72, 0x74,
    0x73, 0x57, 0x69, 0x74, 0x68, 0x00, 0x05, 0x73, 0x74, 0x72, 0x69, 0x70,
    0x00, 0x0b, 0x73, 0x74, 0x72, 0x6f, 0x6b, 0x65, 0x57, 0x69, 0x64, 0x74,
    0x68, 0x00, 0x08, 0x73, 0x75, 0x62, 0x43, 0x6c, 0x61, 0x73, 0x73, 0x00,
    0x09, 0x73, 0x75, 0x62, 0x73, 0x74, 0x72, 0x69, 0x6e, 0x67, 0x00, 0x08,
    0x74, 0x61, 0x6b, 0x65, 0x4c, 0x61, 0x73, 0x74, 0x00, 0x04, 0x74, 0x65,
    0x78, 0x74, 0x00, 0x06, 0x74, 0x68, 0x69, 0x73, 0x24, 0x30, 0x00, 0x0b,
    0x74, 0x69, 0x6d, 0x65, 0x42, 0x75, 0x74, 0x74, 0x6f, 0x6e, 0x73, 0x00,
    0x05, 0x74, 0x69, 0x74, 0x6c, 0x65, 0x00, 0x07, 0x74, 0x6f, 0x41, 0x72,
    0x72, 0x61, 0x79, 0x00, 0x0b, 0x74, 0x6f, 0x4c, 0x6f, 0x77, 0x65, 0x72,
    0x43, 0x61, 0x73, 0x65, 0x00, 0x08, 0x74, 0x6f, 0x53, 0x74, 0x72, 0x69,
    0x6e, 0x67, 0x00, 0x05, 0x74, 0x6f, 0x61, 0x73, 0x74, 0x00, 0x0a, 0x74,
    0x6f, 0x67, 0x67, 0x6c, 0x65, 0x4d, 0x65, 0x6e, 0x75, 0x00, 0x10, 0x74,
    0x6f, 0x67, 0x67, 0x6c, 0x65, 0x57, 0x6f, 0x72, 0x6c, 0x64, 0x53, 0x74,
    0x61, 0x74, 0x65, 0x00, 0x09, 0x74, 0x6f, 0x70, 0x4d, 0x61, 0x72, 0x67,
    0x69, 0x6e, 0x00, 0x05, 0x74, 0x6f, 0x74, 0x61, 0x6c, 0x00, 0x09, 0x74,
    0x6f, 0x75, 0x63, 0x68, 0x53, 0x6c, 0x6f, 0x70, 0x00, 0x04, 0x74, 0x72,
    0x69, 0x6d, 0x00, 0x04, 0x75, 0x6e, 0x69, 0x74, 0x00, 0x11, 0x75, 0x70,
    0x64, 0x61, 0x74, 0x65, 0x41, 0x63, 0x74, 0x69, 0x76, 0x65, 0x43, 0x6f,
    0x75, 0x6e, 0x74, 0x00, 0x07, 0x76, 0x61, 0x6c, 0x24, 0x61, 0x63, 0x74,
    0x00, 0x0f, 0x76, 0x61, 0x6c, 0x24, 0x61, 0x63, 0x74, 0x69, 0x76, 0x65,
    0x4c, 0x61, 0x62, 0x65, 0x6c, 0x00, 0x0b, 0x76, 0x61, 0x6c, 0x24, 0x61,
    0x64, 0x61, 0x70, 0x74, 0x65, 0x72, 0x00, 0x07, 0x76, 0x61, 0x6c, 0x24,
    0x61, 0x6c, 0x6c, 0x00, 0x05, 0x76, 0x61, 0x6c, 0x24, 0x62, 0x00, 0x08,
    0x76, 0x61, 0x6c, 0x24, 0x62, 0x61, 0x63, 0x6b, 0x00, 0x08, 0x76, 0x61,
    0x6c, 0x24, 0x62, 0x6f, 0x64, 0x79, 0x00, 0x0b, 0x76, 0x61, 0x6c, 0x24,
    0x62, 0x75, 0x74, 0x74, 0x6f, 0x6e, 0x73, 0x00, 0x05, 0x76, 0x61, 0x6c,
    0x24, 0x63, 0x00, 0x09, 0x76, 0x61, 0x6c, 0x24, 0x63, 0x61, 0x72, 0x64,
    0x73, 0x00, 0x0b, 0x76, 0x61, 0x6c, 0x24, 0x63, 0x6f, 0x6e, 0x74, 0x65,
    0x6e, 0x74, 0x00, 0x0e, 0x76, 0x61, 0x6c, 0x24, 0x63, 0x6f, 0x75, 0x6e,
    0x74, 0x4c, 0x61, 0x62, 0x65, 0x6c, 0x00, 0x0a, 0x76, 0x61, 0x6c, 0x24,
    0x66, 0x6f, 0x6c, 0x64, 0x65, 0x72, 0x00, 0x05, 0x76, 0x61, 0x6c, 0x24,
    0x68, 0x00, 0x06, 0x76, 0x61, 0x6c, 0x24, 0x69, 0x64, 0x00, 0x09, 0x76,
    0x61, 0x6c, 0x24, 0x69, 0x6e, 0x64, 0x65, 0x78, 0x00, 0x05, 0x76, 0x61,
    0x6c, 0x24, 0x6b, 0x00, 0x08, 0x76, 0x61, 0x6c, 0x24, 0x6c, 0x69, 0x73,
    0x74, 0x00, 0x07, 0x76, 0x61, 0x6c, 0x24, 0x6d, 0x6f, 0x64, 0x00, 0x08,
    0x76, 0x61, 0x6c, 0x24, 0x6e, 0x61, 0x6d, 0x65, 0x00, 0x0b, 0x76, 0x61,
    0x6c, 0x24, 0x70, 0x65, 0x6e, 0x64, 0x69, 0x6e, 0x67, 0x00, 0x07, 0x76,
    0x61, 0x6c, 0x24, 0x71, 0x74, 0x79, 0x00, 0x0a, 0x76, 0x61, 0x6c, 0x24,
    0x71, 0x74, 0x79, 0x42, 0x61, 0x72, 0x00, 0x0c, 0x76, 0x61, 0x6c, 0x24,
    0x71, 0x74, 0x79, 0x4c, 0x61, 0x62, 0x65, 0x6c, 0x00, 0x0a, 0x76, 0x61,
    0x6c, 0x24, 0x72, 0x65, 0x64, 0x72, 0x61, 0x77, 0x00, 0x05, 0x76, 0x61,
    0x6c, 0x24, 0x73, 0x00, 0x08, 0x76, 0x61, 0x6c, 0x24, 0x74, 0x65, 0x72,
    0x6d, 0x00, 0x08, 0x76, 0x61, 0x6c, 0x24, 0x74, 0x65, 0x78, 0x74, 0x00,
    0x09, 0x76, 0x61, 0x6c, 0x24, 0x77, 0x68, 0x69, 0x63, 0x68, 0x00, 0x05,
    0x76, 0x61, 0x6c, 0x75, 0x65, 0x00, 0x07, 0x76, 0x61, 0x6c, 0x75, 0x65,
    0x4f, 0x66, 0x00, 0x0a, 0x77, 0x61, 0x74, 0x63, 0x68, 0x57, 0x6f, 0x72,
    0x6c, 0x64, 0x00, 0x05, 0x77, 0x69, 0x64, 0x74, 0x68, 0x00, 0x0b, 0x77,
    0x69, 0x64, 0x74, 0x68, 0x50, 0x69, 0x78, 0x65, 0x6c, 0x73, 0x00, 0x0a,
    0x77, 0x69, 0x64, 0x74, 0x68, 0x55, 0x6e, 0x69, 0x74, 0x73, 0x00, 0x0b,
    0x77, 0x69, 0x74, 0x68, 0x43, 0x61, 0x74, 0x61, 0x6c, 0x6f, 0x67, 0x00,
    0x01, 0x78, 0x00, 0x02, 0x78, 0x30, 0x00, 0x03, 0x78, 0x31, 0x30, 0x00,
    0x02, 0x78, 0x32, 0x00, 0x02, 0x78, 0x33, 0x00, 0x02, 0x78, 0x35, 0x00,
    0x01, 0x79, 0x00, 0x02, 0x79, 0x30, 0x00, 0x9e, 0x01, 0x7e, 0x7e, 0x44,
    0x38, 0x7b, 0x22, 0x62, 0x61, 0x63, 0x6b, 0x65, 0x6e, 0x64, 0x22, 0x3a,
    0x22, 0x64, 0x65, 0x78, 0x22, 0x2c, 0x22, 0x63, 0x6f, 0x6d, 0x70, 0x69,
    0x6c, 0x61, 0x74, 0x69, 0x6f, 0x6e, 0x2d, 0x6d, 0x6f, 0x64, 0x65, 0x22,
    0x3a, 0x22, 0x72, 0x65, 0x6c, 0x65, 0x61, 0x73, 0x65, 0x22, 0x2c, 0x22,
    0x68, 0x61, 0x73, 0x2d, 0x63, 0x68, 0x65, 0x63, 0x6b, 0x73, 0x75, 0x6d,
    0x73, 0x22, 0x3a, 0x66, 0x61, 0x6c, 0x73, 0x65, 0x2c, 0x22, 0x6d, 0x69,
    0x6e, 0x2d, 0x61, 0x70, 0x69, 0x22, 0x3a, 0x32, 0x36, 0x2c, 0x22, 0x73,
    0x68, 0x61, 0x2d, 0x31, 0x22, 0x3a, 0x22, 0x37, 0x35, 0x30, 0x61, 0x32,
    0x31, 0x62, 0x34, 0x66, 0x34, 0x32, 0x38, 0x31, 0x62, 0x31, 0x66, 0x34,
    0x35, 0x33, 0x62, 0x36, 0x34, 0x39, 0x65, 0x30, 0x62, 0x38, 0x34, 0x66,
    0x31, 0x62, 0x61, 0x39, 0x63, 0x30, 0x34, 0x66, 0x34, 0x66, 0x63, 0x22,
    0x2c, 0x22, 0x76, 0x65, 0x72, 0x73, 0x69, 0x6f, 0x6e, 0x22, 0x3a, 0x22,
    0x39, 0x2e, 0x30, 0x2e, 0x33, 0x2d, 0x64, 0x65, 0x76, 0x22, 0x7d, 0x00,
    0x0b, 0xc3, 0x80, 0x20, 0x64, 0x69, 0x73, 0x74, 0xc3, 0xa2, 0x6e, 0x63,
    0x69, 0x61, 0x00, 0x02, 0x67, 0x02, 0xde, 0x04, 0x1c, 0x02, 0x44, 0x10,
    0x80, 0x00, 0x24, 0x10, 0x10, 0xc2, 0x06, 0x1c, 0x02, 0x1e, 0x1e, 0x02,
    0x68, 0x01, 0x8c, 0x08, 0x1c, 0x01, 0x17, 0x14, 0x02, 0x64, 0x01, 0x8c,
    0x08, 0x1a, 0xbd, 0x02, 0x65, 0x02, 0xde, 0x04, 0x04, 0x00, 0xbe, 0x06,
    0x1e, 0x02, 0x64, 0x01, 0x8c, 0x08, 0x3a, 0x47, 0x01, 0x02, 0x64, 0x01,
    0x8c, 0x08, 0x3a, 0x89, 0x01, 0x02, 0x64, 0x01, 0x8c, 0x08, 0x3a, 0x8d,
    0x01, 0x02, 0x64, 0x01, 0x8c, 0x08, 0x1a, 0xaa, 0x02, 0x64, 0x01, 0x8c,
    0x08, 0x3a, 0x8e, 0x01, 0x02, 0x64, 0x01, 0x8c, 0x08, 0x1a, 0xb7, 0x02,
    0x64, 0x01, 0x8c, 0x08, 0x3a, 0x84, 0x01, 0x02, 0x64, 0x01, 0x8c, 0x08,
    0x3a, 0x8f, 0x01, 0x02, 0x64, 0x01, 0x8c, 0x08, 0x3a, 0xa1, 0x01, 0x02,
    0x64, 0x01, 0x8c, 0x08, 0x3a, 0x50, 0x01, 0x02, 0x64, 0x01, 0x8c, 0x08,
    0x3a, 0x8c, 0x01, 0x02, 0x64, 0x01, 0x8c, 0x08, 0x3a, 0x45, 0x01, 0x02,
    0x68, 0x01, 0x8c, 0x08, 0x1c, 0x05, 0x17, 0x13, 0x37, 0x5d, 0x01, 0x37,
    0x4c, 0x01, 0x17, 0xe4, 0x17, 0x1c, 0x02, 0x63, 0x01, 0x8c, 0x08, 0x18,
    0x61, 0x02, 0x68, 0x01, 0x8c, 0x08, 0x1c, 0x04, 0x37, 0x5a, 0x01, 0x37,
    0x4c, 0x01, 0x17, 0xe4, 0x17, 0x1a, 0x02, 0x67, 0x02, 0xde, 0x04, 0x1c,
    0x03, 0x44, 0x10, 0x80, 0x00, 0x24, 0x10, 0x10, 0x24, 0x10, 0x10, 0xc2,
    0x06, 0x1c, 0x03, 0x1e, 0x1e, 0x1e, 0x02, 0x64, 0x01, 0x8c, 0x08, 0x1a,
    0xcc, 0x02, 0x64, 0x01, 0x8c, 0x08, 0x3a, 0x97, 0x01, 0x02, 0x64, 0x01,
    0x8c, 0x08, 0x3a, 0x56, 0x01, 0x02, 0x64, 0x01, 0x8c, 0x08, 0x3a, 0x9f,
    0x01, 0x02, 0x64, 0x01, 0x8c, 0x08, 0x3a, 0x48, 0x01, 0x02, 0x67, 0x02,
    0xde, 0x04, 0x1c, 0x01, 0x44, 0x10, 0x80, 0x00, 0xc2, 0x06, 0x1c, 0x01,
    0x1e, 0x02, 0x64, 0x01, 0x8c, 0x08, 0x1a, 0xda, 0x02, 0x64, 0x01, 0x8c,
    0x08, 0x3a, 0x99, 0x01, 0x02, 0x65, 0x02, 0xde, 0x04, 0x04, 0x1a, 0xbe,
    0x06, 0x17, 0x53, 0x02, 0x65, 0x02, 0xde, 0x04, 0x04, 0x1a, 0xbe, 0x06,
    0x17, 0x74, 0x02, 0x65, 0x02, 0xde, 0x04, 0x04, 0x1a, 0xbe, 0x06, 0x37,
    0xa5, 0x01, 0x02, 0x65, 0x02, 0xde, 0x04, 0x04, 0x1a, 0xbe, 0x06, 0x37,
    0xc3, 0x01, 0x02, 0x65, 0x02, 0xde, 0x04, 0x04, 0x1a, 0xbe, 0x06, 0x37,
    0xcc, 0x01, 0x02, 0x65, 0x02, 0xde, 0x04, 0x04, 0x1a, 0xbe, 0x06, 0x37,
    0xd1, 0x01, 0x02, 0x65, 0x02, 0xde, 0x04, 0x04, 0x1a, 0xbe, 0x06, 0x37,
    0xdb, 0x01, 0x02, 0x65, 0x02, 0xde, 0x04, 0x04, 0x1a, 0xbe, 0x06, 0x37,
    0xe5, 0x01, 0x02, 0x68, 0x01, 0x8c, 0x08, 0x1c, 0x04, 0x17, 0x13, 0x37,
    0x52, 0x01, 0x37, 0x35, 0x01, 0x17, 0x1b, 0x02, 0x68, 0x01, 0x8c, 0x08,
    0x1c, 0x03, 0x37, 0x52, 0x01, 0x37, 0x4b, 0x01, 0x17, 0x1a, 0x02, 0x68,
    0x01, 0x8c, 0x08, 0x1c, 0x04, 0x37, 0x57, 0x01, 0x37, 0x4c, 0x01, 0x17,
    0xe4, 0x17, 0x1a, 0x02, 0x68, 0x01, 0x8c, 0x08, 0x1c, 0x04, 0x37, 0x5f,
    0x01, 0x37, 0x4c, 0x01, 0x17, 0xe4, 0x17, 0x1a, 0x02, 0x68, 0x01, 0x8c,
    0x08, 0x1c, 0x03, 0x37, 0x64, 0x01, 0x37, 0x4c, 0x01, 0x17, 0x1a, 0x02,
    0x68, 0x01, 0x8c, 0x08, 0x1c, 0x03, 0x37, 0x61, 0x01, 0x37, 0x4c, 0x01,
    0x17, 0x1a, 0x02, 0x68, 0x01, 0x8c, 0x08, 0x1c, 0x05, 0x37, 0x57, 0x01,
    0x37, 0x4c, 0x01, 0x37, 0x52, 0x01, 0x37, 0x09, 0x01, 0x17, 0x1d, 0x02,
    0x66, 0x01, 0x8c, 0x08, 0x1c, 0x08, 0x18, 0x5f, 0x18, 0x59, 0x18, 0x5b,
    0x18, 0x60, 0x18, 0x5a, 0x18, 0x5d, 0x18, 0x5e, 0x18, 0x5c, 0x00, 0x02,
    0x01, 0x01, 0x13, 0x90, 0x20, 0x01, 0x90, 0x20, 0x9d, 0x01, 0x80, 0x80,
    0x04, 0xa4, 0x70, 0x9e, 0x01, 0x01, 0xc4, 0x70, 0x00, 0x01, 0x01, 0x01,
    0x15, 0x90, 0x20, 0x9f, 0x01, 0x80, 0x80, 0x04, 0xb0, 0x71, 0xa0, 0x01,
    0x01, 0xcc, 0x71, 0x00, 0x05, 0x01, 0x01, 0x16, 0x90, 0x20, 0x01, 0x90,
    0x20, 0x01, 0x90, 0x20, 0x01, 0x90, 0x20, 0x01, 0x90, 0x20, 0xa1, 0x01,
    0x80, 0x80, 0x04, 0xe8, 0x71, 0xa2, 0x01, 0x01, 0x94, 0x72, 0x00, 0x04,
    0x01, 0x01, 0x1b, 0x90, 0x20, 0x01, 0x90, 0x20, 0x01, 0x90, 0x20, 0x01,
    0x90, 0x20, 0xa3, 0x01, 0x80, 0x80, 0x04, 0xcc, 0x72, 0xa4, 0x01, 0x01,
    0xf4, 0x72, 0x00, 0x04, 0x01, 0x01, 0x1f, 0x90, 0x20, 0x01, 0x90, 0x20,
    0x01, 0x90, 0x20, 0x01, 0x90, 0x20, 0xa5, 0x01, 0x80, 0x80, 0x04, 0xa8,
    0x73, 0xa6, 0x01, 0x01, 0xd0, 0x73, 0x00, 0x02, 0x01, 0x01, 0x23, 0x90,
    0x20, 0x01, 0x90, 0x20, 0xa7, 0x01, 0x80, 0x80, 0x04, 0x84, 0x74, 0xa8,
    0x01, 0x01, 0xa4, 0x74, 0x00, 0x05, 0x01, 0x01, 0x25, 0x90, 0x20, 0x01,
    0x90, 0x20, 0x01, 0x90, 0x20, 0x01, 0x90, 0x20, 0x01, 0x90, 0x20, 0xa9,
    0x01, 0x80, 0x80, 0x04, 0xfc, 0x74, 0xaa, 0x01, 0x01, 0xa8, 0x75, 0x00,
    0x04, 0x01, 0x01, 0x2a, 0x90, 0x20, 0x01, 0x90, 0x20, 0x01, 0x90, 0x20,
    0x01, 0x90, 0x20, 0xab, 0x01, 0x80, 0x80, 0x04, 0xf0, 0x75, 0xac, 0x01,
    0x01, 0x98, 0x76, 0x00, 0x03, 0x01, 0x04, 0x2e, 0x90, 0x20, 0x01, 0x90,
    0x20, 0x01, 0x90, 0x20, 0xad, 0x01, 0x80, 0x80, 0x04, 0xd8, 0x77, 0xae,
    0x01, 0x01, 0x90, 0x77, 0x01, 0x01, 0xb0, 0x77, 0x01, 0x01, 0xc4, 0x77,
    0x01, 0x01, 0xe0, 0x76, 0x00, 0x02, 0x01, 0x01, 0x31, 0x90, 0x20, 0x01,
    0x90, 0x20, 0xb2, 0x01, 0x80, 0x80, 0x04, 0xfc, 0x77, 0xb3, 0x01, 0x01,
    0x9c, 0x78, 0x00, 0x05, 0x01, 0x03, 0x33, 0x90, 0x20, 0x01, 0x90, 0x20,
    0x01, 0x90, 0x20, 0x01, 0x90, 0x20, 0x01, 0x90, 0x20, 0xb4, 0x01, 0x80,
    0x80, 0x04, 0xe0, 0x79, 0xb5, 0x01, 0x01, 0x8c, 0x7a, 0x01, 0x01, 0xa0,
    0x7a, 0x01, 0x01, 0xb4, 0x7a, 0x00, 0x05, 0x01, 0x01, 0x38, 0x90, 0x20,
    0x01, 0x90, 0x20, 0x01, 0x90, 0x20, 0x01, 0x90, 0x20, 0x01, 0x90, 0x20,
    0xb8, 0x01, 0x80, 0x80, 0x04, 0x90, 0x7b, 0xb9, 0x01, 0x01, 0xbc, 0x7b,
    0x00, 0x03, 0x01, 0x01, 0x3d, 0x90, 0x20, 0x01, 0x90, 0x20, 0x01, 0x90,
    0x20, 0xba, 0x01, 0x80, 0x80, 0x04, 0xac, 0x7e, 0xbb, 0x01, 0x01, 0xd0,
    0x7e, 0x00, 0x01, 0x01, 0x01, 0x40, 0x90, 0x20, 0xbc, 0x01, 0x80, 0x80,
    0x04, 0xc4, 0x7f, 0xbd, 0x01, 0x01, 0xe0, 0x7f, 0x00, 0x04, 0x01, 0x01,
    0x41, 0x90, 0x20, 0x01, 0x90, 0x20, 0x01, 0x90, 0x20, 0x01, 0x90, 0x20,
    0xbe, 0x01, 0x80, 0x80, 0x04, 0x98, 0x80, 0x01, 0xbf, 0x01, 0x01, 0xc0,
    0x80, 0x01, 0x00, 0x03, 0x01, 0x01, 0x45, 0x90, 0x20, 0x01, 0x90, 0x20,
    0x01, 0x90, 0x20, 0xc0, 0x01, 0x80, 0x80, 0x04, 0xa8, 0x82, 0x01, 0xc1,
    0x01, 0x01, 0xcc, 0x82, 0x01, 0x00, 0x02, 0x01, 0x01, 0x48, 0x90, 0x20,
    0x01, 0x90, 0x20, 0xc2, 0x01, 0x80, 0x80, 0x04, 0xf0, 0x82, 0x01, 0xc3,
    0x01, 0x01, 0x90, 0x83, 0x01, 0x00, 0x02, 0x01, 0x01, 0x4a, 0x90, 0x20,
    0x01, 0x90, 0x20, 0xc4, 0x01, 0x80, 0x80, 0x04, 0xbc, 0x83, 0x01, 0xc5,
    0x01, 0x01, 0xdc, 0x83, 0x01, 0x00, 0x00, 0x01, 0x01, 0xc6, 0x01, 0x80,
    0x80, 0x04, 0xdc, 0x84, 0x01, 0xc7, 0x01, 0x04, 0xb4, 0x84, 0x01, 0x00,
    0x03, 0x01, 0x01, 0x4c, 0x90, 0x20, 0x01, 0x90, 0x20, 0x01, 0x90, 0x20,
    0xc9, 0x01, 0x80, 0x80, 0x04, 0xf4, 0x84, 0x01, 0xca, 0x01, 0x01, 0x98,
    0x85, 0x01, 0x00, 0x01, 0x01, 0x01, 0x4f, 0x90, 0x20, 0xcb, 0x01, 0x80,
    0x80, 0x04, 0xc0, 0x85, 0x01, 0xcc, 0x01, 0x01, 0xdc, 0x85, 0x01, 0x00,
    0x01, 0x01, 0x01, 0x50, 0x90, 0x20, 0xcd, 0x01, 0x80, 0x80, 0x04, 0xbc,
    0x86, 0x01, 0xce, 0x01, 0x01, 0xd8, 0x86, 0x01, 0x00, 0x03, 0x01, 0x01,
    0x51, 0x90, 0x20, 0x01, 0x90, 0x20, 0x01, 0x90, 0x20, 0xcf, 0x01, 0x80,
    0x80, 0x04, 0x80, 0x87, 0x01, 0xd0, 0x01, 0x01, 0xa4, 0x87, 0x01, 0x00,
    0x00, 0x01, 0x01, 0xd1, 0x01, 0x80, 0x80, 0x04, 0xd8, 0x88, 0x01, 0xd2,
    0x01, 0x01, 0xf0, 0x88, 0x01, 0x00, 0x05, 0x01, 0x01, 0x54, 0x90, 0x20,
    0x01, 0x90, 0x20, 0x01, 0x90, 0x20, 0x01, 0x90, 0x20, 0x01, 0x90, 0x20,
    0xd3, 0x01, 0x80, 0x80, 0x04, 0x84, 0x89, 0x01, 0xd4, 0x01, 0x01, 0xb0,
    0x89, 0x01, 0x00, 0x00, 0x01, 0x01, 0xd5, 0x01, 0x80, 0x80, 0x04, 0xdc,
    0x89, 0x01, 0xd6, 0x01, 0x01, 0xf4, 0x89, 0x01, 0x00, 0x01, 0x01, 0x01,
    0x59, 0x90, 0x20, 0xd7, 0x01, 0x80, 0x80, 0x04, 0xa4, 0x8a, 0x01, 0xd8,
    0x01, 0x01, 0xc0, 0x8a, 0x01, 0x00, 0x03, 0x01, 0x01, 0x5a, 0x90, 0x20,
    0x01, 0x90, 0x20, 0x01, 0x90, 0x20, 0xd9, 0x01, 0x80, 0x80, 0x04, 0xfc,
    0x8a, 0x01, 0xda, 0x01, 0x01, 0xa0, 0x8b, 0x01, 0x00, 0x0f, 0x02, 0x00,
    0x5d, 0x00, 0x01, 0x00, 0x01, 0x00, 0x01, 0x00, 0x01, 0x00, 0x01, 0x00,
    0x01, 0x00, 0x01, 0x00, 0x01, 0x00, 0x01, 0x00, 0x01, 0x00, 0x01, 0x00,
    0x01, 0x00, 0x01, 0x00, 0x01, 0x00, 0xdb, 0x01, 0x82, 0x80, 0x04, 0xac,
    0x8c, 0x01, 0x01, 0x80, 0xa0, 0x04, 0xc4, 0x8c, 0x01, 0x00, 0x07, 0x01,
    0x01, 0x6c, 0x12, 0x01, 0x02, 0x01, 0x02, 0x01, 0x02, 0x01, 0x12, 0x01,
    0x02, 0x01, 0x02, 0xdd, 0x01, 0x80, 0x80, 0x04, 0xb4, 0x8f, 0x01, 0xde,
    0x01, 0x01, 0xdc, 0x8c, 0x01, 0x00, 0x01, 0x01, 0x01, 0x73, 0x12, 0xdf,
    0x01, 0x80, 0x80, 0x04, 0xe4, 0x8f, 0x01, 0xe7, 0x01, 0x04, 0xac, 0x90,
    0x01, 0x00, 0x04, 0x02, 0x00, 0x74, 0x00, 0x01, 0x00, 0x01, 0x00, 0x01,
    0x00, 0xea, 0x01, 0x82, 0x80, 0x04, 0xf0, 0x91, 0x01, 0x01, 0x80, 0xa0,
    0x04, 0x88, 0x92, 0x01, 0x00, 0x06, 0x01, 0x04, 0x78, 0x12, 0x01, 0x12,
    0x01, 0x12, 0x01, 0x00, 0x01, 0x12, 0x01, 0x02, 0xec, 0x01, 0x80, 0x80,
    0x04, 0x80, 0x94, 0x01, 0xf2, 0x01, 0x04, 0xdc, 0x94, 0x01, 0x01, 0x04,
    0xe4, 0x98, 0x01, 0x01, 0x01, 0xa0, 0x92, 0x01, 0x03, 0x00, 0xe8, 0x93,
    0x01, 0x00, 0x04, 0x02, 0x00, 0x7e, 0x00, 0x01, 0x00, 0x01, 0x00, 0x01,
    0x00, 0xf8, 0x01, 0x82, 0x80, 0x04, 0xe0, 0x99, 0x01, 0x01, 0x80, 0xa0,
    0x04, 0xf8, 0x99, 0x01, 0x05, 0x11, 0x0a, 0x0a, 0x82, 0x01, 0x18, 0x01,
    0x18, 0x01, 0x18, 0x01, 0x18, 0x01, 0x18, 0x87, 0x01, 0x00, 0x01, 0x10,
    0x01, 0x00, 0x01, 0x10, 0x01, 0x10, 0x01, 0x02, 0x01, 0x00, 0x01, 0x10,
    0x01, 0x10, 0x01, 0x00, 0x01, 0x00, 0x01, 0x00, 0x01, 0x00, 0x01, 0x10,
    0x01, 0x10, 0x01, 0x00, 0x01, 0x10, 0xfa, 0x01, 0x82, 0x80, 0x04, 0xc0,
    0xa4, 0x01, 0x03, 0x08, 0xf4, 0x9c, 0x01, 0x02, 0x08, 0xb0, 0x9d, 0x01,
    0x02, 0x08, 0xec, 0x9d, 0x01, 0x01, 0x08, 0xa0, 0x9e, 0x01, 0x02, 0x08,
    0xd0, 0x9e, 0x01, 0x01, 0x08, 0xbc, 0x9f, 0x01, 0x03, 0x08, 0x98, 0xa0,
    0x01, 0x01, 0x08, 0xd4, 0xa0, 0x01, 0x01, 0x08, 0x84, 0xa1, 0x01, 0xfb,
    0x01, 0x00, 0x88, 0xa5, 0x01, 0x01, 0x00, 0x90, 0x9a, 0x01, 0x02, 0x00,
    0xb4, 0xa1, 0x01, 0x02, 0x00, 0xdc, 0xa1, 0x01, 0x03, 0x00, 0xb4, 0x9a,
    0x01, 0x03, 0x00, 0xd0, 0xa2, 0x01, 0x01, 0x00, 0xd4, 0x9c, 0x01, 0x04,
    0x00, 0xbc, 0xa3, 0x01, 0x01, 0x00, 0xfc, 0xa1, 0x01, 0x01, 0x00, 0xb0,
    0xa2, 0x01, 0x04, 0x05, 0x01, 0x02, 0x98, 0x01, 0x1a, 0x01, 0x1a, 0x01,
    0x1a, 0x01, 0x1a, 0x9c, 0x01, 0x12, 0x01, 0x02, 0x01, 0x12, 0x01, 0x12,
    0x01, 0x12, 0x8e, 0x02, 0x80, 0x80, 0x04, 0xf8, 0xa6, 0x01, 0x92, 0x02,
    0x04, 0xd4, 0xa7, 0x01, 0x01, 0x04, 0xf8, 0xa8, 0x01, 0x56, 0x00, 0x8c,
    0x01, 0x00, 0xa1, 0x01, 0x1a, 0x01, 0x1a, 0x01, 0x1a, 0x01, 0x1a, 0x01,
    0x1a, 0x01, 0x1a, 0x01, 0x1a, 0x01, 0x1a, 0x01, 0x1a, 0x01, 0x1a, 0x01,
    0x1a, 0x01, 0x1a, 0x01, 0x1a, 0x01, 0x1a, 0x01, 0x1a, 0x01, 0x1a, 0x01,
    0x1a, 0x01, 0x1a, 0x01, 0x1a, 0x01, 0x1a, 0x01, 0x1a, 0x01, 0x1a, 0x01,
    0x1a, 0x01, 0x1a, 0x01, 0x1a, 0x01, 0x1a, 0x01, 0x1a, 0x01, 0x1a, 0x01,
    0x1a, 0x01, 0x1a, 0x01, 0x1a, 0x01, 0x1a, 0x01, 0x1a, 0x01, 0x1a, 0x01,
    0x1a, 0x01, 0x1a, 0x01, 0x1a, 0x01, 0x1a, 0x01, 0x1a, 0x01, 0x1a, 0x01,
    0x1a, 0x01, 0x1a, 0x01, 0x1a, 0x01, 0x1a, 0x01, 0x1a, 0x01, 0x1a, 0x01,
    0x1a, 0x01, 0x1a, 0x01, 0x1a, 0x01, 0x1a, 0x01, 0x1a, 0x01, 0x1a, 0x01,
    0x1a, 0x01, 0x1a, 0x01, 0x1a, 0x01, 0x1a, 0x01, 0x1a, 0x01, 0x1a, 0x01,
    0x1a, 0x01, 0x1a, 0x01, 0x1a, 0x01, 0x1a, 0x01, 0x1a, 0x01, 0x1a, 0x01,
    0x0a, 0x01, 0x1a, 0x01, 0x4a, 0x01, 0x0a, 0x01, 0x0a, 0x01, 0x0a, 0x01,
    0x0a, 0x01, 0x0a, 0x01, 0x0a, 0x01, 0x0a, 0x01, 0x1a, 0x01, 0x0a, 0x01,
    0x1a, 0x01, 0x1a, 0x01, 0x1a, 0x01, 0x1a, 0x01, 0x0a, 0x01, 0x0a, 0x01,
    0x0a, 0x01, 0x0a, 0x01, 0x1a, 0x01, 0x0a, 0x96, 0x02, 0x88, 0x80, 0x04,
    0x98, 0xe8, 0x01, 0x01, 0x81, 0x80, 0x04, 0xa8, 0xf2, 0x01, 0x01, 0x88,
    0x20, 0xc0, 0xcc, 0x01, 0x01, 0x88, 0x20, 0xdc, 0xcc, 0x01, 0x01, 0x88,
    0x20, 0xb4, 0xa9, 0x01, 0x01, 0x88, 0x20, 0xf4, 0xcc, 0x01, 0x01, 0x88,
    0x20, 0xc0, 0xf2, 0x01, 0x01, 0x88, 0x20, 0xd0, 0xa9, 0x01, 0x01, 0x88,
    0x20, 0xd8, 0xf2, 0x01, 0x01, 0x88, 0x20, 0xb4, 0xd8, 0x01, 0x01, 0x88,
    0x20, 0xf0, 0xf2, 0x01, 0x01, 0x88, 0x20, 0x88, 0xf3, 0x01, 0x01, 0x88,
    0x20, 0xbc, 0xb0, 0x01, 0x01, 0x88, 0x20, 0xa0, 0xf3, 0x01, 0x01, 0x88,
    0x20, 0xb8, 0xf3, 0x01, 0x01, 0x88, 0x20, 0xec, 0xae, 0x01, 0x01, 0x88,
    0x20, 0x88, 0xca, 0x01, 0x01, 0x88, 0x20, 0xe4, 0xe6, 0x01, 0x01, 0x88,
    0x20, 0xfc, 0xd5, 0x01, 0x01, 0x88, 0x20, 0xd0, 0xd8, 0x01, 0x01, 0x88,
    0x20, 0xd0, 0xf3, 0x01, 0x01, 0x88, 0x20, 0xe8, 0xf3, 0x01, 0x01, 0x88,
    0x20, 0xd0, 0xe2, 0x01, 0x01, 0x88, 0x20, 0xd4, 0xb0, 0x01, 0x01, 0x88,
    0x20, 0xe8, 0xd8, 0x01, 0x01, 0x88, 0x20, 0xe8, 0xe7, 0x01, 0x01, 0x88,
    0x20, 0xc4, 0xdb, 0x01, 0x01, 0x88, 0x20, 0x80, 0xf4, 0x01, 0x01, 0x88,
    0x20, 0x98, 0xf4, 0x01, 0x01, 0x88, 0x20, 0xb0, 0xf4, 0x01, 0x01, 0x88,
    0x20, 0xa0, 0xca, 0x01, 0x01, 0x88, 0x20, 0xc8, 0xf4, 0x01, 0x01, 0x88,
    0x20, 0xbc, 0xca, 0x01, 0x01, 0x88, 0x20, 0xe0, 0xf4, 0x01, 0x01, 0x88,
    0x20, 0xd0, 0xe7, 0x01, 0x01, 0x88, 0x20, 0xf8, 0xf4, 0x01, 0x01, 0x88,
    0x20, 0xfc, 0xe6, 0x01, 0x01, 0x88, 0x20, 0xec, 0xe2, 0x01, 0x01, 0x88,
    0x20, 0xdc, 0xdb, 0x01, 0x01, 0x88, 0x20, 0x84, 0xd9, 0x01, 0x01, 0x88,
    0x20, 0x80, 0xe8, 0x01, 0x01, 0x0a, 0xa0, 0xd9, 0x01, 0x01, 0x0a, 0x90,
    0xf5, 0x01, 0x01, 0x0a, 0xc0, 0xf7, 0x01, 0x01, 0x0a, 0x98, 0xd6, 0x01,
    0x01, 0x0a, 0xf8, 0xdb, 0x01, 0x01, 0x0a, 0x8c, 0xcd, 0x01, 0x01, 0x0a,
    0xec, 0xf7, 0x01, 0x01, 0x0a, 0xa8, 0xc7, 0x01, 0x01, 0x0a, 0xc4, 0xc7,
    0x01, 0x01, 0x0a, 0xf0, 0xb0, 0x01, 0x01, 0x0a, 0xf4, 0xf8, 0x01, 0x01,
    0x0a, 0xe4, 0xd9, 0x01, 0x01, 0x0a, 0xa0, 0xd0, 0x01, 0x01, 0x0a, 0xc8,
    0xd6, 0x01, 0x01, 0x0a, 0xec, 0xa9, 0x01, 0x01, 0x0a, 0xbc, 0xfa, 0x01,
    0x01, 0x0a, 0xb4, 0xfb, 0x01, 0x01, 0x0a, 0x94, 0xfc, 0x01, 0x01, 0x0a,
    0x88, 0xe3, 0x01, 0x01, 0x0a, 0xa0, 0xae, 0x01, 0x01, 0x0a, 0xa0, 0xda,
    0x01, 0x01, 0x0a, 0x88, 0xaf, 0x01, 0x01, 0x0a, 0xe8, 0xc5, 0x01, 0x01,
    0x09, 0x88, 0xfd, 0x01, 0x01, 0x0a, 0xd8, 0xca, 0x01, 0x01, 0x0a, 0x80,
    0xcb, 0x01, 0x01, 0x0a, 0xb0, 0xcb, 0x01, 0x01, 0x0a, 0x94, 0xcc, 0x01,
    0x01, 0x0a, 0xc0, 0xfd, 0x01, 0x01, 0x0a, 0xb0, 0xb9, 0x01, 0x01, 0x0a,
    0xcc, 0xe4, 0x01, 0x01, 0x89, 0x02, 0x00, 0x01, 0x89, 0x02, 0x00, 0x01,
    0x89, 0x02, 0x00, 0x01, 0x89, 0x02, 0x00, 0x01, 0x89, 0x02, 0x00, 0x01,
    0x89, 0x02, 0x00, 0x01, 0x89, 0x02, 0x00, 0x01, 0x89, 0x02, 0x00, 0x01,
    0x89, 0x02, 0x00, 0x01, 0x89, 0x02, 0x00, 0x01, 0x89, 0x02, 0x00, 0x01,
    0x89, 0x02, 0x00, 0x01, 0x89, 0x02, 0x00, 0x01, 0x89, 0x02, 0x00, 0x01,
    0x89, 0x02, 0x00, 0x01, 0x89, 0x02, 0x00, 0x01, 0x89, 0x02, 0x00, 0x01,
    0x89, 0x02, 0x00, 0x01, 0x89, 0x02, 0x00, 0x01, 0x89, 0x02, 0x00, 0x01,
    0x89, 0x02, 0x00, 0x01, 0x89, 0x02, 0x00, 0x01, 0x89, 0x02, 0x00, 0x01,
    0x89, 0x02, 0x00, 0x01, 0x0a, 0xec, 0xdc, 0x01, 0x01, 0x0a, 0x98, 0xe7,
    0x01, 0x01, 0x0a, 0xa4, 0xfe, 0x01, 0x01, 0x0a, 0xec, 0xff, 0x01, 0x01,
    0x0a, 0xc4, 0xaf, 0x01, 0x01, 0x0a, 0x8c, 0xb0, 0x01, 0x01, 0x0a, 0xa0,
    0xba, 0x01, 0x01, 0x0a, 0xec, 0xda, 0x01, 0x01, 0x0a, 0xb0, 0xe5, 0x01,
    0x01, 0x0a, 0xa0, 0xdb, 0x01, 0x01, 0x0a, 0xd4, 0xe5, 0x01, 0x01, 0x0a,
    0x84, 0x82, 0x02, 0x01, 0x0a, 0xb0, 0x83, 0x02, 0x01, 0x0a, 0xd0, 0x84,
    0x02, 0x01, 0x0a, 0xb8, 0xbd, 0x01, 0x01, 0x0a, 0x90, 0x86, 0x02, 0x01,
    0x0a, 0xec, 0x86, 0x02, 0x01, 0x0a, 0xb4, 0xc6, 0x01, 0x01, 0x0a, 0x9c,
    0xd1, 0x01, 0x01, 0x0a, 0xdc, 0x87, 0x02, 0x01, 0x0a, 0xc0, 0xdd, 0x01,
    0x01, 0x0a, 0xe0, 0x88, 0x02, 0x01, 0x09, 0xa8, 0x89, 0x02, 0x01, 0x0a,
    0xd4, 0x89, 0x02, 0x01, 0x0a, 0xb0, 0x90, 0x02, 0x01, 0x0a, 0xa8, 0x97,
    0x02, 0x01, 0x0a, 0xf0, 0x9b, 0x02, 0x01, 0x0a, 0xf4, 0xdd, 0x01, 0x01,
    0x0a, 0xc8, 0xe0, 0x01, 0x01, 0x0a, 0xa0, 0xdf, 0x01, 0x01, 0x0a, 0xd8,
    0xac, 0x01, 0x01, 0x0a, 0xd8, 0xad, 0x01, 0x01, 0x0a, 0xac, 0xe6, 0x01,
    0x01, 0x0a, 0x94, 0x9c, 0x02, 0x01, 0x0a, 0xcc, 0xc9, 0x01, 0x01, 0x0a,
    0xbc, 0xc3, 0x01, 0x01, 0x0a, 0xe0, 0x9c, 0x02, 0x01, 0x0a, 0x84, 0x9d,
    0x02, 0x01, 0x0a, 0xdc, 0x9d, 0x02, 0x01, 0x0a, 0xf0, 0xd6, 0x01, 0x01,
    0x0a, 0xe4, 0x9e, 0x02, 0x01, 0x0a, 0xd4, 0x9f, 0x02, 0x01, 0x0a, 0xf4,
    0xd7, 0x01, 0x01, 0x0a, 0x88, 0xa0, 0x02, 0x06, 0x00, 0x02, 0x00, 0xf7,
    0x01, 0x18, 0x01, 0x18, 0x01, 0x18, 0x01, 0x18, 0x01, 0x18, 0x01, 0x18,
    0xa2, 0x03, 0x88, 0x80, 0x04, 0xf0, 0xa0, 0x02, 0x01, 0x80, 0x80, 0x04,
    0xdc, 0xa5, 0x02, 0x05, 0x04, 0x04, 0x04, 0x03, 0x04, 0x00, 0x04, 0x01,
    0x04, 0x02, 0x04, 0x04, 0x13, 0x04, 0x36, 0x04, 0x3c, 0x04, 0x34, 0x40,
    0x26, 0xdc, 0x05, 0x04, 0xff, 0x30, 0x48, 0x43, 0x1e, 0x30, 0x20, 0x42,
    0x24, 0xc0, 0x00, 0x04, 0x07, 0x04, 0x05, 0x04, 0x08, 0x04, 0x0a, 0x04,
    0x03, 0x04, 0x01, 0x04, 0x00, 0x04, 0x09, 0x04, 0x02, 0x04, 0x04, 0x04,
    0x06, 0x04, 0x06, 0x1e, 0x1e, 0x64, 0x51, 0xa8, 0x22, 0xff, 0x64, 0x52,
    0xed, 0x2e, 0xff, 0x04, 0xff, 0x44, 0xea, 0xcb, 0xc3, 0x04, 0x3c, 0x24,
    0xe7, 0x03, 0x04, 0x0a, 0x70, 0x33, 0x33, 0x73, 0x3f, 0x04, 0x01, 0x1e,
    0x04, 0x04, 0x04, 0x02, 0x04, 0x00, 0x04, 0x03, 0x04, 0x07, 0x04, 0x0b,
    0x04, 0x05, 0x64, 0x25, 0x16, 0x13, 0xff, 0x64, 0x97, 0x52, 0x3f, 0xff,
    0x64, 0x6b, 0x3a, 0x2c, 0xff, 0x64, 0xb4, 0x68, 0x54, 0xff, 0x1e, 0x1e,
    0x1e, 0x1e, 0x37, 0x84, 0x02, 0x37, 0x83, 0x02, 0x04, 0x14, 0x04, 0x13,
    0x04, 0x0f, 0x64, 0x00, 0x00, 0x00, 0xc0, 0x24, 0x96, 0x00, 0x04, 0x02,
    0x1e, 0x04, 0x00, 0x04, 0x01, 0x1e, 0x70, 0x48, 0xe1, 0xba, 0x3f, 0x26,
    0x90, 0x01, 0x1e, 0x1e, 0x30, 0x0c, 0x44, 0x30, 0x3e, 0x44, 0x24, 0x90,
    0x01, 0x00, 0x00, 0x00, 0x02, 0x00, 0x00, 0x00, 0xff, 0xd8, 0x00, 0x00,
    0x13, 0xd9, 0x00, 0x00, 0x02, 0x00, 0x00, 0x00, 0x1c, 0xd9, 0x00, 0x00,
    0x23, 0xd9, 0x00, 0x00, 0x01, 0x00, 0x00, 0x00, 0x13, 0xd9, 0x00, 0x00,
    0x02, 0x00, 0x00, 0x00, 0x2d, 0xd9, 0x00, 0x00, 0x23, 0xd9, 0x00, 0x00,
    0x02, 0x00, 0x00, 0x00, 0x35, 0xd9, 0x00, 0x00, 0x23, 0xd9, 0x00, 0x00,
    0x02, 0x00, 0x00, 0x00, 0x3d, 0xd9, 0x00, 0x00, 0x23, 0xd9, 0x00, 0x00,
    0x02, 0x00, 0x00, 0x00, 0x45, 0xd9, 0x00, 0x00, 0x23, 0xd9, 0x00, 0x00,
    0x02, 0x00, 0x00, 0x00, 0x4c, 0xd9, 0x00, 0x00, 0x23, 0xd9, 0x00, 0x00,
    0x02, 0x00, 0x00, 0x00, 0x54, 0xd9, 0x00, 0x00, 0x23, 0xd9, 0x00, 0x00,
    0x02, 0x00, 0x00, 0x00, 0x5b, 0xd9, 0x00, 0x00, 0x23, 0xd9, 0x00, 0x00,
    0x02, 0x00, 0x00, 0x00, 0x63, 0xd9, 0x00, 0x00, 0x23, 0xd9, 0x00, 0x00,
    0x02, 0x00, 0x00, 0x00, 0x6b, 0xd9, 0x00, 0x00, 0x23, 0xd9, 0x00, 0x00,
    0x02, 0x00, 0x00, 0x00, 0x73, 0xd9, 0x00, 0x00, 0x23, 0xd9, 0x00, 0x00,
    0x02, 0x00, 0x00, 0x00, 0x7b, 0xd9, 0x00, 0x00, 0x23, 0xd9, 0x00, 0x00,
    0x02, 0x00, 0x00, 0x00, 0x83, 0xd9, 0x00, 0x00, 0x23, 0xd9, 0x00, 0x00,
    0x01, 0x00, 0x00, 0x00, 0x8b, 0xd9, 0x00, 0x00, 0x03, 0x00, 0x00, 0x00,
    0x9e, 0xd9, 0x00, 0x00, 0x23, 0xd9, 0x00, 0x00, 0xa5, 0xd9, 0x00, 0x00,
    0x02, 0x00, 0x00, 0x00, 0xb6, 0xd9, 0x00, 0x00, 0x13, 0xd9, 0x00, 0x00,
    0x02, 0x00, 0x00, 0x00, 0xce, 0xd9, 0x00, 0x00, 0x23, 0xd9, 0x00, 0x00,
    0x02, 0x00, 0x00, 0x00, 0xd5, 0xd9, 0x00, 0x00, 0x23, 0xd9, 0x00, 0x00,
    0x02, 0x00, 0x00, 0x00, 0xdd, 0xd9, 0x00, 0x00, 0x23, 0xd9, 0x00, 0x00,
    0x02, 0x00, 0x00, 0x00, 0xe5, 0xd9, 0x00, 0x00, 0x23, 0xd9, 0x00, 0x00,
    0x02, 0x00, 0x00, 0x00, 0xed, 0xd9, 0x00, 0x00, 0x23, 0xd9, 0x00, 0x00,
    0x01, 0x00, 0x00, 0x00, 0xf5, 0xd9, 0x00, 0x00, 0x02, 0x00, 0x00, 0x00,
    0x05, 0xda, 0x00, 0x00, 0x23, 0xd9, 0x00, 0x00, 0x02, 0x00, 0x00, 0x00,
    0x0c, 0xda, 0x00, 0x00, 0x23, 0xd9, 0x00, 0x00, 0x02, 0x00, 0x00, 0x00,
    0x9e, 0xd9, 0x00, 0x00, 0x14, 0xda, 0x00, 0x00, 0x02, 0x00, 0x00, 0x00,
    0x9e, 0xd9, 0x00, 0x00, 0x1f, 0xda, 0x00, 0x00, 0x02, 0x00, 0x00, 0x00,
    0x9e, 0xd9, 0x00, 0x00, 0x2a, 0xda, 0x00, 0x00, 0x02, 0x00, 0x00, 0x00,
    0x9e, 0xd9, 0x00, 0x00, 0x36, 0xda, 0x00, 0x00, 0x02, 0x00, 0x00, 0x00,
    0x9e, 0xd9, 0x00, 0x00, 0x42, 0xda, 0x00, 0x00, 0x02, 0x00, 0x00, 0x00,
    0x9e, 0xd9, 0x00, 0x00, 0x4e, 0xda, 0x00, 0x00, 0x02, 0x00, 0x00, 0x00,
    0x9e, 0xd9, 0x00, 0x00, 0x5a, 0xda, 0x00, 0x00, 0x02, 0x00, 0x00, 0x00,
    0x9e, 0xd9, 0x00, 0x00, 0x66, 0xda, 0x00, 0x00, 0x01, 0x00, 0x00, 0x00,
    0x72, 0xda, 0x00, 0x00, 0x01, 0x00, 0x00, 0x00, 0x83, 0xda, 0x00, 0x00,
    0x01, 0x00, 0x00, 0x00, 0x92, 0xda, 0x00, 0x00, 0x01, 0x00, 0x00, 0x00,
    0xa3, 0xda, 0x00, 0x00, 0x01, 0x00, 0x00, 0x00, 0xb4, 0xda, 0x00, 0x00,
    0x01, 0x00, 0x00, 0x00, 0xc3, 0xda, 0x00, 0x00, 0x01, 0x00, 0x00, 0x00,
    0xd2, 0xda, 0x00, 0x00, 0x01, 0x00, 0x00, 0x00, 0xe7, 0xda, 0x00, 0x00,
    0xbc, 0xe3, 0x00, 0x00, 0x00, 0x00, 0x00, 0x00, 0x01, 0x00, 0x00, 0x00,
    0x00, 0x00, 0x00, 0x00, 0x9d, 0x00, 0x00, 0x00, 0xb0, 0xe3, 0x00, 0x00,
    0xd0, 0xe3, 0x00, 0x00, 0x00, 0x00, 0x00, 0x00, 0x01, 0x00, 0x00, 0x00,
    0x00, 0x00, 0x00, 0x00, 0x9f, 0x00, 0x00, 0x00, 0xc8, 0xe3, 0x00, 0x00,
    0xdc, 0xe3, 0x00, 0x00, 0x00, 0x00, 0x00, 0x00, 0x01, 0x00, 0x00, 0x00,
    0x00, 0x00, 0x00, 0x00, 0xa1, 0x00, 0x00, 0x00, 0xc8, 0xe3, 0x00, 0x00,
    0xe8, 0xe3, 0x00, 0x00, 0x00, 0x00, 0x00, 0x00, 0x01, 0x00, 0x00, 0x00,
    0x00, 0x00, 0x00, 0x00, 0xa3, 0x00, 0x00, 0x00, 0xc8, 0xe3, 0x00, 0x00,
    0xe8, 0xe3, 0x00, 0x00, 0x00, 0x00, 0x00, 0x00, 0x01, 0x00, 0x00, 0x00,
    0x00, 0x00, 0x00, 0x00, 0xa5, 0x00, 0x00, 0x00, 0xc8, 0xe3, 0x00, 0x00,
    0xf4, 0xe3, 0x00, 0x00, 0x00, 0x00, 0x00, 0x00, 0x01, 0x00, 0x00, 0x00,
    0x00, 0x00, 0x00, 0x00, 0xa7, 0x00, 0x00, 0x00, 0xb0, 0xe3, 0x00, 0x00,
    0xe8, 0xe3, 0x00, 0x00, 0x00, 0x00, 0x00, 0x00, 0x01, 0x00, 0x00, 0x00,
    0x00, 0x00, 0x00, 0x00, 0xa9, 0x00, 0x00, 0x00, 0xc8, 0xe3, 0x00, 0x00,
    0x00, 0xe4, 0x00, 0x00, 0x00, 0x00, 0x00, 0x00, 0x01, 0x00, 0x00, 0x00,
    0x00, 0x00, 0x00, 0x00, 0xab, 0x00, 0x00, 0x00, 0xc8, 0xe3, 0x00, 0x00,
    0x00, 0xe4, 0x00, 0x00, 0x00, 0x00, 0x00, 0x00, 0x00, 0x00, 0x00, 0x00,
    0x00, 0x00, 0x00, 0x00, 0x0c, 0xe4, 0x00, 0x00, 0x00, 0x00, 0x00, 0x00,
    0x01, 0x00, 0x00, 0x00, 0x00, 0x00, 0x00, 0x00, 0xb2, 0x00, 0x00, 0x00,
    0xb0, 0xe3, 0x00, 0x00, 0x00, 0xe4, 0x00, 0x00, 0x00, 0x00, 0x00, 0x00,
    0x01, 0x00, 0x00, 0x00, 0x00, 0x00, 0x00, 0x00, 0xb4, 0x00, 0x00, 0x00,
    0xc8, 0xe3, 0x00, 0x00, 0x18, 0xe4, 0x00, 0x00, 0x00, 0x00, 0x00, 0x00,
    0x01, 0x00, 0x00, 0x00, 0x00, 0x00, 0x00, 0x00, 0xb8, 0x00, 0x00, 0x00,
    0xc8, 0xe3, 0x00, 0x00, 0x24, 0xe4, 0x00, 0x00, 0x00, 0x00, 0x00, 0x00,
    0x01, 0x00, 0x00, 0x00, 0x00, 0x00, 0x00, 0x00, 0xba, 0x00, 0x00, 0x00,
    0xc8, 0xe3, 0x00, 0x00, 0x30, 0xe4, 0x00, 0x00, 0x00, 0x00, 0x00, 0x00,
    0x01, 0x00, 0x00, 0x00, 0x00, 0x00, 0x00, 0x00, 0xbc, 0x00, 0x00, 0x00,
    0xc8, 0xe3, 0x00, 0x00, 0x24, 0xe4, 0x00, 0x00, 0x00, 0x00, 0x00, 0x00,
    0x01, 0x00, 0x00, 0x00, 0x00, 0x00, 0x00, 0x00, 0xbe, 0x00, 0x00, 0x00,
    0xc8, 0xe3, 0x00, 0x00, 0x3c, 0xe4, 0x00, 0x00, 0x00, 0x00, 0x00, 0x00,
    0x01, 0x00, 0x00, 0x00, 0x00, 0x00, 0x00, 0x00, 0xc0, 0x00, 0x00, 0x00,
    0xc8, 0xe3, 0x00, 0x00, 0x48, 0xe4, 0x00, 0x00, 0x00, 0x00, 0x00, 0x00,
    0x01, 0x00, 0x00, 0x00, 0x00, 0x00, 0x00, 0x00, 0xc2, 0x00, 0x00, 0x00,
    0xc8, 0xe3, 0x00, 0x00, 0x54, 0xe4, 0x00, 0x00, 0x00, 0x00, 0x00, 0x00,
    0x01, 0x00, 0x00, 0x00, 0x00, 0x00, 0x00, 0x00, 0xc4, 0x00, 0x00, 0x00,
    0xc8, 0xe3, 0x00, 0x00, 0x68, 0xe4, 0x00, 0x00, 0x00, 0x00, 0x00, 0x00,
    0x01, 0x00, 0x00, 0x00, 0x00, 0x00, 0x00, 0x00, 0xc7, 0x00, 0x00, 0x00,
    0x60, 0xe4, 0x00, 0x00, 0x84, 0xe4, 0x00, 0x00, 0x00, 0x00, 0x00, 0x00,
    0x01, 0x00, 0x00, 0x00, 0x00, 0x00, 0x00, 0x00, 0xc9, 0x00, 0x00, 0x00,
    0x78, 0xe4, 0x00, 0x00, 0x90, 0xe4, 0x00, 0x00, 0x00, 0x00, 0x00, 0x00,
    0x01, 0x00, 0x00, 0x00, 0x00, 0x00, 0x00, 0x00, 0xcb, 0x00, 0x00, 0x00,
    0xc8, 0xe3, 0x00, 0x00, 0x9c, 0xe4, 0x00, 0x00, 0x00, 0x00, 0x00, 0x00,
    0x01, 0x00, 0x00, 0x00, 0x00, 0x00, 0x00, 0x00, 0xcd, 0x00, 0x00, 0x00,
    0xc8, 0xe3, 0x00, 0x00, 0xa8, 0xe4, 0x00, 0x00, 0x00, 0x00, 0x00, 0x00,
    0x01, 0x00, 0x00, 0x00, 0x00, 0x00, 0x00, 0x00, 0xcf, 0x00, 0x00, 0x00,
    0xc8, 0xe3, 0x00, 0x00, 0xb4, 0xe4, 0x00, 0x00, 0x00, 0x00, 0x00, 0x00,
    0x00, 0x00, 0x00, 0x00, 0x00, 0x00, 0x00, 0x00, 0xb4, 0xe4, 0x00, 0x00,
    0x00, 0x00, 0x00, 0x00, 0x01, 0x00, 0x00, 0x00, 0x00, 0x00, 0x00, 0x00,
    0xd3, 0x00, 0x00, 0x00, 0xc8, 0xe3, 0x00, 0x00, 0xc8, 0xe4, 0x00, 0x00,
    0x00, 0x00, 0x00, 0x00, 0x01, 0x00, 0x00, 0x00, 0x00, 0x00, 0x00, 0x00,
    0xd7, 0x00, 0x00, 0x00, 0xc0, 0xe4, 0x00, 0x00, 0xd4, 0xe4, 0x00, 0x00,
    0x00, 0x00, 0x00, 0x00, 0x01, 0x00, 0x00, 0x00, 0x00, 0x00, 0x00, 0x00,
    0xd9, 0x00, 0x00, 0x00, 0xc8, 0xe3, 0x00, 0x00, 0xe0, 0xe4, 0x00, 0x00,
    0x00, 0x00, 0x00, 0x00, 0x00, 0x00, 0x00, 0x00, 0x00, 0x00, 0x00, 0x00,
    0xec, 0xe4, 0x00, 0x00, 0x00, 0x00, 0x00, 0x00, 0x00, 0x00, 0x00, 0x00,
    0x00, 0x00, 0x00, 0x00, 0xf8, 0xe4, 0x00, 0x00, 0x00, 0x00, 0x00, 0x00,
    0x00, 0x00, 0x00, 0x00, 0x00, 0x00, 0x00, 0x00, 0x04, 0xe5, 0x00, 0x00,
    0x00, 0x00, 0x00, 0x00, 0x00, 0x00, 0x00, 0x00, 0x00, 0x00, 0x00, 0x00,
    0x10, 0xe5, 0x00, 0x00, 0x00, 0x00, 0x00, 0x00, 0x00, 0x00, 0x00, 0x00,
    0x00, 0x00, 0x00, 0x00, 0x1c, 0xe5, 0x00, 0x00, 0x00, 0x00, 0x00, 0x00,
    0x00, 0x00, 0x00, 0x00, 0x00, 0x00, 0x00, 0x00, 0x28, 0xe5, 0x00, 0x00,
    0x00, 0x00, 0x00, 0x00, 0x00, 0x00, 0x00, 0x00, 0x00, 0x00, 0x00, 0x00,
    0x34, 0xe5, 0x00, 0x00, 0x00, 0x00, 0x00, 0x00, 0x00, 0x00, 0x00, 0x00,
    0x00, 0x00, 0x00, 0x00, 0x78, 0xe5, 0x00, 0x00, 0x06, 0x00, 0x00, 0x00,
    0x01, 0x00, 0x00, 0x00, 0x00, 0x00, 0x00, 0x00, 0xe2, 0x00, 0x00, 0x00,
    0x58, 0xe5, 0x00, 0x00, 0xeb, 0x00, 0x00, 0x00, 0x48, 0xe5, 0x00, 0x00,
    0xee, 0x00, 0x00, 0x00, 0x60, 0xe5, 0x00, 0x00, 0xef, 0x00, 0x00, 0x00,
    0x68, 0xe5, 0x00, 0x00, 0xf0, 0x00, 0x00, 0x00, 0x50, 0xe5, 0x00, 0x00,
    0xf5, 0x00, 0x00, 0x00, 0x70, 0xe5, 0x00, 0x00, 0x40, 0x01, 0x00, 0x00,
    0x40, 0xe5, 0x00, 0x00, 0x11, 0x00, 0x00, 0x00, 0x00, 0x00, 0x00, 0x00,
    0x01, 0x00, 0x00, 0x00, 0x00, 0x00, 0x00, 0x00, 0x01, 0x00, 0x00, 0x00,
    0x1d, 0x04, 0x00, 0x00, 0x70, 0x00, 0x00, 0x00, 0x02, 0x00, 0x00, 0x00,
    0x90, 0x00, 0x00, 0x00, 0xe4, 0x10, 0x00, 0x00, 0x03, 0x00, 0x00, 0x00,
    0xc2, 0x00, 0x00, 0x00, 0x24, 0x13, 0x00, 0x00, 0x04, 0x00, 0x00, 0x00,
    0xff, 0x00, 0x00, 0x00, 0x3c, 0x1c, 0x00, 0x00, 0x05, 0x00, 0x00, 0x00,
    0xe6, 0x01, 0x00, 0x00, 0x34, 0x24, 0x00, 0x00, 0x06, 0x00, 0x00, 0x00,
    0x26, 0x00, 0x00, 0x00, 0x64, 0x33, 0x00, 0x00, 0x01, 0x20, 0x00, 0x00,
    0xd9, 0x00, 0x00, 0x00, 0x24, 0x38, 0x00, 0x00, 0x03, 0x20, 0x00, 0x00,
    0xb1, 0x00, 0x00, 0x00, 0xf4, 0x92, 0x00, 0x00, 0x01, 0x10, 0x00, 0x00,
    0x78, 0x00, 0x00, 0x00, 0xd4, 0x9b, 0x00, 0x00, 0x02, 0x20, 0x00, 0x00,
    0x1d, 0x04, 0x00, 0x00, 0xa6, 0xa0, 0x00, 0x00, 0x04, 0x20, 0x00, 0x00,
    0x2c, 0x00, 0x00, 0x00, 0xff, 0xd8, 0x00, 0x00, 0x00, 0x20, 0x00, 0x00,
    0x26, 0x00, 0x00, 0x00, 0xfe, 0xda, 0x00, 0x00, 0x05, 0x20, 0x00, 0x00,
    0x03, 0x00, 0x00, 0x00, 0xfb, 0xe2, 0x00, 0x00, 0x03, 0x10, 0x00, 0x00,
    0x2a, 0x00, 0x00, 0x00, 0xb0, 0xe3, 0x00, 0x00, 0x06, 0x20, 0x00, 0x00,
    0x24, 0x00, 0x00, 0x00, 0x80, 0xe5, 0x00, 0x00, 0x00, 0x10, 0x00, 0x00,
    0x01, 0x00, 0x00, 0x00, 0xc0, 0xe8, 0x00, 0x00,
};
static const size_t bl_cheatbridge_dex_len = 59792;
