#pragma once
// GERADO por tools/bin2header.py — NAO editar a mao.
#include <cstddef>
static const unsigned char bl_cheatbridge_dex[] = {
    0x64, 0x65, 0x78, 0x0a, 0x30, 0x33, 0x38, 0x00, 0x07, 0x31, 0x80, 0x92,
    0xf6, 0xe8, 0x8c, 0x9b, 0xa7, 0xb4, 0xb4, 0x64, 0x6a, 0xed, 0x84, 0x2f,
    0x80, 0x72, 0xdd, 0x2c, 0xe4, 0x25, 0x4f, 0xbc, 0xb0, 0x58, 0x01, 0x00,
    0x70, 0x00, 0x00, 0x00, 0x78, 0x56, 0x34, 0x12, 0x00, 0x00, 0x00, 0x00,
    0x00, 0x00, 0x00, 0x00, 0xe0, 0x57, 0x01, 0x00, 0x4e, 0x05, 0x00, 0x00,
    0x70, 0x00, 0x00, 0x00, 0xcd, 0x00, 0x00, 0x00, 0xa8, 0x15, 0x00, 0x00,
    0x06, 0x01, 0x00, 0x00, 0xdc, 0x18, 0x00, 0x00, 0x73, 0x01, 0x00, 0x00,
    0x24, 0x25, 0x00, 0x00, 0xe1, 0x02, 0x00, 0x00, 0xbc, 0x30, 0x00, 0x00,
    0x4b, 0x00, 0x00, 0x00, 0xc4, 0x47, 0x00, 0x00, 0x8c, 0x07, 0x01, 0x00,
    0x24, 0x51, 0x00, 0x00, 0xee, 0xed, 0x00, 0x00, 0xf0, 0xed, 0x00, 0x00,
    0xf3, 0xed, 0x00, 0x00, 0xf7, 0xed, 0x00, 0x00, 0xfd, 0xed, 0x00, 0x00,
    0x04, 0xee, 0x00, 0x00, 0x0b, 0xee, 0x00, 0x00, 0x13, 0xee, 0x00, 0x00,
    0x19, 0xee, 0x00, 0x00, 0x20, 0xee, 0x00, 0x00, 0x28, 0xee, 0x00, 0x00,
    0x32, 0xee, 0x00, 0x00, 0x38, 0xee, 0x00, 0x00, 0x3d, 0xee, 0x00, 0x00,
    0x4e, 0xee, 0x00, 0x00, 0x57, 0xee, 0x00, 0x00, 0x78, 0xee, 0x00, 0x00,
    0x7b, 0xee, 0x00, 0x00, 0x7e, 0xee, 0x00, 0x00, 0x83, 0xee, 0x00, 0x00,
    0x9a, 0xf0, 0x00, 0x00, 0xa0, 0xf0, 0x00, 0x00, 0xaa, 0xf0, 0x00, 0x00,
    0xb3, 0xf0, 0x00, 0x00, 0xb8, 0xf0, 0x00, 0x00, 0xc2, 0xf0, 0x00, 0x00,
    0xca, 0xf0, 0x00, 0x00, 0xce, 0xf0, 0x00, 0x00, 0xd4, 0xf0, 0x00, 0x00,
    0xda, 0xf0, 0x00, 0x00, 0xe0, 0xf0, 0x00, 0x00, 0xf1, 0xf0, 0x00, 0x00,
    0xfe, 0xf0, 0x00, 0x00, 0x05, 0xf1, 0x00, 0x00, 0x14, 0xf1, 0x00, 0x00,
    0x21, 0xf1, 0x00, 0x00, 0x2b, 0xf1, 0x00, 0x00, 0x36, 0xf1, 0x00, 0x00,
    0x41, 0xf1, 0x00, 0x00, 0x4b, 0xf1, 0x00, 0x00, 0x54, 0xf1, 0x00, 0x00,
    0x5b, 0xf1, 0x00, 0x00, 0x66, 0xf1, 0x00, 0x00, 0x75, 0xf1, 0x00, 0x00,
    0x85, 0xf1, 0x00, 0x00, 0x8b, 0xf1, 0x00, 0x00, 0x98, 0xf1, 0x00, 0x00,
    0xa2, 0xf1, 0x00, 0x00, 0xac, 0xf1, 0x00, 0x00, 0xb2, 0xf1, 0x00, 0x00,
    0xb9, 0xf1, 0x00, 0x00, 0xcb, 0xf1, 0x00, 0x00, 0xd9, 0xf1, 0x00, 0x00,
    0xe6, 0xf1, 0x00, 0x00, 0xed, 0xf1, 0x00, 0x00, 0xfd, 0xf1, 0x00, 0x00,
    0x09, 0xf2, 0x00, 0x00, 0x11, 0xf2, 0x00, 0x00, 0x23, 0xf2, 0x00, 0x00,
    0x34, 0xf2, 0x00, 0x00, 0x3b, 0xf2, 0x00, 0x00, 0x4c, 0xf2, 0x00, 0x00,
    0x53, 0xf2, 0x00, 0x00, 0x60, 0xf2, 0x00, 0x00, 0x77, 0xf2, 0x00, 0x00,
    0x84, 0xf2, 0x00, 0x00, 0x87, 0xf2, 0x00, 0x00, 0x96, 0xf2, 0x00, 0x00,
    0x9a, 0xf2, 0x00, 0x00, 0xa8, 0xf2, 0x00, 0x00, 0xb1, 0xf2, 0x00, 0x00,
    0xbb, 0xf2, 0x00, 0x00, 0xc5, 0xf2, 0x00, 0x00, 0xcf, 0xf2, 0x00, 0x00,
    0xd9, 0xf2, 0x00, 0x00, 0xe3, 0xf2, 0x00, 0x00, 0xee, 0xf2, 0x00, 0x00,
    0xf9, 0xf2, 0x00, 0x00, 0x04, 0xf3, 0x00, 0x00, 0x0d, 0xf3, 0x00, 0x00,
    0x15, 0xf3, 0x00, 0x00, 0x1e, 0xf3, 0x00, 0x00, 0x26, 0xf3, 0x00, 0x00,
    0x2f, 0xf3, 0x00, 0x00, 0x36, 0xf3, 0x00, 0x00, 0x3f, 0xf3, 0x00, 0x00,
    0x49, 0xf3, 0x00, 0x00, 0x53, 0xf3, 0x00, 0x00, 0x5b, 0xf3, 0x00, 0x00,
    0x64, 0xf3, 0x00, 0x00, 0x6b, 0xf3, 0x00, 0x00, 0x85, 0xf3, 0x00, 0x00,
    0x90, 0xf3, 0x00, 0x00, 0x99, 0xf3, 0x00, 0x00, 0xa3, 0xf3, 0x00, 0x00,
    0xae, 0xf3, 0x00, 0x00, 0xb7, 0xf3, 0x00, 0x00, 0xc1, 0xf3, 0x00, 0x00,
    0xd5, 0xf3, 0x00, 0x00, 0xe7, 0xf3, 0x00, 0x00, 0xf7, 0xf3, 0x00, 0x00,
    0xff, 0xf3, 0x00, 0x00, 0x09, 0xf4, 0x00, 0x00, 0x10, 0xf4, 0x00, 0x00,
    0x1a, 0xf4, 0x00, 0x00, 0x25, 0xf4, 0x00, 0x00, 0x49, 0xf4, 0x00, 0x00,
    0x53, 0xf4, 0x00, 0x00, 0x60, 0xf4, 0x00, 0x00, 0x6d, 0xf4, 0x00, 0x00,
    0x75, 0xf4, 0x00, 0x00, 0x94, 0xf4, 0x00, 0x00, 0x9d, 0xf4, 0x00, 0x00,
    0xa5, 0xf4, 0x00, 0x00, 0xb4, 0xf4, 0x00, 0x00, 0xce, 0xf4, 0x00, 0x00,
    0xd9, 0xf4, 0x00, 0x00, 0xe3, 0xf4, 0x00, 0x00, 0xe9, 0xf4, 0x00, 0x00,
    0xf5, 0xf4, 0x00, 0x00, 0xf8, 0xf4, 0x00, 0x00, 0xfc, 0xf4, 0x00, 0x00,
    0x05, 0xf5, 0x00, 0x00, 0x0f, 0xf5, 0x00, 0x00, 0x1b, 0xf5, 0x00, 0x00,
    0x24, 0xf5, 0x00, 0x00, 0x2f, 0xf5, 0x00, 0x00, 0x3a, 0xf5, 0x00, 0x00,
    0x49, 0xf5, 0x00, 0x00, 0x58, 0xf5, 0x00, 0x00, 0x6d, 0xf5, 0x00, 0x00,
    0x7a, 0xf5, 0x00, 0x00, 0x8a, 0xf5, 0x00, 0x00, 0x97, 0xf5, 0x00, 0x00,
    0x9e, 0xf5, 0x00, 0x00, 0xac, 0xf5, 0x00, 0x00, 0xb4, 0xf5, 0x00, 0x00,
    0xc0, 0xf5, 0x00, 0x00, 0xd1, 0xf5, 0x00, 0x00, 0xeb, 0xf5, 0x00, 0x00,
    0xf4, 0xf5, 0x00, 0x00, 0xfd, 0xf5, 0x00, 0x00, 0x0d, 0xf6, 0x00, 0x00,
    0x17, 0xf6, 0x00, 0x00, 0x22, 0xf6, 0x00, 0x00, 0x2d, 0xf6, 0x00, 0x00,
    0x35, 0xf6, 0x00, 0x00, 0x38, 0xf6, 0x00, 0x00, 0x3c, 0xf6, 0x00, 0x00,
    0x41, 0xf6, 0x00, 0x00, 0x45, 0xf6, 0x00, 0x00, 0x4b, 0xf6, 0x00, 0x00,
    0x57, 0xf6, 0x00, 0x00, 0x5b, 0xf6, 0x00, 0x00, 0x67, 0xf6, 0x00, 0x00,
    0x70, 0xf6, 0x00, 0x00, 0x7f, 0xf6, 0x00, 0x00, 0x87, 0xf6, 0x00, 0x00,
    0x90, 0xf6, 0x00, 0x00, 0x9a, 0xf6, 0x00, 0x00, 0xa3, 0xf6, 0x00, 0x00,
    0xab, 0xf6, 0x00, 0x00, 0xb3, 0xf6, 0x00, 0x00, 0xc0, 0xf6, 0x00, 0x00,
    0xe2, 0xf6, 0x00, 0x00, 0xeb, 0xf6, 0x00, 0x00, 0xf6, 0xf6, 0x00, 0x00,
    0x00, 0xf7, 0x00, 0x00, 0x0e, 0xf7, 0x00, 0x00, 0x15, 0xf7, 0x00, 0x00,
    0x1e, 0xf7, 0x00, 0x00, 0x30, 0xf7, 0x00, 0x00, 0x3b, 0xf7, 0x00, 0x00,
    0x4b, 0xf7, 0x00, 0x00, 0x52, 0xf7, 0x00, 0x00, 0x5d, 0xf7, 0x00, 0x00,
    0x66, 0xf7, 0x00, 0x00, 0x6d, 0xf7, 0x00, 0x00, 0x89, 0xf7, 0x00, 0x00,
    0x9a, 0xf7, 0x00, 0x00, 0xa1, 0xf7, 0x00, 0x00, 0xb0, 0xf7, 0x00, 0x00,
    0xba, 0xf7, 0x00, 0x00, 0xc0, 0xf7, 0x00, 0x00, 0xca, 0xf7, 0x00, 0x00,
    0xd2, 0xf7, 0x00, 0x00, 0xd6, 0xf7, 0x00, 0x00, 0xd9, 0xf7, 0x00, 0x00,
    0xdd, 0xf7, 0x00, 0x00, 0xe1, 0xf7, 0x00, 0x00, 0xe7, 0xf7, 0x00, 0x00,
    0xeb, 0xf7, 0x00, 0x00, 0xf0, 0xf7, 0x00, 0x00, 0xf4, 0xf7, 0x00, 0x00,
    0xf9, 0xf7, 0x00, 0x00, 0xfe, 0xf7, 0x00, 0x00, 0x03, 0xf8, 0x00, 0x00,
    0x09, 0xf8, 0x00, 0x00, 0x0e, 0xf8, 0x00, 0x00, 0x17, 0xf8, 0x00, 0x00,
    0x1d, 0xf8, 0x00, 0x00, 0x24, 0xf8, 0x00, 0x00, 0x3c, 0xf8, 0x00, 0x00,
    0x45, 0xf8, 0x00, 0x00, 0x58, 0xf8, 0x00, 0x00, 0x7a, 0xf8, 0x00, 0x00,
    0x83, 0xf8, 0x00, 0x00, 0x90, 0xf8, 0x00, 0x00, 0xaa, 0xf8, 0x00, 0x00,
    0xc2, 0xf8, 0x00, 0x00, 0xca, 0xf8, 0x00, 0x00, 0xd1, 0xf8, 0x00, 0x00,
    0xd4, 0xf8, 0x00, 0x00, 0xd8, 0xf8, 0x00, 0x00, 0xe0, 0xf8, 0x00, 0x00,
    0xe9, 0xf8, 0x00, 0x00, 0xf5, 0xf8, 0x00, 0x00, 0x07, 0xf9, 0x00, 0x00,
    0x18, 0xf9, 0x00, 0x00, 0x1b, 0xf9, 0x00, 0x00, 0x1f, 0xf9, 0x00, 0x00,
    0x23, 0xf9, 0x00, 0x00, 0x28, 0xf9, 0x00, 0x00, 0x2e, 0xf9, 0x00, 0x00,
    0x33, 0xf9, 0x00, 0x00, 0x39, 0xf9, 0x00, 0x00, 0x3d, 0xf9, 0x00, 0x00,
    0x41, 0xf9, 0x00, 0x00, 0x46, 0xf9, 0x00, 0x00, 0x4b, 0xf9, 0x00, 0x00,
    0x51, 0xf9, 0x00, 0x00, 0x58, 0xf9, 0x00, 0x00, 0x60, 0xf9, 0x00, 0x00,
    0x66, 0xf9, 0x00, 0x00, 0x6e, 0xf9, 0x00, 0x00, 0x73, 0xf9, 0x00, 0x00,
    0x79, 0xf9, 0x00, 0x00, 0x80, 0xf9, 0x00, 0x00, 0x86, 0xf9, 0x00, 0x00,
    0x8d, 0xf9, 0x00, 0x00, 0x95, 0xf9, 0x00, 0x00, 0x9b, 0xf9, 0x00, 0x00,
    0xa2, 0xf9, 0x00, 0x00, 0xaa, 0xf9, 0x00, 0x00, 0xb3, 0xf9, 0x00, 0x00,
    0xba, 0xf9, 0x00, 0x00, 0xc3, 0xf9, 0x00, 0x00, 0xd6, 0xf9, 0x00, 0x00,
    0xfc, 0xf9, 0x00, 0x00, 0x36, 0xfa, 0x00, 0x00, 0x59, 0xfa, 0x00, 0x00,
    0x71, 0xfa, 0x00, 0x00, 0x94, 0xfa, 0x00, 0x00, 0xaf, 0xfa, 0x00, 0x00,
    0xcb, 0xfa, 0x00, 0x00, 0xef, 0xfa, 0x00, 0x00, 0x0a, 0xfb, 0x00, 0x00,
    0x3d, 0xfb, 0x00, 0x00, 0x57, 0xfb, 0x00, 0x00, 0x83, 0xfb, 0x00, 0x00,
    0xa8, 0xfb, 0x00, 0x00, 0xcc, 0xfb, 0x00, 0x00, 0xed, 0xfb, 0x00, 0x00,
    0x08, 0xfc, 0x00, 0x00, 0x32, 0xfc, 0x00, 0x00, 0x54, 0xfc, 0x00, 0x00,
    0x6f, 0xfc, 0x00, 0x00, 0x8e, 0xfc, 0x00, 0x00, 0xae, 0xfc, 0x00, 0x00,
    0xc8, 0xfc, 0x00, 0x00, 0xe1, 0xfc, 0x00, 0x00, 0xfe, 0xfc, 0x00, 0x00,
    0x2a, 0xfd, 0x00, 0x00, 0x55, 0xfd, 0x00, 0x00, 0x7b, 0xfd, 0x00, 0x00,
    0xa9, 0xfd, 0x00, 0x00, 0xbf, 0xfd, 0x00, 0x00, 0xd5, 0xfd, 0x00, 0x00,
    0xea, 0xfd, 0x00, 0x00, 0x00, 0xfe, 0x00, 0x00, 0x1a, 0xfe, 0x00, 0x00,
    0x33, 0xfe, 0x00, 0x00, 0x4a, 0xfe, 0x00, 0x00, 0x71, 0xfe, 0x00, 0x00,
    0x8b, 0xfe, 0x00, 0x00, 0xa7, 0xfe, 0x00, 0x00, 0xd1, 0xfe, 0x00, 0x00,
    0xf0, 0xfe, 0x00, 0x00, 0x04, 0xff, 0x00, 0x00, 0x1d, 0xff, 0x00, 0x00,
    0x39, 0xff, 0x00, 0x00, 0x5e, 0xff, 0x00, 0x00, 0x89, 0xff, 0x00, 0x00,
    0xac, 0xff, 0x00, 0x00, 0xd1, 0xff, 0x00, 0x00, 0xe6, 0xff, 0x00, 0x00,
    0x08, 0x00, 0x01, 0x00, 0x2f, 0x00, 0x01, 0x00, 0x49, 0x00, 0x01, 0x00,
    0x64, 0x00, 0x01, 0x00, 0x9c, 0x00, 0x01, 0x00, 0xbd, 0x00, 0x01, 0x00,
    0xd4, 0x00, 0x01, 0x00, 0xff, 0x00, 0x01, 0x00, 0x30, 0x01, 0x01, 0x00,
    0x5f, 0x01, 0x01, 0x00, 0x7d, 0x01, 0x01, 0x00, 0x96, 0x01, 0x01, 0x00,
    0xb1, 0x01, 0x01, 0x00, 0xdc, 0x01, 0x01, 0x00, 0xfa, 0x01, 0x01, 0x00,
    0x20, 0x02, 0x01, 0x00, 0x3c, 0x02, 0x01, 0x00, 0x68, 0x02, 0x01, 0x00,
    0x87, 0x02, 0x01, 0x00, 0xa5, 0x02, 0x01, 0x00, 0xc0, 0x02, 0x01, 0x00,
    0xde, 0x02, 0x01, 0x00, 0xfb, 0x02, 0x01, 0x00, 0x16, 0x03, 0x01, 0x00,
    0x2e, 0x03, 0x01, 0x00, 0x3f, 0x03, 0x01, 0x00, 0x48, 0x03, 0x01, 0x00,
    0x61, 0x03, 0x01, 0x00, 0x7b, 0x03, 0x01, 0x00, 0x93, 0x03, 0x01, 0x00,
    0xab, 0x03, 0x01, 0x00, 0xc3, 0x03, 0x01, 0x00, 0xdb, 0x03, 0x01, 0x00,
    0xf3, 0x03, 0x01, 0x00, 0x0d, 0x04, 0x01, 0x00, 0x25, 0x04, 0x01, 0x00,
    0x3d, 0x04, 0x01, 0x00, 0x55, 0x04, 0x01, 0x00, 0x6d, 0x04, 0x01, 0x00,
    0x87, 0x04, 0x01, 0x00, 0x9f, 0x04, 0x01, 0x00, 0xb6, 0x04, 0x01, 0x00,
    0xce, 0x04, 0x01, 0x00, 0xe6, 0x04, 0x01, 0x00, 0xfe, 0x04, 0x01, 0x00,
    0x16, 0x05, 0x01, 0x00, 0x2e, 0x05, 0x01, 0x00, 0x46, 0x05, 0x01, 0x00,
    0x5d, 0x05, 0x01, 0x00, 0x76, 0x05, 0x01, 0x00, 0x8d, 0x05, 0x01, 0x00,
    0xa4, 0x05, 0x01, 0x00, 0xbb, 0x05, 0x01, 0x00, 0xd2, 0x05, 0x01, 0x00,
    0xe9, 0x05, 0x01, 0x00, 0x00, 0x06, 0x01, 0x00, 0x17, 0x06, 0x01, 0x00,
    0x34, 0x06, 0x01, 0x00, 0x57, 0x06, 0x01, 0x00, 0x78, 0x06, 0x01, 0x00,
    0x9a, 0x06, 0x01, 0x00, 0xbe, 0x06, 0x01, 0x00, 0xd9, 0x06, 0x01, 0x00,
    0xf7, 0x06, 0x01, 0x00, 0x14, 0x07, 0x01, 0x00, 0x33, 0x07, 0x01, 0x00,
    0x48, 0x07, 0x01, 0x00, 0x5b, 0x07, 0x01, 0x00, 0x6f, 0x07, 0x01, 0x00,
    0x83, 0x07, 0x01, 0x00, 0x97, 0x07, 0x01, 0x00, 0xab, 0x07, 0x01, 0x00,
    0xbf, 0x07, 0x01, 0x00, 0xd5, 0x07, 0x01, 0x00, 0xeb, 0x07, 0x01, 0x00,
    0xff, 0x07, 0x01, 0x00, 0x1f, 0x08, 0x01, 0x00, 0x40, 0x08, 0x01, 0x00,
    0x5e, 0x08, 0x01, 0x00, 0x7b, 0x08, 0x01, 0x00, 0x98, 0x08, 0x01, 0x00,
    0xb5, 0x08, 0x01, 0x00, 0xd2, 0x08, 0x01, 0x00, 0xef, 0x08, 0x01, 0x00,
    0x0c, 0x09, 0x01, 0x00, 0x29, 0x09, 0x01, 0x00, 0x46, 0x09, 0x01, 0x00,
    0x62, 0x09, 0x01, 0x00, 0x7e, 0x09, 0x01, 0x00, 0x9a, 0x09, 0x01, 0x00,
    0xb6, 0x09, 0x01, 0x00, 0xd2, 0x09, 0x01, 0x00, 0xee, 0x09, 0x01, 0x00,
    0x0a, 0x0a, 0x01, 0x00, 0x26, 0x0a, 0x01, 0x00, 0x42, 0x0a, 0x01, 0x00,
    0x5c, 0x0a, 0x01, 0x00, 0x78, 0x0a, 0x01, 0x00, 0x9b, 0x0a, 0x01, 0x00,
    0xbf, 0x0a, 0x01, 0x00, 0xe1, 0x0a, 0x01, 0x00, 0xf3, 0x0a, 0x01, 0x00,
    0x17, 0x0b, 0x01, 0x00, 0x3c, 0x0b, 0x01, 0x00, 0x5c, 0x0b, 0x01, 0x00,
    0x7f, 0x0b, 0x01, 0x00, 0xa5, 0x0b, 0x01, 0x00, 0xc4, 0x0b, 0x01, 0x00,
    0xf1, 0x0b, 0x01, 0x00, 0x0c, 0x0c, 0x01, 0x00, 0x14, 0x0c, 0x01, 0x00,
    0x1c, 0x0c, 0x01, 0x00, 0x30, 0x0c, 0x01, 0x00, 0x47, 0x0c, 0x01, 0x00,
    0x61, 0x0c, 0x01, 0x00, 0x78, 0x0c, 0x01, 0x00, 0x8b, 0x0c, 0x01, 0x00,
    0x9e, 0x0c, 0x01, 0x00, 0xb3, 0x0c, 0x01, 0x00, 0xd5, 0x0c, 0x01, 0x00,
    0xe7, 0x0c, 0x01, 0x00, 0x0a, 0x0d, 0x01, 0x00, 0x1e, 0x0d, 0x01, 0x00,
    0x34, 0x0d, 0x01, 0x00, 0x48, 0x0d, 0x01, 0x00, 0x63, 0x0d, 0x01, 0x00,
    0x77, 0x0d, 0x01, 0x00, 0x8b, 0x0d, 0x01, 0x00, 0xa8, 0x0d, 0x01, 0x00,
    0xc0, 0x0d, 0x01, 0x00, 0xd7, 0x0d, 0x01, 0x00, 0xee, 0x0d, 0x01, 0x00,
    0x02, 0x0e, 0x01, 0x00, 0x1a, 0x0e, 0x01, 0x00, 0x33, 0x0e, 0x01, 0x00,
    0x48, 0x0e, 0x01, 0x00, 0x5d, 0x0e, 0x01, 0x00, 0x73, 0x0e, 0x01, 0x00,
    0x8e, 0x0e, 0x01, 0x00, 0xa9, 0x0e, 0x01, 0x00, 0xbd, 0x0e, 0x01, 0x00,
    0xd4, 0x0e, 0x01, 0x00, 0xeb, 0x0e, 0x01, 0x00, 0xfc, 0x0e, 0x01, 0x00,
    0x0d, 0x0f, 0x01, 0x00, 0x1e, 0x0f, 0x01, 0x00, 0x2f, 0x0f, 0x01, 0x00,
    0x59, 0x0f, 0x01, 0x00, 0x85, 0x0f, 0x01, 0x00, 0xb1, 0x0f, 0x01, 0x00,
    0xcc, 0x0f, 0x01, 0x00, 0xe7, 0x0f, 0x01, 0x00, 0xf2, 0x0f, 0x01, 0x00,
    0xff, 0x0f, 0x01, 0x00, 0x0d, 0x10, 0x01, 0x00, 0x1a, 0x10, 0x01, 0x00,
    0x24, 0x10, 0x01, 0x00, 0x2f, 0x10, 0x01, 0x00, 0x38, 0x10, 0x01, 0x00,
    0x40, 0x10, 0x01, 0x00, 0x46, 0x10, 0x01, 0x00, 0x51, 0x10, 0x01, 0x00,
    0x5d, 0x10, 0x01, 0x00, 0x69, 0x10, 0x01, 0x00, 0x70, 0x10, 0x01, 0x00,
    0x7a, 0x10, 0x01, 0x00, 0x81, 0x10, 0x01, 0x00, 0xa0, 0x10, 0x01, 0x00,
    0xa6, 0x10, 0x01, 0x00, 0xac, 0x10, 0x01, 0x00, 0xbb, 0x10, 0x01, 0x00,
    0xce, 0x10, 0x01, 0x00, 0xd8, 0x10, 0x01, 0x00, 0xe3, 0x10, 0x01, 0x00,
    0xed, 0x10, 0x01, 0x00, 0xf5, 0x10, 0x01, 0x00, 0x01, 0x11, 0x01, 0x00,
    0x0b, 0x11, 0x01, 0x00, 0x13, 0x11, 0x01, 0x00, 0x1b, 0x11, 0x01, 0x00,
    0x2e, 0x11, 0x01, 0x00, 0x4a, 0x11, 0x01, 0x00, 0x54, 0x11, 0x01, 0x00,
    0x5e, 0x11, 0x01, 0x00, 0x69, 0x11, 0x01, 0x00, 0x74, 0x11, 0x01, 0x00,
    0x7d, 0x11, 0x01, 0x00, 0x94, 0x11, 0x01, 0x00, 0x9f, 0x11, 0x01, 0x00,
    0xaf, 0x11, 0x01, 0x00, 0xc2, 0x11, 0x01, 0x00, 0xc7, 0x11, 0x01, 0x00,
    0xcc, 0x11, 0x01, 0x00, 0xd2, 0x11, 0x01, 0x00, 0xdc, 0x11, 0x01, 0x00,
    0xed, 0x11, 0x01, 0x00, 0xfa, 0x11, 0x01, 0x00, 0x07, 0x12, 0x01, 0x00,
    0x12, 0x12, 0x01, 0x00, 0x1c, 0x12, 0x01, 0x00, 0x22, 0x12, 0x01, 0x00,
    0x32, 0x12, 0x01, 0x00, 0x3d, 0x12, 0x01, 0x00, 0x4c, 0x12, 0x01, 0x00,
    0x60, 0x12, 0x01, 0x00, 0x72, 0x12, 0x01, 0x00, 0x85, 0x12, 0x01, 0x00,
    0xa6, 0x12, 0x01, 0x00, 0xad, 0x12, 0x01, 0x00, 0xb9, 0x12, 0x01, 0x00,
    0xc1, 0x12, 0x01, 0x00, 0xc8, 0x12, 0x01, 0x00, 0xe3, 0x12, 0x01, 0x00,
    0xf1, 0x12, 0x01, 0x00, 0xfe, 0x13, 0x01, 0x00, 0x3e, 0x14, 0x01, 0x00,
    0xc5, 0x14, 0x01, 0x00, 0x1e, 0x15, 0x01, 0x00, 0x50, 0x15, 0x01, 0x00,
    0x69, 0x15, 0x01, 0x00, 0x6d, 0x15, 0x01, 0x00, 0x76, 0x15, 0x01, 0x00,
    0x86, 0x15, 0x01, 0x00, 0x97, 0x15, 0x01, 0x00, 0xa5, 0x15, 0x01, 0x00,
    0xad, 0x15, 0x01, 0x00, 0xb5, 0x15, 0x01, 0x00, 0xbc, 0x15, 0x01, 0x00,
    0xc8, 0x15, 0x01, 0x00, 0xd3, 0x15, 0x01, 0x00, 0xdc, 0x15, 0x01, 0x00,
    0xe5, 0x15, 0x01, 0x00, 0xec, 0x15, 0x01, 0x00, 0xf8, 0x15, 0x01, 0x00,
    0x04, 0x16, 0x01, 0x00, 0x12, 0x16, 0x01, 0x00, 0x1e, 0x16, 0x01, 0x00,
    0x2b, 0x16, 0x01, 0x00, 0x32, 0x16, 0x01, 0x00, 0x40, 0x16, 0x01, 0x00,
    0x4c, 0x16, 0x01, 0x00, 0x59, 0x16, 0x01, 0x00, 0x65, 0x16, 0x01, 0x00,
    0x74, 0x16, 0x01, 0x00, 0x7d, 0x16, 0x01, 0x00, 0x84, 0x16, 0x01, 0x00,
    0x8f, 0x16, 0x01, 0x00, 0x99, 0x16, 0x01, 0x00, 0xa7, 0x16, 0x01, 0x00,
    0xbe, 0x16, 0x01, 0x00, 0xc9, 0x16, 0x01, 0x00, 0xd0, 0x16, 0x01, 0x00,
    0xd8, 0x16, 0x01, 0x00, 0xe0, 0x16, 0x01, 0x00, 0xea, 0x16, 0x01, 0x00,
    0xfa, 0x16, 0x01, 0x00, 0x0d, 0x17, 0x01, 0x00, 0x17, 0x17, 0x01, 0x00,
    0x21, 0x17, 0x01, 0x00, 0x3f, 0x17, 0x01, 0x00, 0x4e, 0x17, 0x01, 0x00,
    0x5f, 0x17, 0x01, 0x00, 0x73, 0x17, 0x01, 0x00, 0x79, 0x17, 0x01, 0x00,
    0x80, 0x17, 0x01, 0x00, 0x8e, 0x17, 0x01, 0x00, 0x96, 0x17, 0x01, 0x00,
    0x9d, 0x17, 0x01, 0x00, 0xa8, 0x17, 0x01, 0x00, 0xb8, 0x17, 0x01, 0x00,
    0xc3, 0x17, 0x01, 0x00, 0xd5, 0x17, 0x01, 0x00, 0xe0, 0x17, 0x01, 0x00,
    0xee, 0x17, 0x01, 0x00, 0xff, 0x17, 0x01, 0x00, 0x06, 0x18, 0x01, 0x00,
    0x10, 0x18, 0x01, 0x00, 0x19, 0x18, 0x01, 0x00, 0x20, 0x18, 0x01, 0x00,
    0x31, 0x18, 0x01, 0x00, 0x3b, 0x18, 0x01, 0x00, 0x44, 0x18, 0x01, 0x00,
    0x4e, 0x18, 0x01, 0x00, 0x57, 0x18, 0x01, 0x00, 0x5f, 0x18, 0x01, 0x00,
    0x6a, 0x18, 0x01, 0x00, 0x8b, 0x18, 0x01, 0x00, 0x9f, 0x18, 0x01, 0x00,
    0xa8, 0x18, 0x01, 0x00, 0xc3, 0x18, 0x01, 0x00, 0xd1, 0x18, 0x01, 0x00,
    0xe0, 0x18, 0x01, 0x00, 0xec, 0x18, 0x01, 0x00, 0xf7, 0x18, 0x01, 0x00,
    0x08, 0x19, 0x01, 0x00, 0x14, 0x19, 0x01, 0x00, 0x20, 0x19, 0x01, 0x00,
    0x2d, 0x19, 0x01, 0x00, 0x38, 0x19, 0x01, 0x00, 0x44, 0x19, 0x01, 0x00,
    0x56, 0x19, 0x01, 0x00, 0x64, 0x19, 0x01, 0x00, 0x73, 0x19, 0x01, 0x00,
    0x7f, 0x19, 0x01, 0x00, 0x8e, 0x19, 0x01, 0x00, 0x99, 0x19, 0x01, 0x00,
    0xa4, 0x19, 0x01, 0x00, 0xac, 0x19, 0x01, 0x00, 0xb9, 0x19, 0x01, 0x00,
    0xc6, 0x19, 0x01, 0x00, 0xd2, 0x19, 0x01, 0x00, 0xe5, 0x19, 0x01, 0x00,
    0xf1, 0x19, 0x01, 0x00, 0x04, 0x1a, 0x01, 0x00, 0x0c, 0x1a, 0x01, 0x00,
    0x27, 0x1a, 0x01, 0x00, 0x2e, 0x1a, 0x01, 0x00, 0x3e, 0x1a, 0x01, 0x00,
    0x5a, 0x1a, 0x01, 0x00, 0x61, 0x1a, 0x01, 0x00, 0x6d, 0x1a, 0x01, 0x00,
    0x79, 0x1a, 0x01, 0x00, 0x7c, 0x1a, 0x01, 0x00, 0x81, 0x1a, 0x01, 0x00,
    0x85, 0x1a, 0x01, 0x00, 0x8f, 0x1a, 0x01, 0x00, 0x97, 0x1a, 0x01, 0x00,
    0x9b, 0x1a, 0x01, 0x00, 0xa0, 0x1a, 0x01, 0x00, 0xa6, 0x1a, 0x01, 0x00,
    0xab, 0x1a, 0x01, 0x00, 0xb1, 0x1a, 0x01, 0x00, 0xb8, 0x1a, 0x01, 0x00,
    0xbf, 0x1a, 0x01, 0x00, 0xc7, 0x1a, 0x01, 0x00, 0xcc, 0x1a, 0x01, 0x00,
    0xd0, 0x1a, 0x01, 0x00, 0xd4, 0x1a, 0x01, 0x00, 0xdb, 0x1a, 0x01, 0x00,
    0xe0, 0x1a, 0x01, 0x00, 0xe6, 0x1a, 0x01, 0x00, 0xed, 0x1a, 0x01, 0x00,
    0xf5, 0x1a, 0x01, 0x00, 0xfb, 0x1a, 0x01, 0x00, 0x00, 0x1b, 0x01, 0x00,
    0x06, 0x1b, 0x01, 0x00, 0x0c, 0x1b, 0x01, 0x00, 0x13, 0x1b, 0x01, 0x00,
    0x1f, 0x1b, 0x01, 0x00, 0x25, 0x1b, 0x01, 0x00, 0x2c, 0x1b, 0x01, 0x00,
    0x33, 0x1b, 0x01, 0x00, 0x3a, 0x1b, 0x01, 0x00, 0x42, 0x1b, 0x01, 0x00,
    0x4a, 0x1b, 0x01, 0x00, 0x50, 0x1b, 0x01, 0x00, 0x55, 0x1b, 0x01, 0x00,
    0x59, 0x1b, 0x01, 0x00, 0x62, 0x1b, 0x01, 0x00, 0x72, 0x1b, 0x01, 0x00,
    0x85, 0x1b, 0x01, 0x00, 0x99, 0x1b, 0x01, 0x00, 0xa3, 0x1b, 0x01, 0x00,
    0xaa, 0x1b, 0x01, 0x00, 0xb1, 0x1b, 0x01, 0x00, 0xbf, 0x1b, 0x01, 0x00,
    0xd8, 0x1b, 0x01, 0x00, 0xde, 0x1b, 0x01, 0x00, 0xe6, 0x1b, 0x01, 0x00,
    0xf5, 0x1b, 0x01, 0x00, 0xf8, 0x1b, 0x01, 0x00, 0xfc, 0x1b, 0x01, 0x00,
    0x00, 0x1c, 0x01, 0x00, 0x05, 0x1c, 0x01, 0x00, 0x0b, 0x1c, 0x01, 0x00,
    0x10, 0x1c, 0x01, 0x00, 0x15, 0x1c, 0x01, 0x00, 0x1a, 0x1c, 0x01, 0x00,
    0x1e, 0x1c, 0x01, 0x00, 0x25, 0x1c, 0x01, 0x00, 0x29, 0x1c, 0x01, 0x00,
    0x2d, 0x1c, 0x01, 0x00, 0x31, 0x1c, 0x01, 0x00, 0x47, 0x1c, 0x01, 0x00,
    0x65, 0x1c, 0x01, 0x00, 0x87, 0x1c, 0x01, 0x00, 0x9c, 0x1c, 0x01, 0x00,
    0xb3, 0x1c, 0x01, 0x00, 0xc8, 0x1c, 0x01, 0x00, 0xcd, 0x1c, 0x01, 0x00,
    0xe3, 0x1c, 0x01, 0x00, 0xe9, 0x1c, 0x01, 0x00, 0xec, 0x1c, 0x01, 0x00,
    0xf1, 0x1c, 0x01, 0x00, 0xfd, 0x1c, 0x01, 0x00, 0x09, 0x1d, 0x01, 0x00,
    0x16, 0x1d, 0x01, 0x00, 0x22, 0x1d, 0x01, 0x00, 0x2f, 0x1d, 0x01, 0x00,
    0x3c, 0x1d, 0x01, 0x00, 0x49, 0x1d, 0x01, 0x00, 0x56, 0x1d, 0x01, 0x00,
    0x63, 0x1d, 0x01, 0x00, 0x70, 0x1d, 0x01, 0x00, 0x7d, 0x1d, 0x01, 0x00,
    0x8a, 0x1d, 0x01, 0x00, 0x97, 0x1d, 0x01, 0x00, 0xa4, 0x1d, 0x01, 0x00,
    0xb1, 0x1d, 0x01, 0x00, 0xbd, 0x1d, 0x01, 0x00, 0xca, 0x1d, 0x01, 0x00,
    0xd6, 0x1d, 0x01, 0x00, 0xe3, 0x1d, 0x01, 0x00, 0xf0, 0x1d, 0x01, 0x00,
    0xfd, 0x1d, 0x01, 0x00, 0x0a, 0x1e, 0x01, 0x00, 0x17, 0x1e, 0x01, 0x00,
    0x24, 0x1e, 0x01, 0x00, 0x31, 0x1e, 0x01, 0x00, 0x3e, 0x1e, 0x01, 0x00,
    0x4a, 0x1e, 0x01, 0x00, 0x57, 0x1e, 0x01, 0x00, 0x64, 0x1e, 0x01, 0x00,
    0x71, 0x1e, 0x01, 0x00, 0x7e, 0x1e, 0x01, 0x00, 0x8b, 0x1e, 0x01, 0x00,
    0x98, 0x1e, 0x01, 0x00, 0xa5, 0x1e, 0x01, 0x00, 0xb1, 0x1e, 0x01, 0x00,
    0xbd, 0x1e, 0x01, 0x00, 0xc9, 0x1e, 0x01, 0x00, 0xd5, 0x1e, 0x01, 0x00,
    0xe1, 0x1e, 0x01, 0x00, 0xed, 0x1e, 0x01, 0x00, 0xfa, 0x1e, 0x01, 0x00,
    0xff, 0x1e, 0x01, 0x00, 0x07, 0x1f, 0x01, 0x00, 0x0c, 0x1f, 0x01, 0x00,
    0x1c, 0x1f, 0x01, 0x00, 0x26, 0x1f, 0x01, 0x00, 0x36, 0x1f, 0x01, 0x00,
    0x51, 0x1f, 0x01, 0x00, 0x69, 0x1f, 0x01, 0x00, 0x7c, 0x1f, 0x01, 0x00,
    0x85, 0x1f, 0x01, 0x00, 0x97, 0x1f, 0x01, 0x00, 0xa1, 0x1f, 0x01, 0x00,
    0xab, 0x1f, 0x01, 0x00, 0xb4, 0x1f, 0x01, 0x00, 0xbc, 0x1f, 0x01, 0x00,
    0xc9, 0x1f, 0x01, 0x00, 0xd0, 0x1f, 0x01, 0x00, 0xdd, 0x1f, 0x01, 0x00,
    0xec, 0x1f, 0x01, 0x00, 0xf3, 0x1f, 0x01, 0x00, 0xfd, 0x1f, 0x01, 0x00,
    0x10, 0x20, 0x01, 0x00, 0x17, 0x20, 0x01, 0x00, 0x1d, 0x20, 0x01, 0x00,
    0x25, 0x20, 0x01, 0x00, 0x2d, 0x20, 0x01, 0x00, 0x35, 0x20, 0x01, 0x00,
    0x43, 0x20, 0x01, 0x00, 0x49, 0x20, 0x01, 0x00, 0x50, 0x20, 0x01, 0x00,
    0x57, 0x20, 0x01, 0x00, 0x64, 0x20, 0x01, 0x00, 0x6f, 0x20, 0x01, 0x00,
    0x7a, 0x20, 0x01, 0x00, 0x86, 0x20, 0x01, 0x00, 0x94, 0x20, 0x01, 0x00,
    0xa0, 0x20, 0x01, 0x00, 0xad, 0x20, 0x01, 0x00, 0xb8, 0x20, 0x01, 0x00,
    0xc5, 0x20, 0x01, 0x00, 0xcc, 0x20, 0x01, 0x00, 0xdb, 0x20, 0x01, 0x00,
    0xea, 0x20, 0x01, 0x00, 0xf9, 0x20, 0x01, 0x00, 0x05, 0x21, 0x01, 0x00,
    0x13, 0x21, 0x01, 0x00, 0x19, 0x21, 0x01, 0x00, 0x27, 0x21, 0x01, 0x00,
    0x30, 0x21, 0x01, 0x00, 0x37, 0x21, 0x01, 0x00, 0x3f, 0x21, 0x01, 0x00,
    0x45, 0x21, 0x01, 0x00, 0x4d, 0x21, 0x01, 0x00, 0x55, 0x21, 0x01, 0x00,
    0x5f, 0x21, 0x01, 0x00, 0x66, 0x21, 0x01, 0x00, 0x72, 0x21, 0x01, 0x00,
    0x79, 0x21, 0x01, 0x00, 0x85, 0x21, 0x01, 0x00, 0x92, 0x21, 0x01, 0x00,
    0x9d, 0x21, 0x01, 0x00, 0xa4, 0x21, 0x01, 0x00, 0xb8, 0x21, 0x01, 0x00,
    0xc2, 0x21, 0x01, 0x00, 0xcb, 0x21, 0x01, 0x00, 0xdb, 0x21, 0x01, 0x00,
    0xe9, 0x21, 0x01, 0x00, 0xf3, 0x21, 0x01, 0x00, 0x00, 0x22, 0x01, 0x00,
    0x0e, 0x22, 0x01, 0x00, 0x16, 0x22, 0x01, 0x00, 0x1d, 0x22, 0x01, 0x00,
    0x25, 0x22, 0x01, 0x00, 0x33, 0x22, 0x01, 0x00, 0x44, 0x22, 0x01, 0x00,
    0x4c, 0x22, 0x01, 0x00, 0x58, 0x22, 0x01, 0x00, 0x68, 0x22, 0x01, 0x00,
    0x76, 0x22, 0x01, 0x00, 0x82, 0x22, 0x01, 0x00, 0x8a, 0x22, 0x01, 0x00,
    0x93, 0x22, 0x01, 0x00, 0x9c, 0x22, 0x01, 0x00, 0xa2, 0x22, 0x01, 0x00,
    0xaa, 0x22, 0x01, 0x00, 0xcb, 0x22, 0x01, 0x00, 0xd6, 0x22, 0x01, 0x00,
    0xe2, 0x22, 0x01, 0x00, 0xee, 0x22, 0x01, 0x00, 0xf7, 0x22, 0x01, 0x00,
    0xfe, 0x22, 0x01, 0x00, 0x08, 0x23, 0x01, 0x00, 0x14, 0x23, 0x01, 0x00,
    0x1e, 0x23, 0x01, 0x00, 0x2d, 0x23, 0x01, 0x00, 0x37, 0x23, 0x01, 0x00,
    0x41, 0x23, 0x01, 0x00, 0x4e, 0x23, 0x01, 0x00, 0x53, 0x23, 0x01, 0x00,
    0x59, 0x23, 0x01, 0x00, 0x61, 0x23, 0x01, 0x00, 0x72, 0x23, 0x01, 0x00,
    0x77, 0x23, 0x01, 0x00, 0x7f, 0x23, 0x01, 0x00, 0x85, 0x23, 0x01, 0x00,
    0x8f, 0x23, 0x01, 0x00, 0x95, 0x23, 0x01, 0x00, 0xa3, 0x23, 0x01, 0x00,
    0xad, 0x23, 0x01, 0x00, 0xb9, 0x23, 0x01, 0x00, 0xc6, 0x23, 0x01, 0x00,
    0xd7, 0x23, 0x01, 0x00, 0xe2, 0x23, 0x01, 0x00, 0xee, 0x23, 0x01, 0x00,
    0xfb, 0x23, 0x01, 0x00, 0x08, 0x24, 0x01, 0x00, 0x0e, 0x24, 0x01, 0x00,
    0x1f, 0x24, 0x01, 0x00, 0x26, 0x24, 0x01, 0x00, 0x30, 0x24, 0x01, 0x00,
    0x3d, 0x24, 0x01, 0x00, 0x49, 0x24, 0x01, 0x00, 0x55, 0x24, 0x01, 0x00,
    0x5a, 0x24, 0x01, 0x00, 0x65, 0x24, 0x01, 0x00, 0x76, 0x24, 0x01, 0x00,
    0x88, 0x24, 0x01, 0x00, 0x93, 0x24, 0x01, 0x00, 0xa2, 0x24, 0x01, 0x00,
    0xaf, 0x24, 0x01, 0x00, 0xbb, 0x24, 0x01, 0x00, 0xc6, 0x24, 0x01, 0x00,
    0xde, 0x24, 0x01, 0x00, 0xea, 0x24, 0x01, 0x00, 0xf4, 0x24, 0x01, 0x00,
    0x09, 0x25, 0x01, 0x00, 0x17, 0x25, 0x01, 0x00, 0x2a, 0x25, 0x01, 0x00,
    0x35, 0x25, 0x01, 0x00, 0x44, 0x25, 0x01, 0x00, 0x4c, 0x25, 0x01, 0x00,
    0x55, 0x25, 0x01, 0x00, 0x60, 0x25, 0x01, 0x00, 0x6b, 0x25, 0x01, 0x00,
    0x7c, 0x25, 0x01, 0x00, 0x8a, 0x25, 0x01, 0x00, 0x97, 0x25, 0x01, 0x00,
    0xac, 0x25, 0x01, 0x00, 0xbb, 0x25, 0x01, 0x00, 0xcb, 0x25, 0x01, 0x00,
    0xd5, 0x25, 0x01, 0x00, 0xe0, 0x25, 0x01, 0x00, 0xe9, 0x25, 0x01, 0x00,
    0xf2, 0x25, 0x01, 0x00, 0x00, 0x26, 0x01, 0x00, 0x14, 0x26, 0x01, 0x00,
    0x2a, 0x26, 0x01, 0x00, 0x34, 0x26, 0x01, 0x00, 0x3f, 0x26, 0x01, 0x00,
    0x51, 0x26, 0x01, 0x00, 0x59, 0x26, 0x01, 0x00, 0x62, 0x26, 0x01, 0x00,
    0x6b, 0x26, 0x01, 0x00, 0x74, 0x26, 0x01, 0x00, 0x89, 0x26, 0x01, 0x00,
    0x98, 0x26, 0x01, 0x00, 0xa2, 0x26, 0x01, 0x00, 0xad, 0x26, 0x01, 0x00,
    0xbd, 0x26, 0x01, 0x00, 0xdb, 0x26, 0x01, 0x00, 0xe1, 0x26, 0x01, 0x00,
    0xea, 0x26, 0x01, 0x00, 0xf1, 0x26, 0x01, 0x00, 0xf9, 0x26, 0x01, 0x00,
    0x02, 0x27, 0x01, 0x00, 0x0b, 0x27, 0x01, 0x00, 0x13, 0x27, 0x01, 0x00,
    0x21, 0x27, 0x01, 0x00, 0x27, 0x27, 0x01, 0x00, 0x35, 0x27, 0x01, 0x00,
    0x4e, 0x27, 0x01, 0x00, 0x59, 0x27, 0x01, 0x00, 0x62, 0x27, 0x01, 0x00,
    0x70, 0x27, 0x01, 0x00, 0x73, 0x27, 0x01, 0x00, 0x82, 0x27, 0x01, 0x00,
    0x93, 0x27, 0x01, 0x00, 0xa2, 0x27, 0x01, 0x00, 0xb1, 0x27, 0x01, 0x00,
    0xc0, 0x27, 0x01, 0x00, 0xcb, 0x27, 0x01, 0x00, 0xde, 0x27, 0x01, 0x00,
    0xf1, 0x27, 0x01, 0x00, 0x04, 0x28, 0x01, 0x00, 0x15, 0x28, 0x01, 0x00,
    0x21, 0x28, 0x01, 0x00, 0x28, 0x28, 0x01, 0x00, 0x31, 0x28, 0x01, 0x00,
    0x3b, 0x28, 0x01, 0x00, 0x4b, 0x28, 0x01, 0x00, 0x59, 0x28, 0x01, 0x00,
    0x68, 0x28, 0x01, 0x00, 0x76, 0x28, 0x01, 0x00, 0x84, 0x28, 0x01, 0x00,
    0x92, 0x28, 0x01, 0x00, 0xa1, 0x28, 0x01, 0x00, 0xb3, 0x28, 0x01, 0x00,
    0xc4, 0x28, 0x01, 0x00, 0xd1, 0x28, 0x01, 0x00, 0xde, 0x28, 0x01, 0x00,
    0xeb, 0x28, 0x01, 0x00, 0xf5, 0x28, 0x01, 0x00, 0xfb, 0x28, 0x01, 0x00,
    0x07, 0x29, 0x01, 0x00, 0x11, 0x29, 0x01, 0x00, 0x1b, 0x29, 0x01, 0x00,
    0x25, 0x29, 0x01, 0x00, 0x2c, 0x29, 0x01, 0x00, 0x33, 0x29, 0x01, 0x00,
    0x38, 0x29, 0x01, 0x00, 0x3d, 0x29, 0x01, 0x00, 0x47, 0x29, 0x01, 0x00,
    0x4f, 0x29, 0x01, 0x00, 0x59, 0x29, 0x01, 0x00, 0x62, 0x29, 0x01, 0x00,
    0x70, 0x29, 0x01, 0x00, 0x78, 0x29, 0x01, 0x00, 0x81, 0x29, 0x01, 0x00,
    0x8d, 0x29, 0x01, 0x00, 0x97, 0x29, 0x01, 0x00, 0xa6, 0x29, 0x01, 0x00,
    0xb3, 0x29, 0x01, 0x00, 0xbc, 0x29, 0x01, 0x00, 0xc9, 0x29, 0x01, 0x00,
    0xd2, 0x29, 0x01, 0x00, 0xdc, 0x29, 0x01, 0x00, 0xea, 0x29, 0x01, 0x00,
    0xf1, 0x29, 0x01, 0x00, 0xfc, 0x29, 0x01, 0x00, 0x07, 0x2a, 0x01, 0x00,
    0x13, 0x2a, 0x01, 0x00, 0x1c, 0x2a, 0x01, 0x00, 0x23, 0x2a, 0x01, 0x00,
    0x2d, 0x2a, 0x01, 0x00, 0x37, 0x2a, 0x01, 0x00, 0x47, 0x2a, 0x01, 0x00,
    0x54, 0x2a, 0x01, 0x00, 0x5a, 0x2a, 0x01, 0x00, 0x60, 0x2a, 0x01, 0x00,
    0x68, 0x2a, 0x01, 0x00, 0x74, 0x2a, 0x01, 0x00, 0x7c, 0x2a, 0x01, 0x00,
    0x88, 0x2a, 0x01, 0x00, 0x92, 0x2a, 0x01, 0x00, 0x98, 0x2a, 0x01, 0x00,
    0xa5, 0x2a, 0x01, 0x00, 0xb3, 0x2a, 0x01, 0x00, 0xc0, 0x2a, 0x01, 0x00,
    0xcb, 0x2a, 0x01, 0x00, 0xd6, 0x2a, 0x01, 0x00, 0xdb, 0x2a, 0x01, 0x00,
    0xe0, 0x2a, 0x01, 0x00, 0xea, 0x2a, 0x01, 0x00, 0xf3, 0x2a, 0x01, 0x00,
    0xf8, 0x2a, 0x01, 0x00, 0x00, 0x2b, 0x01, 0x00, 0x2a, 0x2b, 0x01, 0x00,
    0x37, 0x2b, 0x01, 0x00, 0x45, 0x2b, 0x01, 0x00, 0x4a, 0x2b, 0x01, 0x00,
    0x54, 0x2b, 0x01, 0x00, 0x5f, 0x2b, 0x01, 0x00, 0x69, 0x2b, 0x01, 0x00,
    0x75, 0x2b, 0x01, 0x00, 0x7c, 0x2b, 0x01, 0x00, 0x8a, 0x2b, 0x01, 0x00,
    0x96, 0x2b, 0x01, 0x00, 0xa3, 0x2b, 0x01, 0x00, 0xb1, 0x2b, 0x01, 0x00,
    0xbb, 0x2b, 0x01, 0x00, 0xc9, 0x2b, 0x01, 0x00, 0xd5, 0x2b, 0x01, 0x00,
    0xe6, 0x2b, 0x01, 0x00, 0xf8, 0x2b, 0x01, 0x00, 0x08, 0x2c, 0x01, 0x00,
    0x1b, 0x2c, 0x01, 0x00, 0x2d, 0x2c, 0x01, 0x00, 0x3e, 0x2c, 0x01, 0x00,
    0x4b, 0x2c, 0x01, 0x00, 0x57, 0x2c, 0x01, 0x00, 0x62, 0x2c, 0x01, 0x00,
    0x6b, 0x2c, 0x01, 0x00, 0x74, 0x2c, 0x01, 0x00, 0x7e, 0x2c, 0x01, 0x00,
    0x8f, 0x2c, 0x01, 0x00, 0x9e, 0x2c, 0x01, 0x00, 0xae, 0x2c, 0x01, 0x00,
    0xb9, 0x2c, 0x01, 0x00, 0xc8, 0x2c, 0x01, 0x00, 0xdb, 0x2c, 0x01, 0x00,
    0xee, 0x2c, 0x01, 0x00, 0x00, 0x2d, 0x01, 0x00, 0x0d, 0x2d, 0x01, 0x00,
    0x13, 0x2d, 0x01, 0x00, 0x1b, 0x2d, 0x01, 0x00, 0x26, 0x2d, 0x01, 0x00,
    0x2d, 0x2d, 0x01, 0x00, 0x34, 0x2d, 0x01, 0x00, 0x42, 0x2d, 0x01, 0x00,
    0x51, 0x2d, 0x01, 0x00, 0x57, 0x2d, 0x01, 0x00, 0x62, 0x2d, 0x01, 0x00,
    0x70, 0x2d, 0x01, 0x00, 0x86, 0x2d, 0x01, 0x00, 0x8b, 0x2d, 0x01, 0x00,
    0x91, 0x2d, 0x01, 0x00, 0x9d, 0x2d, 0x01, 0x00, 0xa7, 0x2d, 0x01, 0x00,
    0xb2, 0x2d, 0x01, 0x00, 0xbc, 0x2d, 0x01, 0x00, 0xc7, 0x2d, 0x01, 0x00,
    0xcd, 0x2d, 0x01, 0x00, 0xf0, 0x2d, 0x01, 0x00, 0xf9, 0x2d, 0x01, 0x00,
    0x04, 0x2e, 0x01, 0x00, 0x17, 0x2e, 0x01, 0x00, 0x21, 0x2e, 0x01, 0x00,
    0x2a, 0x2e, 0x01, 0x00, 0x32, 0x2e, 0x01, 0x00, 0x41, 0x2e, 0x01, 0x00,
    0x51, 0x2e, 0x01, 0x00, 0x58, 0x2e, 0x01, 0x00, 0x64, 0x2e, 0x01, 0x00,
    0x6f, 0x2e, 0x01, 0x00, 0x76, 0x2e, 0x01, 0x00, 0x85, 0x2e, 0x01, 0x00,
    0x8e, 0x2e, 0x01, 0x00, 0x9c, 0x2e, 0x01, 0x00, 0xa2, 0x2e, 0x01, 0x00,
    0xaf, 0x2e, 0x01, 0x00, 0xb7, 0x2e, 0x01, 0x00, 0xc5, 0x2e, 0x01, 0x00,
    0xe0, 0x2e, 0x01, 0x00, 0xe3, 0x2e, 0x01, 0x00, 0xea, 0x2e, 0x01, 0x00,
    0xfa, 0x2e, 0x01, 0x00, 0x0a, 0x2f, 0x01, 0x00, 0x11, 0x2f, 0x01, 0x00,
    0x1b, 0x2f, 0x01, 0x00, 0x25, 0x2f, 0x01, 0x00, 0x2a, 0x2f, 0x01, 0x00,
    0x30, 0x2f, 0x01, 0x00, 0x37, 0x2f, 0x01, 0x00, 0x4e, 0x2f, 0x01, 0x00,
    0x54, 0x2f, 0x01, 0x00, 0x5b, 0x2f, 0x01, 0x00, 0x61, 0x2f, 0x01, 0x00,
    0x6e, 0x2f, 0x01, 0x00, 0x85, 0x2f, 0x01, 0x00, 0x90, 0x2f, 0x01, 0x00,
    0x9e, 0x2f, 0x01, 0x00, 0xa8, 0x2f, 0x01, 0x00, 0xb0, 0x2f, 0x01, 0x00,
    0xb7, 0x2f, 0x01, 0x00, 0xbe, 0x2f, 0x01, 0x00, 0xca, 0x2f, 0x01, 0x00,
    0xcf, 0x2f, 0x01, 0x00, 0xd9, 0x2f, 0x01, 0x00, 0xe1, 0x2f, 0x01, 0x00,
    0xec, 0x2f, 0x01, 0x00, 0xf0, 0x2f, 0x01, 0x00, 0xf9, 0x2f, 0x01, 0x00,
    0x0a, 0x30, 0x01, 0x00, 0x13, 0x30, 0x01, 0x00, 0x22, 0x30, 0x01, 0x00,
    0x2c, 0x30, 0x01, 0x00, 0x34, 0x30, 0x01, 0x00, 0x44, 0x30, 0x01, 0x00,
    0x55, 0x30, 0x01, 0x00, 0x68, 0x30, 0x01, 0x00, 0x79, 0x30, 0x01, 0x00,
    0x97, 0x30, 0x01, 0x00, 0xa3, 0x30, 0x01, 0x00, 0xaf, 0x30, 0x01, 0x00,
    0xd3, 0x30, 0x01, 0x00, 0xe1, 0x30, 0x01, 0x00, 0xf0, 0x30, 0x01, 0x00,
    0xfd, 0x30, 0x01, 0x00, 0x0c, 0x31, 0x01, 0x00, 0x1d, 0x31, 0x01, 0x00,
    0x2c, 0x31, 0x01, 0x00, 0x39, 0x31, 0x01, 0x00, 0x40, 0x31, 0x01, 0x00,
    0x45, 0x31, 0x01, 0x00, 0x4a, 0x31, 0x01, 0x00, 0x59, 0x31, 0x01, 0x00,
    0x64, 0x31, 0x01, 0x00, 0x6c, 0x31, 0x01, 0x00, 0x74, 0x31, 0x01, 0x00,
    0x7e, 0x31, 0x01, 0x00, 0x8f, 0x31, 0x01, 0x00, 0x99, 0x31, 0x01, 0x00,
    0xaa, 0x31, 0x01, 0x00, 0xb4, 0x31, 0x01, 0x00, 0xbf, 0x31, 0x01, 0x00,
    0xc6, 0x31, 0x01, 0x00, 0xd0, 0x31, 0x01, 0x00, 0xdb, 0x31, 0x01, 0x00,
    0xea, 0x31, 0x01, 0x00, 0xf3, 0x31, 0x01, 0x00, 0x03, 0x32, 0x01, 0x00,
    0x15, 0x32, 0x01, 0x00, 0x26, 0x32, 0x01, 0x00, 0x34, 0x32, 0x01, 0x00,
    0x45, 0x32, 0x01, 0x00, 0x4e, 0x32, 0x01, 0x00, 0x5c, 0x32, 0x01, 0x00,
    0x66, 0x32, 0x01, 0x00, 0x74, 0x32, 0x01, 0x00, 0x7c, 0x32, 0x01, 0x00,
    0x85, 0x32, 0x01, 0x00, 0x8b, 0x32, 0x01, 0x00, 0x9b, 0x32, 0x01, 0x00,
    0xa7, 0x32, 0x01, 0x00, 0xae, 0x32, 0x01, 0x00, 0xb8, 0x32, 0x01, 0x00,
    0xc6, 0x32, 0x01, 0x00, 0xd3, 0x32, 0x01, 0x00, 0xdd, 0x32, 0x01, 0x00,
    0xe5, 0x32, 0x01, 0x00, 0xf7, 0x32, 0x01, 0x00, 0x02, 0x33, 0x01, 0x00,
    0x0f, 0x33, 0x01, 0x00, 0x1d, 0x33, 0x01, 0x00, 0x29, 0x33, 0x01, 0x00,
    0x39, 0x33, 0x01, 0x00, 0x42, 0x33, 0x01, 0x00, 0x50, 0x33, 0x01, 0x00,
    0x5a, 0x33, 0x01, 0x00, 0x67, 0x33, 0x01, 0x00, 0x73, 0x33, 0x01, 0x00,
    0x80, 0x33, 0x01, 0x00, 0x8a, 0x33, 0x01, 0x00, 0x92, 0x33, 0x01, 0x00,
    0x9c, 0x33, 0x01, 0x00, 0xa1, 0x33, 0x01, 0x00, 0xad, 0x33, 0x01, 0x00,
    0xbc, 0x33, 0x01, 0x00, 0xd0, 0x33, 0x01, 0x00, 0xdb, 0x33, 0x01, 0x00,
    0xee, 0x33, 0x01, 0x00, 0xfc, 0x33, 0x01, 0x00, 0x0a, 0x34, 0x01, 0x00,
    0x14, 0x34, 0x01, 0x00, 0x2b, 0x34, 0x01, 0x00, 0x3c, 0x34, 0x01, 0x00,
    0x47, 0x34, 0x01, 0x00, 0x53, 0x34, 0x01, 0x00, 0x65, 0x34, 0x01, 0x00,
    0x72, 0x34, 0x01, 0x00, 0x83, 0x34, 0x01, 0x00, 0x94, 0x34, 0x01, 0x00,
    0xa2, 0x34, 0x01, 0x00, 0xb1, 0x34, 0x01, 0x00, 0xbd, 0x34, 0x01, 0x00,
    0xc6, 0x34, 0x01, 0x00, 0xd8, 0x34, 0x01, 0x00, 0xf2, 0x34, 0x01, 0x00,
    0x04, 0x35, 0x01, 0x00, 0x13, 0x35, 0x01, 0x00, 0x2a, 0x35, 0x01, 0x00,
    0x3e, 0x35, 0x01, 0x00, 0x4c, 0x35, 0x01, 0x00, 0x5d, 0x35, 0x01, 0x00,
    0x6e, 0x35, 0x01, 0x00, 0x7a, 0x35, 0x01, 0x00, 0x87, 0x35, 0x01, 0x00,
    0x9d, 0x35, 0x01, 0x00, 0xa9, 0x35, 0x01, 0x00, 0xb6, 0x35, 0x01, 0x00,
    0xc3, 0x35, 0x01, 0x00, 0xd4, 0x35, 0x01, 0x00, 0xe6, 0x35, 0x01, 0x00,
    0xfa, 0x35, 0x01, 0x00, 0x14, 0x36, 0x01, 0x00, 0x26, 0x36, 0x01, 0x00,
    0x3a, 0x36, 0x01, 0x00, 0x4a, 0x36, 0x01, 0x00, 0x56, 0x36, 0x01, 0x00,
    0x69, 0x36, 0x01, 0x00, 0x79, 0x36, 0x01, 0x00, 0x86, 0x36, 0x01, 0x00,
    0x94, 0x36, 0x01, 0x00, 0xa2, 0x36, 0x01, 0x00, 0xb1, 0x36, 0x01, 0x00,
    0xc3, 0x36, 0x01, 0x00, 0xcc, 0x36, 0x01, 0x00, 0xd7, 0x36, 0x01, 0x00,
    0xe6, 0x36, 0x01, 0x00, 0xf6, 0x36, 0x01, 0x00, 0x00, 0x37, 0x01, 0x00,
    0x08, 0x37, 0x01, 0x00, 0x11, 0x37, 0x01, 0x00, 0x1f, 0x37, 0x01, 0x00,
    0x34, 0x37, 0x01, 0x00, 0x41, 0x37, 0x01, 0x00, 0x54, 0x37, 0x01, 0x00,
    0x5e, 0x37, 0x01, 0x00, 0x6c, 0x37, 0x01, 0x00, 0x79, 0x37, 0x01, 0x00,
    0x96, 0x37, 0x01, 0x00, 0xa5, 0x37, 0x01, 0x00, 0xaf, 0x37, 0x01, 0x00,
    0xb9, 0x37, 0x01, 0x00, 0xbf, 0x37, 0x01, 0x00, 0xcf, 0x37, 0x01, 0x00,
    0xda, 0x37, 0x01, 0x00, 0xe9, 0x37, 0x01, 0x00, 0xf6, 0x37, 0x01, 0x00,
    0x06, 0x38, 0x01, 0x00, 0x10, 0x38, 0x01, 0x00, 0x1c, 0x38, 0x01, 0x00,
    0x2b, 0x38, 0x01, 0x00, 0x34, 0x38, 0x01, 0x00, 0x3a, 0x38, 0x01, 0x00,
    0x41, 0x38, 0x01, 0x00, 0x4f, 0x38, 0x01, 0x00, 0x56, 0x38, 0x01, 0x00,
    0x65, 0x38, 0x01, 0x00, 0x6b, 0x38, 0x01, 0x00, 0x72, 0x38, 0x01, 0x00,
    0x80, 0x38, 0x01, 0x00, 0x8c, 0x38, 0x01, 0x00, 0x99, 0x38, 0x01, 0x00,
    0xa6, 0x38, 0x01, 0x00, 0xae, 0x38, 0x01, 0x00, 0xb8, 0x38, 0x01, 0x00,
    0xc3, 0x38, 0x01, 0x00, 0xcf, 0x38, 0x01, 0x00, 0xd9, 0x38, 0x01, 0x00,
    0xde, 0x38, 0x01, 0x00, 0xe5, 0x38, 0x01, 0x00, 0xf4, 0x38, 0x01, 0x00,
    0x02, 0x39, 0x01, 0x00, 0x10, 0x39, 0x01, 0x00, 0x1c, 0x39, 0x01, 0x00,
    0x23, 0x39, 0x01, 0x00, 0x30, 0x39, 0x01, 0x00, 0x3a, 0x39, 0x01, 0x00,
    0x45, 0x39, 0x01, 0x00, 0x4f, 0x39, 0x01, 0x00, 0x55, 0x39, 0x01, 0x00,
    0x61, 0x39, 0x01, 0x00, 0x69, 0x39, 0x01, 0x00, 0x76, 0x39, 0x01, 0x00,
    0x7d, 0x39, 0x01, 0x00, 0x86, 0x39, 0x01, 0x00, 0x93, 0x39, 0x01, 0x00,
    0x9d, 0x39, 0x01, 0x00, 0xa4, 0x39, 0x01, 0x00, 0xb0, 0x39, 0x01, 0x00,
    0xc2, 0x39, 0x01, 0x00, 0xcd, 0x39, 0x01, 0x00, 0xd4, 0x39, 0x01, 0x00,
    0xdf, 0x39, 0x01, 0x00, 0xe5, 0x39, 0x01, 0x00, 0xf1, 0x39, 0x01, 0x00,
    0xf7, 0x39, 0x01, 0x00, 0x0a, 0x3a, 0x01, 0x00, 0x18, 0x3a, 0x01, 0x00,
    0x26, 0x3a, 0x01, 0x00, 0x2f, 0x3a, 0x01, 0x00, 0x3b, 0x3a, 0x01, 0x00,
    0x4c, 0x3a, 0x01, 0x00, 0x59, 0x3a, 0x01, 0x00, 0x62, 0x3a, 0x01, 0x00,
    0x69, 0x3a, 0x01, 0x00, 0x73, 0x3a, 0x01, 0x00, 0x7d, 0x3a, 0x01, 0x00,
    0x8a, 0x3a, 0x01, 0x00, 0x91, 0x3a, 0x01, 0x00, 0x9b, 0x3a, 0x01, 0x00,
    0xa6, 0x3a, 0x01, 0x00, 0xb3, 0x3a, 0x01, 0x00, 0xc3, 0x3a, 0x01, 0x00,
    0xce, 0x3a, 0x01, 0x00, 0xda, 0x3a, 0x01, 0x00, 0xea, 0x3a, 0x01, 0x00,
    0xfa, 0x3a, 0x01, 0x00, 0x01, 0x3b, 0x01, 0x00, 0x09, 0x3b, 0x01, 0x00,
    0x14, 0x3b, 0x01, 0x00, 0x1b, 0x3b, 0x01, 0x00, 0x25, 0x3b, 0x01, 0x00,
    0x2e, 0x3b, 0x01, 0x00, 0x3b, 0x3b, 0x01, 0x00, 0x44, 0x3b, 0x01, 0x00,
    0x50, 0x3b, 0x01, 0x00, 0x5e, 0x3b, 0x01, 0x00, 0x6a, 0x3b, 0x01, 0x00,
    0x71, 0x3b, 0x01, 0x00, 0x7c, 0x3b, 0x01, 0x00, 0x88, 0x3b, 0x01, 0x00,
    0x92, 0x3b, 0x01, 0x00, 0x9c, 0x3b, 0x01, 0x00, 0xaa, 0x3b, 0x01, 0x00,
    0xb8, 0x3b, 0x01, 0x00, 0xc3, 0x3b, 0x01, 0x00, 0xca, 0x3b, 0x01, 0x00,
    0xd3, 0x3b, 0x01, 0x00, 0xdf, 0x3b, 0x01, 0x00, 0xe6, 0x3b, 0x01, 0x00,
    0xf3, 0x3b, 0x01, 0x00, 0xff, 0x3b, 0x01, 0x00, 0x0c, 0x3c, 0x01, 0x00,
    0x0f, 0x3c, 0x01, 0x00, 0x13, 0x3c, 0x01, 0x00, 0x18, 0x3c, 0x01, 0x00,
    0x1c, 0x3c, 0x01, 0x00, 0x20, 0x3c, 0x01, 0x00, 0x24, 0x3c, 0x01, 0x00,
    0x27, 0x3c, 0x01, 0x00, 0x2b, 0x3c, 0x01, 0x00, 0xcc, 0x3c, 0x01, 0x00,
    0xdb, 0x3c, 0x01, 0x00, 0xe0, 0x3c, 0x01, 0x00, 0xe6, 0x3c, 0x01, 0x00,
    0x41, 0x00, 0x00, 0x00, 0x77, 0x00, 0x00, 0x00, 0x92, 0x00, 0x00, 0x00,
    0xba, 0x00, 0x00, 0x00, 0xd3, 0x00, 0x00, 0x00, 0xf7, 0x00, 0x00, 0x00,
    0xf8, 0x00, 0x00, 0x00, 0xf9, 0x00, 0x00, 0x00, 0xfa, 0x00, 0x00, 0x00,
    0xfb, 0x00, 0x00, 0x00, 0xfc, 0x00, 0x00, 0x00, 0xfd, 0x00, 0x00, 0x00,
    0xfe, 0x00, 0x00, 0x00, 0xff, 0x00, 0x00, 0x00, 0x00, 0x01, 0x00, 0x00,
    0x01, 0x01, 0x00, 0x00, 0x02, 0x01, 0x00, 0x00, 0x03, 0x01, 0x00, 0x00,
    0x04, 0x01, 0x00, 0x00, 0x05, 0x01, 0x00, 0x00, 0x06, 0x01, 0x00, 0x00,
    0x07, 0x01, 0x00, 0x00, 0x08, 0x01, 0x00, 0x00, 0x09, 0x01, 0x00, 0x00,
    0x0a, 0x01, 0x00, 0x00, 0x0b, 0x01, 0x00, 0x00, 0x0c, 0x01, 0x00, 0x00,
    0x0d, 0x01, 0x00, 0x00, 0x0e, 0x01, 0x00, 0x00, 0x0f, 0x01, 0x00, 0x00,
    0x10, 0x01, 0x00, 0x00, 0x11, 0x01, 0x00, 0x00, 0x12, 0x01, 0x00, 0x00,
    0x13, 0x01, 0x00, 0x00, 0x14, 0x01, 0x00, 0x00, 0x15, 0x01, 0x00, 0x00,
    0x16, 0x01, 0x00, 0x00, 0x17, 0x01, 0x00, 0x00, 0x18, 0x01, 0x00, 0x00,
    0x19, 0x01, 0x00, 0x00, 0x1a, 0x01, 0x00, 0x00, 0x1b, 0x01, 0x00, 0x00,
    0x1c, 0x01, 0x00, 0x00, 0x1d, 0x01, 0x00, 0x00, 0x1e, 0x01, 0x00, 0x00,
    0x1f, 0x01, 0x00, 0x00, 0x20, 0x01, 0x00, 0x00, 0x21, 0x01, 0x00, 0x00,
    0x22, 0x01, 0x00, 0x00, 0x23, 0x01, 0x00, 0x00, 0x24, 0x01, 0x00, 0x00,
    0x25, 0x01, 0x00, 0x00, 0x26, 0x01, 0x00, 0x00, 0x27, 0x01, 0x00, 0x00,
    0x28, 0x01, 0x00, 0x00, 0x29, 0x01, 0x00, 0x00, 0x2a, 0x01, 0x00, 0x00,
    0x2b, 0x01, 0x00, 0x00, 0x2c, 0x01, 0x00, 0x00, 0x2d, 0x01, 0x00, 0x00,
    0x2e, 0x01, 0x00, 0x00, 0x2f, 0x01, 0x00, 0x00, 0x30, 0x01, 0x00, 0x00,
    0x31, 0x01, 0x00, 0x00, 0x32, 0x01, 0x00, 0x00, 0x33, 0x01, 0x00, 0x00,
    0x34, 0x01, 0x00, 0x00, 0x35, 0x01, 0x00, 0x00, 0x36, 0x01, 0x00, 0x00,
    0x37, 0x01, 0x00, 0x00, 0x38, 0x01, 0x00, 0x00, 0x39, 0x01, 0x00, 0x00,
    0x3a, 0x01, 0x00, 0x00, 0x3b, 0x01, 0x00, 0x00, 0x3c, 0x01, 0x00, 0x00,
    0x3d, 0x01, 0x00, 0x00, 0x3e, 0x01, 0x00, 0x00, 0x3f, 0x01, 0x00, 0x00,
    0x42, 0x01, 0x00, 0x00, 0x43, 0x01, 0x00, 0x00, 0x44, 0x01, 0x00, 0x00,
    0x45, 0x01, 0x00, 0x00, 0x46, 0x01, 0x00, 0x00, 0x47, 0x01, 0x00, 0x00,
    0x48, 0x01, 0x00, 0x00, 0x49, 0x01, 0x00, 0x00, 0x4a, 0x01, 0x00, 0x00,
    0x4b, 0x01, 0x00, 0x00, 0x4c, 0x01, 0x00, 0x00, 0x4d, 0x01, 0x00, 0x00,
    0x4e, 0x01, 0x00, 0x00, 0x4f, 0x01, 0x00, 0x00, 0x50, 0x01, 0x00, 0x00,
    0x51, 0x01, 0x00, 0x00, 0x52, 0x01, 0x00, 0x00, 0x53, 0x01, 0x00, 0x00,
    0x54, 0x01, 0x00, 0x00, 0x55, 0x01, 0x00, 0x00, 0x56, 0x01, 0x00, 0x00,
    0x57, 0x01, 0x00, 0x00, 0x58, 0x01, 0x00, 0x00, 0x59, 0x01, 0x00, 0x00,
    0x5a, 0x01, 0x00, 0x00, 0x5b, 0x01, 0x00, 0x00, 0x5c, 0x01, 0x00, 0x00,
    0x5d, 0x01, 0x00, 0x00, 0x5e, 0x01, 0x00, 0x00, 0x5f, 0x01, 0x00, 0x00,
    0x60, 0x01, 0x00, 0x00, 0x61, 0x01, 0x00, 0x00, 0x62, 0x01, 0x00, 0x00,
    0x63, 0x01, 0x00, 0x00, 0x64, 0x01, 0x00, 0x00, 0x65, 0x01, 0x00, 0x00,
    0x66, 0x01, 0x00, 0x00, 0x67, 0x01, 0x00, 0x00, 0x68, 0x01, 0x00, 0x00,
    0x69, 0x01, 0x00, 0x00, 0x6a, 0x01, 0x00, 0x00, 0x6b, 0x01, 0x00, 0x00,
    0x6c, 0x01, 0x00, 0x00, 0x6d, 0x01, 0x00, 0x00, 0x6e, 0x01, 0x00, 0x00,
    0x6f, 0x01, 0x00, 0x00, 0x70, 0x01, 0x00, 0x00, 0x71, 0x01, 0x00, 0x00,
    0x72, 0x01, 0x00, 0x00, 0x73, 0x01, 0x00, 0x00, 0x74, 0x01, 0x00, 0x00,
    0x75, 0x01, 0x00, 0x00, 0x76, 0x01, 0x00, 0x00, 0x77, 0x01, 0x00, 0x00,
    0x78, 0x01, 0x00, 0x00, 0x79, 0x01, 0x00, 0x00, 0x7a, 0x01, 0x00, 0x00,
    0x7b, 0x01, 0x00, 0x00, 0x7c, 0x01, 0x00, 0x00, 0x7d, 0x01, 0x00, 0x00,
    0x7e, 0x01, 0x00, 0x00, 0x7f, 0x01, 0x00, 0x00, 0x80, 0x01, 0x00, 0x00,
    0x81, 0x01, 0x00, 0x00, 0x82, 0x01, 0x00, 0x00, 0x83, 0x01, 0x00, 0x00,
    0x84, 0x01, 0x00, 0x00, 0x85, 0x01, 0x00, 0x00, 0x86, 0x01, 0x00, 0x00,
    0x87, 0x01, 0x00, 0x00, 0x88, 0x01, 0x00, 0x00, 0x89, 0x01, 0x00, 0x00,
    0x8a, 0x01, 0x00, 0x00, 0x8b, 0x01, 0x00, 0x00, 0x8c, 0x01, 0x00, 0x00,
    0x8d, 0x01, 0x00, 0x00, 0x8e, 0x01, 0x00, 0x00, 0x8f, 0x01, 0x00, 0x00,
    0x90, 0x01, 0x00, 0x00, 0x91, 0x01, 0x00, 0x00, 0x92, 0x01, 0x00, 0x00,
    0x98, 0x01, 0x00, 0x00, 0x99, 0x01, 0x00, 0x00, 0x9a, 0x01, 0x00, 0x00,
    0x9b, 0x01, 0x00, 0x00, 0x9c, 0x01, 0x00, 0x00, 0x9d, 0x01, 0x00, 0x00,
    0x9e, 0x01, 0x00, 0x00, 0x9f, 0x01, 0x00, 0x00, 0xa0, 0x01, 0x00, 0x00,
    0xa1, 0x01, 0x00, 0x00, 0xa2, 0x01, 0x00, 0x00, 0xa3, 0x01, 0x00, 0x00,
    0xa4, 0x01, 0x00, 0x00, 0xa5, 0x01, 0x00, 0x00, 0xa6, 0x01, 0x00, 0x00,
    0xa7, 0x01, 0x00, 0x00, 0xa8, 0x01, 0x00, 0x00, 0xa9, 0x01, 0x00, 0x00,
    0xab, 0x01, 0x00, 0x00, 0xac, 0x01, 0x00, 0x00, 0xad, 0x01, 0x00, 0x00,
    0xae, 0x01, 0x00, 0x00, 0xb0, 0x01, 0x00, 0x00, 0xb1, 0x01, 0x00, 0x00,
    0xb3, 0x01, 0x00, 0x00, 0xb4, 0x01, 0x00, 0x00, 0xb6, 0x01, 0x00, 0x00,
    0xb8, 0x01, 0x00, 0x00, 0xba, 0x01, 0x00, 0x00, 0xbb, 0x01, 0x00, 0x00,
    0xbd, 0x01, 0x00, 0x00, 0xbe, 0x01, 0x00, 0x00, 0x69, 0x02, 0x00, 0x00,
    0x99, 0x02, 0x00, 0x00, 0xa3, 0x02, 0x00, 0x00, 0xa4, 0x02, 0x00, 0x00,
    0xa5, 0x02, 0x00, 0x00, 0xa6, 0x02, 0x00, 0x00, 0xa7, 0x02, 0x00, 0x00,
    0xa8, 0x02, 0x00, 0x00, 0xa9, 0x02, 0x00, 0x00, 0xaa, 0x02, 0x00, 0x00,
    0xab, 0x02, 0x00, 0x00, 0xac, 0x02, 0x00, 0x00, 0xad, 0x02, 0x00, 0x00,
    0xae, 0x02, 0x00, 0x00, 0x43, 0x00, 0x00, 0x00, 0x00, 0x00, 0x00, 0x00,
    0xe8, 0xe7, 0x00, 0x00, 0x78, 0x00, 0x00, 0x00, 0x01, 0x00, 0x00, 0x00,
    0xf0, 0xe7, 0x00, 0x00, 0x92, 0x00, 0x00, 0x00, 0x02, 0x00, 0x00, 0x00,
    0x00, 0x00, 0x00, 0x00, 0x93, 0x00, 0x00, 0x00, 0x02, 0x00, 0x00, 0x00,
    0xf8, 0xe7, 0x00, 0x00, 0x94, 0x00, 0x00, 0x00, 0x02, 0x00, 0x00, 0x00,
    0x00, 0xe8, 0x00, 0x00, 0x95, 0x00, 0x00, 0x00, 0x02, 0x00, 0x00, 0x00,
    0xe8, 0xe7, 0x00, 0x00, 0x98, 0x00, 0x00, 0x00, 0x02, 0x00, 0x00, 0x00,
    0x08, 0xe8, 0x00, 0x00, 0xba, 0x00, 0x00, 0x00, 0x03, 0x00, 0x00, 0x00,
    0x00, 0x00, 0x00, 0x00, 0xbb, 0x00, 0x00, 0x00, 0x03, 0x00, 0x00, 0x00,
    0x10, 0xe8, 0x00, 0x00, 0xbc, 0x00, 0x00, 0x00, 0x03, 0x00, 0x00, 0x00,
    0xf8, 0xe7, 0x00, 0x00, 0xbd, 0x00, 0x00, 0x00, 0x03, 0x00, 0x00, 0x00,
    0x18, 0xe8, 0x00, 0x00, 0xbe, 0x00, 0x00, 0x00, 0x03, 0x00, 0x00, 0x00,
    0xe8, 0xe7, 0x00, 0x00, 0xbf, 0x00, 0x00, 0x00, 0x03, 0x00, 0x00, 0x00,
    0x24, 0xe8, 0x00, 0x00, 0xc0, 0x00, 0x00, 0x00, 0x03, 0x00, 0x00, 0x00,
    0x08, 0xe8, 0x00, 0x00, 0xc1, 0x00, 0x00, 0x00, 0x03, 0x00, 0x00, 0x00,
    0x2c, 0xe8, 0x00, 0x00, 0xc0, 0x00, 0x00, 0x00, 0x03, 0x00, 0x00, 0x00,
    0x34, 0xe8, 0x00, 0x00, 0xc2, 0x00, 0x00, 0x00, 0x03, 0x00, 0x00, 0x00,
    0x3c, 0xe8, 0x00, 0x00, 0xc3, 0x00, 0x00, 0x00, 0x03, 0x00, 0x00, 0x00,
    0x44, 0xe8, 0x00, 0x00, 0xc4, 0x00, 0x00, 0x00, 0x03, 0x00, 0x00, 0x00,
    0x4c, 0xe8, 0x00, 0x00, 0xd3, 0x00, 0x00, 0x00, 0x04, 0x00, 0x00, 0x00,
    0x00, 0x00, 0x00, 0x00, 0xd4, 0x00, 0x00, 0x00, 0x04, 0x00, 0x00, 0x00,
    0xe8, 0xe7, 0x00, 0x00, 0xe1, 0x00, 0x00, 0x00, 0x07, 0x00, 0x00, 0x00,
    0x58, 0xe8, 0x00, 0x00, 0xe2, 0x00, 0x00, 0x00, 0x07, 0x00, 0x00, 0x00,
    0x60, 0xe8, 0x00, 0x00, 0xe2, 0x00, 0x00, 0x00, 0x08, 0x00, 0x00, 0x00,
    0x68, 0xe8, 0x00, 0x00, 0xe2, 0x00, 0x00, 0x00, 0x08, 0x00, 0x00, 0x00,
    0x70, 0xe8, 0x00, 0x00, 0xe2, 0x00, 0x00, 0x00, 0x09, 0x00, 0x00, 0x00,
    0x78, 0xe8, 0x00, 0x00, 0xea, 0x00, 0x00, 0x00, 0x09, 0x00, 0x00, 0x00,
    0x80, 0xe8, 0x00, 0x00, 0xda, 0x00, 0x00, 0x00, 0x0a, 0x00, 0x00, 0x00,
    0x00, 0x00, 0x00, 0x00, 0xea, 0x00, 0x00, 0x00, 0x0b, 0x00, 0x00, 0x00,
    0x88, 0xe8, 0x00, 0x00, 0xda, 0x00, 0x00, 0x00, 0x0d, 0x00, 0x00, 0x00,
    0x00, 0x00, 0x00, 0x00, 0xdc, 0x00, 0x00, 0x00, 0x0f, 0x00, 0x00, 0x00,
    0xe8, 0xe7, 0x00, 0x00, 0xe4, 0x00, 0x00, 0x00, 0x0f, 0x00, 0x00, 0x00,
    0x3c, 0xe8, 0x00, 0x00, 0xea, 0x00, 0x00, 0x00, 0x0f, 0x00, 0x00, 0x00,
    0x44, 0xe8, 0x00, 0x00, 0xda, 0x00, 0x00, 0x00, 0x10, 0x00, 0x00, 0x00,
    0x00, 0x00, 0x00, 0x00, 0xe4, 0x00, 0x00, 0x00, 0x10, 0x00, 0x00, 0x00,
    0x3c, 0xe8, 0x00, 0x00, 0xea, 0x00, 0x00, 0x00, 0x10, 0x00, 0x00, 0x00,
    0x44, 0xe8, 0x00, 0x00, 0xe2, 0x00, 0x00, 0x00, 0x11, 0x00, 0x00, 0x00,
    0x90, 0xe8, 0x00, 0x00, 0xe4, 0x00, 0x00, 0x00, 0x11, 0x00, 0x00, 0x00,
    0x3c, 0xe8, 0x00, 0x00, 0xda, 0x00, 0x00, 0x00, 0x12, 0x00, 0x00, 0x00,
    0x00, 0x00, 0x00, 0x00, 0xda, 0x00, 0x00, 0x00, 0x13, 0x00, 0x00, 0x00,
    0x00, 0x00, 0x00, 0x00, 0xe2, 0x00, 0x00, 0x00, 0x14, 0x00, 0x00, 0x00,
    0x08, 0xe8, 0x00, 0x00, 0xe5, 0x00, 0x00, 0x00, 0x14, 0x00, 0x00, 0x00,
    0x98, 0xe8, 0x00, 0x00, 0xea, 0x00, 0x00, 0x00, 0x14, 0x00, 0x00, 0x00,
    0xa4, 0xe8, 0x00, 0x00, 0xe8, 0x00, 0x00, 0x00, 0x14, 0x00, 0x00, 0x00,
    0xac, 0xe8, 0x00, 0x00, 0xe7, 0x00, 0x00, 0x00, 0x14, 0x00, 0x00, 0x00,
    0xb8, 0xe8, 0x00, 0x00, 0xf0, 0x00, 0x00, 0x00, 0x14, 0x00, 0x00, 0x00,
    0xc8, 0xe8, 0x00, 0x00, 0xea, 0x00, 0x00, 0x00, 0x14, 0x00, 0x00, 0x00,
    0xd4, 0xe8, 0x00, 0x00, 0xda, 0x00, 0x00, 0x00, 0x1a, 0x00, 0x00, 0x00,
    0x00, 0x00, 0x00, 0x00, 0xe2, 0x00, 0x00, 0x00, 0x1c, 0x00, 0x00, 0x00,
    0x08, 0xe8, 0x00, 0x00, 0xea, 0x00, 0x00, 0x00, 0x1c, 0x00, 0x00, 0x00,
    0xdc, 0xe8, 0x00, 0x00, 0xe2, 0x00, 0x00, 0x00, 0x20, 0x00, 0x00, 0x00,
    0x08, 0xe8, 0x00, 0x00, 0xe5, 0x00, 0x00, 0x00, 0x20, 0x00, 0x00, 0x00,
    0x98, 0xe8, 0x00, 0x00, 0xda, 0x00, 0x00, 0x00, 0x22, 0x00, 0x00, 0x00,
    0x00, 0x00, 0x00, 0x00, 0xda, 0x00, 0x00, 0x00, 0x23, 0x00, 0x00, 0x00,
    0x00, 0x00, 0x00, 0x00, 0xda, 0x00, 0x00, 0x00, 0x26, 0x00, 0x00, 0x00,
    0x00, 0x00, 0x00, 0x00, 0xdf, 0x00, 0x00, 0x00, 0x26, 0x00, 0x00, 0x00,
    0xe4, 0xe8, 0x00, 0x00, 0xda, 0x00, 0x00, 0x00, 0x27, 0x00, 0x00, 0x00,
    0x00, 0x00, 0x00, 0x00, 0xda, 0x00, 0x00, 0x00, 0x28, 0x00, 0x00, 0x00,
    0x00, 0x00, 0x00, 0x00, 0xdb, 0x00, 0x00, 0x00, 0x28, 0x00, 0x00, 0x00,
    0x10, 0xe8, 0x00, 0x00, 0xdd, 0x00, 0x00, 0x00, 0x28, 0x00, 0x00, 0x00,
    0x24, 0xe8, 0x00, 0x00, 0xe2, 0x00, 0x00, 0x00, 0x28, 0x00, 0x00, 0x00,
    0x78, 0xe8, 0x00, 0x00, 0xda, 0x00, 0x00, 0x00, 0x29, 0x00, 0x00, 0x00,
    0x00, 0x00, 0x00, 0x00, 0xda, 0x00, 0x00, 0x00, 0x2c, 0x00, 0x00, 0x00,
    0x00, 0x00, 0x00, 0x00, 0xda, 0x00, 0x00, 0x00, 0x34, 0x00, 0x00, 0x00,
    0x00, 0x00, 0x00, 0x00, 0xe0, 0x00, 0x00, 0x00, 0x34, 0x00, 0x00, 0x00,
    0xec, 0xe8, 0x00, 0x00, 0xe2, 0x00, 0x00, 0x00, 0x34, 0x00, 0x00, 0x00,
    0x08, 0xe8, 0x00, 0x00, 0xe3, 0x00, 0x00, 0x00, 0x34, 0x00, 0x00, 0x00,
    0x2c, 0xe8, 0x00, 0x00, 0xe4, 0x00, 0x00, 0x00, 0x34, 0x00, 0x00, 0x00,
    0xf8, 0xe8, 0x00, 0x00, 0xf4, 0x00, 0x00, 0x00, 0x34, 0x00, 0x00, 0x00,
    0x00, 0xe9, 0x00, 0x00, 0xef, 0x00, 0x00, 0x00, 0x34, 0x00, 0x00, 0x00,
    0x0c, 0xe9, 0x00, 0x00, 0xea, 0x00, 0x00, 0x00, 0x34, 0x00, 0x00, 0x00,
    0xa4, 0xe8, 0x00, 0x00, 0xe2, 0x00, 0x00, 0x00, 0x35, 0x00, 0x00, 0x00,
    0x90, 0xe8, 0x00, 0x00, 0xda, 0x00, 0x00, 0x00, 0x36, 0x00, 0x00, 0x00,
    0x00, 0x00, 0x00, 0x00, 0xda, 0x00, 0x00, 0x00, 0x38, 0x00, 0x00, 0x00,
    0x00, 0x00, 0x00, 0x00, 0xda, 0x00, 0x00, 0x00, 0x3a, 0x00, 0x00, 0x00,
    0x00, 0x00, 0x00, 0x00, 0xda, 0x00, 0x00, 0x00, 0x3b, 0x00, 0x00, 0x00,
    0x00, 0x00, 0x00, 0x00, 0xda, 0x00, 0x00, 0x00, 0x3c, 0x00, 0x00, 0x00,
    0x00, 0x00, 0x00, 0x00, 0xdc, 0x00, 0x00, 0x00, 0x40, 0x00, 0x00, 0x00,
    0xe8, 0xe7, 0x00, 0x00, 0xeb, 0x00, 0x00, 0x00, 0x45, 0x00, 0x00, 0x00,
    0x1c, 0xe9, 0x00, 0x00, 0xeb, 0x00, 0x00, 0x00, 0x45, 0x00, 0x00, 0x00,
    0x28, 0xe9, 0x00, 0x00, 0xe2, 0x00, 0x00, 0x00, 0x46, 0x00, 0x00, 0x00,
    0x08, 0xe8, 0x00, 0x00, 0xf1, 0x00, 0x00, 0x00, 0x47, 0x00, 0x00, 0x00,
    0x34, 0xe9, 0x00, 0x00, 0xf2, 0x00, 0x00, 0x00, 0x47, 0x00, 0x00, 0x00,
    0x40, 0xe9, 0x00, 0x00, 0xf0, 0x00, 0x00, 0x00, 0x47, 0x00, 0x00, 0x00,
    0x50, 0xe9, 0x00, 0x00, 0xf4, 0x00, 0x00, 0x00, 0x47, 0x00, 0x00, 0x00,
    0x5c, 0xe9, 0x00, 0x00, 0xe2, 0x00, 0x00, 0x00, 0x4a, 0x00, 0x00, 0x00,
    0x70, 0xe8, 0x00, 0x00, 0xe3, 0x00, 0x00, 0x00, 0x4c, 0x00, 0x00, 0x00,
    0x2c, 0xe8, 0x00, 0x00, 0xec, 0x00, 0x00, 0x00, 0x4c, 0x00, 0x00, 0x00,
    0x68, 0xe9, 0x00, 0x00, 0xee, 0x00, 0x00, 0x00, 0x4c, 0x00, 0x00, 0x00,
    0x74, 0xe9, 0x00, 0x00, 0xed, 0x00, 0x00, 0x00, 0x4d, 0x00, 0x00, 0x00,
    0x80, 0xe9, 0x00, 0x00, 0xda, 0x00, 0x00, 0x00, 0x6c, 0x00, 0x00, 0x00,
    0x00, 0x00, 0x00, 0x00, 0xe2, 0x00, 0x00, 0x00, 0x6c, 0x00, 0x00, 0x00,
    0x8c, 0xe9, 0x00, 0x00, 0xe4, 0x00, 0x00, 0x00, 0x73, 0x00, 0x00, 0x00,
    0x3c, 0xe8, 0x00, 0x00, 0xe6, 0x00, 0x00, 0x00, 0x73, 0x00, 0x00, 0x00,
    0x94, 0xe9, 0x00, 0x00, 0xe9, 0x00, 0x00, 0x00, 0x73, 0x00, 0x00, 0x00,
    0xa0, 0xe9, 0x00, 0x00, 0xee, 0x00, 0x00, 0x00, 0x73, 0x00, 0x00, 0x00,
    0xb0, 0xe9, 0x00, 0x00, 0xf3, 0x00, 0x00, 0x00, 0x73, 0x00, 0x00, 0x00,
    0xbc, 0xe9, 0x00, 0x00, 0xf0, 0x00, 0x00, 0x00, 0x73, 0x00, 0x00, 0x00,
    0xcc, 0xe9, 0x00, 0x00, 0xf4, 0x00, 0x00, 0x00, 0x73, 0x00, 0x00, 0x00,
    0xd8, 0xe9, 0x00, 0x00, 0xe2, 0x00, 0x00, 0x00, 0x9f, 0x00, 0x00, 0x00,
    0x34, 0xe8, 0x00, 0x00, 0xda, 0x00, 0x00, 0x00, 0xa0, 0x00, 0x00, 0x00,
    0x00, 0x00, 0x00, 0x00, 0xda, 0x00, 0x00, 0x00, 0xa8, 0x00, 0x00, 0x00,
    0x00, 0x00, 0x00, 0x00, 0xdc, 0x00, 0x00, 0x00, 0xa8, 0x00, 0x00, 0x00,
    0xe8, 0xe7, 0x00, 0x00, 0xe2, 0x00, 0x00, 0x00, 0xa8, 0x00, 0x00, 0x00,
    0xe4, 0xe9, 0x00, 0x00, 0xea, 0x00, 0x00, 0x00, 0xa8, 0x00, 0x00, 0x00,
    0xec, 0xe9, 0x00, 0x00, 0xe2, 0x00, 0x00, 0x00, 0xa8, 0x00, 0x00, 0x00,
    0x34, 0xe8, 0x00, 0x00, 0xda, 0x00, 0x00, 0x00, 0xaa, 0x00, 0x00, 0x00,
    0x00, 0x00, 0x00, 0x00, 0xdc, 0x00, 0x00, 0x00, 0xaa, 0x00, 0x00, 0x00,
    0xe8, 0xe7, 0x00, 0x00, 0xdd, 0x00, 0x00, 0x00, 0xaa, 0x00, 0x00, 0x00,
    0x24, 0xe8, 0x00, 0x00, 0xe4, 0x00, 0x00, 0x00, 0xaa, 0x00, 0x00, 0x00,
    0xf4, 0xe9, 0x00, 0x00, 0xea, 0x00, 0x00, 0x00, 0xaa, 0x00, 0x00, 0x00,
    0xfc, 0xe9, 0x00, 0x00, 0xe2, 0x00, 0x00, 0x00, 0xaa, 0x00, 0x00, 0x00,
    0x34, 0xe8, 0x00, 0x00, 0xea, 0x00, 0x00, 0x00, 0xaa, 0x00, 0x00, 0x00,
    0x44, 0xe8, 0x00, 0x00, 0xe2, 0x00, 0x00, 0x00, 0xaa, 0x00, 0x00, 0x00,
    0x04, 0xea, 0x00, 0x00, 0xdb, 0x00, 0x00, 0x00, 0xab, 0x00, 0x00, 0x00,
    0x10, 0xe8, 0x00, 0x00, 0xdc, 0x00, 0x00, 0x00, 0xab, 0x00, 0x00, 0x00,
    0xe8, 0xe7, 0x00, 0x00, 0xe1, 0x00, 0x00, 0x00, 0xab, 0x00, 0x00, 0x00,
    0x58, 0xe8, 0x00, 0x00, 0xe2, 0x00, 0x00, 0x00, 0xab, 0x00, 0x00, 0x00,
    0xe4, 0xe9, 0x00, 0x00, 0xe2, 0x00, 0x00, 0x00, 0xab, 0x00, 0x00, 0x00,
    0x34, 0xe8, 0x00, 0x00, 0xda, 0x00, 0x00, 0x00, 0xb0, 0x00, 0x00, 0x00,
    0x00, 0x00, 0x00, 0x00, 0xda, 0x00, 0x00, 0x00, 0xb5, 0x00, 0x00, 0x00,
    0x00, 0x00, 0x00, 0x00, 0xe2, 0x00, 0x00, 0x00, 0xba, 0x00, 0x00, 0x00,
    0x0c, 0xea, 0x00, 0x00, 0xda, 0x00, 0x00, 0x00, 0xbc, 0x00, 0x00, 0x00,
    0x00, 0x00, 0x00, 0x00, 0xe2, 0x00, 0x00, 0x00, 0xbd, 0x00, 0x00, 0x00,
    0x78, 0xe8, 0x00, 0x00, 0xe2, 0x00, 0x00, 0x00, 0xbe, 0x00, 0x00, 0x00,
    0x34, 0xe8, 0x00, 0x00, 0x69, 0x02, 0x00, 0x00, 0xbf, 0x00, 0x00, 0x00,
    0x00, 0x00, 0x00, 0x00, 0x6a, 0x02, 0x00, 0x00, 0xbf, 0x00, 0x00, 0x00,
    0x14, 0xea, 0x00, 0x00, 0x6b, 0x02, 0x00, 0x00, 0xbf, 0x00, 0x00, 0x00,
    0xf8, 0xe7, 0x00, 0x00, 0x6c, 0x02, 0x00, 0x00, 0xbf, 0x00, 0x00, 0x00,
    0x1c, 0xea, 0x00, 0x00, 0x6d, 0x02, 0x00, 0x00, 0xbf, 0x00, 0x00, 0x00,
    0x30, 0xea, 0x00, 0x00, 0x6e, 0x02, 0x00, 0x00, 0xbf, 0x00, 0x00, 0x00,
    0xe8, 0xe7, 0x00, 0x00, 0x6f, 0x02, 0x00, 0x00, 0xbf, 0x00, 0x00, 0x00,
    0x40, 0xea, 0x00, 0x00, 0x70, 0x02, 0x00, 0x00, 0xbf, 0x00, 0x00, 0x00,
    0x48, 0xea, 0x00, 0x00, 0x71, 0x02, 0x00, 0x00, 0xbf, 0x00, 0x00, 0x00,
    0x24, 0xe8, 0x00, 0x00, 0x72, 0x02, 0x00, 0x00, 0xbf, 0x00, 0x00, 0x00,
    0x54, 0xea, 0x00, 0x00, 0x73, 0x02, 0x00, 0x00, 0xbf, 0x00, 0x00, 0x00,
    0x60, 0xea, 0x00, 0x00, 0x74, 0x02, 0x00, 0x00, 0xbf, 0x00, 0x00, 0x00,
    0x6c, 0xea, 0x00, 0x00, 0x74, 0x02, 0x00, 0x00, 0xbf, 0x00, 0x00, 0x00,
    0x78, 0xea, 0x00, 0x00, 0x75, 0x02, 0x00, 0x00, 0xbf, 0x00, 0x00, 0x00,
    0x84, 0xea, 0x00, 0x00, 0x75, 0x02, 0x00, 0x00, 0xbf, 0x00, 0x00, 0x00,
    0x94, 0xea, 0x00, 0x00, 0x76, 0x02, 0x00, 0x00, 0xbf, 0x00, 0x00, 0x00,
    0xa4, 0xea, 0x00, 0x00, 0x77, 0x02, 0x00, 0x00, 0xbf, 0x00, 0x00, 0x00,
    0x58, 0xe8, 0x00, 0x00, 0x78, 0x02, 0x00, 0x00, 0xbf, 0x00, 0x00, 0x00,
    0xac, 0xea, 0x00, 0x00, 0x78, 0x02, 0x00, 0x00, 0xbf, 0x00, 0x00, 0x00,
    0xd0, 0xe7, 0x00, 0x00, 0x78, 0x02, 0x00, 0x00, 0xbf, 0x00, 0x00, 0x00,
    0xb4, 0xea, 0x00, 0x00, 0x78, 0x02, 0x00, 0x00, 0xbf, 0x00, 0x00, 0x00,
    0x08, 0xe8, 0x00, 0x00, 0x7a, 0x02, 0x00, 0x00, 0xbf, 0x00, 0x00, 0x00,
    0xf8, 0xe8, 0x00, 0x00, 0x7b, 0x02, 0x00, 0x00, 0xbf, 0x00, 0x00, 0x00,
    0x98, 0xe8, 0x00, 0x00, 0x7e, 0x02, 0x00, 0x00, 0xbf, 0x00, 0x00, 0x00,
    0xbc, 0xea, 0x00, 0x00, 0x7f, 0x02, 0x00, 0x00, 0xbf, 0x00, 0x00, 0x00,
    0xc8, 0xea, 0x00, 0x00, 0x81, 0x02, 0x00, 0x00, 0xbf, 0x00, 0x00, 0x00,
    0xd0, 0xea, 0x00, 0x00, 0x84, 0x02, 0x00, 0x00, 0xbf, 0x00, 0x00, 0x00,
    0xdc, 0xea, 0x00, 0x00, 0x85, 0x02, 0x00, 0x00, 0xbf, 0x00, 0x00, 0x00,
    0xe8, 0xea, 0x00, 0x00, 0x7f, 0x02, 0x00, 0x00, 0xbf, 0x00, 0x00, 0x00,
    0xf4, 0xea, 0x00, 0x00, 0x82, 0x02, 0x00, 0x00, 0xbf, 0x00, 0x00, 0x00,
    0xfc, 0xea, 0x00, 0x00, 0x84, 0x02, 0x00, 0x00, 0xbf, 0x00, 0x00, 0x00,
    0x08, 0xeb, 0x00, 0x00, 0x7f, 0x02, 0x00, 0x00, 0xbf, 0x00, 0x00, 0x00,
    0x14, 0xeb, 0x00, 0x00, 0x84, 0x02, 0x00, 0x00, 0xbf, 0x00, 0x00, 0x00,
    0x1c, 0xeb, 0x00, 0x00, 0x85, 0x02, 0x00, 0x00, 0xbf, 0x00, 0x00, 0x00,
    0x28, 0xeb, 0x00, 0x00, 0x89, 0x02, 0x00, 0x00, 0xbf, 0x00, 0x00, 0x00,
    0x34, 0xeb, 0x00, 0x00, 0x8a, 0x02, 0x00, 0x00, 0xbf, 0x00, 0x00, 0x00,
    0x44, 0xeb, 0x00, 0x00, 0x88, 0x02, 0x00, 0x00, 0xbf, 0x00, 0x00, 0x00,
    0x50, 0xeb, 0x00, 0x00, 0x80, 0x02, 0x00, 0x00, 0xbf, 0x00, 0x00, 0x00,
    0x60, 0xeb, 0x00, 0x00, 0x7f, 0x02, 0x00, 0x00, 0xbf, 0x00, 0x00, 0x00,
    0x6c, 0xeb, 0x00, 0x00, 0x7f, 0x02, 0x00, 0x00, 0xbf, 0x00, 0x00, 0x00,
    0x74, 0xeb, 0x00, 0x00, 0x7f, 0x02, 0x00, 0x00, 0xbf, 0x00, 0x00, 0x00,
    0xa4, 0xe8, 0x00, 0x00, 0x84, 0x02, 0x00, 0x00, 0xbf, 0x00, 0x00, 0x00,
    0x7c, 0xeb, 0x00, 0x00, 0x8b, 0x02, 0x00, 0x00, 0xbf, 0x00, 0x00, 0x00,
    0x88, 0xeb, 0x00, 0x00, 0x84, 0x02, 0x00, 0x00, 0xbf, 0x00, 0x00, 0x00,
    0x90, 0xeb, 0x00, 0x00, 0x78, 0x02, 0x00, 0x00, 0xbf, 0x00, 0x00, 0x00,
    0x9c, 0xeb, 0x00, 0x00, 0x78, 0x02, 0x00, 0x00, 0xbf, 0x00, 0x00, 0x00,
    0x90, 0xe8, 0x00, 0x00, 0x78, 0x02, 0x00, 0x00, 0xbf, 0x00, 0x00, 0x00,
    0xa4, 0xeb, 0x00, 0x00, 0x7f, 0x02, 0x00, 0x00, 0xbf, 0x00, 0x00, 0x00,
    0xac, 0xeb, 0x00, 0x00, 0x87, 0x02, 0x00, 0x00, 0xbf, 0x00, 0x00, 0x00,
    0xb4, 0xeb, 0x00, 0x00, 0x78, 0x02, 0x00, 0x00, 0xbf, 0x00, 0x00, 0x00,
    0xc0, 0xeb, 0x00, 0x00, 0x78, 0x02, 0x00, 0x00, 0xbf, 0x00, 0x00, 0x00,
    0xc8, 0xeb, 0x00, 0x00, 0x78, 0x02, 0x00, 0x00, 0xbf, 0x00, 0x00, 0x00,
    0xd0, 0xeb, 0x00, 0x00, 0x78, 0x02, 0x00, 0x00, 0xbf, 0x00, 0x00, 0x00,
    0xd8, 0xeb, 0x00, 0x00, 0x78, 0x02, 0x00, 0x00, 0xbf, 0x00, 0x00, 0x00,
    0xe0, 0xeb, 0x00, 0x00, 0x78, 0x02, 0x00, 0x00, 0xbf, 0x00, 0x00, 0x00,
    0xe8, 0xeb, 0x00, 0x00, 0x78, 0x02, 0x00, 0x00, 0xbf, 0x00, 0x00, 0x00,
    0xf0, 0xeb, 0x00, 0x00, 0x78, 0x02, 0x00, 0x00, 0xbf, 0x00, 0x00, 0x00,
    0xf8, 0xeb, 0x00, 0x00, 0x78, 0x02, 0x00, 0x00, 0xbf, 0x00, 0x00, 0x00,
    0xb8, 0xe7, 0x00, 0x00, 0x78, 0x02, 0x00, 0x00, 0xbf, 0x00, 0x00, 0x00,
    0xa8, 0xe7, 0x00, 0x00, 0x78, 0x02, 0x00, 0x00, 0xbf, 0x00, 0x00, 0x00,
    0xb0, 0xe7, 0x00, 0x00, 0x78, 0x02, 0x00, 0x00, 0xbf, 0x00, 0x00, 0x00,
    0xd8, 0xe7, 0x00, 0x00, 0x78, 0x02, 0x00, 0x00, 0xbf, 0x00, 0x00, 0x00,
    0xc8, 0xe7, 0x00, 0x00, 0x78, 0x02, 0x00, 0x00, 0xbf, 0x00, 0x00, 0x00,
    0x00, 0xec, 0x00, 0x00, 0x7b, 0x02, 0x00, 0x00, 0xbf, 0x00, 0x00, 0x00,
    0x08, 0xec, 0x00, 0x00, 0x7c, 0x02, 0x00, 0x00, 0xbf, 0x00, 0x00, 0x00,
    0x14, 0xec, 0x00, 0x00, 0x7f, 0x02, 0x00, 0x00, 0xbf, 0x00, 0x00, 0x00,
    0x20, 0xec, 0x00, 0x00, 0x8b, 0x02, 0x00, 0x00, 0xbf, 0x00, 0x00, 0x00,
    0x28, 0xec, 0x00, 0x00, 0x78, 0x02, 0x00, 0x00, 0xbf, 0x00, 0x00, 0x00,
    0x30, 0xec, 0x00, 0x00, 0x78, 0x02, 0x00, 0x00, 0xbf, 0x00, 0x00, 0x00,
    0xe0, 0xe7, 0x00, 0x00, 0x78, 0x02, 0x00, 0x00, 0xbf, 0x00, 0x00, 0x00,
    0x38, 0xec, 0x00, 0x00, 0x78, 0x02, 0x00, 0x00, 0xbf, 0x00, 0x00, 0x00,
    0x40, 0xec, 0x00, 0x00, 0x78, 0x02, 0x00, 0x00, 0xbf, 0x00, 0x00, 0x00,
    0x48, 0xec, 0x00, 0x00, 0x78, 0x02, 0x00, 0x00, 0xbf, 0x00, 0x00, 0x00,
    0x50, 0xec, 0x00, 0x00, 0x86, 0x02, 0x00, 0x00, 0xbf, 0x00, 0x00, 0x00,
    0x58, 0xec, 0x00, 0x00, 0x78, 0x02, 0x00, 0x00, 0xbf, 0x00, 0x00, 0x00,
    0x64, 0xec, 0x00, 0x00, 0x7f, 0x02, 0x00, 0x00, 0xbf, 0x00, 0x00, 0x00,
    0x6c, 0xec, 0x00, 0x00, 0x7f, 0x02, 0x00, 0x00, 0xbf, 0x00, 0x00, 0x00,
    0x74, 0xec, 0x00, 0x00, 0x78, 0x02, 0x00, 0x00, 0xbf, 0x00, 0x00, 0x00,
    0x7c, 0xec, 0x00, 0x00, 0x7f, 0x02, 0x00, 0x00, 0xbf, 0x00, 0x00, 0x00,
    0x84, 0xec, 0x00, 0x00, 0x84, 0x02, 0x00, 0x00, 0xbf, 0x00, 0x00, 0x00,
    0x8c, 0xec, 0x00, 0x00, 0x78, 0x02, 0x00, 0x00, 0xbf, 0x00, 0x00, 0x00,
    0x68, 0xe8, 0x00, 0x00, 0x84, 0x02, 0x00, 0x00, 0xbf, 0x00, 0x00, 0x00,
    0x98, 0xec, 0x00, 0x00, 0x78, 0x02, 0x00, 0x00, 0xbf, 0x00, 0x00, 0x00,
    0xa4, 0xec, 0x00, 0x00, 0x78, 0x02, 0x00, 0x00, 0xbf, 0x00, 0x00, 0x00,
    0xac, 0xec, 0x00, 0x00, 0x78, 0x02, 0x00, 0x00, 0xbf, 0x00, 0x00, 0x00,
    0xb4, 0xec, 0x00, 0x00, 0x7d, 0x02, 0x00, 0x00, 0xbf, 0x00, 0x00, 0x00,
    0xbc, 0xec, 0x00, 0x00, 0x7f, 0x02, 0x00, 0x00, 0xbf, 0x00, 0x00, 0x00,
    0xcc, 0xec, 0x00, 0x00, 0x7f, 0x02, 0x00, 0x00, 0xbf, 0x00, 0x00, 0x00,
    0xd4, 0xec, 0x00, 0x00, 0x78, 0x02, 0x00, 0x00, 0xbf, 0x00, 0x00, 0x00,
    0x78, 0xe8, 0x00, 0x00, 0x7c, 0x02, 0x00, 0x00, 0xbf, 0x00, 0x00, 0x00,
    0xdc, 0xec, 0x00, 0x00, 0x78, 0x02, 0x00, 0x00, 0xbf, 0x00, 0x00, 0x00,
    0xe4, 0xe9, 0x00, 0x00, 0x7c, 0x02, 0x00, 0x00, 0xbf, 0x00, 0x00, 0x00,
    0xe8, 0xec, 0x00, 0x00, 0x78, 0x02, 0x00, 0x00, 0xbf, 0x00, 0x00, 0x00,
    0xa0, 0xe7, 0x00, 0x00, 0x7f, 0x02, 0x00, 0x00, 0xbf, 0x00, 0x00, 0x00,
    0xf4, 0xec, 0x00, 0x00, 0x78, 0x02, 0x00, 0x00, 0xbf, 0x00, 0x00, 0x00,
    0x34, 0xe8, 0x00, 0x00, 0x79, 0x02, 0x00, 0x00, 0xbf, 0x00, 0x00, 0x00,
    0xfc, 0xec, 0x00, 0x00, 0x7a, 0x02, 0x00, 0x00, 0xbf, 0x00, 0x00, 0x00,
    0x3c, 0xe8, 0x00, 0x00, 0x83, 0x02, 0x00, 0x00, 0xbf, 0x00, 0x00, 0x00,
    0x08, 0xed, 0x00, 0x00, 0x78, 0x02, 0x00, 0x00, 0xbf, 0x00, 0x00, 0x00,
    0x20, 0xed, 0x00, 0x00, 0x78, 0x02, 0x00, 0x00, 0xbf, 0x00, 0x00, 0x00,
    0x28, 0xed, 0x00, 0x00, 0x8c, 0x02, 0x00, 0x00, 0xbf, 0x00, 0x00, 0x00,
    0x30, 0xed, 0x00, 0x00, 0x87, 0x02, 0x00, 0x00, 0xbf, 0x00, 0x00, 0x00,
    0x38, 0xed, 0x00, 0x00, 0x81, 0x02, 0x00, 0x00, 0xbf, 0x00, 0x00, 0x00,
    0x44, 0xed, 0x00, 0x00, 0x89, 0x02, 0x00, 0x00, 0xbf, 0x00, 0x00, 0x00,
    0x50, 0xed, 0x00, 0x00, 0x99, 0x02, 0x00, 0x00, 0xc0, 0x00, 0x00, 0x00,
    0x00, 0x00, 0x00, 0x00, 0x9a, 0x02, 0x00, 0x00, 0xc0, 0x00, 0x00, 0x00,
    0xe8, 0xe7, 0x00, 0x00, 0x9c, 0x02, 0x00, 0x00, 0xc0, 0x00, 0x00, 0x00,
    0x60, 0xed, 0x00, 0x00, 0x9b, 0x02, 0x00, 0x00, 0xc0, 0x00, 0x00, 0x00,
    0x68, 0xed, 0x00, 0x00, 0x9c, 0x02, 0x00, 0x00, 0xc0, 0x00, 0x00, 0x00,
    0x70, 0xed, 0x00, 0x00, 0x9d, 0x02, 0x00, 0x00, 0xc0, 0x00, 0x00, 0x00,
    0x78, 0xed, 0x00, 0x00, 0x9f, 0x02, 0x00, 0x00, 0xc0, 0x00, 0x00, 0x00,
    0x84, 0xed, 0x00, 0x00, 0x9b, 0x02, 0x00, 0x00, 0xc0, 0x00, 0x00, 0x00,
    0x68, 0xe8, 0x00, 0x00, 0xa0, 0x02, 0x00, 0x00, 0xc0, 0x00, 0x00, 0x00,
    0x8c, 0xed, 0x00, 0x00, 0x9b, 0x02, 0x00, 0x00, 0xc0, 0x00, 0x00, 0x00,
    0x78, 0xe8, 0x00, 0x00, 0x9b, 0x02, 0x00, 0x00, 0xc0, 0x00, 0x00, 0x00,
    0xe4, 0xe9, 0x00, 0x00, 0x9b, 0x02, 0x00, 0x00, 0xc0, 0x00, 0x00, 0x00,
    0xa0, 0xe7, 0x00, 0x00, 0x9e, 0x02, 0x00, 0x00, 0xc0, 0x00, 0x00, 0x00,
    0x94, 0xed, 0x00, 0x00, 0x9b, 0x02, 0x00, 0x00, 0xc0, 0x00, 0x00, 0x00,
    0x34, 0xe8, 0x00, 0x00, 0xa0, 0x02, 0x00, 0x00, 0xc0, 0x00, 0x00, 0x00,
    0x9c, 0xed, 0x00, 0x00, 0x9b, 0x02, 0x00, 0x00, 0xc0, 0x00, 0x00, 0x00,
    0xa4, 0xed, 0x00, 0x00, 0xa1, 0x02, 0x00, 0x00, 0xc0, 0x00, 0x00, 0x00,
    0x30, 0xed, 0x00, 0x00, 0xda, 0x00, 0x00, 0x00, 0xc1, 0x00, 0x00, 0x00,
    0x00, 0x00, 0x00, 0x00, 0xda, 0x00, 0x00, 0x00, 0xc3, 0x00, 0x00, 0x00,
    0x00, 0x00, 0x00, 0x00, 0xdc, 0x00, 0x00, 0x00, 0xc3, 0x00, 0x00, 0x00,
    0xe8, 0xe7, 0x00, 0x00, 0xe2, 0x00, 0x00, 0x00, 0xc3, 0x00, 0x00, 0x00,
    0x8c, 0xe9, 0x00, 0x00, 0xe4, 0x00, 0x00, 0x00, 0xc3, 0x00, 0x00, 0x00,
    0xac, 0xed, 0x00, 0x00, 0xe2, 0x00, 0x00, 0x00, 0xc3, 0x00, 0x00, 0x00,
    0xb4, 0xed, 0x00, 0x00, 0xda, 0x00, 0x00, 0x00, 0xc5, 0x00, 0x00, 0x00,
    0x00, 0x00, 0x00, 0x00, 0xde, 0x00, 0x00, 0x00, 0xc7, 0x00, 0x00, 0x00,
    0xbc, 0xed, 0x00, 0x00, 0xe2, 0x00, 0x00, 0x00, 0xc7, 0x00, 0x00, 0x00,
    0xc8, 0xed, 0x00, 0x00, 0xda, 0x00, 0x00, 0x00, 0xc9, 0x00, 0x00, 0x00,
    0x00, 0x00, 0x00, 0x00, 0xe4, 0x00, 0x00, 0x00, 0xc9, 0x00, 0x00, 0x00,
    0x3c, 0xe8, 0x00, 0x00, 0xe2, 0x00, 0x00, 0x00, 0xc9, 0x00, 0x00, 0x00,
    0xb4, 0xed, 0x00, 0x00, 0xea, 0x00, 0x00, 0x00, 0xca, 0x00, 0x00, 0x00,
    0xd0, 0xed, 0x00, 0x00, 0xed, 0x00, 0x00, 0x00, 0xca, 0x00, 0x00, 0x00,
    0xd8, 0xed, 0x00, 0x00, 0xda, 0x00, 0x00, 0x00, 0xcb, 0x00, 0x00, 0x00,
    0x00, 0x00, 0x00, 0x00, 0xf0, 0x00, 0x00, 0x00, 0xcc, 0x00, 0x00, 0x00,
    0xe4, 0xed, 0x00, 0x00, 0x15, 0x00, 0xc0, 0x00, 0xb7, 0x03, 0x00, 0x00,
    0x18, 0x00, 0x18, 0x00, 0x2f, 0x02, 0x00, 0x00, 0x19, 0x00, 0x19, 0x00,
    0x96, 0x00, 0x00, 0x00, 0x19, 0x00, 0x19, 0x00, 0x43, 0x02, 0x00, 0x00,
    0x1b, 0x00, 0x03, 0x00, 0xf4, 0x02, 0x00, 0x00, 0x1c, 0x00, 0x1c, 0x00,
    0x79, 0x00, 0x00, 0x00, 0x1c, 0x00, 0x1c, 0x00, 0xc8, 0x01, 0x00, 0x00,
    0x2c, 0x00, 0x02, 0x00, 0x2c, 0x03, 0x00, 0x00, 0x2c, 0x00, 0x03, 0x00,
    0x8b, 0x03, 0x00, 0x00, 0x2c, 0x00, 0x03, 0x00, 0x3e, 0x05, 0x00, 0x00,
    0x3c, 0x00, 0x03, 0x00, 0xea, 0x04, 0x00, 0x00, 0x42, 0x00, 0x03, 0x00,
    0xf5, 0x02, 0x00, 0x00, 0x42, 0x00, 0x03, 0x00, 0x85, 0x03, 0x00, 0x00,
    0x42, 0x00, 0x03, 0x00, 0x8a, 0x03, 0x00, 0x00, 0x42, 0x00, 0x03, 0x00,
    0xd4, 0x03, 0x00, 0x00, 0x42, 0x00, 0x03, 0x00, 0x61, 0x04, 0x00, 0x00,
    0x42, 0x00, 0x03, 0x00, 0x0c, 0x05, 0x00, 0x00, 0x42, 0x00, 0x03, 0x00,
    0x3d, 0x05, 0x00, 0x00, 0x44, 0x00, 0x44, 0x00, 0x97, 0x00, 0x00, 0x00,
    0x46, 0x00, 0x03, 0x00, 0xf5, 0x02, 0x00, 0x00, 0x46, 0x00, 0x03, 0x00,
    0xd4, 0x03, 0x00, 0x00, 0x46, 0x00, 0x03, 0x00, 0x61, 0x04, 0x00, 0x00,
    0x46, 0x00, 0x03, 0x00, 0x0c, 0x05, 0x00, 0x00, 0x4e, 0x00, 0x5c, 0x00,
    0x03, 0x05, 0x00, 0x00, 0x4e, 0x00, 0x6c, 0x00, 0x1e, 0x05, 0x00, 0x00,
    0x4f, 0x00, 0x50, 0x00, 0x03, 0x05, 0x00, 0x00, 0x50, 0x00, 0x08, 0x00,
    0x15, 0x05, 0x00, 0x00, 0x50, 0x00, 0x45, 0x00, 0x1a, 0x05, 0x00, 0x00,
    0x50, 0x00, 0x03, 0x00, 0x39, 0x05, 0x00, 0x00, 0x51, 0x00, 0xa9, 0x00,
    0x1b, 0x05, 0x00, 0x00, 0x52, 0x00, 0x08, 0x00, 0x15, 0x05, 0x00, 0x00,
    0x52, 0x00, 0xc5, 0x00, 0x19, 0x05, 0x00, 0x00, 0x52, 0x00, 0xc4, 0x00,
    0x1d, 0x05, 0x00, 0x00, 0x52, 0x00, 0x47, 0x00, 0x21, 0x05, 0x00, 0x00,
    0x52, 0x00, 0x03, 0x00, 0x29, 0x05, 0x00, 0x00, 0x53, 0x00, 0x08, 0x00,
    0x15, 0x05, 0x00, 0x00, 0x53, 0x00, 0x47, 0x00, 0x21, 0x05, 0x00, 0x00,
    0x53, 0x00, 0x03, 0x00, 0x29, 0x05, 0x00, 0x00, 0x53, 0x00, 0x73, 0x00,
    0x2c, 0x05, 0x00, 0x00, 0x54, 0x00, 0x08, 0x00, 0x15, 0x05, 0x00, 0x00,
    0x54, 0x00, 0x47, 0x00, 0x21, 0x05, 0x00, 0x00, 0x54, 0x00, 0x03, 0x00,
    0x29, 0x05, 0x00, 0x00, 0x54, 0x00, 0x73, 0x00, 0x2c, 0x05, 0x00, 0x00,
    0x55, 0x00, 0x56, 0x00, 0x03, 0x05, 0x00, 0x00, 0x55, 0x00, 0xc8, 0x00,
    0x31, 0x05, 0x00, 0x00, 0x56, 0x00, 0x08, 0x00, 0x15, 0x05, 0x00, 0x00,
    0x56, 0x00, 0xa9, 0x00, 0x1b, 0x05, 0x00, 0x00, 0x56, 0x00, 0x47, 0x00,
    0x21, 0x05, 0x00, 0x00, 0x56, 0x00, 0x73, 0x00, 0x24, 0x05, 0x00, 0x00,
    0x56, 0x00, 0x03, 0x00, 0x29, 0x05, 0x00, 0x00, 0x57, 0x00, 0x08, 0x00,
    0x15, 0x05, 0x00, 0x00, 0x58, 0x00, 0xc3, 0x00, 0x2e, 0x05, 0x00, 0x00,
    0x58, 0x00, 0x71, 0x00, 0x2f, 0x05, 0x00, 0x00, 0x58, 0x00, 0x4c, 0x00,
    0x30, 0x05, 0x00, 0x00, 0x58, 0x00, 0x73, 0x00, 0x32, 0x05, 0x00, 0x00,
    0x59, 0x00, 0x08, 0x00, 0x15, 0x05, 0x00, 0x00, 0x59, 0x00, 0xc3, 0x00,
    0x2e, 0x05, 0x00, 0x00, 0x59, 0x00, 0x73, 0x00, 0x32, 0x05, 0x00, 0x00,
    0x5a, 0x00, 0x5b, 0x00, 0x03, 0x05, 0x00, 0x00, 0x5a, 0x00, 0xaa, 0x00,
    0x35, 0x05, 0x00, 0x00, 0x5b, 0x00, 0x3f, 0x00, 0x18, 0x05, 0x00, 0x00,
    0x5b, 0x00, 0x4c, 0x00, 0x22, 0x05, 0x00, 0x00, 0x5b, 0x00, 0x49, 0x00,
    0x2b, 0x05, 0x00, 0x00, 0x5b, 0x00, 0xc8, 0x00, 0x2d, 0x05, 0x00, 0x00,
    0x5b, 0x00, 0x73, 0x00, 0x32, 0x05, 0x00, 0x00, 0x5c, 0x00, 0x08, 0x00,
    0x15, 0x05, 0x00, 0x00, 0x5d, 0x00, 0x03, 0x00, 0x28, 0x05, 0x00, 0x00,
    0x5d, 0x00, 0xc3, 0x00, 0x2e, 0x05, 0x00, 0x00, 0x5d, 0x00, 0x73, 0x00,
    0x32, 0x05, 0x00, 0x00, 0x5e, 0x00, 0x08, 0x00, 0x15, 0x05, 0x00, 0x00,
    0x5e, 0x00, 0x4c, 0x00, 0x17, 0x05, 0x00, 0x00, 0x5e, 0x00, 0xc4, 0x00,
    0x20, 0x05, 0x00, 0x00, 0x5f, 0x00, 0x08, 0x00, 0x15, 0x05, 0x00, 0x00,
    0x5f, 0x00, 0x4c, 0x00, 0x17, 0x05, 0x00, 0x00, 0x5f, 0x00, 0x34, 0x00,
    0x1e, 0x05, 0x00, 0x00, 0x5f, 0x00, 0x03, 0x00, 0x28, 0x05, 0x00, 0x00,
    0x60, 0x00, 0x08, 0x00, 0x15, 0x05, 0x00, 0x00, 0x60, 0x00, 0x34, 0x00,
    0x1e, 0x05, 0x00, 0x00, 0x60, 0x00, 0x03, 0x00, 0x28, 0x05, 0x00, 0x00,
    0x61, 0x00, 0x08, 0x00, 0x15, 0x05, 0x00, 0x00, 0x61, 0x00, 0xaa, 0x00,
    0x36, 0x05, 0x00, 0x00, 0x62, 0x00, 0x08, 0x00, 0x15, 0x05, 0x00, 0x00,
    0x62, 0x00, 0xaa, 0x00, 0x1c, 0x05, 0x00, 0x00, 0x64, 0x00, 0x65, 0x00,
    0x03, 0x05, 0x00, 0x00, 0x64, 0x00, 0x14, 0x00, 0x1a, 0x05, 0x00, 0x00,
    0x64, 0x00, 0xaa, 0x00, 0x2a, 0x05, 0x00, 0x00, 0x65, 0x00, 0x08, 0x00,
    0x15, 0x05, 0x00, 0x00, 0x66, 0x00, 0x08, 0x00, 0x15, 0x05, 0x00, 0x00,
    0x67, 0x00, 0x08, 0x00, 0x15, 0x05, 0x00, 0x00, 0x67, 0x00, 0x34, 0x00,
    0x1a, 0x05, 0x00, 0x00, 0x67, 0x00, 0x21, 0x00, 0x27, 0x05, 0x00, 0x00,
    0x68, 0x00, 0x08, 0x00, 0x15, 0x05, 0x00, 0x00, 0x6a, 0x00, 0x08, 0x00,
    0x15, 0x05, 0x00, 0x00, 0x6a, 0x00, 0xc5, 0x00, 0x19, 0x05, 0x00, 0x00,
    0x6a, 0x00, 0xc4, 0x00, 0x1d, 0x05, 0x00, 0x00, 0x6a, 0x00, 0x47, 0x00,
    0x21, 0x05, 0x00, 0x00, 0x6a, 0x00, 0x03, 0x00, 0x29, 0x05, 0x00, 0x00,
    0x6c, 0x00, 0xc3, 0x00, 0xe5, 0x02, 0x00, 0x00, 0x6c, 0x00, 0xc3, 0x00,
    0xe6, 0x02, 0x00, 0x00, 0x6c, 0x00, 0xc3, 0x00, 0xe7, 0x02, 0x00, 0x00,
    0x6c, 0x00, 0xca, 0x00, 0xf9, 0x02, 0x00, 0x00, 0x6c, 0x00, 0xc9, 0x00,
    0xfb, 0x02, 0x00, 0x00, 0x6c, 0x00, 0xc9, 0x00, 0xfc, 0x02, 0x00, 0x00,
    0x6c, 0x00, 0xca, 0x00, 0x0a, 0x03, 0x00, 0x00, 0x6c, 0x00, 0xcc, 0x00,
    0x0b, 0x03, 0x00, 0x00, 0x6c, 0x00, 0xc9, 0x00, 0xc9, 0x03, 0x00, 0x00,
    0x6c, 0x00, 0xc9, 0x00, 0xca, 0x03, 0x00, 0x00, 0x6c, 0x00, 0xca, 0x00,
    0x16, 0x04, 0x00, 0x00, 0x6c, 0x00, 0xc3, 0x00, 0x18, 0x04, 0x00, 0x00,
    0x6c, 0x00, 0xc9, 0x00, 0x19, 0x04, 0x00, 0x00, 0x6c, 0x00, 0xc9, 0x00,
    0x1a, 0x04, 0x00, 0x00, 0x6d, 0x00, 0x6e, 0x00, 0x03, 0x05, 0x00, 0x00,
    0x6e, 0x00, 0x08, 0x00, 0xda, 0x02, 0x00, 0x00, 0x6e, 0x00, 0xc0, 0x00,
    0x35, 0x03, 0x00, 0x00, 0x6e, 0x00, 0xc0, 0x00, 0xdc, 0x03, 0x00, 0x00,
    0x6e, 0x00, 0xa9, 0x00, 0xdd, 0x03, 0x00, 0x00, 0x6e, 0x00, 0x03, 0x00,
    0xde, 0x03, 0x00, 0x00, 0x6e, 0x00, 0x03, 0x00, 0xdf, 0x03, 0x00, 0x00,
    0x6e, 0x00, 0x03, 0x00, 0x0e, 0x05, 0x00, 0x00, 0x6e, 0x00, 0x02, 0x00,
    0x42, 0x05, 0x00, 0x00, 0x6e, 0x00, 0x02, 0x00, 0x48, 0x05, 0x00, 0x00,
    0x6f, 0x00, 0x02, 0x00, 0xfd, 0x04, 0x00, 0x00, 0x70, 0x00, 0x4c, 0x00,
    0x2d, 0x03, 0x00, 0x00, 0x70, 0x00, 0x45, 0x00, 0xae, 0x03, 0x00, 0x00,
    0x70, 0x00, 0x4c, 0x00, 0xd6, 0x03, 0x00, 0x00, 0x70, 0x00, 0x4c, 0x00,
    0x0b, 0x04, 0x00, 0x00, 0x71, 0x00, 0x02, 0x00, 0xf2, 0x02, 0x00, 0x00,
    0x71, 0x00, 0x02, 0x00, 0x87, 0x03, 0x00, 0x00, 0x71, 0x00, 0x03, 0x00,
    0xe2, 0x03, 0x00, 0x00, 0x71, 0x00, 0xa9, 0x00, 0x20, 0x04, 0x00, 0x00,
    0x71, 0x00, 0x1a, 0x00, 0x32, 0x04, 0x00, 0x00, 0x71, 0x00, 0x03, 0x00,
    0x3a, 0x05, 0x00, 0x00, 0x72, 0x00, 0x45, 0x00, 0xdb, 0x02, 0x00, 0x00,
    0x72, 0x00, 0x4c, 0x00, 0x2e, 0x03, 0x00, 0x00, 0x72, 0x00, 0x4c, 0x00,
    0x09, 0x04, 0x00, 0x00, 0x72, 0x00, 0x45, 0x00, 0xf1, 0x04, 0x00, 0x00,
    0x73, 0x00, 0x03, 0x00, 0x30, 0x00, 0x00, 0x00, 0x73, 0x00, 0x03, 0x00,
    0x9a, 0x00, 0x00, 0x00, 0x73, 0x00, 0x03, 0x00, 0xc7, 0x00, 0x00, 0x00,
    0x73, 0x00, 0x03, 0x00, 0xe7, 0x01, 0x00, 0x00, 0x73, 0x00, 0x03, 0x00,
    0x0f, 0x02, 0x00, 0x00, 0x73, 0x00, 0xc5, 0x00, 0x10, 0x03, 0x00, 0x00,
    0x73, 0x00, 0x03, 0x00, 0x29, 0x03, 0x00, 0x00, 0x73, 0x00, 0xc3, 0x00,
    0x43, 0x03, 0x00, 0x00, 0x73, 0x00, 0xc3, 0x00, 0x46, 0x03, 0x00, 0x00,
    0x73, 0x00, 0xc9, 0x00, 0x47, 0x03, 0x00, 0x00, 0x73, 0x00, 0xc9, 0x00,
    0x48, 0x03, 0x00, 0x00, 0x73, 0x00, 0xc0, 0x00, 0x52, 0x03, 0x00, 0x00,
    0x73, 0x00, 0xaa, 0x00, 0x86, 0x03, 0x00, 0x00, 0x73, 0x00, 0xaa, 0x00,
    0xae, 0x03, 0x00, 0x00, 0x73, 0x00, 0xaa, 0x00, 0xb0, 0x03, 0x00, 0x00,
    0x73, 0x00, 0x03, 0x00, 0xb1, 0x03, 0x00, 0x00, 0x73, 0x00, 0x03, 0x00,
    0xb2, 0x03, 0x00, 0x00, 0x73, 0x00, 0xc3, 0x00, 0xb6, 0x03, 0x00, 0x00,
    0x73, 0x00, 0x03, 0x00, 0xc8, 0x03, 0x00, 0x00, 0x73, 0x00, 0x03, 0x00,
    0xd1, 0x03, 0x00, 0x00, 0x73, 0x00, 0x03, 0x00, 0xfe, 0x04, 0x00, 0x00,
    0x73, 0x00, 0xaa, 0x00, 0x05, 0x05, 0x00, 0x00, 0x74, 0x00, 0x03, 0x00,
    0x9c, 0x00, 0x00, 0x00, 0x74, 0x00, 0x03, 0x00, 0x9d, 0x00, 0x00, 0x00,
    0x74, 0x00, 0x03, 0x00, 0x9e, 0x00, 0x00, 0x00, 0x74, 0x00, 0x03, 0x00,
    0x9f, 0x00, 0x00, 0x00, 0x74, 0x00, 0x1b, 0x00, 0x3c, 0x03, 0x00, 0x00,
    0x74, 0x00, 0x03, 0x00, 0x50, 0x03, 0x00, 0x00, 0x74, 0x00, 0x1a, 0x00,
    0x32, 0x04, 0x00, 0x00, 0x74, 0x00, 0x1b, 0x00, 0xf6, 0x04, 0x00, 0x00,
    0x74, 0x00, 0x14, 0x00, 0xfc, 0x04, 0x00, 0x00, 0x75, 0x00, 0x04, 0x00,
    0x1e, 0x00, 0x00, 0x00, 0x75, 0x00, 0x03, 0x00, 0x1f, 0x00, 0x00, 0x00,
    0x75, 0x00, 0x02, 0x00, 0x20, 0x00, 0x00, 0x00, 0x75, 0x00, 0xc9, 0x00,
    0x32, 0x00, 0x00, 0x00, 0x75, 0x00, 0x02, 0x00, 0x34, 0x00, 0x00, 0x00,
    0x75, 0x00, 0x03, 0x00, 0x42, 0x00, 0x00, 0x00, 0x75, 0x00, 0x03, 0x00,
    0x44, 0x00, 0x00, 0x00, 0x75, 0x00, 0x03, 0x00, 0x45, 0x00, 0x00, 0x00,
    0x75, 0x00, 0x03, 0x00, 0x46, 0x00, 0x00, 0x00, 0x75, 0x00, 0x03, 0x00,
    0x47, 0x00, 0x00, 0x00, 0x75, 0x00, 0x03, 0x00, 0x48, 0x00, 0x00, 0x00,
    0x75, 0x00, 0x03, 0x00, 0x49, 0x00, 0x00, 0x00, 0x75, 0x00, 0x03, 0x00,
    0x4a, 0x00, 0x00, 0x00, 0x75, 0x00, 0x03, 0x00, 0x4b, 0x00, 0x00, 0x00,
    0x75, 0x00, 0x03, 0x00, 0x4c, 0x00, 0x00, 0x00, 0x75, 0x00, 0x03, 0x00,
    0x4d, 0x00, 0x00, 0x00, 0x75, 0x00, 0x03, 0x00, 0x4e, 0x00, 0x00, 0x00,
    0x75, 0x00, 0x03, 0x00, 0x9b, 0x00, 0x00, 0x00, 0x75, 0x00, 0xc9, 0x00,
    0xab, 0x00, 0x00, 0x00, 0x75, 0x00, 0xc9, 0x00, 0xac, 0x00, 0x00, 0x00,
    0x75, 0x00, 0x03, 0x00, 0xad, 0x00, 0x00, 0x00, 0x75, 0x00, 0x03, 0x00,
    0xae, 0x00, 0x00, 0x00, 0x75, 0x00, 0x03, 0x00, 0xc5, 0x00, 0x00, 0x00,
    0x75, 0x00, 0x03, 0x00, 0xc6, 0x00, 0x00, 0x00, 0x75, 0x00, 0x03, 0x00,
    0xc1, 0x01, 0x00, 0x00, 0x75, 0x00, 0x03, 0x00, 0xc3, 0x01, 0x00, 0x00,
    0x75, 0x00, 0x03, 0x00, 0xc5, 0x01, 0x00, 0x00, 0x75, 0x00, 0x02, 0x00,
    0xc6, 0x01, 0x00, 0x00, 0x75, 0x00, 0x03, 0x00, 0xe9, 0x01, 0x00, 0x00,
    0x75, 0x00, 0xc9, 0x00, 0xea, 0x01, 0x00, 0x00, 0x75, 0x00, 0x03, 0x00,
    0xeb, 0x01, 0x00, 0x00, 0x75, 0x00, 0x03, 0x00, 0xec, 0x01, 0x00, 0x00,
    0x75, 0x00, 0x03, 0x00, 0xed, 0x01, 0x00, 0x00, 0x75, 0x00, 0x03, 0x00,
    0xee, 0x01, 0x00, 0x00, 0x75, 0x00, 0x03, 0x00, 0xf0, 0x01, 0x00, 0x00,
    0x75, 0x00, 0x03, 0x00, 0xf1, 0x01, 0x00, 0x00, 0x75, 0x00, 0x03, 0x00,
    0xf2, 0x01, 0x00, 0x00, 0x75, 0x00, 0x03, 0x00, 0x04, 0x02, 0x00, 0x00,
    0x75, 0x00, 0x03, 0x00, 0x0a, 0x02, 0x00, 0x00, 0x75, 0x00, 0x03, 0x00,
    0x0b, 0x02, 0x00, 0x00, 0x75, 0x00, 0x03, 0x00, 0x0c, 0x02, 0x00, 0x00,
    0x75, 0x00, 0xc9, 0x00, 0x10, 0x02, 0x00, 0x00, 0x75, 0x00, 0xc3, 0x00,
    0x11, 0x02, 0x00, 0x00, 0x75, 0x00, 0xcb, 0x00, 0x12, 0x02, 0x00, 0x00,
    0x75, 0x00, 0xc9, 0x00, 0x13, 0x02, 0x00, 0x00, 0x75, 0x00, 0xaa, 0x00,
    0x14, 0x02, 0x00, 0x00, 0x75, 0x00, 0xaa, 0x00, 0x15, 0x02, 0x00, 0x00,
    0x75, 0x00, 0x03, 0x00, 0x16, 0x02, 0x00, 0x00, 0x75, 0x00, 0x03, 0x00,
    0x17, 0x02, 0x00, 0x00, 0x75, 0x00, 0x03, 0x00, 0x18, 0x02, 0x00, 0x00,
    0x75, 0x00, 0x03, 0x00, 0x3d, 0x02, 0x00, 0x00, 0x75, 0x00, 0x03, 0x00,
    0x3e, 0x02, 0x00, 0x00, 0x75, 0x00, 0x03, 0x00, 0x3f, 0x02, 0x00, 0x00,
    0x75, 0x00, 0xc9, 0x00, 0x40, 0x02, 0x00, 0x00, 0x75, 0x00, 0x03, 0x00,
    0x41, 0x02, 0x00, 0x00, 0x75, 0x00, 0x03, 0x00, 0x42, 0x02, 0x00, 0x00,
    0x75, 0x00, 0xcb, 0x00, 0x44, 0x02, 0x00, 0x00, 0x75, 0x00, 0x02, 0x00,
    0x56, 0x02, 0x00, 0x00, 0x75, 0x00, 0x04, 0x00, 0x57, 0x02, 0x00, 0x00,
    0x75, 0x00, 0xc9, 0x00, 0x58, 0x02, 0x00, 0x00, 0x75, 0x00, 0xc9, 0x00,
    0x59, 0x02, 0x00, 0x00, 0x75, 0x00, 0x02, 0x00, 0x67, 0x02, 0x00, 0x00,
    0x75, 0x00, 0x02, 0x00, 0x68, 0x02, 0x00, 0x00, 0x75, 0x00, 0x03, 0x00,
    0x98, 0x02, 0x00, 0x00, 0x75, 0x00, 0x08, 0x00, 0x66, 0x04, 0x00, 0x00,
    0x75, 0x00, 0xb9, 0x00, 0x68, 0x04, 0x00, 0x00, 0x75, 0x00, 0x6c, 0x00,
    0x69, 0x04, 0x00, 0x00, 0x75, 0x00, 0xc0, 0x00, 0x6a, 0x04, 0x00, 0x00,
    0x75, 0x00, 0x03, 0x00, 0x6c, 0x04, 0x00, 0x00, 0x75, 0x00, 0xad, 0x00,
    0x6d, 0x04, 0x00, 0x00, 0x75, 0x00, 0xc0, 0x00, 0x6e, 0x04, 0x00, 0x00,
    0x75, 0x00, 0x1c, 0x00, 0x6f, 0x04, 0x00, 0x00, 0x75, 0x00, 0x47, 0x00,
    0x71, 0x04, 0x00, 0x00, 0x75, 0x00, 0x97, 0x00, 0x72, 0x04, 0x00, 0x00,
    0x75, 0x00, 0xc0, 0x00, 0x73, 0x04, 0x00, 0x00, 0x75, 0x00, 0x03, 0x00,
    0x74, 0x04, 0x00, 0x00, 0x75, 0x00, 0xc9, 0x00, 0x75, 0x04, 0x00, 0x00,
    0x75, 0x00, 0xc9, 0x00, 0x76, 0x04, 0x00, 0x00, 0x75, 0x00, 0xc9, 0x00,
    0x77, 0x04, 0x00, 0x00, 0x75, 0x00, 0xb0, 0x00, 0x78, 0x04, 0x00, 0x00,
    0x75, 0x00, 0x34, 0x00, 0x7b, 0x04, 0x00, 0x00, 0x75, 0x00, 0xc3, 0x00,
    0x7c, 0x04, 0x00, 0x00, 0x75, 0x00, 0xbc, 0x00, 0x7d, 0x04, 0x00, 0x00,
    0x75, 0x00, 0xba, 0x00, 0x7e, 0x04, 0x00, 0x00, 0x75, 0x00, 0xb4, 0x00,
    0x7f, 0x04, 0x00, 0x00, 0x75, 0x00, 0xc0, 0x00, 0x81, 0x04, 0x00, 0x00,
    0x75, 0x00, 0x02, 0x00, 0x82, 0x04, 0x00, 0x00, 0x75, 0x00, 0x03, 0x00,
    0x83, 0x04, 0x00, 0x00, 0x75, 0x00, 0x03, 0x00, 0x84, 0x04, 0x00, 0x00,
    0x75, 0x00, 0x03, 0x00, 0x85, 0x04, 0x00, 0x00, 0x75, 0x00, 0xb4, 0x00,
    0x86, 0x04, 0x00, 0x00, 0x75, 0x00, 0xc3, 0x00, 0x87, 0x04, 0x00, 0x00,
    0x76, 0x00, 0xc3, 0x00, 0x2e, 0x00, 0x00, 0x00, 0x76, 0x00, 0xc9, 0x00,
    0x2f, 0x00, 0x00, 0x00, 0x76, 0x00, 0xc3, 0x00, 0xc9, 0x01, 0x00, 0x00,
    0x76, 0x00, 0xc9, 0x00, 0xca, 0x01, 0x00, 0x00, 0x76, 0x00, 0xc3, 0x00,
    0x5b, 0x02, 0x00, 0x00, 0x76, 0x00, 0xc9, 0x00, 0x5c, 0x02, 0x00, 0x00,
    0x77, 0x00, 0x08, 0x00, 0x15, 0x05, 0x00, 0x00, 0x78, 0x00, 0x08, 0x00,
    0x15, 0x05, 0x00, 0x00, 0x79, 0x00, 0x08, 0x00, 0x15, 0x05, 0x00, 0x00,
    0x79, 0x00, 0x47, 0x00, 0x1f, 0x05, 0x00, 0x00, 0x7a, 0x00, 0x08, 0x00,
    0x15, 0x05, 0x00, 0x00, 0x7a, 0x00, 0x47, 0x00, 0x1f, 0x05, 0x00, 0x00,
    0x7c, 0x00, 0x7e, 0x00, 0x03, 0x05, 0x00, 0x00, 0x7d, 0x00, 0x7e, 0x00,
    0x03, 0x05, 0x00, 0x00, 0x7e, 0x00, 0x08, 0x00, 0x15, 0x05, 0x00, 0x00,
    0x7e, 0x00, 0x21, 0x00, 0x27, 0x05, 0x00, 0x00, 0x7e, 0x00, 0x04, 0x00,
    0x33, 0x05, 0x00, 0x00, 0x7e, 0x00, 0x4c, 0x00, 0x34, 0x05, 0x00, 0x00,
    0x7f, 0x00, 0x81, 0x00, 0x03, 0x05, 0x00, 0x00, 0x81, 0x00, 0xc3, 0x00,
    0x4f, 0x00, 0x00, 0x00, 0x81, 0x00, 0x04, 0x00, 0x7a, 0x00, 0x00, 0x00,
    0x81, 0x00, 0xbe, 0x00, 0x5a, 0x02, 0x00, 0x00, 0x81, 0x00, 0xc0, 0x00,
    0x08, 0x03, 0x00, 0x00, 0x81, 0x00, 0x41, 0x00, 0x3e, 0x03, 0x00, 0x00,
    0x81, 0x00, 0xaa, 0x00, 0xb8, 0x03, 0x00, 0x00, 0x81, 0x00, 0x03, 0x00,
    0xb9, 0x03, 0x00, 0x00, 0x81, 0x00, 0xa9, 0x00, 0x32, 0x04, 0x00, 0x00,
    0x82, 0x00, 0x93, 0x00, 0x03, 0x05, 0x00, 0x00, 0x83, 0x00, 0x93, 0x00,
    0x03, 0x05, 0x00, 0x00, 0x84, 0x00, 0x93, 0x00, 0x03, 0x05, 0x00, 0x00,
    0x85, 0x00, 0x93, 0x00, 0x03, 0x05, 0x00, 0x00, 0x85, 0x00, 0x03, 0x00,
    0x25, 0x05, 0x00, 0x00, 0x85, 0x00, 0x03, 0x00, 0x26, 0x05, 0x00, 0x00,
    0x85, 0x00, 0x03, 0x00, 0x37, 0x05, 0x00, 0x00, 0x85, 0x00, 0x03, 0x00,
    0x38, 0x05, 0x00, 0x00, 0x86, 0x00, 0x93, 0x00, 0x03, 0x05, 0x00, 0x00,
    0x87, 0x00, 0x93, 0x00, 0x03, 0x05, 0x00, 0x00, 0x88, 0x00, 0x93, 0x00,
    0x03, 0x05, 0x00, 0x00, 0x88, 0x00, 0xa9, 0x00, 0x16, 0x05, 0x00, 0x00,
    0x89, 0x00, 0x93, 0x00, 0x03, 0x05, 0x00, 0x00, 0x89, 0x00, 0xa9, 0x00,
    0x16, 0x05, 0x00, 0x00, 0x8a, 0x00, 0x93, 0x00, 0x03, 0x05, 0x00, 0x00,
    0x8b, 0x00, 0x93, 0x00, 0x03, 0x05, 0x00, 0x00, 0x8c, 0x00, 0x93, 0x00,
    0x03, 0x05, 0x00, 0x00, 0x8d, 0x00, 0x93, 0x00, 0x03, 0x05, 0x00, 0x00,
    0x8e, 0x00, 0x93, 0x00, 0x03, 0x05, 0x00, 0x00, 0x8f, 0x00, 0x93, 0x00,
    0x03, 0x05, 0x00, 0x00, 0x90, 0x00, 0x93, 0x00, 0x03, 0x05, 0x00, 0x00,
    0x91, 0x00, 0x93, 0x00, 0x03, 0x05, 0x00, 0x00, 0x92, 0x00, 0x93, 0x00,
    0x03, 0x05, 0x00, 0x00, 0x93, 0x00, 0x08, 0x00, 0xda, 0x02, 0x00, 0x00,
    0x93, 0x00, 0x34, 0x00, 0xf1, 0x02, 0x00, 0x00, 0x93, 0x00, 0x41, 0x00,
    0x3e, 0x03, 0x00, 0x00, 0x93, 0x00, 0x34, 0x00, 0x4a, 0x03, 0x00, 0x00,
    0x93, 0x00, 0x4c, 0x00, 0x53, 0x03, 0x00, 0x00, 0x93, 0x00, 0xc0, 0x00,
    0x54, 0x03, 0x00, 0x00, 0x93, 0x00, 0x21, 0x00, 0x88, 0x03, 0x00, 0x00,
    0x93, 0x00, 0x03, 0x00, 0x91, 0x03, 0x00, 0x00, 0x93, 0x00, 0x97, 0x00,
    0xce, 0x03, 0x00, 0x00, 0x93, 0x00, 0x03, 0x00, 0xcf, 0x03, 0x00, 0x00,
    0x93, 0x00, 0x42, 0x00, 0xd3, 0x03, 0x00, 0x00, 0x93, 0x00, 0x4c, 0x00,
    0x2e, 0x04, 0x00, 0x00, 0x93, 0x00, 0x4b, 0x00, 0x2f, 0x04, 0x00, 0x00,
    0x93, 0x00, 0x47, 0x00, 0x35, 0x04, 0x00, 0x00, 0x93, 0x00, 0xa9, 0x00,
    0x3c, 0x04, 0x00, 0x00, 0x93, 0x00, 0x03, 0x00, 0x8d, 0x04, 0x00, 0x00,
    0x93, 0x00, 0xaa, 0x00, 0x8e, 0x04, 0x00, 0x00, 0x93, 0x00, 0xc0, 0x00,
    0xe5, 0x04, 0x00, 0x00, 0x93, 0x00, 0x07, 0x00, 0xe9, 0x04, 0x00, 0x00,
    0x94, 0x00, 0x08, 0x00, 0xda, 0x02, 0x00, 0x00, 0x94, 0x00, 0xc0, 0x00,
    0x35, 0x03, 0x00, 0x00, 0x94, 0x00, 0x03, 0x00, 0xde, 0x03, 0x00, 0x00,
    0x94, 0x00, 0x03, 0x00, 0xdf, 0x03, 0x00, 0x00, 0x94, 0x00, 0xa9, 0x00,
    0x28, 0x04, 0x00, 0x00, 0x94, 0x00, 0x03, 0x00, 0x0e, 0x05, 0x00, 0x00,
    0x94, 0x00, 0x02, 0x00, 0x42, 0x05, 0x00, 0x00, 0x94, 0x00, 0x02, 0x00,
    0x48, 0x05, 0x00, 0x00, 0x96, 0x00, 0x97, 0x00, 0x03, 0x05, 0x00, 0x00,
    0x96, 0x00, 0x34, 0x00, 0x23, 0x05, 0x00, 0x00, 0x97, 0x00, 0x08, 0x00,
    0xda, 0x02, 0x00, 0x00, 0x97, 0x00, 0x1b, 0x00, 0x50, 0x03, 0x00, 0x00,
    0x97, 0x00, 0x03, 0x00, 0xd2, 0x03, 0x00, 0x00, 0x97, 0x00, 0x95, 0x00,
    0xd7, 0x03, 0x00, 0x00, 0x97, 0x00, 0x4a, 0x00, 0x3d, 0x04, 0x00, 0x00,
    0x97, 0x00, 0x34, 0x00, 0x46, 0x04, 0x00, 0x00, 0x98, 0x00, 0x03, 0x00,
    0x2d, 0x00, 0x00, 0x00, 0x98, 0x00, 0x03, 0x00, 0x50, 0x00, 0x00, 0x00,
    0x98, 0x00, 0x03, 0x00, 0x51, 0x00, 0x00, 0x00, 0x98, 0x00, 0x03, 0x00,
    0x52, 0x00, 0x00, 0x00, 0x98, 0x00, 0x03, 0x00, 0x53, 0x00, 0x00, 0x00,
    0x98, 0x00, 0x03, 0x00, 0x54, 0x00, 0x00, 0x00, 0x98, 0x00, 0x03, 0x00,
    0x55, 0x00, 0x00, 0x00, 0x98, 0x00, 0x03, 0x00, 0x56, 0x00, 0x00, 0x00,
    0x98, 0x00, 0x03, 0x00, 0x57, 0x00, 0x00, 0x00, 0x98, 0x00, 0x02, 0x00,
    0x99, 0x00, 0x00, 0x00, 0x98, 0x00, 0x03, 0x00, 0x9d, 0x00, 0x00, 0x00,
    0x98, 0x00, 0x03, 0x00, 0x9f, 0x00, 0x00, 0x00, 0x98, 0x00, 0x03, 0x00,
    0xd7, 0x00, 0x00, 0x00, 0x98, 0x00, 0x03, 0x00, 0xc2, 0x01, 0x00, 0x00,
    0x98, 0x00, 0x03, 0x00, 0xc4, 0x01, 0x00, 0x00, 0x98, 0x00, 0x04, 0x00,
    0x0e, 0x02, 0x00, 0x00, 0x98, 0x00, 0xaa, 0x00, 0x15, 0x02, 0x00, 0x00,
    0x98, 0x00, 0x04, 0x00, 0x2c, 0x02, 0x00, 0x00, 0x98, 0x00, 0x04, 0x00,
    0x2d, 0x02, 0x00, 0x00, 0x98, 0x00, 0x14, 0x00, 0x67, 0x04, 0x00, 0x00,
    0x98, 0x00, 0x93, 0x00, 0x6b, 0x04, 0x00, 0x00, 0x98, 0x00, 0xb0, 0x00,
    0x70, 0x04, 0x00, 0x00, 0x98, 0x00, 0x28, 0x00, 0x79, 0x04, 0x00, 0x00,
    0x98, 0x00, 0x03, 0x00, 0x7a, 0x04, 0x00, 0x00, 0x98, 0x00, 0x34, 0x00,
    0x80, 0x04, 0x00, 0x00, 0xae, 0x00, 0xae, 0x00, 0xe6, 0x01, 0x00, 0x00,
    0xb7, 0x00, 0xb7, 0x00, 0x2e, 0x02, 0x00, 0x00, 0x07, 0x00, 0x8f, 0x00,
    0xe2, 0x02, 0x00, 0x00, 0x07, 0x00, 0x7d, 0x00, 0x0c, 0x03, 0x00, 0x00,
    0x07, 0x00, 0x65, 0x00, 0x58, 0x03, 0x00, 0x00, 0x07, 0x00, 0x16, 0x00,
    0x1d, 0x04, 0x00, 0x00, 0x07, 0x00, 0x15, 0x00, 0xa5, 0x04, 0x00, 0x00,
    0x07, 0x00, 0x8e, 0x00, 0xb3, 0x04, 0x00, 0x00, 0x07, 0x00, 0x7d, 0x00,
    0xf7, 0x04, 0x00, 0x00, 0x08, 0x00, 0xbe, 0x00, 0xdd, 0x02, 0x00, 0x00,
    0x08, 0x00, 0x26, 0x00, 0x59, 0x03, 0x00, 0x00, 0x08, 0x00, 0x6a, 0x00,
    0x6f, 0x03, 0x00, 0x00, 0x08, 0x00, 0x27, 0x00, 0x74, 0x03, 0x00, 0x00,
    0x08, 0x00, 0x25, 0x00, 0x76, 0x03, 0x00, 0x00, 0x08, 0x00, 0x69, 0x00,
    0x79, 0x03, 0x00, 0x00, 0x08, 0x00, 0x4b, 0x00, 0x81, 0x03, 0x00, 0x00,
    0x08, 0x00, 0xe5, 0x00, 0xc1, 0x03, 0x00, 0x00, 0x08, 0x00, 0xe5, 0x00,
    0xc3, 0x03, 0x00, 0x00, 0x08, 0x00, 0x85, 0x00, 0x30, 0x04, 0x00, 0x00,
    0x08, 0x00, 0xd9, 0x00, 0x65, 0x04, 0x00, 0x00, 0x08, 0x00, 0xab, 0x00,
    0xf8, 0x04, 0x00, 0x00, 0x09, 0x00, 0xaa, 0x00, 0x19, 0x00, 0x00, 0x00,
    0x09, 0x00, 0x1b, 0x00, 0x22, 0x03, 0x00, 0x00, 0x09, 0x00, 0x19, 0x00,
    0xb8, 0x04, 0x00, 0x00, 0x09, 0x00, 0x1a, 0x00, 0xbc, 0x04, 0x00, 0x00,
    0x09, 0x00, 0x1a, 0x00, 0xc3, 0x04, 0x00, 0x00, 0x09, 0x00, 0x19, 0x00,
    0xd5, 0x04, 0x00, 0x00, 0x0a, 0x00, 0x4d, 0x00, 0x5d, 0x03, 0x00, 0x00,
    0x0a, 0x00, 0x7d, 0x00, 0xdc, 0x04, 0x00, 0x00, 0x0b, 0x00, 0x1c, 0x00,
    0x0e, 0x04, 0x00, 0x00, 0x0c, 0x00, 0xa9, 0x00, 0xc4, 0x04, 0x00, 0x00,
    0x0d, 0x00, 0x25, 0x00, 0x76, 0x03, 0x00, 0x00, 0x0f, 0x00, 0x7d, 0x00,
    0x19, 0x00, 0x00, 0x00, 0x0f, 0x00, 0x1e, 0x00, 0xde, 0x02, 0x00, 0x00,
    0x0f, 0x00, 0x1f, 0x00, 0x49, 0x04, 0x00, 0x00, 0x0f, 0x00, 0x20, 0x00,
    0x9d, 0x04, 0x00, 0x00, 0x10, 0x00, 0x7d, 0x00, 0xea, 0x02, 0x00, 0x00,
    0x10, 0x00, 0x22, 0x00, 0x4a, 0x04, 0x00, 0x00, 0x10, 0x00, 0x23, 0x00,
    0x4b, 0x04, 0x00, 0x00, 0x11, 0x00, 0x21, 0x00, 0x3d, 0x03, 0x00, 0x00,
    0x11, 0x00, 0xf3, 0x00, 0x5c, 0x03, 0x00, 0x00, 0x11, 0x00, 0x10, 0x00,
    0x66, 0x03, 0x00, 0x00, 0x11, 0x00, 0x70, 0x00, 0x78, 0x03, 0x00, 0x00,
    0x12, 0x00, 0x63, 0x00, 0x2c, 0x04, 0x00, 0x00, 0x13, 0x00, 0x3e, 0x00,
    0x63, 0x03, 0x00, 0x00, 0x13, 0x00, 0x12, 0x00, 0x65, 0x03, 0x00, 0x00,
    0x14, 0x00, 0x2c, 0x00, 0x23, 0x03, 0x00, 0x00, 0x14, 0x00, 0x07, 0x00,
    0x64, 0x03, 0x00, 0x00, 0x14, 0x00, 0x07, 0x00, 0x80, 0x03, 0x00, 0x00,
    0x14, 0x00, 0x7d, 0x00, 0x4f, 0x04, 0x00, 0x00, 0x15, 0x00, 0x7d, 0x00,
    0x19, 0x00, 0x00, 0x00, 0x16, 0x00, 0x2e, 0x00, 0x26, 0x03, 0x00, 0x00,
    0x16, 0x00, 0x2b, 0x00, 0x27, 0x03, 0x00, 0x00, 0x16, 0x00, 0x2d, 0x00,
    0x28, 0x03, 0x00, 0x00, 0x17, 0x00, 0xad, 0x00, 0x36, 0x03, 0x00, 0x00,
    0x17, 0x00, 0x81, 0x00, 0x37, 0x03, 0x00, 0x00, 0x17, 0x00, 0x80, 0x00,
    0x38, 0x03, 0x00, 0x00, 0x17, 0x00, 0xdc, 0x00, 0x39, 0x03, 0x00, 0x00,
    0x1a, 0x00, 0x7d, 0x00, 0x19, 0x00, 0x00, 0x00, 0x1a, 0x00, 0x82, 0x00,
    0x19, 0x00, 0x00, 0x00, 0x1a, 0x00, 0x82, 0x00, 0x9f, 0x04, 0x00, 0x00,
    0x1a, 0x00, 0xe1, 0x00, 0xa7, 0x04, 0x00, 0x00, 0x1a, 0x00, 0xb0, 0x00,
    0xce, 0x04, 0x00, 0x00, 0x1b, 0x00, 0x7d, 0x00, 0x19, 0x00, 0x00, 0x00,
    0x1b, 0x00, 0x07, 0x00, 0x8a, 0x03, 0x00, 0x00, 0x1b, 0x00, 0x87, 0x00,
    0x97, 0x04, 0x00, 0x00, 0x1c, 0x00, 0x31, 0x00, 0x24, 0x03, 0x00, 0x00,
    0x1d, 0x00, 0xac, 0x00, 0x19, 0x00, 0x00, 0x00, 0x1d, 0x00, 0x2f, 0x00,
    0x70, 0x03, 0x00, 0x00, 0x1e, 0x00, 0x82, 0x00, 0x19, 0x00, 0x00, 0x00,
    0x20, 0x00, 0x7d, 0x00, 0x19, 0x00, 0x00, 0x00, 0x20, 0x00, 0x82, 0x00,
    0x9f, 0x04, 0x00, 0x00, 0x20, 0x00, 0x7f, 0x00, 0xa1, 0x04, 0x00, 0x00,
    0x20, 0x00, 0x85, 0x00, 0xcb, 0x04, 0x00, 0x00, 0x21, 0x00, 0xb4, 0x00,
    0x19, 0x00, 0x00, 0x00, 0x21, 0x00, 0xf0, 0x00, 0x3e, 0x04, 0x00, 0x00,
    0x21, 0x00, 0xf1, 0x00, 0x3f, 0x04, 0x00, 0x00, 0x21, 0x00, 0xd9, 0x00,
    0x54, 0x04, 0x00, 0x00, 0x23, 0x00, 0x35, 0x00, 0x6e, 0x03, 0x00, 0x00,
    0x24, 0x00, 0x82, 0x00, 0xd0, 0x03, 0x00, 0x00, 0x24, 0x00, 0x07, 0x00,
    0xec, 0x03, 0x00, 0x00, 0x24, 0x00, 0x82, 0x00, 0xd4, 0x04, 0x00, 0x00,
    0x25, 0x00, 0x13, 0x00, 0x3f, 0x03, 0x00, 0x00, 0x25, 0x00, 0x13, 0x00,
    0x14, 0x05, 0x00, 0x00, 0x26, 0x00, 0xfd, 0x00, 0x77, 0x03, 0x00, 0x00,
    0x26, 0x00, 0x37, 0x00, 0xbc, 0x03, 0x00, 0x00, 0x26, 0x00, 0x07, 0x00,
    0xd5, 0x03, 0x00, 0x00, 0x26, 0x00, 0xd7, 0x00, 0x58, 0x04, 0x00, 0x00,
    0x26, 0x00, 0xd8, 0x00, 0xca, 0x04, 0x00, 0x00, 0x27, 0x00, 0x05, 0x00,
    0x6c, 0x03, 0x00, 0x00, 0x28, 0x00, 0x7d, 0x00, 0x19, 0x00, 0x00, 0x00,
    0x28, 0x00, 0x3a, 0x00, 0xe8, 0x02, 0x00, 0x00, 0x28, 0x00, 0x3c, 0x00,
    0xe8, 0x02, 0x00, 0x00, 0x28, 0x00, 0x00, 0x00, 0x0e, 0x03, 0x00, 0x00,
    0x28, 0x00, 0x7d, 0x00, 0x13, 0x03, 0x00, 0x00, 0x28, 0x00, 0x3b, 0x00,
    0x2a, 0x03, 0x00, 0x00, 0x28, 0x00, 0x07, 0x00, 0xd5, 0x03, 0x00, 0x00,
    0x28, 0x00, 0xd8, 0x00, 0xca, 0x04, 0x00, 0x00, 0x29, 0x00, 0x82, 0x00,
    0x9f, 0x04, 0x00, 0x00, 0x29, 0x00, 0xaf, 0x00, 0xcc, 0x04, 0x00, 0x00,
    0x29, 0x00, 0x7f, 0x00, 0xcd, 0x04, 0x00, 0x00, 0x29, 0x00, 0xb0, 0x00,
    0xce, 0x04, 0x00, 0x00, 0x2b, 0x00, 0x82, 0x00, 0x19, 0x00, 0x00, 0x00,
    0x2d, 0x00, 0x11, 0x00, 0x92, 0x03, 0x00, 0x00, 0x2e, 0x00, 0x07, 0x00,
    0x56, 0x03, 0x00, 0x00, 0x2e, 0x00, 0xe5, 0x00, 0xc0, 0x03, 0x00, 0x00,
    0x2f, 0x00, 0x07, 0x00, 0x56, 0x03, 0x00, 0x00, 0x2f, 0x00, 0x07, 0x00,
    0x57, 0x03, 0x00, 0x00, 0x2f, 0x00, 0x02, 0x00, 0x72, 0x03, 0x00, 0x00,
    0x2f, 0x00, 0x02, 0x00, 0x73, 0x03, 0x00, 0x00, 0x2f, 0x00, 0x02, 0x00,
    0x84, 0x03, 0x00, 0x00, 0x34, 0x00, 0xaa, 0x00, 0x19, 0x00, 0x00, 0x00,
    0x34, 0x00, 0x07, 0x00, 0x64, 0x03, 0x00, 0x00, 0x34, 0x00, 0x48, 0x00,
    0x6a, 0x03, 0x00, 0x00, 0x34, 0x00, 0x49, 0x00, 0x71, 0x03, 0x00, 0x00,
    0x34, 0x00, 0x65, 0x00, 0x7a, 0x03, 0x00, 0x00, 0x34, 0x00, 0x4a, 0x00,
    0x7e, 0x03, 0x00, 0x00, 0x34, 0x00, 0x07, 0x00, 0x7f, 0x03, 0x00, 0x00,
    0x34, 0x00, 0x07, 0x00, 0x80, 0x03, 0x00, 0x00, 0x34, 0x00, 0xb1, 0x00,
    0x83, 0x03, 0x00, 0x00, 0x34, 0x00, 0xe8, 0x00, 0x2b, 0x04, 0x00, 0x00,
    0x34, 0x00, 0xf0, 0x00, 0x3e, 0x04, 0x00, 0x00, 0x34, 0x00, 0xf1, 0x00,
    0x3f, 0x04, 0x00, 0x00, 0x34, 0x00, 0xf0, 0x00, 0x54, 0x04, 0x00, 0x00,
    0x34, 0x00, 0xb3, 0x00, 0x99, 0x04, 0x00, 0x00, 0x34, 0x00, 0xc0, 0x00,
    0xb4, 0x04, 0x00, 0x00, 0x34, 0x00, 0xb7, 0x00, 0xbd, 0x04, 0x00, 0x00,
    0x34, 0x00, 0x82, 0x00, 0xd9, 0x04, 0x00, 0x00, 0x35, 0x00, 0x47, 0x00,
    0x55, 0x03, 0x00, 0x00, 0x35, 0x00, 0x07, 0x00, 0x6d, 0x03, 0x00, 0x00,
    0x35, 0x00, 0x07, 0x00, 0x75, 0x03, 0x00, 0x00, 0x37, 0x00, 0xbb, 0x00,
    0x59, 0x04, 0x00, 0x00, 0x38, 0x00, 0xe1, 0x00, 0x5a, 0x04, 0x00, 0x00,
    0x3a, 0x00, 0xc1, 0x00, 0xe0, 0x02, 0x00, 0x00, 0x3a, 0x00, 0xc1, 0x00,
    0x57, 0x04, 0x00, 0x00, 0x3b, 0x00, 0x4c, 0x00, 0x5a, 0x03, 0x00, 0x00,
    0x3b, 0x00, 0x3f, 0x00, 0x62, 0x03, 0x00, 0x00, 0x3b, 0x00, 0x82, 0x00,
    0xc9, 0x04, 0x00, 0x00, 0x3d, 0x00, 0x7d, 0x00, 0x19, 0x00, 0x00, 0x00,
    0x3e, 0x00, 0xe7, 0x00, 0x8e, 0x03, 0x00, 0x00, 0x3e, 0x00, 0xe9, 0x00,
    0xe4, 0x04, 0x00, 0x00, 0x3f, 0x00, 0x7d, 0x00, 0x19, 0x00, 0x00, 0x00,
    0x3f, 0x00, 0x7d, 0x00, 0x13, 0x04, 0x00, 0x00, 0x40, 0x00, 0xb7, 0x00,
    0xbd, 0x04, 0x00, 0x00, 0x41, 0x00, 0xaa, 0x00, 0x19, 0x00, 0x00, 0x00,
    0x41, 0x00, 0xb6, 0x00, 0xe1, 0x02, 0x00, 0x00, 0x41, 0x00, 0x7d, 0x00,
    0x14, 0x03, 0x00, 0x00, 0x41, 0x00, 0x36, 0x00, 0x7b, 0x03, 0x00, 0x00,
    0x41, 0x00, 0x34, 0x00, 0x82, 0x03, 0x00, 0x00, 0x41, 0x00, 0xf0, 0x00,
    0x3e, 0x04, 0x00, 0x00, 0x41, 0x00, 0xf1, 0x00, 0x3f, 0x04, 0x00, 0x00,
    0x41, 0x00, 0xf0, 0x00, 0x54, 0x04, 0x00, 0x00, 0x41, 0x00, 0xe5, 0x00,
    0x5b, 0x04, 0x00, 0x00, 0x41, 0x00, 0xb3, 0x00, 0x99, 0x04, 0x00, 0x00,
    0x41, 0x00, 0x82, 0x00, 0xaa, 0x04, 0x00, 0x00, 0x41, 0x00, 0xd5, 0x00,
    0xab, 0x04, 0x00, 0x00, 0x41, 0x00, 0x82, 0x00, 0xac, 0x04, 0x00, 0x00,
    0x41, 0x00, 0xe1, 0x00, 0xad, 0x04, 0x00, 0x00, 0x41, 0x00, 0x82, 0x00,
    0xaf, 0x04, 0x00, 0x00, 0x41, 0x00, 0x82, 0x00, 0xb2, 0x04, 0x00, 0x00,
    0x41, 0x00, 0x82, 0x00, 0xb6, 0x04, 0x00, 0x00, 0x41, 0x00, 0x82, 0x00,
    0xb9, 0x04, 0x00, 0x00, 0x41, 0x00, 0xb8, 0x00, 0xbe, 0x04, 0x00, 0x00,
    0x41, 0x00, 0xb9, 0x00, 0xbf, 0x04, 0x00, 0x00, 0x41, 0x00, 0x87, 0x00,
    0xc2, 0x04, 0x00, 0x00, 0x41, 0x00, 0x82, 0x00, 0xc7, 0x04, 0x00, 0x00,
    0x41, 0x00, 0xe1, 0x00, 0xc8, 0x04, 0x00, 0x00, 0x41, 0x00, 0xd5, 0x00,
    0xd0, 0x04, 0x00, 0x00, 0x41, 0x00, 0x82, 0x00, 0xd1, 0x04, 0x00, 0x00,
    0x41, 0x00, 0xb2, 0x00, 0xd7, 0x04, 0x00, 0x00, 0x41, 0x00, 0xe1, 0x00,
    0xd8, 0x04, 0x00, 0x00, 0x42, 0x00, 0x85, 0x00, 0x19, 0x00, 0x00, 0x00,
    0x42, 0x00, 0x87, 0x00, 0xb5, 0x04, 0x00, 0x00, 0x43, 0x00, 0xaa, 0x00,
    0x19, 0x00, 0x00, 0x00, 0x43, 0x00, 0xbb, 0x00, 0xe3, 0x02, 0x00, 0x00,
    0x43, 0x00, 0xbe, 0x00, 0xe3, 0x02, 0x00, 0x00, 0x43, 0x00, 0xb3, 0x00,
    0x99, 0x04, 0x00, 0x00, 0x43, 0x00, 0x82, 0x00, 0x9a, 0x04, 0x00, 0x00,
    0x43, 0x00, 0xe1, 0x00, 0x9e, 0x04, 0x00, 0x00, 0x43, 0x00, 0xd5, 0x00,
    0xa0, 0x04, 0x00, 0x00, 0x43, 0x00, 0xc0, 0x00, 0xb4, 0x04, 0x00, 0x00,
    0x43, 0x00, 0xb7, 0x00, 0xbd, 0x04, 0x00, 0x00, 0x45, 0x00, 0xaa, 0x00,
    0x19, 0x00, 0x00, 0x00, 0x45, 0x00, 0x65, 0x00, 0x7a, 0x03, 0x00, 0x00,
    0x45, 0x00, 0xf1, 0x00, 0x3f, 0x04, 0x00, 0x00, 0x45, 0x00, 0xb3, 0x00,
    0x99, 0x04, 0x00, 0x00, 0x45, 0x00, 0xd5, 0x00, 0xa0, 0x04, 0x00, 0x00,
    0x45, 0x00, 0xb3, 0x00, 0xae, 0x04, 0x00, 0x00, 0x45, 0x00, 0xc0, 0x00,
    0xb4, 0x04, 0x00, 0x00, 0x45, 0x00, 0xb7, 0x00, 0xbd, 0x04, 0x00, 0x00,
    0x45, 0x00, 0xba, 0x00, 0xc0, 0x04, 0x00, 0x00, 0x45, 0x00, 0x87, 0x00,
    0xc2, 0x04, 0x00, 0x00, 0x45, 0x00, 0x7f, 0x00, 0xc5, 0x04, 0x00, 0x00,
    0x45, 0x00, 0xc3, 0x00, 0xc6, 0x04, 0x00, 0x00, 0x45, 0x00, 0xd7, 0x00,
    0xcf, 0x04, 0x00, 0x00, 0x45, 0x00, 0x82, 0x00, 0xd9, 0x04, 0x00, 0x00,
    0x46, 0x00, 0x85, 0x00, 0x19, 0x00, 0x00, 0x00, 0x46, 0x00, 0x86, 0x00,
    0x19, 0x00, 0x00, 0x00, 0x46, 0x00, 0x87, 0x00, 0xb5, 0x04, 0x00, 0x00,
    0x47, 0x00, 0xaa, 0x00, 0x19, 0x00, 0x00, 0x00, 0x47, 0x00, 0xbb, 0x00,
    0xe3, 0x02, 0x00, 0x00, 0x47, 0x00, 0xbe, 0x00, 0xe3, 0x02, 0x00, 0x00,
    0x47, 0x00, 0x07, 0x00, 0x64, 0x03, 0x00, 0x00, 0x47, 0x00, 0x48, 0x00,
    0x6a, 0x03, 0x00, 0x00, 0x47, 0x00, 0xf1, 0x00, 0x3f, 0x04, 0x00, 0x00,
    0x47, 0x00, 0x7d, 0x00, 0x53, 0x04, 0x00, 0x00, 0x47, 0x00, 0xb3, 0x00,
    0x99, 0x04, 0x00, 0x00, 0x47, 0x00, 0xe1, 0x00, 0x9e, 0x04, 0x00, 0x00,
    0x47, 0x00, 0xd5, 0x00, 0xa0, 0x04, 0x00, 0x00, 0x47, 0x00, 0x82, 0x00,
    0xaa, 0x04, 0x00, 0x00, 0x47, 0x00, 0xc0, 0x00, 0xb4, 0x04, 0x00, 0x00,
    0x47, 0x00, 0x82, 0x00, 0xbb, 0x04, 0x00, 0x00, 0x47, 0x00, 0xb7, 0x00,
    0xbd, 0x04, 0x00, 0x00, 0x47, 0x00, 0x82, 0x00, 0xc1, 0x04, 0x00, 0x00,
    0x47, 0x00, 0x87, 0x00, 0xc2, 0x04, 0x00, 0x00, 0x47, 0x00, 0xd7, 0x00,
    0xcf, 0x04, 0x00, 0x00, 0x47, 0x00, 0x82, 0x00, 0xd9, 0x04, 0x00, 0x00,
    0x49, 0x00, 0xaa, 0x00, 0x19, 0x00, 0x00, 0x00, 0x49, 0x00, 0xf1, 0x00,
    0x3f, 0x04, 0x00, 0x00, 0x49, 0x00, 0xf0, 0x00, 0x54, 0x04, 0x00, 0x00,
    0x49, 0x00, 0xc4, 0x00, 0x98, 0x04, 0x00, 0x00, 0x49, 0x00, 0x82, 0x00,
    0x9c, 0x04, 0x00, 0x00, 0x49, 0x00, 0xb3, 0x00, 0xa3, 0x04, 0x00, 0x00,
    0x49, 0x00, 0x82, 0x00, 0xa4, 0x04, 0x00, 0x00, 0x49, 0x00, 0x82, 0x00,
    0xc7, 0x04, 0x00, 0x00, 0x4a, 0x00, 0xbc, 0x00, 0x19, 0x00, 0x00, 0x00,
    0x4a, 0x00, 0x7d, 0x00, 0x33, 0x03, 0x00, 0x00, 0x4a, 0x00, 0xe1, 0x00,
    0xa8, 0x04, 0x00, 0x00, 0x4a, 0x00, 0x82, 0x00, 0xb1, 0x04, 0x00, 0x00,
    0x4a, 0x00, 0x82, 0x00, 0xc9, 0x04, 0x00, 0x00, 0x4a, 0x00, 0xe1, 0x00,
    0xd6, 0x04, 0x00, 0x00, 0x4a, 0x00, 0xbd, 0x00, 0xdd, 0x04, 0x00, 0x00,
    0x4b, 0x00, 0xaa, 0x00, 0x19, 0x00, 0x00, 0x00, 0x4b, 0x00, 0xbb, 0x00,
    0xe3, 0x02, 0x00, 0x00, 0x4b, 0x00, 0x07, 0x00, 0x64, 0x03, 0x00, 0x00,
    0x4b, 0x00, 0xf0, 0x00, 0x3e, 0x04, 0x00, 0x00, 0x4b, 0x00, 0x85, 0x00,
    0x90, 0x04, 0x00, 0x00, 0x4b, 0x00, 0xb3, 0x00, 0x99, 0x04, 0x00, 0x00,
    0x4b, 0x00, 0xe1, 0x00, 0xa6, 0x04, 0x00, 0x00, 0x4c, 0x00, 0xaa, 0x00,
    0x19, 0x00, 0x00, 0x00, 0x4c, 0x00, 0x07, 0x00, 0x64, 0x03, 0x00, 0x00,
    0x4c, 0x00, 0xae, 0x00, 0x22, 0x04, 0x00, 0x00, 0x4c, 0x00, 0xb3, 0x00,
    0x99, 0x04, 0x00, 0x00, 0x4c, 0x00, 0x82, 0x00, 0xaa, 0x04, 0x00, 0x00,
    0x4c, 0x00, 0xc0, 0x00, 0xb4, 0x04, 0x00, 0x00, 0x4c, 0x00, 0x82, 0x00,
    0xba, 0x04, 0x00, 0x00, 0x4c, 0x00, 0xb7, 0x00, 0xbd, 0x04, 0x00, 0x00,
    0x4c, 0x00, 0x87, 0x00, 0xc2, 0x04, 0x00, 0x00, 0x4c, 0x00, 0xe1, 0x00,
    0xc8, 0x04, 0x00, 0x00, 0x4c, 0x00, 0xd5, 0x00, 0xd0, 0x04, 0x00, 0x00,
    0x4c, 0x00, 0x82, 0x00, 0xd1, 0x04, 0x00, 0x00, 0x4c, 0x00, 0xe1, 0x00,
    0xd2, 0x04, 0x00, 0x00, 0x4c, 0x00, 0x83, 0x00, 0xd3, 0x04, 0x00, 0x00,
    0x4c, 0x00, 0xb2, 0x00, 0xd7, 0x04, 0x00, 0x00, 0x4c, 0x00, 0x82, 0x00,
    0xda, 0x04, 0x00, 0x00, 0x4d, 0x00, 0x59, 0x00, 0xe0, 0x03, 0x00, 0x00,
    0x4d, 0x00, 0x7d, 0x00, 0xdc, 0x04, 0x00, 0x00, 0x4e, 0x00, 0xcb, 0x00,
    0x19, 0x00, 0x00, 0x00, 0x4e, 0x00, 0x7d, 0x00, 0x64, 0x04, 0x00, 0x00,
    0x4f, 0x00, 0xc7, 0x00, 0x19, 0x00, 0x00, 0x00, 0x4f, 0x00, 0x7d, 0x00,
    0x64, 0x04, 0x00, 0x00, 0x50, 0x00, 0x94, 0x00, 0x19, 0x00, 0x00, 0x00,
    0x50, 0x00, 0xbb, 0x00, 0x21, 0x04, 0x00, 0x00, 0x51, 0x00, 0xd9, 0x00,
    0x19, 0x00, 0x00, 0x00, 0x51, 0x00, 0xbb, 0x00, 0x21, 0x04, 0x00, 0x00,
    0x52, 0x00, 0x8b, 0x00, 0x19, 0x00, 0x00, 0x00, 0x52, 0x00, 0x7d, 0x00,
    0x64, 0x04, 0x00, 0x00, 0x53, 0x00, 0x89, 0x00, 0x19, 0x00, 0x00, 0x00,
    0x53, 0x00, 0x7d, 0x00, 0x64, 0x04, 0x00, 0x00, 0x54, 0x00, 0x89, 0x00,
    0x19, 0x00, 0x00, 0x00, 0x54, 0x00, 0x7d, 0x00, 0x64, 0x04, 0x00, 0x00,
    0x55, 0x00, 0xc8, 0x00, 0x19, 0x00, 0x00, 0x00, 0x55, 0x00, 0x7d, 0x00,
    0x64, 0x04, 0x00, 0x00, 0x56, 0x00, 0x8a, 0x00, 0x19, 0x00, 0x00, 0x00,
    0x56, 0x00, 0xbb, 0x00, 0x21, 0x04, 0x00, 0x00, 0x57, 0x00, 0x91, 0x00,
    0x19, 0x00, 0x00, 0x00, 0x57, 0x00, 0xbf, 0x00, 0x23, 0x04, 0x00, 0x00,
    0x58, 0x00, 0xe2, 0x00, 0x19, 0x00, 0x00, 0x00, 0x58, 0x00, 0x7d, 0x00,
    0x64, 0x04, 0x00, 0x00, 0x59, 0x00, 0xce, 0x00, 0x19, 0x00, 0x00, 0x00,
    0x59, 0x00, 0x07, 0x00, 0x60, 0x03, 0x00, 0x00, 0x59, 0x00, 0x66, 0x00,
    0x67, 0x03, 0x00, 0x00, 0x59, 0x00, 0x14, 0x00, 0x68, 0x03, 0x00, 0x00,
    0x59, 0x00, 0x40, 0x00, 0x7d, 0x03, 0x00, 0x00, 0x5a, 0x00, 0xc9, 0x00,
    0x19, 0x00, 0x00, 0x00, 0x5a, 0x00, 0x7d, 0x00, 0x64, 0x04, 0x00, 0x00,
    0x5b, 0x00, 0xe4, 0x00, 0x19, 0x00, 0x00, 0x00, 0x5b, 0x00, 0xb5, 0x00,
    0xe4, 0x02, 0x00, 0x00, 0x5b, 0x00, 0xd6, 0x00, 0xef, 0x02, 0x00, 0x00,
    0x5b, 0x00, 0xd6, 0x00, 0x29, 0x04, 0x00, 0x00, 0x5c, 0x00, 0x91, 0x00,
    0x19, 0x00, 0x00, 0x00, 0x5c, 0x00, 0x7d, 0x00, 0x64, 0x04, 0x00, 0x00,
    0x5d, 0x00, 0xe3, 0x00, 0x19, 0x00, 0x00, 0x00, 0x5d, 0x00, 0xbb, 0x00,
    0x21, 0x04, 0x00, 0x00, 0x5e, 0x00, 0xa8, 0x00, 0x19, 0x00, 0x00, 0x00,
    0x5e, 0x00, 0xbb, 0x00, 0x21, 0x04, 0x00, 0x00, 0x5f, 0x00, 0x88, 0x00,
    0x19, 0x00, 0x00, 0x00, 0x5f, 0x00, 0xbb, 0x00, 0x21, 0x04, 0x00, 0x00,
    0x60, 0x00, 0x96, 0x00, 0x19, 0x00, 0x00, 0x00, 0x60, 0x00, 0x7d, 0x00,
    0x64, 0x04, 0x00, 0x00, 0x61, 0x00, 0xa5, 0x00, 0x19, 0x00, 0x00, 0x00,
    0x61, 0x00, 0x7d, 0x00, 0x64, 0x04, 0x00, 0x00, 0x62, 0x00, 0xa5, 0x00,
    0x19, 0x00, 0x00, 0x00, 0x62, 0x00, 0xbb, 0x00, 0x21, 0x04, 0x00, 0x00,
    0x63, 0x00, 0x84, 0x00, 0x19, 0x00, 0x00, 0x00, 0x63, 0x00, 0xf4, 0x00,
    0x55, 0x04, 0x00, 0x00, 0x63, 0x00, 0x07, 0x00, 0xe6, 0x04, 0x00, 0x00,
    0x64, 0x00, 0xcc, 0x00, 0x19, 0x00, 0x00, 0x00, 0x64, 0x00, 0x7d, 0x00,
    0x64, 0x04, 0x00, 0x00, 0x65, 0x00, 0x91, 0x00, 0x19, 0x00, 0x00, 0x00,
    0x65, 0x00, 0x7d, 0x00, 0x64, 0x04, 0x00, 0x00, 0x66, 0x00, 0x91, 0x00,
    0x19, 0x00, 0x00, 0x00, 0x66, 0x00, 0x7d, 0x00, 0x64, 0x04, 0x00, 0x00,
    0x67, 0x00, 0x97, 0x00, 0x19, 0x00, 0x00, 0x00, 0x67, 0x00, 0x7d, 0x00,
    0x64, 0x04, 0x00, 0x00, 0x68, 0x00, 0x91, 0x00, 0x19, 0x00, 0x00, 0x00,
    0x68, 0x00, 0x82, 0x00, 0x26, 0x04, 0x00, 0x00, 0x69, 0x00, 0x7d, 0x00,
    0x19, 0x00, 0x00, 0x00, 0x69, 0x00, 0xbb, 0x00, 0x21, 0x04, 0x00, 0x00,
    0x6a, 0x00, 0xa1, 0x00, 0x19, 0x00, 0x00, 0x00, 0x6a, 0x00, 0xbb, 0x00,
    0x21, 0x04, 0x00, 0x00, 0x6b, 0x00, 0x7d, 0x00, 0x19, 0x00, 0x00, 0x00,
    0x6b, 0x00, 0xbb, 0x00, 0x21, 0x04, 0x00, 0x00, 0x6c, 0x00, 0x7d, 0x00,
    0x19, 0x00, 0x00, 0x00, 0x6c, 0x00, 0xca, 0x00, 0x19, 0x00, 0x00, 0x00,
    0x6d, 0x00, 0xcd, 0x00, 0x19, 0x00, 0x00, 0x00, 0x6d, 0x00, 0x7d, 0x00,
    0x64, 0x04, 0x00, 0x00, 0x6e, 0x00, 0x91, 0x00, 0x19, 0x00, 0x00, 0x00,
    0x6e, 0x00, 0xec, 0x00, 0xb6, 0x02, 0x00, 0x00, 0x6e, 0x00, 0xed, 0x00,
    0xb9, 0x02, 0x00, 0x00, 0x6e, 0x00, 0x17, 0x00, 0xba, 0x02, 0x00, 0x00,
    0x6e, 0x00, 0xeb, 0x00, 0x2a, 0x04, 0x00, 0x00, 0x6f, 0x00, 0x91, 0x00,
    0x19, 0x00, 0x00, 0x00, 0x6f, 0x00, 0x07, 0x00, 0x5b, 0x03, 0x00, 0x00,
    0x6f, 0x00, 0x07, 0x00, 0x5e, 0x03, 0x00, 0x00, 0x6f, 0x00, 0x07, 0x00,
    0x61, 0x03, 0x00, 0x00, 0x6f, 0x00, 0x38, 0x00, 0x69, 0x03, 0x00, 0x00,
    0x6f, 0x00, 0x07, 0x00, 0x6b, 0x03, 0x00, 0x00, 0x6f, 0x00, 0x3d, 0x00,
    0x70, 0x03, 0x00, 0x00, 0x6f, 0x00, 0x64, 0x00, 0x7b, 0x03, 0x00, 0x00,
    0x6f, 0x00, 0xae, 0x00, 0x22, 0x04, 0x00, 0x00, 0x6f, 0x00, 0xe1, 0x00,
    0xb0, 0x04, 0x00, 0x00, 0x6f, 0x00, 0x87, 0x00, 0xc2, 0x04, 0x00, 0x00,
    0x70, 0x00, 0x7d, 0x00, 0x19, 0x00, 0x00, 0x00, 0x70, 0x00, 0xca, 0x00,
    0x19, 0x00, 0x00, 0x00, 0x71, 0x00, 0x93, 0x00, 0x19, 0x00, 0x00, 0x00,
    0x71, 0x00, 0x1d, 0x00, 0x5f, 0x03, 0x00, 0x00, 0x71, 0x00, 0x07, 0x00,
    0x64, 0x03, 0x00, 0x00, 0x71, 0x00, 0x49, 0x00, 0x71, 0x03, 0x00, 0x00,
    0x71, 0x00, 0x07, 0x00, 0x80, 0x03, 0x00, 0x00, 0x71, 0x00, 0x7d, 0x00,
    0xbe, 0x03, 0x00, 0x00, 0x71, 0x00, 0xae, 0x00, 0x22, 0x04, 0x00, 0x00,
    0x71, 0x00, 0x85, 0x00, 0x27, 0x04, 0x00, 0x00, 0x71, 0x00, 0xe8, 0x00,
    0x2b, 0x04, 0x00, 0x00, 0x71, 0x00, 0x0c, 0x00, 0x5d, 0x04, 0x00, 0x00,
    0x71, 0x00, 0x85, 0x00, 0xb7, 0x04, 0x00, 0x00, 0x71, 0x00, 0x07, 0x00,
    0x3a, 0x05, 0x00, 0x00, 0x72, 0x00, 0x7d, 0x00, 0x19, 0x00, 0x00, 0x00,
    0x72, 0x00, 0xca, 0x00, 0x19, 0x00, 0x00, 0x00, 0x73, 0x00, 0xde, 0x00,
    0x19, 0x00, 0x00, 0x00, 0x73, 0x00, 0xdb, 0x00, 0xeb, 0x02, 0x00, 0x00,
    0x73, 0x00, 0xe5, 0x00, 0xf6, 0x02, 0x00, 0x00, 0x73, 0x00, 0x5c, 0x00,
    0xfa, 0x02, 0x00, 0x00, 0x73, 0x00, 0x07, 0x00, 0x21, 0x03, 0x00, 0x00,
    0x73, 0x00, 0x60, 0x00, 0x86, 0x03, 0x00, 0x00, 0x73, 0x00, 0x0b, 0x00,
    0xba, 0x03, 0x00, 0x00, 0x73, 0x00, 0x5d, 0x00, 0xcb, 0x03, 0x00, 0x00,
    0x73, 0x00, 0x5e, 0x00, 0xcc, 0x03, 0x00, 0x00, 0x73, 0x00, 0xe5, 0x00,
    0xd8, 0x03, 0x00, 0x00, 0x73, 0x00, 0x5f, 0x00, 0xe9, 0x03, 0x00, 0x00,
    0x73, 0x00, 0x61, 0x00, 0xea, 0x03, 0x00, 0x00, 0x73, 0x00, 0x6b, 0x00,
    0x0a, 0x04, 0x00, 0x00, 0x73, 0x00, 0xe5, 0x00, 0x14, 0x04, 0x00, 0x00,
    0x73, 0x00, 0x5c, 0x00, 0x17, 0x04, 0x00, 0x00, 0x73, 0x00, 0x62, 0x00,
    0x1b, 0x04, 0x00, 0x00, 0x73, 0x00, 0x5c, 0x00, 0x44, 0x04, 0x00, 0x00,
    0x73, 0x00, 0x6b, 0x00, 0x92, 0x04, 0x00, 0x00, 0x73, 0x00, 0x07, 0x00,
    0xf4, 0x04, 0x00, 0x00, 0x73, 0x00, 0x07, 0x00, 0x0d, 0x05, 0x00, 0x00,
    0x74, 0x00, 0x91, 0x00, 0x19, 0x00, 0x00, 0x00, 0x74, 0x00, 0x1d, 0x00,
    0x5f, 0x03, 0x00, 0x00, 0x74, 0x00, 0x07, 0x00, 0x64, 0x03, 0x00, 0x00,
    0x74, 0x00, 0x07, 0x00, 0x80, 0x03, 0x00, 0x00, 0x74, 0x00, 0xae, 0x00,
    0x22, 0x04, 0x00, 0x00, 0x74, 0x00, 0x85, 0x00, 0x27, 0x04, 0x00, 0x00,
    0x74, 0x00, 0x8d, 0x00, 0x40, 0x04, 0x00, 0x00, 0x74, 0x00, 0x85, 0x00,
    0xb7, 0x04, 0x00, 0x00, 0x75, 0x00, 0x7d, 0x00, 0x18, 0x00, 0x00, 0x00,
    0x75, 0x00, 0x7d, 0x00, 0x19, 0x00, 0x00, 0x00, 0x75, 0x00, 0x5a, 0x00,
    0xb1, 0x02, 0x00, 0x00, 0x75, 0x00, 0x5a, 0x00, 0xb2, 0x02, 0x00, 0x00,
    0x75, 0x00, 0xa6, 0x00, 0xb3, 0x02, 0x00, 0x00, 0x75, 0x00, 0x5b, 0x00,
    0xb4, 0x02, 0x00, 0x00, 0x75, 0x00, 0x91, 0x00, 0xb5, 0x02, 0x00, 0x00,
    0x75, 0x00, 0x0a, 0x00, 0xbb, 0x02, 0x00, 0x00, 0x75, 0x00, 0x99, 0x00,
    0xbc, 0x02, 0x00, 0x00, 0x75, 0x00, 0x91, 0x00, 0xbd, 0x02, 0x00, 0x00,
    0x75, 0x00, 0x92, 0x00, 0xbe, 0x02, 0x00, 0x00, 0x75, 0x00, 0xa1, 0x00,
    0xbf, 0x02, 0x00, 0x00, 0x75, 0x00, 0x06, 0x00, 0xc1, 0x02, 0x00, 0x00,
    0x75, 0x00, 0xf5, 0x00, 0xc2, 0x02, 0x00, 0x00, 0x75, 0x00, 0x07, 0x00,
    0xc3, 0x02, 0x00, 0x00, 0x75, 0x00, 0x9e, 0x00, 0xc4, 0x02, 0x00, 0x00,
    0x75, 0x00, 0x9f, 0x00, 0xc5, 0x02, 0x00, 0x00, 0x75, 0x00, 0x6d, 0x00,
    0xc6, 0x02, 0x00, 0x00, 0x75, 0x00, 0x45, 0x00, 0xc7, 0x02, 0x00, 0x00,
    0x75, 0x00, 0xf7, 0x00, 0xc8, 0x02, 0x00, 0x00, 0x75, 0x00, 0x96, 0x00,
    0xc9, 0x02, 0x00, 0x00, 0x75, 0x00, 0x91, 0x00, 0xca, 0x02, 0x00, 0x00,
    0x75, 0x00, 0x77, 0x00, 0xcb, 0x02, 0x00, 0x00, 0x75, 0x00, 0xc5, 0x00,
    0xcc, 0x02, 0x00, 0x00, 0x75, 0x00, 0xe6, 0x00, 0xcd, 0x02, 0x00, 0x00,
    0x75, 0x00, 0x96, 0x00, 0xce, 0x02, 0x00, 0x00, 0x75, 0x00, 0xe6, 0x00,
    0xcf, 0x02, 0x00, 0x00, 0x75, 0x00, 0x92, 0x00, 0xd0, 0x02, 0x00, 0x00,
    0x75, 0x00, 0x04, 0x01, 0xd1, 0x02, 0x00, 0x00, 0x75, 0x00, 0xa5, 0x00,
    0xd2, 0x02, 0x00, 0x00, 0x75, 0x00, 0x01, 0x01, 0xd4, 0x02, 0x00, 0x00,
    0x75, 0x00, 0x6f, 0x00, 0xd5, 0x02, 0x00, 0x00, 0x75, 0x00, 0xf9, 0x00,
    0xd6, 0x02, 0x00, 0x00, 0x75, 0x00, 0x7a, 0x00, 0xd7, 0x02, 0x00, 0x00,
    0x75, 0x00, 0x2a, 0x00, 0xd8, 0x02, 0x00, 0x00, 0x75, 0x00, 0xdf, 0x00,
    0xdf, 0x02, 0x00, 0x00, 0x75, 0x00, 0xa2, 0x00, 0xec, 0x02, 0x00, 0x00,
    0x75, 0x00, 0x06, 0x00, 0xee, 0x02, 0x00, 0x00, 0x75, 0x00, 0xf9, 0x00,
    0xf3, 0x02, 0x00, 0x00, 0x75, 0x00, 0x5a, 0x00, 0xfd, 0x02, 0x00, 0x00,
    0x75, 0x00, 0xa5, 0x00, 0xfe, 0x02, 0x00, 0x00, 0x75, 0x00, 0x53, 0x00,
    0xff, 0x02, 0x00, 0x00, 0x75, 0x00, 0x54, 0x00, 0xff, 0x02, 0x00, 0x00,
    0x75, 0x00, 0x41, 0x00, 0x00, 0x03, 0x00, 0x00, 0x75, 0x00, 0x91, 0x00,
    0x01, 0x03, 0x00, 0x00, 0x75, 0x00, 0x0a, 0x00, 0x11, 0x03, 0x00, 0x00,
    0x75, 0x00, 0x5e, 0x00, 0x12, 0x03, 0x00, 0x00, 0x75, 0x00, 0x06, 0x00,
    0x1f, 0x03, 0x00, 0x00, 0x75, 0x00, 0x2a, 0x00, 0x25, 0x03, 0x00, 0x00,
    0x75, 0x00, 0xa6, 0x00, 0x2b, 0x03, 0x00, 0x00, 0x75, 0x00, 0x7d, 0x00,
    0x3b, 0x03, 0x00, 0x00, 0x75, 0x00, 0x92, 0x00, 0x45, 0x03, 0x00, 0x00,
    0x75, 0x00, 0x96, 0x00, 0x49, 0x03, 0x00, 0x00, 0x75, 0x00, 0x6f, 0x00,
    0x4d, 0x03, 0x00, 0x00, 0x75, 0x00, 0x30, 0x00, 0x4e, 0x03, 0x00, 0x00,
    0x75, 0x00, 0x0b, 0x00, 0x51, 0x03, 0x00, 0x00, 0x75, 0x00, 0x32, 0x00,
    0x8f, 0x03, 0x00, 0x00, 0x75, 0x00, 0x4e, 0x00, 0xae, 0x03, 0x00, 0x00,
    0x75, 0x00, 0x91, 0x00, 0xbd, 0x03, 0x00, 0x00, 0x75, 0x00, 0xe6, 0x00,
    0xbf, 0x03, 0x00, 0x00, 0x75, 0x00, 0xe6, 0x00, 0xc4, 0x03, 0x00, 0x00,
    0x75, 0x00, 0xf2, 0x00, 0xc5, 0x03, 0x00, 0x00, 0x75, 0x00, 0xe6, 0x00,
    0xc6, 0x03, 0x00, 0x00, 0x75, 0x00, 0x7d, 0x00, 0xda, 0x03, 0x00, 0x00,
    0x75, 0x00, 0x46, 0x00, 0xdb, 0x03, 0x00, 0x00, 0x75, 0x00, 0xa7, 0x00,
    0xe6, 0x03, 0x00, 0x00, 0x75, 0x00, 0x6c, 0x00, 0xeb, 0x03, 0x00, 0x00,
    0x75, 0x00, 0xf6, 0x00, 0xed, 0x03, 0x00, 0x00, 0x75, 0x00, 0xff, 0x00,
    0xee, 0x03, 0x00, 0x00, 0x75, 0x00, 0xdb, 0x00, 0xef, 0x03, 0x00, 0x00,
    0x75, 0x00, 0xff, 0x00, 0xf0, 0x03, 0x00, 0x00, 0x75, 0x00, 0xe5, 0x00,
    0xf1, 0x03, 0x00, 0x00, 0x75, 0x00, 0xf6, 0x00, 0xf2, 0x03, 0x00, 0x00,
    0x75, 0x00, 0xff, 0x00, 0xf3, 0x03, 0x00, 0x00, 0x75, 0x00, 0xf6, 0x00,
    0xf4, 0x03, 0x00, 0x00, 0x75, 0x00, 0xff, 0x00, 0xf5, 0x03, 0x00, 0x00,
    0x75, 0x00, 0xff, 0x00, 0xf6, 0x03, 0x00, 0x00, 0x75, 0x00, 0xf8, 0x00,
    0xf7, 0x03, 0x00, 0x00, 0x75, 0x00, 0xff, 0x00, 0xf8, 0x03, 0x00, 0x00,
    0x75, 0x00, 0xff, 0x00, 0xf9, 0x03, 0x00, 0x00, 0x75, 0x00, 0xf6, 0x00,
    0xfa, 0x03, 0x00, 0x00, 0x75, 0x00, 0xf7, 0x00, 0xfb, 0x03, 0x00, 0x00,
    0x75, 0x00, 0xff, 0x00, 0xfc, 0x03, 0x00, 0x00, 0x75, 0x00, 0x85, 0x00,
    0xfd, 0x03, 0x00, 0x00, 0x75, 0x00, 0x85, 0x00, 0xfe, 0x03, 0x00, 0x00,
    0x75, 0x00, 0x85, 0x00, 0xff, 0x03, 0x00, 0x00, 0x75, 0x00, 0xe1, 0x00,
    0x00, 0x04, 0x00, 0x00, 0x75, 0x00, 0xe5, 0x00, 0x01, 0x04, 0x00, 0x00,
    0x75, 0x00, 0xe1, 0x00, 0x02, 0x04, 0x00, 0x00, 0x75, 0x00, 0x85, 0x00,
    0x03, 0x04, 0x00, 0x00, 0x75, 0x00, 0x82, 0x00, 0x04, 0x04, 0x00, 0x00,
    0x75, 0x00, 0x07, 0x00, 0x05, 0x04, 0x00, 0x00, 0x75, 0x00, 0x07, 0x00,
    0x06, 0x04, 0x00, 0x00, 0x75, 0x00, 0x07, 0x00, 0x07, 0x04, 0x00, 0x00,
    0x75, 0x00, 0xf7, 0x00, 0x08, 0x04, 0x00, 0x00, 0x75, 0x00, 0xfb, 0x00,
    0x0c, 0x04, 0x00, 0x00, 0x75, 0x00, 0x01, 0x01, 0x12, 0x04, 0x00, 0x00,
    0x75, 0x00, 0x96, 0x00, 0x33, 0x04, 0x00, 0x00, 0x75, 0x00, 0x98, 0x00,
    0x34, 0x04, 0x00, 0x00, 0x75, 0x00, 0x33, 0x00, 0x35, 0x04, 0x00, 0x00,
    0x75, 0x00, 0x33, 0x00, 0x36, 0x04, 0x00, 0x00, 0x75, 0x00, 0x43, 0x00,
    0x41, 0x04, 0x00, 0x00, 0x75, 0x00, 0x0d, 0x00, 0x42, 0x04, 0x00, 0x00,
    0x75, 0x00, 0x6b, 0x00, 0x43, 0x04, 0x00, 0x00, 0x75, 0x00, 0x0e, 0x00,
    0x4c, 0x04, 0x00, 0x00, 0x75, 0x00, 0x6d, 0x00, 0x4d, 0x04, 0x00, 0x00,
    0x75, 0x00, 0x91, 0x00, 0x4e, 0x04, 0x00, 0x00, 0x75, 0x00, 0x9a, 0x00,
    0x5c, 0x04, 0x00, 0x00, 0x75, 0x00, 0x99, 0x00, 0x5f, 0x04, 0x00, 0x00,
    0x75, 0x00, 0x91, 0x00, 0x60, 0x04, 0x00, 0x00, 0x75, 0x00, 0x45, 0x00,
    0x63, 0x04, 0x00, 0x00, 0x75, 0x00, 0x99, 0x00, 0x8b, 0x04, 0x00, 0x00,
    0x75, 0x00, 0x91, 0x00, 0x8c, 0x04, 0x00, 0x00, 0x75, 0x00, 0x4f, 0x00,
    0x93, 0x04, 0x00, 0x00, 0x75, 0x00, 0xfc, 0x00, 0x94, 0x04, 0x00, 0x00,
    0x75, 0x00, 0xa1, 0x00, 0x95, 0x04, 0x00, 0x00, 0x75, 0x00, 0xf8, 0x00,
    0x96, 0x04, 0x00, 0x00, 0x75, 0x00, 0x9b, 0x00, 0x9b, 0x04, 0x00, 0x00,
    0x75, 0x00, 0xdb, 0x00, 0xde, 0x04, 0x00, 0x00, 0x75, 0x00, 0x9e, 0x00,
    0xe0, 0x04, 0x00, 0x00, 0x75, 0x00, 0x9f, 0x00, 0xe2, 0x04, 0x00, 0x00,
    0x75, 0x00, 0x9d, 0x00, 0xe3, 0x04, 0x00, 0x00, 0x75, 0x00, 0x8d, 0x00,
    0xe8, 0x04, 0x00, 0x00, 0x75, 0x00, 0x02, 0x01, 0xed, 0x04, 0x00, 0x00,
    0x75, 0x00, 0x05, 0x01, 0xee, 0x04, 0x00, 0x00, 0x75, 0x00, 0x03, 0x01,
    0xef, 0x04, 0x00, 0x00, 0x75, 0x00, 0x2a, 0x00, 0xf1, 0x04, 0x00, 0x00,
    0x75, 0x00, 0x29, 0x00, 0xf2, 0x04, 0x00, 0x00, 0x75, 0x00, 0x6c, 0x00,
    0xf3, 0x04, 0x00, 0x00, 0x75, 0x00, 0x91, 0x00, 0xf9, 0x04, 0x00, 0x00,
    0x75, 0x00, 0x57, 0x00, 0x01, 0x05, 0x00, 0x00, 0x75, 0x00, 0x41, 0x00,
    0x04, 0x05, 0x00, 0x00, 0x75, 0x00, 0xa5, 0x00, 0x09, 0x05, 0x00, 0x00,
    0x75, 0x00, 0x91, 0x00, 0x0a, 0x05, 0x00, 0x00, 0x75, 0x00, 0x92, 0x00,
    0x0b, 0x05, 0x00, 0x00, 0x75, 0x00, 0x06, 0x00, 0x11, 0x05, 0x00, 0x00,
    0x75, 0x00, 0xc5, 0x00, 0x12, 0x05, 0x00, 0x00, 0x75, 0x00, 0x95, 0x00,
    0x3c, 0x05, 0x00, 0x00, 0x75, 0x00, 0x06, 0x00, 0x3f, 0x05, 0x00, 0x00,
    0x75, 0x00, 0xa4, 0x00, 0x40, 0x05, 0x00, 0x00, 0x76, 0x00, 0x7d, 0x00,
    0x18, 0x00, 0x00, 0x00, 0x76, 0x00, 0x7d, 0x00, 0x19, 0x00, 0x00, 0x00,
    0x77, 0x00, 0x91, 0x00, 0x19, 0x00, 0x00, 0x00, 0x77, 0x00, 0xbb, 0x00,
    0x21, 0x04, 0x00, 0x00, 0x78, 0x00, 0x91, 0x00, 0x19, 0x00, 0x00, 0x00,
    0x78, 0x00, 0xbb, 0x00, 0x21, 0x04, 0x00, 0x00, 0x79, 0x00, 0x9c, 0x00,
    0x19, 0x00, 0x00, 0x00, 0x79, 0x00, 0xbb, 0x00, 0x21, 0x04, 0x00, 0x00,
    0x7a, 0x00, 0x9c, 0x00, 0x19, 0x00, 0x00, 0x00, 0x7a, 0x00, 0xbb, 0x00,
    0x21, 0x04, 0x00, 0x00, 0x7b, 0x00, 0x7d, 0x00, 0x19, 0x00, 0x00, 0x00,
    0x7b, 0x00, 0xbb, 0x00, 0x21, 0x04, 0x00, 0x00, 0x7c, 0x00, 0xcf, 0x00,
    0x19, 0x00, 0x00, 0x00, 0x7c, 0x00, 0x7d, 0x00, 0x64, 0x04, 0x00, 0x00,
    0x7d, 0x00, 0xcf, 0x00, 0x19, 0x00, 0x00, 0x00, 0x7d, 0x00, 0x7d, 0x00,
    0x64, 0x04, 0x00, 0x00, 0x7e, 0x00, 0xc6, 0x00, 0x19, 0x00, 0x00, 0x00,
    0x7e, 0x00, 0x7d, 0x00, 0x64, 0x04, 0x00, 0x00, 0x7f, 0x00, 0xd0, 0x00,
    0x19, 0x00, 0x00, 0x00, 0x7f, 0x00, 0x7d, 0x00, 0x64, 0x04, 0x00, 0x00,
    0x80, 0x00, 0x82, 0x00, 0x19, 0x00, 0x00, 0x00, 0x81, 0x00, 0x7d, 0x00,
    0x18, 0x00, 0x00, 0x00, 0x81, 0x00, 0xc2, 0x00, 0x19, 0x00, 0x00, 0x00,
    0x81, 0x00, 0xd0, 0x00, 0xbb, 0x02, 0x00, 0x00, 0x81, 0x00, 0xb5, 0x00,
    0xe4, 0x02, 0x00, 0x00, 0x81, 0x00, 0xd6, 0x00, 0xef, 0x02, 0x00, 0x00,
    0x81, 0x00, 0x7d, 0x00, 0x19, 0x03, 0x00, 0x00, 0x81, 0x00, 0xd6, 0x00,
    0x29, 0x04, 0x00, 0x00, 0x82, 0x00, 0xd1, 0x00, 0x19, 0x00, 0x00, 0x00,
    0x82, 0x00, 0xbb, 0x00, 0x21, 0x04, 0x00, 0x00, 0x83, 0x00, 0xd1, 0x00,
    0x19, 0x00, 0x00, 0x00, 0x83, 0x00, 0x7d, 0x00, 0x64, 0x04, 0x00, 0x00,
    0x84, 0x00, 0xd1, 0x00, 0x19, 0x00, 0x00, 0x00, 0x84, 0x00, 0x7d, 0x00,
    0x64, 0x04, 0x00, 0x00, 0x85, 0x00, 0xd2, 0x00, 0x19, 0x00, 0x00, 0x00,
    0x85, 0x00, 0x90, 0x00, 0x1f, 0x04, 0x00, 0x00, 0x86, 0x00, 0xd1, 0x00,
    0x19, 0x00, 0x00, 0x00, 0x86, 0x00, 0x7d, 0x00, 0x64, 0x04, 0x00, 0x00,
    0x87, 0x00, 0xd1, 0x00, 0x19, 0x00, 0x00, 0x00, 0x87, 0x00, 0x7d, 0x00,
    0x64, 0x04, 0x00, 0x00, 0x88, 0x00, 0xd3, 0x00, 0x19, 0x00, 0x00, 0x00,
    0x88, 0x00, 0xbb, 0x00, 0x21, 0x04, 0x00, 0x00, 0x89, 0x00, 0xd3, 0x00,
    0x19, 0x00, 0x00, 0x00, 0x89, 0x00, 0xbb, 0x00, 0x21, 0x04, 0x00, 0x00,
    0x8a, 0x00, 0xd1, 0x00, 0x19, 0x00, 0x00, 0x00, 0x8a, 0x00, 0x7d, 0x00,
    0x64, 0x04, 0x00, 0x00, 0x8b, 0x00, 0xd1, 0x00, 0x19, 0x00, 0x00, 0x00,
    0x8b, 0x00, 0x7d, 0x00, 0x64, 0x04, 0x00, 0x00, 0x8c, 0x00, 0xd1, 0x00,
    0x19, 0x00, 0x00, 0x00, 0x8c, 0x00, 0x7d, 0x00, 0x64, 0x04, 0x00, 0x00,
    0x8d, 0x00, 0xd1, 0x00, 0x19, 0x00, 0x00, 0x00, 0x8d, 0x00, 0x7d, 0x00,
    0x64, 0x04, 0x00, 0x00, 0x8e, 0x00, 0xd1, 0x00, 0x19, 0x00, 0x00, 0x00,
    0x8e, 0x00, 0x7d, 0x00, 0x64, 0x04, 0x00, 0x00, 0x8f, 0x00, 0xd1, 0x00,
    0x19, 0x00, 0x00, 0x00, 0x8f, 0x00, 0x7d, 0x00, 0x64, 0x04, 0x00, 0x00,
    0x90, 0x00, 0xd1, 0x00, 0x19, 0x00, 0x00, 0x00, 0x90, 0x00, 0x7d, 0x00,
    0x64, 0x04, 0x00, 0x00, 0x91, 0x00, 0xd1, 0x00, 0x19, 0x00, 0x00, 0x00,
    0x91, 0x00, 0x7d, 0x00, 0x64, 0x04, 0x00, 0x00, 0x92, 0x00, 0xd1, 0x00,
    0x19, 0x00, 0x00, 0x00, 0x92, 0x00, 0xea, 0x00, 0x25, 0x04, 0x00, 0x00,
    0x93, 0x00, 0x91, 0x00, 0x19, 0x00, 0x00, 0x00, 0x93, 0x00, 0x7d, 0x00,
    0x15, 0x03, 0x00, 0x00, 0x93, 0x00, 0x7d, 0x00, 0x33, 0x03, 0x00, 0x00,
    0x93, 0x00, 0x7d, 0x00, 0x4c, 0x03, 0x00, 0x00, 0x93, 0x00, 0x7d, 0x00,
    0x8c, 0x03, 0x00, 0x00, 0x93, 0x00, 0x7d, 0x00, 0x8d, 0x03, 0x00, 0x00,
    0x93, 0x00, 0x82, 0x00, 0x90, 0x03, 0x00, 0x00, 0x93, 0x00, 0x44, 0x00,
    0xaf, 0x03, 0x00, 0x00, 0x93, 0x00, 0x7d, 0x00, 0xe8, 0x03, 0x00, 0x00,
    0x93, 0x00, 0x82, 0x00, 0x26, 0x04, 0x00, 0x00, 0x93, 0x00, 0x8c, 0x00,
    0x3a, 0x04, 0x00, 0x00, 0x93, 0x00, 0x7d, 0x00, 0x47, 0x04, 0x00, 0x00,
    0x93, 0x00, 0x7d, 0x00, 0x50, 0x04, 0x00, 0x00, 0x93, 0x00, 0x7d, 0x00,
    0x56, 0x04, 0x00, 0x00, 0x93, 0x00, 0x07, 0x00, 0x5e, 0x04, 0x00, 0x00,
    0x93, 0x00, 0x7d, 0x00, 0x64, 0x04, 0x00, 0x00, 0x93, 0x00, 0x7d, 0x00,
    0x89, 0x04, 0x00, 0x00, 0x93, 0x00, 0x07, 0x00, 0x8f, 0x04, 0x00, 0x00,
    0x93, 0x00, 0x7d, 0x00, 0x91, 0x04, 0x00, 0x00, 0x93, 0x00, 0xe1, 0x00,
    0xa9, 0x04, 0x00, 0x00, 0x93, 0x00, 0x7d, 0x00, 0xdc, 0x04, 0x00, 0x00,
    0x93, 0x00, 0x7d, 0x00, 0xdf, 0x04, 0x00, 0x00, 0x93, 0x00, 0x7d, 0x00,
    0xe1, 0x04, 0x00, 0x00, 0x93, 0x00, 0x58, 0x00, 0x02, 0x05, 0x00, 0x00,
    0x93, 0x00, 0x7d, 0x00, 0x13, 0x05, 0x00, 0x00, 0x94, 0x00, 0xa4, 0x00,
    0x19, 0x00, 0x00, 0x00, 0x94, 0x00, 0xeb, 0x00, 0x2a, 0x04, 0x00, 0x00,
    0x95, 0x00, 0x82, 0x00, 0x26, 0x04, 0x00, 0x00, 0x96, 0x00, 0xd4, 0x00,
    0x19, 0x00, 0x00, 0x00, 0x96, 0x00, 0x7d, 0x00, 0x64, 0x04, 0x00, 0x00,
    0x97, 0x00, 0xa3, 0x00, 0x19, 0x00, 0x00, 0x00, 0x97, 0x00, 0x18, 0x00,
    0xb8, 0x02, 0x00, 0x00, 0x97, 0x00, 0x55, 0x00, 0xba, 0x02, 0x00, 0x00,
    0x97, 0x00, 0x7d, 0x00, 0x17, 0x03, 0x00, 0x00, 0x97, 0x00, 0x7d, 0x00,
    0x24, 0x04, 0x00, 0x00, 0x98, 0x00, 0x7d, 0x00, 0x18, 0x00, 0x00, 0x00,
    0x98, 0x00, 0x7d, 0x00, 0x19, 0x00, 0x00, 0x00, 0x98, 0x00, 0xa0, 0x00,
    0xb1, 0x02, 0x00, 0x00, 0x98, 0x00, 0x7d, 0x00, 0xb2, 0x02, 0x00, 0x00,
    0x98, 0x00, 0x91, 0x00, 0xb3, 0x02, 0x00, 0x00, 0x98, 0x00, 0xe5, 0x00,
    0xb5, 0x02, 0x00, 0x00, 0x98, 0x00, 0x0b, 0x00, 0xb7, 0x02, 0x00, 0x00,
    0x98, 0x00, 0x56, 0x00, 0xc0, 0x02, 0x00, 0x00, 0x98, 0x00, 0x42, 0x00,
    0xcb, 0x02, 0x00, 0x00, 0x98, 0x00, 0x24, 0x00, 0xd3, 0x02, 0x00, 0x00,
    0x98, 0x00, 0x51, 0x00, 0xd4, 0x02, 0x00, 0x00, 0x98, 0x00, 0x39, 0x00,
    0xd5, 0x02, 0x00, 0x00, 0x98, 0x00, 0x7e, 0x00, 0xd6, 0x02, 0x00, 0x00,
    0x98, 0x00, 0x0a, 0x00, 0xd7, 0x02, 0x00, 0x00, 0x98, 0x00, 0x77, 0x00,
    0xd8, 0x02, 0x00, 0x00, 0x98, 0x00, 0x7e, 0x00, 0xe9, 0x02, 0x00, 0x00,
    0x98, 0x00, 0x42, 0x00, 0xed, 0x02, 0x00, 0x00, 0x98, 0x00, 0x28, 0x00,
    0xf0, 0x02, 0x00, 0x00, 0x98, 0x00, 0x50, 0x00, 0x09, 0x03, 0x00, 0x00,
    0x98, 0x00, 0x0a, 0x00, 0x11, 0x03, 0x00, 0x00, 0x98, 0x00, 0x7d, 0x00,
    0x18, 0x03, 0x00, 0x00, 0x98, 0x00, 0x91, 0x00, 0x1b, 0x03, 0x00, 0x00,
    0x98, 0x00, 0x56, 0x00, 0x1c, 0x03, 0x00, 0x00, 0x98, 0x00, 0x91, 0x00,
    0xd9, 0x03, 0x00, 0x00, 0x98, 0x00, 0x41, 0x00, 0xe5, 0x03, 0x00, 0x00,
    0x98, 0x00, 0x91, 0x00, 0x2d, 0x04, 0x00, 0x00, 0x98, 0x00, 0x51, 0x00,
    0x39, 0x04, 0x00, 0x00, 0x98, 0x00, 0x52, 0x00, 0x39, 0x04, 0x00, 0x00,
    0x98, 0x00, 0x24, 0x00, 0x45, 0x04, 0x00, 0x00, 0x98, 0x00, 0x91, 0x00,
    0x51, 0x04, 0x00, 0x00, 0x98, 0x00, 0x91, 0x00, 0x88, 0x04, 0x00, 0x00,
    0x98, 0x00, 0x91, 0x00, 0x8a, 0x04, 0x00, 0x00, 0x98, 0x00, 0xdd, 0x00,
    0xeb, 0x04, 0x00, 0x00, 0x98, 0x00, 0xa0, 0x00, 0xfa, 0x04, 0x00, 0x00,
    0x98, 0x00, 0xe5, 0x00, 0x10, 0x05, 0x00, 0x00, 0x9f, 0x00, 0x7d, 0x00,
    0x17, 0x03, 0x00, 0x00, 0xa0, 0x00, 0x00, 0x00, 0x0e, 0x03, 0x00, 0x00,
    0xa0, 0x00, 0x6a, 0x00, 0x08, 0x05, 0x00, 0x00, 0xa1, 0x00, 0x08, 0x00,
    0x7c, 0x03, 0x00, 0x00, 0xa3, 0x00, 0x02, 0x00, 0x4b, 0x03, 0x00, 0x00,
    0xa4, 0x00, 0x0f, 0x00, 0x37, 0x04, 0x00, 0x00, 0xa6, 0x00, 0x03, 0x00,
    0xb0, 0x02, 0x00, 0x00, 0xa6, 0x00, 0x01, 0x00, 0x0d, 0x03, 0x00, 0x00,
    0xa6, 0x00, 0x04, 0x00, 0xe2, 0x03, 0x00, 0x00, 0xa6, 0x00, 0x0c, 0x00,
    0xe2, 0x03, 0x00, 0x00, 0xa6, 0x00, 0x04, 0x00, 0xe7, 0x03, 0x00, 0x00,
    0xa6, 0x00, 0x0c, 0x00, 0xe7, 0x03, 0x00, 0x00, 0xa6, 0x00, 0x09, 0x00,
    0x62, 0x04, 0x00, 0x00, 0xa8, 0x00, 0x7d, 0x00, 0x19, 0x00, 0x00, 0x00,
    0xa8, 0x00, 0x6a, 0x00, 0x08, 0x05, 0x00, 0x00, 0xa9, 0x00, 0x7d, 0x00,
    0x64, 0x04, 0x00, 0x00, 0xaa, 0x00, 0x00, 0x00, 0x0e, 0x03, 0x00, 0x00,
    0xaa, 0x00, 0xee, 0x00, 0x1d, 0x03, 0x00, 0x00, 0xaa, 0x00, 0xef, 0x00,
    0x41, 0x03, 0x00, 0x00, 0xaa, 0x00, 0x07, 0x00, 0xd5, 0x03, 0x00, 0x00,
    0xaa, 0x00, 0x00, 0x01, 0xec, 0x04, 0x00, 0x00, 0xaa, 0x00, 0xf2, 0x00,
    0xfb, 0x04, 0x00, 0x00, 0xaa, 0x00, 0x6b, 0x00, 0xff, 0x04, 0x00, 0x00,
    0xaa, 0x00, 0x71, 0x00, 0x07, 0x05, 0x00, 0x00, 0xaa, 0x00, 0x6a, 0x00,
    0x0f, 0x05, 0x00, 0x00, 0xaa, 0x00, 0x6b, 0x00, 0x3b, 0x05, 0x00, 0x00,
    0xab, 0x00, 0x7d, 0x00, 0x19, 0x00, 0x00, 0x00, 0xab, 0x00, 0x82, 0x00,
    0x19, 0x00, 0x00, 0x00, 0xab, 0x00, 0xdb, 0x00, 0x19, 0x00, 0x00, 0x00,
    0xab, 0x00, 0x72, 0x00, 0xe8, 0x02, 0x00, 0x00, 0xab, 0x00, 0x73, 0x00,
    0xe8, 0x02, 0x00, 0x00, 0xab, 0x00, 0x74, 0x00, 0xe8, 0x02, 0x00, 0x00,
    0xab, 0x00, 0x75, 0x00, 0xe8, 0x02, 0x00, 0x00, 0xab, 0x00, 0x76, 0x00,
    0xe8, 0x02, 0x00, 0x00, 0xab, 0x00, 0x07, 0x00, 0xd5, 0x03, 0x00, 0x00,
    0xab, 0x00, 0x6a, 0x00, 0x08, 0x05, 0x00, 0x00, 0xac, 0x00, 0x82, 0x00,
    0x42, 0x03, 0x00, 0x00, 0xad, 0x00, 0xda, 0x00, 0x19, 0x00, 0x00, 0x00,
    0xad, 0x00, 0xe1, 0x00, 0xa2, 0x04, 0x00, 0x00, 0xad, 0x00, 0x8d, 0x00,
    0xe7, 0x04, 0x00, 0x00, 0xad, 0x00, 0x7d, 0x00, 0xf7, 0x04, 0x00, 0x00,
    0xaf, 0x00, 0x6e, 0x00, 0x11, 0x04, 0x00, 0x00, 0xb0, 0x00, 0x7d, 0x00,
    0x19, 0x00, 0x00, 0x00, 0xb0, 0x00, 0x82, 0x00, 0x19, 0x00, 0x00, 0x00,
    0xb0, 0x00, 0xe0, 0x00, 0x19, 0x00, 0x00, 0x00, 0xb0, 0x00, 0xef, 0x00,
    0xdc, 0x02, 0x00, 0x00, 0xb0, 0x00, 0x7d, 0x00, 0x13, 0x03, 0x00, 0x00,
    0xb0, 0x00, 0xef, 0x00, 0x1d, 0x03, 0x00, 0x00, 0xb0, 0x00, 0x66, 0x00,
    0x55, 0x03, 0x00, 0x00, 0xb0, 0x00, 0xe5, 0x00, 0xc2, 0x03, 0x00, 0x00,
    0xb0, 0x00, 0x78, 0x00, 0xcd, 0x03, 0x00, 0x00, 0xb0, 0x00, 0x66, 0x00,
    0x52, 0x04, 0x00, 0x00, 0xb0, 0x00, 0x07, 0x00, 0xe6, 0x04, 0x00, 0x00,
    0xb0, 0x00, 0xfe, 0x00, 0x06, 0x05, 0x00, 0x00, 0xb1, 0x00, 0xfa, 0x00,
    0x20, 0x03, 0x00, 0x00, 0xb3, 0x00, 0x79, 0x00, 0x0f, 0x04, 0x00, 0x00,
    0xb4, 0x00, 0x7d, 0x00, 0x19, 0x00, 0x00, 0x00, 0xb4, 0x00, 0xef, 0x00,
    0x1e, 0x03, 0x00, 0x00, 0xb4, 0x00, 0x67, 0x00, 0x55, 0x03, 0x00, 0x00,
    0xb4, 0x00, 0x68, 0x00, 0x48, 0x04, 0x00, 0x00, 0xb4, 0x00, 0x67, 0x00,
    0x52, 0x04, 0x00, 0x00, 0xb5, 0x00, 0xe5, 0x00, 0x89, 0x03, 0x00, 0x00,
    0xb5, 0x00, 0x65, 0x00, 0x10, 0x04, 0x00, 0x00, 0xb5, 0x00, 0x7d, 0x00,
    0x52, 0x04, 0x00, 0x00, 0xb6, 0x00, 0x84, 0x00, 0x19, 0x00, 0x00, 0x00,
    0xb9, 0x00, 0xef, 0x00, 0x1e, 0x03, 0x00, 0x00, 0xb9, 0x00, 0x67, 0x00,
    0x55, 0x03, 0x00, 0x00, 0xb9, 0x00, 0x68, 0x00, 0x48, 0x04, 0x00, 0x00,
    0xba, 0x00, 0xef, 0x00, 0xdc, 0x02, 0x00, 0x00, 0xba, 0x00, 0xef, 0x00,
    0x52, 0x04, 0x00, 0x00, 0xbb, 0x00, 0x7d, 0x00, 0x19, 0x00, 0x00, 0x00,
    0xbc, 0x00, 0x7d, 0x00, 0x19, 0x00, 0x00, 0x00, 0xbc, 0x00, 0x78, 0x00,
    0xcd, 0x03, 0x00, 0x00, 0xbc, 0x00, 0xef, 0x00, 0x1e, 0x04, 0x00, 0x00,
    0xbc, 0x00, 0x65, 0x00, 0x00, 0x05, 0x00, 0x00, 0xbd, 0x00, 0x0b, 0x00,
    0x40, 0x03, 0x00, 0x00, 0xbd, 0x00, 0xe5, 0x00, 0x44, 0x03, 0x00, 0x00,
    0xbd, 0x00, 0x0b, 0x00, 0xf7, 0x04, 0x00, 0x00, 0xbe, 0x00, 0x7c, 0x00,
    0x1a, 0x03, 0x00, 0x00, 0xbe, 0x00, 0x7b, 0x00, 0xe1, 0x03, 0x00, 0x00,
    0x4e, 0x00, 0x00, 0x00, 0x00, 0x00, 0x00, 0x00, 0xa8, 0x00, 0x00, 0x00,
    0xa0, 0xe7, 0x00, 0x00, 0x62, 0x00, 0x00, 0x00, 0x60, 0x51, 0x01, 0x00,
    0x4b, 0x40, 0x01, 0x00, 0x00, 0x00, 0x00, 0x00, 0x4f, 0x00, 0x00, 0x00,
    0x00, 0x00, 0x00, 0x00, 0xa8, 0x00, 0x00, 0x00, 0xa0, 0xe7, 0x00, 0x00,
    0x62, 0x00, 0x00, 0x00, 0x78, 0x51, 0x01, 0x00, 0x63, 0x40, 0x01, 0x00,
    0x00, 0x00, 0x00, 0x00, 0x50, 0x00, 0x00, 0x00, 0x00, 0x00, 0x00, 0x00,
    0xa8, 0x00, 0x00, 0x00, 0xa8, 0xe7, 0x00, 0x00, 0x62, 0x00, 0x00, 0x00,
    0x90, 0x51, 0x01, 0x00, 0x78, 0x40, 0x01, 0x00, 0x00, 0x00, 0x00, 0x00,
    0x51, 0x00, 0x00, 0x00, 0x00, 0x00, 0x00, 0x00, 0xa8, 0x00, 0x00, 0x00,
    0xa8, 0xe7, 0x00, 0x00, 0x62, 0x00, 0x00, 0x00, 0xa8, 0x51, 0x01, 0x00,
    0x93, 0x40, 0x01, 0x00, 0x00, 0x00, 0x00, 0x00, 0x52, 0x00, 0x00, 0x00,
    0x00, 0x00, 0x00, 0x00, 0xa8, 0x00, 0x00, 0x00, 0xa0, 0xe7, 0x00, 0x00,
    0x62, 0x00, 0x00, 0x00, 0xc0, 0x51, 0x01, 0x00, 0xa8, 0x40, 0x01, 0x00,
    0x00, 0x00, 0x00, 0x00, 0x53, 0x00, 0x00, 0x00, 0x00, 0x00, 0x00, 0x00,
    0xa8, 0x00, 0x00, 0x00, 0xa0, 0xe7, 0x00, 0x00, 0x62, 0x00, 0x00, 0x00,
    0xd8, 0x51, 0x01, 0x00, 0xc9, 0x40, 0x01, 0x00, 0x00, 0x00, 0x00, 0x00,
    0x54, 0x00, 0x00, 0x00, 0x00, 0x00, 0x00, 0x00, 0xa8, 0x00, 0x00, 0x00,
    0xa0, 0xe7, 0x00, 0x00, 0x62, 0x00, 0x00, 0x00, 0xf0, 0x51, 0x01, 0x00,
    0xe7, 0x40, 0x01, 0x00, 0x00, 0x00, 0x00, 0x00, 0x55, 0x00, 0x00, 0x00,
    0x00, 0x00, 0x00, 0x00, 0xa8, 0x00, 0x00, 0x00, 0xa0, 0xe7, 0x00, 0x00,
    0x62, 0x00, 0x00, 0x00, 0x08, 0x52, 0x01, 0x00, 0x05, 0x41, 0x01, 0x00,
    0x00, 0x00, 0x00, 0x00, 0x56, 0x00, 0x00, 0x00, 0x00, 0x00, 0x00, 0x00,
    0xa8, 0x00, 0x00, 0x00, 0xa8, 0xe7, 0x00, 0x00, 0x62, 0x00, 0x00, 0x00,
    0x20, 0x52, 0x01, 0x00, 0x1d, 0x41, 0x01, 0x00, 0x00, 0x00, 0x00, 0x00,
    0x57, 0x00, 0x00, 0x00, 0x00, 0x00, 0x00, 0x00, 0xa8, 0x00, 0x00, 0x00,
    0xb0, 0xe7, 0x00, 0x00, 0x62, 0x00, 0x00, 0x00, 0x38, 0x52, 0x01, 0x00,
    0x3e, 0x41, 0x01, 0x00, 0x00, 0x00, 0x00, 0x00, 0x58, 0x00, 0x00, 0x00,
    0x00, 0x00, 0x00, 0x00, 0xa8, 0x00, 0x00, 0x00, 0xa0, 0xe7, 0x00, 0x00,
    0x62, 0x00, 0x00, 0x00, 0x50, 0x52, 0x01, 0x00, 0x53, 0x41, 0x01, 0x00,
    0x00, 0x00, 0x00, 0x00, 0x59, 0x00, 0x00, 0x00, 0x00, 0x00, 0x00, 0x00,
    0x3f, 0x00, 0x00, 0x00, 0x00, 0x00, 0x00, 0x00, 0x62, 0x00, 0x00, 0x00,
    0x68, 0x52, 0x01, 0x00, 0x71, 0x41, 0x01, 0x00, 0x00, 0x00, 0x00, 0x00,
    0x5a, 0x00, 0x00, 0x00, 0x00, 0x00, 0x00, 0x00, 0xa8, 0x00, 0x00, 0x00,
    0xa0, 0xe7, 0x00, 0x00, 0x62, 0x00, 0x00, 0x00, 0x78, 0x52, 0x01, 0x00,
    0x9b, 0x41, 0x01, 0x00, 0x00, 0x00, 0x00, 0x00, 0x5b, 0x00, 0x00, 0x00,
    0x00, 0x00, 0x00, 0x00, 0xa8, 0x00, 0x00, 0x00, 0xb8, 0xe7, 0x00, 0x00,
    0x62, 0x00, 0x00, 0x00, 0x90, 0x52, 0x01, 0x00, 0xb3, 0x41, 0x01, 0x00,
    0x00, 0x00, 0x00, 0x00, 0x5c, 0x00, 0x00, 0x00, 0x00, 0x00, 0x00, 0x00,
    0xa8, 0x00, 0x00, 0x00, 0xa0, 0xe7, 0x00, 0x00, 0x62, 0x00, 0x00, 0x00,
    0xa8, 0x52, 0x01, 0x00, 0xde, 0x41, 0x01, 0x00, 0x00, 0x00, 0x00, 0x00,
    0x5d, 0x00, 0x00, 0x00, 0x00, 0x00, 0x00, 0x00, 0xa8, 0x00, 0x00, 0x00,
    0xa8, 0xe7, 0x00, 0x00, 0x62, 0x00, 0x00, 0x00, 0xc0, 0x52, 0x01, 0x00,
    0xf3, 0x41, 0x01, 0x00, 0x00, 0x00, 0x00, 0x00, 0x5e, 0x00, 0x00, 0x00,
    0x00, 0x00, 0x00, 0x00, 0xa8, 0x00, 0x00, 0x00, 0xa8, 0xe7, 0x00, 0x00,
    0x62, 0x00, 0x00, 0x00, 0xd8, 0x52, 0x01, 0x00, 0x0e, 0x42, 0x01, 0x00,
    0x00, 0x00, 0x00, 0x00, 0x5f, 0x00, 0x00, 0x00, 0x00, 0x00, 0x00, 0x00,
    0xa8, 0x00, 0x00, 0x00, 0xa8, 0xe7, 0x00, 0x00, 0x62, 0x00, 0x00, 0x00,
    0xf0, 0x52, 0x01, 0x00, 0x29, 0x42, 0x01, 0x00, 0x00, 0x00, 0x00, 0x00,
    0x60, 0x00, 0x00, 0x00, 0x00, 0x00, 0x00, 0x00, 0xa8, 0x00, 0x00, 0x00,
    0xa0, 0xe7, 0x00, 0x00, 0x62, 0x00, 0x00, 0x00, 0x08, 0x53, 0x01, 0x00,
    0x47, 0x42, 0x01, 0x00, 0x00, 0x00, 0x00, 0x00, 0x61, 0x00, 0x00, 0x00,
    0x00, 0x00, 0x00, 0x00, 0xa8, 0x00, 0x00, 0x00, 0xa0, 0xe7, 0x00, 0x00,
    0x62, 0x00, 0x00, 0x00, 0x20, 0x53, 0x01, 0x00, 0x62, 0x42, 0x01, 0x00,
    0x00, 0x00, 0x00, 0x00, 0x62, 0x00, 0x00, 0x00, 0x00, 0x00, 0x00, 0x00,
    0xa8, 0x00, 0x00, 0x00, 0xa8, 0xe7, 0x00, 0x00, 0x62, 0x00, 0x00, 0x00,
    0x38, 0x53, 0x01, 0x00, 0x7a, 0x42, 0x01, 0x00, 0x00, 0x00, 0x00, 0x00,
    0x63, 0x00, 0x00, 0x00, 0x00, 0x00, 0x00, 0x00, 0xb6, 0x00, 0x00, 0x00,
    0x00, 0x00, 0x00, 0x00, 0x62, 0x00, 0x00, 0x00, 0x50, 0x53, 0x01, 0x00,
    0x92, 0x42, 0x01, 0x00, 0x00, 0x00, 0x00, 0x00, 0x64, 0x00, 0x00, 0x00,
    0x00, 0x00, 0x00, 0x00, 0xa8, 0x00, 0x00, 0x00, 0xa0, 0xe7, 0x00, 0x00,
    0x62, 0x00, 0x00, 0x00, 0x68, 0x53, 0x01, 0x00, 0xa4, 0x42, 0x01, 0x00,
    0x00, 0x00, 0x00, 0x00, 0x65, 0x00, 0x00, 0x00, 0x00, 0x00, 0x00, 0x00,
    0xa8, 0x00, 0x00, 0x00, 0xa0, 0xe7, 0x00, 0x00, 0x62, 0x00, 0x00, 0x00,
    0x80, 0x53, 0x01, 0x00, 0xbf, 0x42, 0x01, 0x00, 0x00, 0x00, 0x00, 0x00,
    0x66, 0x00, 0x00, 0x00, 0x00, 0x00, 0x00, 0x00, 0xa8, 0x00, 0x00, 0x00,
    0xa0, 0xe7, 0x00, 0x00, 0x62, 0x00, 0x00, 0x00, 0x98, 0x53, 0x01, 0x00,
    0xd4, 0x42, 0x01, 0x00, 0x00, 0x00, 0x00, 0x00, 0x67, 0x00, 0x00, 0x00,
    0x00, 0x00, 0x00, 0x00, 0xa8, 0x00, 0x00, 0x00, 0xa0, 0xe7, 0x00, 0x00,
    0x62, 0x00, 0x00, 0x00, 0xb0, 0x53, 0x01, 0x00, 0xe9, 0x42, 0x01, 0x00,
    0x00, 0x00, 0x00, 0x00, 0x95, 0x00, 0x00, 0x00, 0x00, 0x06, 0x00, 0x00,
    0xa8, 0x00, 0x00, 0x00, 0x00, 0x00, 0x00, 0x00, 0x80, 0x00, 0x00, 0x00,
    0xc8, 0x53, 0x01, 0x00, 0x04, 0x43, 0x01, 0x00, 0x00, 0x00, 0x00, 0x00,
    0x68, 0x00, 0x00, 0x00, 0x00, 0x00, 0x00, 0x00, 0xa8, 0x00, 0x00, 0x00,
    0xc0, 0xe7, 0x00, 0x00, 0x62, 0x00, 0x00, 0x00, 0xd8, 0x53, 0x01, 0x00,
    0x0d, 0x43, 0x01, 0x00, 0x00, 0x00, 0x00, 0x00, 0x69, 0x00, 0x00, 0x00,
    0x00, 0x00, 0x00, 0x00, 0xa8, 0x00, 0x00, 0x00, 0xa8, 0xe7, 0x00, 0x00,
    0x62, 0x00, 0x00, 0x00, 0xf0, 0x53, 0x01, 0x00, 0x22, 0x43, 0x01, 0x00,
    0x00, 0x00, 0x00, 0x00, 0x6a, 0x00, 0x00, 0x00, 0x00, 0x00, 0x00, 0x00,
    0xa8, 0x00, 0x00, 0x00, 0xa8, 0xe7, 0x00, 0x00, 0x62, 0x00, 0x00, 0x00,
    0x00, 0x54, 0x01, 0x00, 0x34, 0x43, 0x01, 0x00, 0x00, 0x00, 0x00, 0x00,
    0x6b, 0x00, 0x00, 0x00, 0x00, 0x00, 0x00, 0x00, 0xa8, 0x00, 0x00, 0x00,
    0xa8, 0xe7, 0x00, 0x00, 0x62, 0x00, 0x00, 0x00, 0xf0, 0x53, 0x01, 0x00,
    0x55, 0x43, 0x01, 0x00, 0x00, 0x00, 0x00, 0x00, 0x6c, 0x00, 0x00, 0x00,
    0x10, 0x00, 0x00, 0x00, 0xa8, 0x00, 0x00, 0x00, 0x00, 0x00, 0x00, 0x00,
    0x62, 0x00, 0x00, 0x00, 0x18, 0x54, 0x01, 0x00, 0x67, 0x43, 0x01, 0x00,
    0x00, 0x00, 0x00, 0x00, 0x6d, 0x00, 0x00, 0x00, 0x00, 0x00, 0x00, 0x00,
    0xa8, 0x00, 0x00, 0x00, 0xa0, 0xe7, 0x00, 0x00, 0x62, 0x00, 0x00, 0x00,
    0x28, 0x54, 0x01, 0x00, 0x96, 0x43, 0x01, 0x00, 0x00, 0x00, 0x00, 0x00,
    0x6e, 0x00, 0x00, 0x00, 0x10, 0x00, 0x00, 0x00, 0xa8, 0x00, 0x00, 0x00,
    0xc8, 0xe7, 0x00, 0x00, 0x62, 0x00, 0x00, 0x00, 0x40, 0x54, 0x01, 0x00,
    0xab, 0x43, 0x01, 0x00, 0x00, 0x00, 0x00, 0x00, 0x6f, 0x00, 0x00, 0x00,
    0x10, 0x00, 0x00, 0x00, 0x4c, 0x00, 0x00, 0x00, 0x00, 0x00, 0x00, 0x00,
    0x62, 0x00, 0x00, 0x00, 0x50, 0x54, 0x01, 0x00, 0xe1, 0x43, 0x01, 0x00,
    0x00, 0x00, 0x00, 0x00, 0x70, 0x00, 0x00, 0x00, 0x10, 0x00, 0x00, 0x00,
    0xa8, 0x00, 0x00, 0x00, 0x00, 0x00, 0x00, 0x00, 0x62, 0x00, 0x00, 0x00,
    0x60, 0x54, 0x01, 0x00, 0xf5, 0x43, 0x01, 0x00, 0x00, 0x00, 0x00, 0x00,
    0x71, 0x00, 0x00, 0x00, 0x10, 0x00, 0x00, 0x00, 0x34, 0x00, 0x00, 0x00,
    0x00, 0x00, 0x00, 0x00, 0x62, 0x00, 0x00, 0x00, 0x70, 0x54, 0x01, 0x00,
    0x10, 0x44, 0x01, 0x00, 0x00, 0x00, 0x00, 0x00, 0x72, 0x00, 0x00, 0x00,
    0x10, 0x00, 0x00, 0x00, 0xa8, 0x00, 0x00, 0x00, 0x00, 0x00, 0x00, 0x00,
    0x62, 0x00, 0x00, 0x00, 0x80, 0x54, 0x01, 0x00, 0x3d, 0x44, 0x01, 0x00,
    0x00, 0x00, 0x00, 0x00, 0x73, 0x00, 0x00, 0x00, 0x10, 0x00, 0x00, 0x00,
    0xa8, 0x00, 0x00, 0x00, 0x00, 0x00, 0x00, 0x00, 0x62, 0x00, 0x00, 0x00,
    0x90, 0x54, 0x01, 0x00, 0x59, 0x44, 0x01, 0x00, 0x77, 0x4d, 0x01, 0x00,
    0x74, 0x00, 0x00, 0x00, 0x10, 0x00, 0x00, 0x00, 0x34, 0x00, 0x00, 0x00,
    0x00, 0x00, 0x00, 0x00, 0x62, 0x00, 0x00, 0x00, 0xa0, 0x54, 0x01, 0x00,
    0xf3, 0x44, 0x01, 0x00, 0x82, 0x4d, 0x01, 0x00, 0x75, 0x00, 0x00, 0x00,
    0x01, 0x00, 0x00, 0x00, 0xa8, 0x00, 0x00, 0x00, 0x00, 0x00, 0x00, 0x00,
    0x62, 0x00, 0x00, 0x00, 0xb0, 0x54, 0x01, 0x00, 0x1e, 0x45, 0x01, 0x00,
    0x8b, 0x4d, 0x01, 0x00, 0x76, 0x00, 0x00, 0x00, 0x10, 0x00, 0x00, 0x00,
    0xa8, 0x00, 0x00, 0x00, 0x00, 0x00, 0x00, 0x00, 0x63, 0x00, 0x00, 0x00,
    0x00, 0x00, 0x00, 0x00, 0xa2, 0x48, 0x01, 0x00, 0x00, 0x00, 0x00, 0x00,
    0x77, 0x00, 0x00, 0x00, 0x00, 0x00, 0x00, 0x00, 0xa8, 0x00, 0x00, 0x00,
    0xa8, 0xe7, 0x00, 0x00, 0x80, 0x00, 0x00, 0x00, 0xf8, 0x54, 0x01, 0x00,
    0xc2, 0x48, 0x01, 0x00, 0x00, 0x00, 0x00, 0x00, 0x78, 0x00, 0x00, 0x00,
    0x00, 0x00, 0x00, 0x00, 0xa8, 0x00, 0x00, 0x00, 0xa8, 0xe7, 0x00, 0x00,
    0x80, 0x00, 0x00, 0x00, 0x10, 0x55, 0x01, 0x00, 0xd8, 0x48, 0x01, 0x00,
    0x00, 0x00, 0x00, 0x00, 0x79, 0x00, 0x00, 0x00, 0x00, 0x00, 0x00, 0x00,
    0xa8, 0x00, 0x00, 0x00, 0xa8, 0xe7, 0x00, 0x00, 0x80, 0x00, 0x00, 0x00,
    0x28, 0x55, 0x01, 0x00, 0xee, 0x48, 0x01, 0x00, 0x00, 0x00, 0x00, 0x00,
    0x7a, 0x00, 0x00, 0x00, 0x00, 0x00, 0x00, 0x00, 0xa8, 0x00, 0x00, 0x00,
    0xa8, 0xe7, 0x00, 0x00, 0x80, 0x00, 0x00, 0x00, 0x40, 0x55, 0x01, 0x00,
    0x07, 0x49, 0x01, 0x00, 0x00, 0x00, 0x00, 0x00, 0x7b, 0x00, 0x00, 0x00,
    0x00, 0x00, 0x00, 0x00, 0xa8, 0x00, 0x00, 0x00, 0xa8, 0xe7, 0x00, 0x00,
    0x80, 0x00, 0x00, 0x00, 0x58, 0x55, 0x01, 0x00, 0x20, 0x49, 0x01, 0x00,
    0x00, 0x00, 0x00, 0x00, 0x7c, 0x00, 0x00, 0x00, 0x00, 0x00, 0x00, 0x00,
    0xa8, 0x00, 0x00, 0x00, 0xa0, 0xe7, 0x00, 0x00, 0x80, 0x00, 0x00, 0x00,
    0x68, 0x55, 0x01, 0x00, 0x32, 0x49, 0x01, 0x00, 0x00, 0x00, 0x00, 0x00,
    0x7d, 0x00, 0x00, 0x00, 0x00, 0x00, 0x00, 0x00, 0xa8, 0x00, 0x00, 0x00,
    0xa0, 0xe7, 0x00, 0x00, 0x80, 0x00, 0x00, 0x00, 0x80, 0x55, 0x01, 0x00,
    0x48, 0x49, 0x01, 0x00, 0x00, 0x00, 0x00, 0x00, 0x7e, 0x00, 0x00, 0x00,
    0x00, 0x00, 0x00, 0x00, 0xa8, 0x00, 0x00, 0x00, 0xa0, 0xe7, 0x00, 0x00,
    0x80, 0x00, 0x00, 0x00, 0x98, 0x55, 0x01, 0x00, 0x5e, 0x49, 0x01, 0x00,
    0x00, 0x00, 0x00, 0x00, 0x7f, 0x00, 0x00, 0x00, 0x00, 0x00, 0x00, 0x00,
    0xa8, 0x00, 0x00, 0x00, 0xa0, 0xe7, 0x00, 0x00, 0x80, 0x00, 0x00, 0x00,
    0xb0, 0x55, 0x01, 0x00, 0x7d, 0x49, 0x01, 0x00, 0x00, 0x00, 0x00, 0x00,
    0x80, 0x00, 0x00, 0x00, 0x10, 0x00, 0x00, 0x00, 0x2b, 0x00, 0x00, 0x00,
    0x00, 0x00, 0x00, 0x00, 0x80, 0x00, 0x00, 0x00, 0xc8, 0x55, 0x01, 0x00,
    0x93, 0x49, 0x01, 0x00, 0x00, 0x00, 0x00, 0x00, 0x81, 0x00, 0x00, 0x00,
    0x10, 0x00, 0x00, 0x00, 0xa8, 0x00, 0x00, 0x00, 0xb8, 0xe7, 0x00, 0x00,
    0x80, 0x00, 0x00, 0x00, 0xd8, 0x55, 0x01, 0x00, 0x9f, 0x49, 0x01, 0x00,
    0x29, 0x4e, 0x01, 0x00, 0x82, 0x00, 0x00, 0x00, 0x00, 0x00, 0x00, 0x00,
    0xa8, 0x00, 0x00, 0x00, 0xa8, 0xe7, 0x00, 0x00, 0x80, 0x00, 0x00, 0x00,
    0xe8, 0x55, 0x01, 0x00, 0xdf, 0x49, 0x01, 0x00, 0x00, 0x00, 0x00, 0x00,
    0x83, 0x00, 0x00, 0x00, 0x00, 0x00, 0x00, 0x00, 0xa8, 0x00, 0x00, 0x00,
    0xa0, 0xe7, 0x00, 0x00, 0x80, 0x00, 0x00, 0x00, 0x00, 0x56, 0x01, 0x00,
    0xf5, 0x49, 0x01, 0x00, 0x00, 0x00, 0x00, 0x00, 0x84, 0x00, 0x00, 0x00,
    0x00, 0x00, 0x00, 0x00, 0xa8, 0x00, 0x00, 0x00, 0xa0, 0xe7, 0x00, 0x00,
    0x80, 0x00, 0x00, 0x00, 0x18, 0x56, 0x01, 0x00, 0x0b, 0x4a, 0x01, 0x00,
    0x00, 0x00, 0x00, 0x00, 0x85, 0x00, 0x00, 0x00, 0x00, 0x00, 0x00, 0x00,
    0xa8, 0x00, 0x00, 0x00, 0xd0, 0xe7, 0x00, 0x00, 0x80, 0x00, 0x00, 0x00,
    0x30, 0x56, 0x01, 0x00, 0x21, 0x4a, 0x01, 0x00, 0x00, 0x00, 0x00, 0x00,
    0x86, 0x00, 0x00, 0x00, 0x00, 0x00, 0x00, 0x00, 0xa8, 0x00, 0x00, 0x00,
    0xa0, 0xe7, 0x00, 0x00, 0x80, 0x00, 0x00, 0x00, 0x48, 0x56, 0x01, 0x00,
    0x43, 0x4a, 0x01, 0x00, 0x00, 0x00, 0x00, 0x00, 0x87, 0x00, 0x00, 0x00,
    0x00, 0x00, 0x00, 0x00, 0xa8, 0x00, 0x00, 0x00, 0xa0, 0xe7, 0x00, 0x00,
    0x80, 0x00, 0x00, 0x00, 0x60, 0x56, 0x01, 0x00, 0x59, 0x4a, 0x01, 0x00,
    0x00, 0x00, 0x00, 0x00, 0x88, 0x00, 0x00, 0x00, 0x00, 0x00, 0x00, 0x00,
    0xa8, 0x00, 0x00, 0x00, 0xa8, 0xe7, 0x00, 0x00, 0x80, 0x00, 0x00, 0x00,
    0x78, 0x56, 0x01, 0x00, 0x6f, 0x4a, 0x01, 0x00, 0x00, 0x00, 0x00, 0x00,
    0x89, 0x00, 0x00, 0x00, 0x00, 0x00, 0x00, 0x00, 0xa8, 0x00, 0x00, 0x00,
    0xa8, 0xe7, 0x00, 0x00, 0x80, 0x00, 0x00, 0x00, 0x90, 0x56, 0x01, 0x00,
    0x88, 0x4a, 0x01, 0x00, 0x00, 0x00, 0x00, 0x00, 0x8a, 0x00, 0x00, 0x00,
    0x00, 0x00, 0x00, 0x00, 0xa8, 0x00, 0x00, 0x00, 0xa0, 0xe7, 0x00, 0x00,
    0x80, 0x00, 0x00, 0x00, 0xa8, 0x56, 0x01, 0x00, 0xa1, 0x4a, 0x01, 0x00,
    0x00, 0x00, 0x00, 0x00, 0x8b, 0x00, 0x00, 0x00, 0x00, 0x00, 0x00, 0x00,
    0xa8, 0x00, 0x00, 0x00, 0xa0, 0xe7, 0x00, 0x00, 0x80, 0x00, 0x00, 0x00,
    0xc0, 0x56, 0x01, 0x00, 0xb7, 0x4a, 0x01, 0x00, 0x00, 0x00, 0x00, 0x00,
    0x8c, 0x00, 0x00, 0x00, 0x00, 0x00, 0x00, 0x00, 0xa8, 0x00, 0x00, 0x00,
    0xa0, 0xe7, 0x00, 0x00, 0x80, 0x00, 0x00, 0x00, 0xd8, 0x56, 0x01, 0x00,
    0xcd, 0x4a, 0x01, 0x00, 0x00, 0x00, 0x00, 0x00, 0x8d, 0x00, 0x00, 0x00,
    0x00, 0x00, 0x00, 0x00, 0xa8, 0x00, 0x00, 0x00, 0xa0, 0xe7, 0x00, 0x00,
    0x80, 0x00, 0x00, 0x00, 0xf0, 0x56, 0x01, 0x00, 0xe3, 0x4a, 0x01, 0x00,
    0x00, 0x00, 0x00, 0x00, 0x8e, 0x00, 0x00, 0x00, 0x00, 0x00, 0x00, 0x00,
    0xa8, 0x00, 0x00, 0x00, 0xa0, 0xe7, 0x00, 0x00, 0x80, 0x00, 0x00, 0x00,
    0x08, 0x57, 0x01, 0x00, 0xf9, 0x4a, 0x01, 0x00, 0x00, 0x00, 0x00, 0x00,
    0x8f, 0x00, 0x00, 0x00, 0x00, 0x00, 0x00, 0x00, 0xa8, 0x00, 0x00, 0x00,
    0xa0, 0xe7, 0x00, 0x00, 0x80, 0x00, 0x00, 0x00, 0x20, 0x57, 0x01, 0x00,
    0x0f, 0x4b, 0x01, 0x00, 0x00, 0x00, 0x00, 0x00, 0x90, 0x00, 0x00, 0x00,
    0x00, 0x00, 0x00, 0x00, 0xa8, 0x00, 0x00, 0x00, 0xa0, 0xe7, 0x00, 0x00,
    0x80, 0x00, 0x00, 0x00, 0x38, 0x57, 0x01, 0x00, 0x25, 0x4b, 0x01, 0x00,
    0x00, 0x00, 0x00, 0x00, 0x91, 0x00, 0x00, 0x00, 0x00, 0x00, 0x00, 0x00,
    0xa8, 0x00, 0x00, 0x00, 0xa0, 0xe7, 0x00, 0x00, 0x80, 0x00, 0x00, 0x00,
    0x50, 0x57, 0x01, 0x00, 0x3b, 0x4b, 0x01, 0x00, 0x00, 0x00, 0x00, 0x00,
    0x92, 0x00, 0x00, 0x00, 0x00, 0x00, 0x00, 0x00, 0xa8, 0x00, 0x00, 0x00,
    0xd8, 0xe7, 0x00, 0x00, 0x80, 0x00, 0x00, 0x00, 0x68, 0x57, 0x01, 0x00,
    0x51, 0x4b, 0x01, 0x00, 0x00, 0x00, 0x00, 0x00, 0x93, 0x00, 0x00, 0x00,
    0x10, 0x00, 0x00, 0x00, 0xa8, 0x00, 0x00, 0x00, 0xc0, 0xe7, 0x00, 0x00,
    0x80, 0x00, 0x00, 0x00, 0x80, 0x57, 0x01, 0x00, 0x67, 0x4b, 0x01, 0x00,
    0x00, 0x00, 0x00, 0x00, 0x94, 0x00, 0x00, 0x00, 0x10, 0x00, 0x00, 0x00,
    0xa8, 0x00, 0x00, 0x00, 0xc8, 0xe7, 0x00, 0x00, 0x80, 0x00, 0x00, 0x00,
    0x90, 0x57, 0x01, 0x00, 0x13, 0x4c, 0x01, 0x00, 0x00, 0x00, 0x00, 0x00,
    0x96, 0x00, 0x00, 0x00, 0x00, 0x00, 0x00, 0x00, 0xa8, 0x00, 0x00, 0x00,
    0xa0, 0xe7, 0x00, 0x00, 0x80, 0x00, 0x00, 0x00, 0xa0, 0x57, 0x01, 0x00,
    0x36, 0x4c, 0x01, 0x00, 0x00, 0x00, 0x00, 0x00, 0x97, 0x00, 0x00, 0x00,
    0x10, 0x00, 0x00, 0x00, 0xa8, 0x00, 0x00, 0x00, 0xe0, 0xe7, 0x00, 0x00,
    0x80, 0x00, 0x00, 0x00, 0xb8, 0x57, 0x01, 0x00, 0x4f, 0x4c, 0x01, 0x00,
    0x00, 0x00, 0x00, 0x00, 0x98, 0x00, 0x00, 0x00, 0x10, 0x00, 0x00, 0x00,
    0xa8, 0x00, 0x00, 0x00, 0x00, 0x00, 0x00, 0x00, 0x80, 0x00, 0x00, 0x00,
    0xc8, 0x57, 0x01, 0x00, 0x7f, 0x4c, 0x01, 0x00, 0x2d, 0x4e, 0x01, 0x00,
    0x03, 0x00, 0x03, 0x00, 0x01, 0x00, 0x00, 0x00, 0xa4, 0xd9, 0x00, 0x00,
    0x08, 0x00, 0x00, 0x00, 0x5b, 0x01, 0x17, 0x00, 0x5b, 0x02, 0x18, 0x00,
    0x70, 0x10, 0x9e, 0x02, 0x00, 0x00, 0x0e, 0x00, 0x03, 0x00, 0x01, 0x00,
    0x02, 0x00, 0x00, 0x00, 0xab, 0xd9, 0x00, 0x00, 0x2e, 0x00, 0x00, 0x00,
    0x54, 0x20, 0x18, 0x00, 0x71, 0x10, 0x86, 0x01, 0x00, 0x00, 0x12, 0x00,
    0x71, 0x10, 0x8e, 0x01, 0x00, 0x00, 0x22, 0x00, 0xb0, 0x00, 0x71, 0x00,
    0x97, 0x01, 0x00, 0x00, 0x0c, 0x01, 0x70, 0x20, 0xbd, 0x02, 0x10, 0x00,
    0x71, 0x00, 0x97, 0x01, 0x00, 0x00, 0x0c, 0x01, 0x6e, 0x10, 0xbf, 0x02,
    0x01, 0x00, 0x6e, 0x10, 0xc3, 0x02, 0x00, 0x00, 0x0c, 0x00, 0x72, 0x10,
    0xce, 0x02, 0x00, 0x00, 0x0a, 0x01, 0x38, 0x01, 0x0c, 0x00, 0x72, 0x10,
    0xcf, 0x02, 0x00, 0x00, 0x0c, 0x01, 0x1f, 0x01, 0xa9, 0x00, 0x72, 0x10,
    0xa0, 0x02, 0x01, 0x00, 0x28, 0xf1, 0x0e, 0x00, 0x02, 0x00, 0x02, 0x00,
    0x01, 0x00, 0x00, 0x00, 0xb4, 0xd9, 0x00, 0x00, 0x06, 0x00, 0x00, 0x00,
    0x5b, 0x01, 0x19, 0x00, 0x70, 0x10, 0x9e, 0x02, 0x00, 0x00, 0x0e, 0x00,
    0x05, 0x00, 0x01, 0x00, 0x03, 0x00, 0x00, 0x00, 0xba, 0xd9, 0x00, 0x00,
    0x16, 0x00, 0x00, 0x00, 0x54, 0x40, 0x19, 0x00, 0x54, 0x00, 0x1b, 0x00,
    0x54, 0x41, 0x19, 0x00, 0x54, 0x11, 0x1a, 0x00, 0x14, 0x02, 0x6b, 0x3a,
    0x2c, 0xff, 0x14, 0x03, 0x25, 0x16, 0x13, 0xff, 0x71, 0x30, 0xe4, 0x01,
    0x21, 0x03, 0x0c, 0x01, 0x6e, 0x20, 0xb7, 0x00, 0x10, 0x00, 0x0e, 0x00,
    0x04, 0x00, 0x04, 0x00, 0x01, 0x00, 0x00, 0x00, 0xbf, 0xd9, 0x00, 0x00,
    0x0a, 0x00, 0x00, 0x00, 0x5b, 0x01, 0x1a, 0x00, 0x59, 0x02, 0x1c, 0x00,
    0x5b, 0x03, 0x1b, 0x00, 0x70, 0x10, 0x9e, 0x02, 0x00, 0x00, 0x0e, 0x00,
    0x05, 0x00, 0x02, 0x00, 0x04, 0x00, 0x00, 0x00, 0xc7, 0xd9, 0x00, 0x00,
    0x31, 0x00, 0x00, 0x00, 0x71, 0x00, 0xc8, 0x01, 0x00, 0x00, 0x0a, 0x04,
    0x39, 0x04, 0x0a, 0x00, 0x54, 0x34, 0x1a, 0x00, 0x1a, 0x00, 0x8a, 0x00,
    0x71, 0x20, 0x05, 0x02, 0x04, 0x00, 0x0e, 0x00, 0x52, 0x34, 0x1c, 0x00,
    0x71, 0x10, 0xdb, 0x01, 0x04, 0x00, 0x54, 0x34, 0x1b, 0x00, 0x54, 0x30,
    0x1a, 0x00, 0x14, 0x01, 0x51, 0xa8, 0x22, 0xff, 0x14, 0x02, 0x25, 0x16,
    0x13, 0xff, 0x71, 0x30, 0xe4, 0x01, 0x10, 0x02, 0x0c, 0x00, 0x6e, 0x20,
    0xb7, 0x00, 0x04, 0x00, 0x54, 0x34, 0x1b, 0x00, 0x22, 0x00, 0x4f, 0x00,
    0x70, 0x20, 0x01, 0x01, 0x30, 0x00, 0x16, 0x01, 0x90, 0x01, 0x6e, 0x40,
    0xb6, 0x00, 0x04, 0x21, 0x0e, 0x00, 0x00, 0x00, 0x02, 0x00, 0x02, 0x00,
    0x01, 0x00, 0x00, 0x00, 0xd2, 0xd9, 0x00, 0x00, 0x06, 0x00, 0x00, 0x00,
    0x5b, 0x01, 0x1d, 0x00, 0x70, 0x10, 0x9e, 0x02, 0x00, 0x00, 0x0e, 0x00,
    0x02, 0x00, 0x02, 0x00, 0x01, 0x00, 0x00, 0x00, 0xd8, 0xd9, 0x00, 0x00,
    0x06, 0x00, 0x00, 0x00, 0x54, 0x01, 0x1d, 0x00, 0x72, 0x10, 0xa0, 0x02,
    0x01, 0x00, 0x0e, 0x00, 0x06, 0x00, 0x06, 0x00, 0x01, 0x00, 0x00, 0x00,
    0xde, 0xd9, 0x00, 0x00, 0x0e, 0x00, 0x00, 0x00, 0x59, 0x01, 0x22, 0x00,
    0x5b, 0x02, 0x1e, 0x00, 0x5b, 0x03, 0x21, 0x00, 0x5b, 0x04, 0x1f, 0x00,
    0x5b, 0x05, 0x20, 0x00, 0x70, 0x10, 0x9e, 0x02, 0x00, 0x00, 0x0e, 0x00,
    0x06, 0x00, 0x01, 0x00, 0x05, 0x00, 0x00, 0x00, 0xe8, 0xd9, 0x00, 0x00,
    0x14, 0x00, 0x00, 0x00, 0x71, 0x00, 0x8f, 0x01, 0x00, 0x00, 0x0a, 0x00,
    0x52, 0x51, 0x22, 0x00, 0x33, 0x10, 0x0d, 0x00, 0x54, 0x50, 0x1e, 0x00,
    0x54, 0x52, 0x21, 0x00, 0x54, 0x53, 0x1f, 0x00, 0x54, 0x54, 0x20, 0x00,
    0x71, 0x51, 0x8c, 0x01, 0x20, 0x43, 0x0e, 0x00, 0x05, 0x00, 0x05, 0x00,
    0x01, 0x00, 0x00, 0x00, 0xed, 0xd9, 0x00, 0x00, 0x0c, 0x00, 0x00, 0x00,
    0x59, 0x01, 0x25, 0x00, 0x5b, 0x02, 0x23, 0x00, 0x5b, 0x03, 0x24, 0x00,
    0x5b, 0x04, 0x26, 0x00, 0x70, 0x10, 0x9e, 0x02, 0x00, 0x00, 0x0e, 0x00,
    0x05, 0x00, 0x01, 0x00, 0x04, 0x00, 0x00, 0x00, 0xf6, 0xd9, 0x00, 0x00,
    0x12, 0x00, 0x00, 0x00, 0x71, 0x00, 0x8f, 0x01, 0x00, 0x00, 0x0a, 0x00,
    0x52, 0x41, 0x25, 0x00, 0x33, 0x10, 0x0b, 0x00, 0x54, 0x40, 0x23, 0x00,
    0x54, 0x42, 0x24, 0x00, 0x54, 0x43, 0x26, 0x00, 0x71, 0x40, 0x90, 0x01,
    0x20, 0x13, 0x0e, 0x00, 0x05, 0x00, 0x05, 0x00, 0x01, 0x00, 0x00, 0x00,
    0xfb, 0xd9, 0x00, 0x00, 0x0c, 0x00, 0x00, 0x00, 0x59, 0x01, 0x29, 0x00,
    0x5b, 0x02, 0x27, 0x00, 0x5b, 0x03, 0x28, 0x00, 0x5b, 0x04, 0x2a, 0x00,
    0x70, 0x10, 0x9e, 0x02, 0x00, 0x00, 0x0e, 0x00, 0x05, 0x00, 0x01, 0x00,
    0x04, 0x00, 0x00, 0x00, 0x04, 0xda, 0x00, 0x00, 0x12, 0x00, 0x00, 0x00,
    0x71, 0x00, 0x8f, 0x01, 0x00, 0x00, 0x0a, 0x00, 0x52, 0x41, 0x29, 0x00,
    0x33, 0x10, 0x0b, 0x00, 0x54, 0x40, 0x27, 0x00, 0x54, 0x42, 0x28, 0x00,
    0x54, 0x43, 0x2a, 0x00, 0x71, 0x40, 0x90, 0x01, 0x20, 0x13, 0x0e, 0x00,
    0x03, 0x00, 0x03, 0x00, 0x01, 0x00, 0x00, 0x00, 0x09, 0xda, 0x00, 0x00,
    0x08, 0x00, 0x00, 0x00, 0x5b, 0x01, 0x2b, 0x00, 0x5b, 0x02, 0x2c, 0x00,
    0x70, 0x10, 0x9e, 0x02, 0x00, 0x00, 0x0e, 0x00, 0x06, 0x00, 0x01, 0x00,
    0x05, 0x00, 0x00, 0x00, 0x10, 0xda, 0x00, 0x00, 0x23, 0x00, 0x00, 0x00,
    0x71, 0x00, 0x8f, 0x01, 0x00, 0x00, 0x0a, 0x00, 0x54, 0x51, 0x2b, 0x00,
    0x52, 0x11, 0x31, 0x00, 0x33, 0x10, 0x1a, 0x00, 0x54, 0x50, 0x2b, 0x00,
    0x54, 0x00, 0x2d, 0x00, 0x54, 0x51, 0x2b, 0x00, 0x54, 0x11, 0x2f, 0x00,
    0x54, 0x52, 0x2b, 0x00, 0x54, 0x22, 0x30, 0x00, 0x54, 0x53, 0x2c, 0x00,
    0x12, 0x04, 0x46, 0x03, 0x03, 0x04, 0x54, 0x54, 0x2b, 0x00, 0x54, 0x44,
    0x2e, 0x00, 0x71, 0x54, 0x91, 0x01, 0x10, 0x32, 0x0e, 0x00, 0x00, 0x00,
    0x06, 0x00, 0x06, 0x00, 0x01, 0x00, 0x00, 0x00, 0x15, 0xda, 0x00, 0x00,
    0x0e, 0x00, 0x00, 0x00, 0x59, 0x01, 0x31, 0x00, 0x5b, 0x02, 0x2d, 0x00,
    0x5b, 0x03, 0x2f, 0x00, 0x5b, 0x04, 0x30, 0x00, 0x5b, 0x05, 0x2e, 0x00,
    0x70, 0x10, 0x9e, 0x02, 0x00, 0x00, 0x0e, 0x00, 0x06, 0x00, 0x02, 0x00,
    0x05, 0x00, 0x00, 0x00, 0x1f, 0xda, 0x00, 0x00, 0x1c, 0x00, 0x00, 0x00,
    0x12, 0x15, 0x23, 0x55, 0xc8, 0x00, 0x12, 0x00, 0x12, 0x01, 0x4d, 0x00,
    0x05, 0x01, 0x22, 0x00, 0x55, 0x00, 0x70, 0x30, 0x0d, 0x01, 0x40, 0x05,
    0x4d, 0x00, 0x05, 0x01, 0x54, 0x40, 0x2d, 0x00, 0x54, 0x42, 0x2f, 0x00,
    0x54, 0x43, 0x30, 0x00, 0x46, 0x05, 0x05, 0x01, 0x54, 0x41, 0x2e, 0x00,
    0x71, 0x51, 0x91, 0x01, 0x20, 0x53, 0x0e, 0x00, 0x02, 0x00, 0x02, 0x00,
    0x01, 0x00, 0x00, 0x00, 0x27, 0xda, 0x00, 0x00, 0x06, 0x00, 0x00, 0x00,
    0x5b, 0x01, 0x32, 0x00, 0x70, 0x10, 0x9e, 0x02, 0x00, 0x00, 0x0e, 0x00,
    0x03, 0x00, 0x03, 0x00, 0x02, 0x00, 0x00, 0x00, 0x2d, 0xda, 0x00, 0x00,
    0x06, 0x00, 0x00, 0x00, 0x54, 0x01, 0x32, 0x00, 0x71, 0x20, 0xc2, 0x01,
    0x21, 0x00, 0x0e, 0x00, 0x05, 0x00, 0x05, 0x00, 0x01, 0x00, 0x00, 0x00,
    0x34, 0xda, 0x00, 0x00, 0x0c, 0x00, 0x00, 0x00, 0x5b, 0x01, 0x33, 0x00,
    0x5b, 0x02, 0x34, 0x00, 0x5b, 0x03, 0x35, 0x00, 0x5b, 0x04, 0x36, 0x00,
    0x70, 0x10, 0x9e, 0x02, 0x00, 0x00, 0x0e, 0x00, 0x05, 0x00, 0x01, 0x00,
    0x02, 0x00, 0x00, 0x00, 0x3d, 0xda, 0x00, 0x00, 0x1b, 0x00, 0x00, 0x00,
    0x54, 0x40, 0x33, 0x00, 0x54, 0x41, 0x34, 0x00, 0x6e, 0x10, 0x62, 0x01,
    0x01, 0x00, 0x0a, 0x01, 0x12, 0x02, 0x4b, 0x01, 0x00, 0x02, 0x54, 0x40,
    0x35, 0x00, 0x54, 0x41, 0x36, 0x00, 0x54, 0x43, 0x33, 0x00, 0x44, 0x02,
    0x03, 0x02, 0x71, 0x20, 0x92, 0x01, 0x21, 0x00, 0x0c, 0x01, 0x6e, 0x20,
    0xf7, 0x00, 0x10, 0x00, 0x0e, 0x00, 0x00, 0x00, 0x06, 0x00, 0x04, 0x00,
    0x05, 0x00, 0x00, 0x00, 0x43, 0xda, 0x00, 0x00, 0x0f, 0x00, 0x00, 0x00,
    0x54, 0x25, 0x37, 0x00, 0x54, 0x20, 0x39, 0x00, 0x6e, 0x20, 0x6b, 0x01,
    0x30, 0x00, 0x0a, 0x03, 0x54, 0x21, 0x38, 0x00, 0x71, 0x54, 0x93, 0x01,
    0x05, 0x13, 0x0c, 0x03, 0x11, 0x03, 0x00, 0x00, 0x02, 0x00, 0x01, 0x00,
    0x01, 0x00, 0x00, 0x00, 0x4b, 0xda, 0x00, 0x00, 0x07, 0x00, 0x00, 0x00,
    0x54, 0x10, 0x39, 0x00, 0x6e, 0x10, 0x69, 0x01, 0x00, 0x00, 0x0a, 0x00,
    0x0f, 0x00, 0x00, 0x00, 0x02, 0x00, 0x02, 0x00, 0x00, 0x00, 0x00, 0x00,
    0x00, 0x00, 0x00, 0x00, 0x02, 0x00, 0x00, 0x00, 0x12, 0x01, 0x11, 0x01,
    0x04, 0x00, 0x02, 0x00, 0x00, 0x00, 0x00, 0x00, 0x00, 0x00, 0x00, 0x00,
    0x02, 0x00, 0x00, 0x00, 0x81, 0x30, 0x10, 0x00, 0x04, 0x00, 0x04, 0x00,
    0x01, 0x00, 0x00, 0x00, 0x50, 0xda, 0x00, 0x00, 0x0a, 0x00, 0x00, 0x00,
    0x5b, 0x01, 0x39, 0x00, 0x5b, 0x02, 0x37, 0x00, 0x5b, 0x03, 0x38, 0x00,
    0x70, 0x10, 0x8b, 0x00, 0x00, 0x00, 0x0e, 0x00, 0x03, 0x00, 0x03, 0x00,
    0x01, 0x00, 0x00, 0x00, 0x58, 0xda, 0x00, 0x00, 0x08, 0x00, 0x00, 0x00,
    0x5b, 0x01, 0x3a, 0x00, 0x5b, 0x02, 0x3b, 0x00, 0x70, 0x10, 0x9e, 0x02,
    0x00, 0x00, 0x0e, 0x00, 0x04, 0x00, 0x01, 0x00, 0x02, 0x00, 0x00, 0x00,
    0x5f, 0xda, 0x00, 0x00, 0x59, 0x00, 0x00, 0x00, 0x54, 0x30, 0x3a, 0x00,
    0x54, 0x00, 0x40, 0x00, 0x54, 0x31, 0x3b, 0x00, 0x6e, 0x20, 0x66, 0x01,
    0x10, 0x00, 0x54, 0x30, 0x3a, 0x00, 0x54, 0x00, 0x3d, 0x00, 0x54, 0x31,
    0x3a, 0x00, 0x54, 0x11, 0x40, 0x00, 0x54, 0x11, 0x8f, 0x00, 0x39, 0x01,
    0x0f, 0x00, 0x54, 0x31, 0x3a, 0x00, 0x54, 0x11, 0x40, 0x00, 0x6e, 0x10,
    0x78, 0x01, 0x01, 0x00, 0x0a, 0x01, 0x71, 0x10, 0xaa, 0x02, 0x01, 0x00,
    0x0c, 0x01, 0x28, 0x25, 0x22, 0x01, 0xab, 0x00, 0x70, 0x10, 0xab, 0x02,
    0x01, 0x00, 0x54, 0x32, 0x3a, 0x00, 0x54, 0x22, 0x40, 0x00, 0x6e, 0x10,
    0x69, 0x01, 0x02, 0x00, 0x0a, 0x02, 0x6e, 0x20, 0xaf, 0x02, 0x21, 0x00,
    0x1a, 0x02, 0x07, 0x00, 0x6e, 0x20, 0xb2, 0x02, 0x21, 0x00, 0x54, 0x32,
    0x3a, 0x00, 0x54, 0x22, 0x40, 0x00, 0x6e, 0x10, 0x78, 0x01, 0x02, 0x00,
    0x0a, 0x02, 0x6e, 0x20, 0xaf, 0x02, 0x21, 0x00, 0x6e, 0x10, 0xb4, 0x02,
    0x01, 0x00, 0x0c, 0x01, 0x6e, 0x20, 0xf7, 0x00, 0x10, 0x00, 0x54, 0x30,
    0x3a, 0x00, 0x54, 0x00, 0x3c, 0x00, 0x6e, 0x10, 0x8c, 0x00, 0x00, 0x00,
    0x54, 0x30, 0x3a, 0x00, 0x54, 0x00, 0x3e, 0x00, 0x12, 0x01, 0x6e, 0x20,
    0xde, 0x00, 0x10, 0x00, 0x0e, 0x00, 0x00, 0x00, 0x06, 0x00, 0x06, 0x00,
    0x01, 0x00, 0x00, 0x00, 0x6d, 0xda, 0x00, 0x00, 0x0e, 0x00, 0x00, 0x00,
    0x5b, 0x01, 0x3f, 0x00, 0x5b, 0x02, 0x3e, 0x00, 0x5b, 0x03, 0x40, 0x00,
    0x5b, 0x04, 0x3d, 0x00, 0x5b, 0x05, 0x3c, 0x00, 0x70, 0x10, 0x9e, 0x02,
    0x00, 0x00, 0x0e, 0x00, 0x02, 0x00, 0x02, 0x00, 0x00, 0x00, 0x00, 0x00,
    0x00, 0x00, 0x00, 0x00, 0x01, 0x00, 0x00, 0x00, 0x0e, 0x00, 0x00, 0x00,
    0x05, 0x00, 0x05, 0x00, 0x00, 0x00, 0x00, 0x00, 0x00, 0x00, 0x00, 0x00,
    0x01, 0x00, 0x00, 0x00, 0x0e, 0x00, 0x00, 0x00, 0x05, 0x00, 0x05, 0x00,
    0x04, 0x00, 0x00, 0x00, 0x77, 0xda, 0x00, 0x00, 0x25, 0x00, 0x00, 0x00,
    0x54, 0x02, 0x3f, 0x00, 0x12, 0x03, 0x46, 0x02, 0x02, 0x03, 0x38, 0x02,
    0x07, 0x00, 0x54, 0x04, 0x3e, 0x00, 0x6e, 0x20, 0xd9, 0x00, 0x24, 0x00,
    0x72, 0x10, 0x93, 0x02, 0x01, 0x00, 0x0c, 0x01, 0x54, 0x02, 0x3f, 0x00,
    0x22, 0x04, 0x5a, 0x00, 0x70, 0x30, 0x1a, 0x01, 0x04, 0x01, 0x4d, 0x04,
    0x02, 0x03, 0x54, 0x01, 0x3e, 0x00, 0x54, 0x02, 0x3f, 0x00, 0x46, 0x02,
    0x02, 0x03, 0x16, 0x03, 0x96, 0x00, 0x6e, 0x40, 0xd8, 0x00, 0x21, 0x43,
    0x0e, 0x00, 0x00, 0x00, 0x02, 0x00, 0x02, 0x00, 0x01, 0x00, 0x00, 0x00,
    0x83, 0xda, 0x00, 0x00, 0x06, 0x00, 0x00, 0x00, 0x5b, 0x01, 0x41, 0x00,
    0x70, 0x10, 0x9e, 0x02, 0x00, 0x00, 0x0e, 0x00, 0x04, 0x00, 0x01, 0x00,
    0x03, 0x00, 0x00, 0x00, 0x89, 0xda, 0x00, 0x00, 0x14, 0x00, 0x00, 0x00,
    0x13, 0x00, 0x0a, 0x00, 0x71, 0x10, 0x4f, 0x00, 0x00, 0x00, 0x71, 0x00,
    0x83, 0x01, 0x00, 0x00, 0x0c, 0x00, 0x54, 0x31, 0x41, 0x00, 0x22, 0x02,
    0x4e, 0x00, 0x70, 0x30, 0xff, 0x00, 0x32, 0x00, 0x6e, 0x20, 0x11, 0x00,
    0x21, 0x00, 0x0e, 0x00, 0x04, 0x00, 0x04, 0x00, 0x01, 0x00, 0x00, 0x00,
    0x90, 0xda, 0x00, 0x00, 0x0a, 0x00, 0x00, 0x00, 0x5b, 0x01, 0x43, 0x00,
    0x5b, 0x02, 0x44, 0x00, 0x59, 0x03, 0x42, 0x00, 0x70, 0x10, 0x9e, 0x02,
    0x00, 0x00, 0x0e, 0x00, 0x03, 0x00, 0x02, 0x00, 0x02, 0x00, 0x00, 0x00,
    0x98, 0xda, 0x00, 0x00, 0x2d, 0x00, 0x00, 0x00, 0x54, 0x12, 0x43, 0x00,
    0x12, 0x00, 0x44, 0x02, 0x02, 0x00, 0x12, 0x10, 0x35, 0x02, 0x03, 0x00,
    0x01, 0x02, 0x54, 0x10, 0x44, 0x00, 0x6e, 0x10, 0x67, 0x01, 0x00, 0x00,
    0x0a, 0x00, 0x38, 0x00, 0x0a, 0x00, 0x52, 0x10, 0x42, 0x00, 0xda, 0x02,
    0x02, 0x3c, 0x71, 0x20, 0xd4, 0x01, 0x20, 0x00, 0x0e, 0x00, 0x54, 0x10,
    0x44, 0x00, 0x6e, 0x10, 0x72, 0x01, 0x00, 0x00, 0x0a, 0x00, 0x38, 0x00,
    0x08, 0x00, 0x52, 0x10, 0x42, 0x00, 0x71, 0x20, 0xd6, 0x01, 0x20, 0x00,
    0x0e, 0x00, 0x52, 0x10, 0x42, 0x00, 0x71, 0x20, 0xd5, 0x01, 0x20, 0x00,
    0x0e, 0x00, 0x00, 0x00, 0x04, 0x00, 0x04, 0x00, 0x01, 0x00, 0x00, 0x00,
    0xa3, 0xda, 0x00, 0x00, 0x0a, 0x00, 0x00, 0x00, 0x5b, 0x01, 0x45, 0x00,
    0x5b, 0x02, 0x47, 0x00, 0x5b, 0x03, 0x46, 0x00, 0x70, 0x10, 0x9e, 0x02,
    0x00, 0x00, 0x0e, 0x00, 0x05, 0x00, 0x02, 0x00, 0x03, 0x00, 0x00, 0x00,
    0xab, 0xda, 0x00, 0x00, 0x32, 0x00, 0x00, 0x00, 0x12, 0x04, 0x01, 0x40,
    0x71, 0x00, 0x94, 0x01, 0x00, 0x00, 0x0c, 0x01, 0x21, 0x11, 0x35, 0x10,
    0x20, 0x00, 0x71, 0x00, 0x94, 0x01, 0x00, 0x00, 0x0c, 0x01, 0x44, 0x01,
    0x01, 0x00, 0x39, 0x01, 0x03, 0x00, 0x28, 0x13, 0x71, 0x00, 0x94, 0x01,
    0x00, 0x00, 0x0c, 0x01, 0x4b, 0x04, 0x01, 0x00, 0x71, 0x20, 0xda, 0x01,
    0x40, 0x00, 0x54, 0x31, 0x45, 0x00, 0x54, 0x32, 0x47, 0x00, 0x46, 0x02,
    0x02, 0x00, 0x71, 0x30, 0x95, 0x01, 0x21, 0x00, 0xd8, 0x00, 0x00, 0x01,
    0x28, 0xdc, 0x54, 0x34, 0x45, 0x00, 0x71, 0x10, 0x96, 0x01, 0x04, 0x00,
    0x54, 0x34, 0x46, 0x00, 0x71, 0x10, 0x98, 0x01, 0x04, 0x00, 0x0e, 0x00,
    0x05, 0x00, 0x05, 0x00, 0x01, 0x00, 0x00, 0x00, 0xb7, 0xda, 0x00, 0x00,
    0x0c, 0x00, 0x00, 0x00, 0x59, 0x01, 0x4b, 0x00, 0x5b, 0x02, 0x48, 0x00,
    0x5b, 0x03, 0x4a, 0x00, 0x5b, 0x04, 0x49, 0x00, 0x70, 0x10, 0x9e, 0x02,
    0x00, 0x00, 0x0e, 0x00, 0x07, 0x00, 0x02, 0x00, 0x03, 0x00, 0x00, 0x00,
    0xc0, 0xda, 0x00, 0x00, 0x6c, 0x00, 0x00, 0x00, 0x52, 0x56, 0x4b, 0x00,
    0x71, 0x10, 0x99, 0x01, 0x06, 0x00, 0x0a, 0x06, 0x12, 0x10, 0x38, 0x06,
    0x11, 0x00, 0x52, 0x56, 0x4b, 0x00, 0x71, 0x20, 0xda, 0x01, 0x06, 0x00,
    0x54, 0x56, 0x48, 0x00, 0x54, 0x50, 0x4a, 0x00, 0x52, 0x51, 0x4b, 0x00,
    0x71, 0x30, 0x9a, 0x01, 0x06, 0x01, 0x0e, 0x00, 0x52, 0x56, 0x4b, 0x00,
    0x71, 0x10, 0x9b, 0x01, 0x06, 0x00, 0x0a, 0x06, 0x38, 0x06, 0x13, 0x00,
    0x54, 0x56, 0x48, 0x00, 0x52, 0x50, 0x4b, 0x00, 0x71, 0x20, 0x9c, 0x01,
    0x06, 0x00, 0x54, 0x56, 0x48, 0x00, 0x54, 0x50, 0x4a, 0x00, 0x52, 0x51,
    0x4b, 0x00, 0x71, 0x30, 0x95, 0x01, 0x06, 0x01, 0x0e, 0x00, 0x71, 0x00,
    0x94, 0x01, 0x00, 0x00, 0x0c, 0x06, 0x52, 0x51, 0x4b, 0x00, 0x71, 0x00,
    0x94, 0x01, 0x00, 0x00, 0x0c, 0x02, 0x52, 0x53, 0x4b, 0x00, 0x44, 0x02,
    0x02, 0x03, 0xb0, 0x02, 0x71, 0x00, 0x9d, 0x01, 0x00, 0x00, 0x0c, 0x03,
    0x52, 0x54, 0x4b, 0x00, 0x46, 0x03, 0x03, 0x04, 0x21, 0x33, 0xb0, 0x03,
    0xb4, 0x32, 0x4b, 0x02, 0x06, 0x01, 0x71, 0x00, 0x94, 0x01, 0x00, 0x00,
    0x0c, 0x06, 0x52, 0x50, 0x4b, 0x00, 0x44, 0x06, 0x06, 0x00, 0x71, 0x20,
    0xda, 0x01, 0x64, 0x00, 0x54, 0x56, 0x48, 0x00, 0x54, 0x50, 0x4a, 0x00,
    0x52, 0x51, 0x4b, 0x00, 0x71, 0x30, 0x95, 0x01, 0x06, 0x01, 0x54, 0x56,
    0x48, 0x00, 0x71, 0x10, 0x96, 0x01, 0x06, 0x00, 0x54, 0x56, 0x49, 0x00,
    0x71, 0x10, 0x98, 0x01, 0x06, 0x00, 0x0e, 0x00, 0x04, 0x00, 0x04, 0x00,
    0x01, 0x00, 0x00, 0x00, 0xd2, 0xda, 0x00, 0x00, 0x0a, 0x00, 0x00, 0x00,
    0x5b, 0x01, 0x4c, 0x00, 0x5b, 0x02, 0x4d, 0x00, 0x59, 0x03, 0x4e, 0x00,
    0x70, 0x10, 0x9e, 0x02, 0x00, 0x00, 0x0e, 0x00, 0x04, 0x00, 0x01, 0x00,
    0x03, 0x00, 0x00, 0x00, 0xda, 0xda, 0x00, 0x00, 0x0a, 0x00, 0x00, 0x00,
    0x54, 0x30, 0x4c, 0x00, 0x54, 0x31, 0x4d, 0x00, 0x52, 0x32, 0x4e, 0x00,
    0x71, 0x30, 0x95, 0x01, 0x10, 0x02, 0x0e, 0x00, 0x03, 0x00, 0x03, 0x00,
    0x01, 0x00, 0x00, 0x00, 0xdf, 0xda, 0x00, 0x00, 0x08, 0x00, 0x00, 0x00,
    0x5b, 0x01, 0x4f, 0x00, 0x5b, 0x02, 0x50, 0x00, 0x70, 0x10, 0x9e, 0x02,
    0x00, 0x00, 0x0e, 0x00, 0x03, 0x00, 0x01, 0x00, 0x02, 0x00, 0x01, 0x00,
    0xe6, 0xda, 0x00, 0x00, 0x08, 0x00, 0x00, 0x00, 0x54, 0x20, 0x4f, 0x00,
    0x54, 0x21, 0x50, 0x00, 0x71, 0x20, 0x9e, 0x01, 0x10, 0x00, 0x0e, 0x00,
    0x00, 0x00, 0x00, 0x00, 0x07, 0x00, 0x01, 0x00, 0x01, 0x00, 0x07, 0x00,
    0x03, 0x00, 0x03, 0x00, 0x01, 0x00, 0x00, 0x00, 0xeb, 0xda, 0x00, 0x00,
    0x08, 0x00, 0x00, 0x00, 0x5b, 0x01, 0x51, 0x00, 0x5b, 0x02, 0x52, 0x00,
    0x70, 0x10, 0x9e, 0x02, 0x00, 0x00, 0x0e, 0x00, 0x04, 0x00, 0x02, 0x00,
    0x03, 0x00, 0x00, 0x00, 0xf2, 0xda, 0x00, 0x00, 0x24, 0x00, 0x00, 0x00,
    0x54, 0x23, 0x51, 0x00, 0x1a, 0x00, 0x16, 0x03, 0x6e, 0x20, 0x0c, 0x00,
    0x03, 0x00, 0x0c, 0x03, 0x1f, 0x03, 0x0c, 0x00, 0x38, 0x03, 0x0d, 0x00,
    0x1a, 0x00, 0x02, 0x03, 0x54, 0x21, 0x52, 0x00, 0x71, 0x20, 0x1b, 0x00,
    0x10, 0x00, 0x0c, 0x00, 0x6e, 0x20, 0x1c, 0x00, 0x03, 0x00, 0x54, 0x23,
    0x51, 0x00, 0x1a, 0x00, 0xc0, 0x01, 0x12, 0x01, 0x71, 0x30, 0xfd, 0x00,
    0x03, 0x01, 0x0c, 0x03, 0x6e, 0x10, 0xfe, 0x00, 0x03, 0x00, 0x0e, 0x00,
    0x03, 0x00, 0x02, 0x00, 0x01, 0x00, 0x00, 0x00, 0xfb, 0xda, 0x00, 0x00,
    0x0c, 0x00, 0x00, 0x00, 0x6e, 0x10, 0x30, 0x01, 0x01, 0x00, 0x0a, 0x02,
    0x13, 0x00, 0xc0, 0x00, 0x37, 0x02, 0x04, 0x00, 0x12, 0x12, 0x0f, 0x02,
    0x12, 0x02, 0x0f, 0x02, 0x04, 0x00, 0x04, 0x00, 0x04, 0x00, 0x00, 0x00,
    0x01, 0xdb, 0x00, 0x00, 0x04, 0x00, 0x00, 0x00, 0x70, 0x40, 0xd1, 0x02,
    0x10, 0x32, 0x0e, 0x00, 0x04, 0x00, 0x04, 0x00, 0x01, 0x00, 0x00, 0x00,
    0x09, 0xdb, 0x00, 0x00, 0x0a, 0x00, 0x00, 0x00, 0x5b, 0x01, 0x53, 0x00,
    0x5b, 0x02, 0x55, 0x00, 0x5b, 0x03, 0x54, 0x00, 0x70, 0x10, 0x9e, 0x02,
    0x00, 0x00, 0x0e, 0x00, 0x04, 0x00, 0x01, 0x00, 0x03, 0x00, 0x00, 0x00,
    0x11, 0xdb, 0x00, 0x00, 0x0c, 0x00, 0x00, 0x00, 0x54, 0x30, 0x53, 0x00,
    0x54, 0x00, 0x56, 0x00, 0x54, 0x31, 0x55, 0x00, 0x54, 0x32, 0x54, 0x00,
    0x71, 0x30, 0x85, 0x01, 0x10, 0x02, 0x0e, 0x00, 0x02, 0x00, 0x02, 0x00,
    0x01, 0x00, 0x00, 0x00, 0x16, 0xdb, 0x00, 0x00, 0x06, 0x00, 0x00, 0x00,
    0x5b, 0x01, 0x56, 0x00, 0x70, 0x10, 0x9e, 0x02, 0x00, 0x00, 0x0e, 0x00,
    0x05, 0x00, 0x01, 0x00, 0x04, 0x00, 0x01, 0x00, 0x1c, 0xdb, 0x00, 0x00,
    0x21, 0x00, 0x00, 0x00, 0x13, 0x00, 0x0a, 0x00, 0x71, 0x10, 0x4f, 0x00,
    0x00, 0x00, 0x71, 0x00, 0xa2, 0x01, 0x00, 0x00, 0x0c, 0x00, 0x6e, 0x10,
    0xdb, 0x02, 0x00, 0x00, 0x0c, 0x00, 0x1f, 0x00, 0xaa, 0x00, 0x54, 0x41,
    0x56, 0x00, 0x71, 0x20, 0xa3, 0x01, 0x01, 0x00, 0x0c, 0x01, 0x54, 0x42,
    0x56, 0x00, 0x22, 0x03, 0x64, 0x00, 0x70, 0x40, 0x31, 0x01, 0x43, 0x10,
    0x6e, 0x20, 0x11, 0x00, 0x32, 0x00, 0x28, 0xe6, 0x0e, 0x00, 0x00, 0x00,
    0x05, 0x00, 0x00, 0x00, 0x0a, 0x00, 0x01, 0x00, 0x01, 0x01, 0xa5, 0x01,
    0x20, 0x00, 0x00, 0x00, 0x02, 0x00, 0x02, 0x00, 0x01, 0x00, 0x00, 0x00,
    0x24, 0xdb, 0x00, 0x00, 0x06, 0x00, 0x00, 0x00, 0x5b, 0x01, 0x57, 0x00,
    0x70, 0x10, 0x9e, 0x02, 0x00, 0x00, 0x0e, 0x00, 0x02, 0x00, 0x01, 0x00,
    0x01, 0x00, 0x01, 0x00, 0x2a, 0xdb, 0x00, 0x00, 0x06, 0x00, 0x00, 0x00,
    0x54, 0x10, 0x57, 0x00, 0x71, 0x10, 0x87, 0x01, 0x00, 0x00, 0x0e, 0x00,
    0x00, 0x00, 0x00, 0x00, 0x05, 0x00, 0x01, 0x00, 0x01, 0x00, 0x05, 0x00,
    0x04, 0x00, 0x04, 0x00, 0x01, 0x00, 0x00, 0x00, 0x2f, 0xdb, 0x00, 0x00,
    0x0a, 0x00, 0x00, 0x00, 0x5b, 0x01, 0x58, 0x00, 0x5b, 0x02, 0x59, 0x00,
    0x5b, 0x03, 0x5a, 0x00, 0x70, 0x10, 0x9e, 0x02, 0x00, 0x00, 0x0e, 0x00,
    0x05, 0x00, 0x01, 0x00, 0x04, 0x00, 0x01, 0x00, 0x37, 0xdb, 0x00, 0x00,
    0x46, 0x00, 0x00, 0x00, 0x54, 0x40, 0x58, 0x00, 0x6e, 0x10, 0x0f, 0x00,
    0x00, 0x00, 0x0a, 0x00, 0x39, 0x00, 0x3f, 0x00, 0x54, 0x40, 0x58, 0x00,
    0x6e, 0x10, 0x0e, 0x00, 0x00, 0x00, 0x0a, 0x00, 0x38, 0x00, 0x03, 0x00,
    0x28, 0x35, 0x71, 0x00, 0xc8, 0x01, 0x00, 0x00, 0x0a, 0x00, 0x28, 0x02,
    0x12, 0x10, 0x13, 0x01, 0x08, 0x00, 0x38, 0x00, 0x04, 0x00, 0x12, 0x02,
    0x28, 0x02, 0x01, 0x12, 0x54, 0x43, 0x59, 0x00, 0x6e, 0x10, 0x73, 0x00,
    0x03, 0x00, 0x0a, 0x03, 0x32, 0x23, 0x07, 0x00, 0x54, 0x43, 0x59, 0x00,
    0x6e, 0x20, 0x7d, 0x00, 0x23, 0x00, 0x39, 0x00, 0x13, 0x00, 0x62, 0x00,
    0xf7, 0x00, 0x38, 0x00, 0x0f, 0x00, 0x62, 0x00, 0xf7, 0x00, 0x6e, 0x10,
    0x73, 0x00, 0x00, 0x00, 0x0a, 0x00, 0x39, 0x00, 0x07, 0x00, 0x62, 0x00,
    0xf7, 0x00, 0x6e, 0x20, 0x7d, 0x00, 0x10, 0x00, 0x54, 0x40, 0x5a, 0x00,
    0x16, 0x01, 0x90, 0x01, 0x6e, 0x40, 0x4a, 0x00, 0x40, 0x21, 0x0e, 0x00,
    0x11, 0x00, 0x00, 0x00, 0x04, 0x00, 0x01, 0x00, 0x01, 0x00, 0x16, 0x00,
    0x02, 0x00, 0x02, 0x00, 0x01, 0x00, 0x00, 0x00, 0x43, 0xdb, 0x00, 0x00,
    0x06, 0x00, 0x00, 0x00, 0x5b, 0x01, 0x5b, 0x00, 0x70, 0x10, 0x9e, 0x02,
    0x00, 0x00, 0x0e, 0x00, 0x03, 0x00, 0x02, 0x00, 0x02, 0x00, 0x00, 0x00,
    0x49, 0xdb, 0x00, 0x00, 0x06, 0x00, 0x00, 0x00, 0x54, 0x10, 0x5b, 0x00,
    0x71, 0x20, 0x8b, 0x01, 0x20, 0x00, 0x0e, 0x00, 0x01, 0x00, 0x01, 0x00,
    0x01, 0x00, 0x00, 0x00, 0x4f, 0xdb, 0x00, 0x00, 0x04, 0x00, 0x00, 0x00,
    0x70, 0x10, 0x9e, 0x02, 0x00, 0x00, 0x0e, 0x00, 0x02, 0x00, 0x02, 0x00,
    0x00, 0x00, 0x00, 0x00, 0x00, 0x00, 0x00, 0x00, 0x01, 0x00, 0x00, 0x00,
    0x0e, 0x00, 0x00, 0x00, 0x06, 0x00, 0x06, 0x00, 0x01, 0x00, 0x00, 0x00,
    0x54, 0xdb, 0x00, 0x00, 0x0e, 0x00, 0x00, 0x00, 0x5b, 0x01, 0x5c, 0x00,
    0x5b, 0x02, 0x5f, 0x00, 0x5b, 0x03, 0x5d, 0x00, 0x5b, 0x04, 0x5e, 0x00,
    0x59, 0x05, 0x60, 0x00, 0x70, 0x10, 0x9e, 0x02, 0x00, 0x00, 0x0e, 0x00,
    0x06, 0x00, 0x02, 0x00, 0x05, 0x00, 0x00, 0x00, 0x5e, 0xdb, 0x00, 0x00,
    0x0e, 0x00, 0x00, 0x00, 0x54, 0x45, 0x5c, 0x00, 0x54, 0x40, 0x5f, 0x00,
    0x54, 0x41, 0x5d, 0x00, 0x54, 0x42, 0x5e, 0x00, 0x52, 0x43, 0x60, 0x00,
    0x71, 0x53, 0x8c, 0x01, 0x05, 0x21, 0x0e, 0x00, 0x01, 0x00, 0x01, 0x00,
    0x01, 0x00, 0x00, 0x00, 0x64, 0xdb, 0x00, 0x00, 0x04, 0x00, 0x00, 0x00,
    0x70, 0x10, 0x9e, 0x02, 0x00, 0x00, 0x0e, 0x00, 0x03, 0x00, 0x02, 0x00,
    0x02, 0x00, 0x00, 0x00, 0x69, 0xdb, 0x00, 0x00, 0x0c, 0x00, 0x00, 0x00,
    0x62, 0x02, 0xf7, 0x00, 0x38, 0x02, 0x09, 0x00, 0x62, 0x02, 0xf7, 0x00,
    0x13, 0x00, 0x08, 0x00, 0x6e, 0x20, 0x7d, 0x00, 0x02, 0x00, 0x0e, 0x00,
    0x01, 0x00, 0x01, 0x00, 0x01, 0x00, 0x00, 0x00, 0x6f, 0xdb, 0x00, 0x00,
    0x04, 0x00, 0x00, 0x00, 0x70, 0x10, 0x9e, 0x02, 0x00, 0x00, 0x0e, 0x00,
    0x02, 0x00, 0x02, 0x00, 0x01, 0x00, 0x00, 0x00, 0x74, 0xdb, 0x00, 0x00,
    0x04, 0x00, 0x00, 0x00, 0x70, 0x10, 0x41, 0x01, 0x00, 0x00, 0x0e, 0x00,
    0x02, 0x00, 0x02, 0x00, 0x01, 0x00, 0x00, 0x00, 0x7a, 0xdb, 0x00, 0x00,
    0x06, 0x00, 0x00, 0x00, 0x5b, 0x01, 0x6f, 0x00, 0x70, 0x10, 0x9e, 0x02,
    0x00, 0x00, 0x0e, 0x00, 0x03, 0x00, 0x01, 0x00, 0x02, 0x00, 0x00, 0x00,
    0x80, 0xdb, 0x00, 0x00, 0x21, 0x00, 0x00, 0x00, 0x54, 0x20, 0x6f, 0x00,
    0x71, 0x10, 0x46, 0x01, 0x00, 0x00, 0x0a, 0x00, 0x39, 0x00, 0x1a, 0x00,
    0x63, 0x00, 0xf1, 0x00, 0x38, 0x00, 0x16, 0x00, 0x63, 0x00, 0xed, 0x00,
    0x39, 0x00, 0x03, 0x00, 0x28, 0x10, 0x54, 0x20, 0x6f, 0x00, 0x12, 0x11,
    0x71, 0x20, 0x47, 0x01, 0x10, 0x00, 0x54, 0x20, 0x6f, 0x00, 0x71, 0x10,
    0x48, 0x01, 0x00, 0x00, 0x0c, 0x00, 0x71, 0x10, 0x87, 0x02, 0x00, 0x00,
    0x0e, 0x00, 0x00, 0x00, 0x01, 0x00, 0x01, 0x00, 0x00, 0x00, 0x00, 0x00,
    0x89, 0xdb, 0x00, 0x00, 0x03, 0x00, 0x00, 0x00, 0x54, 0x00, 0x70, 0x00,
    0x11, 0x00, 0x00, 0x00, 0x01, 0x00, 0x01, 0x00, 0x00, 0x00, 0x00, 0x00,
    0x89, 0xdb, 0x00, 0x00, 0x03, 0x00, 0x00, 0x00, 0x55, 0x00, 0x71, 0x00,
    0x0f, 0x00, 0x00, 0x00, 0x02, 0x00, 0x02, 0x00, 0x00, 0x00, 0x00, 0x00,
    0x8f, 0xdb, 0x00, 0x00, 0x03, 0x00, 0x00, 0x00, 0x5c, 0x01, 0x72, 0x00,
    0x0f, 0x01, 0x00, 0x00, 0x0a, 0x00, 0x03, 0x00, 0x04, 0x00, 0x00, 0x00,
    0x96, 0xdb, 0x00, 0x00, 0xcd, 0x00, 0x00, 0x00, 0x6e, 0x10, 0x6f, 0x00,
    0x08, 0x00, 0x0c, 0x00, 0x1f, 0x00, 0x42, 0x00, 0x6e, 0x10, 0x69, 0x00,
    0x09, 0x00, 0x0a, 0x01, 0x12, 0x02, 0x12, 0x13, 0x38, 0x01, 0x9e, 0x00,
    0x32, 0x31, 0x78, 0x00, 0x12, 0x24, 0x32, 0x41, 0x15, 0x00, 0x12, 0x39,
    0x32, 0x91, 0x03, 0x00, 0x0f, 0x02, 0x54, 0x79, 0x73, 0x00, 0x6e, 0x20,
    0x79, 0x00, 0x98, 0x00, 0x55, 0x78, 0x71, 0x00, 0x38, 0x08, 0x07, 0x00,
    0x54, 0x78, 0x70, 0x00, 0x71, 0x20, 0x89, 0x01, 0x08, 0x00, 0x0f, 0x03,
    0x6e, 0x10, 0x6a, 0x00, 0x09, 0x00, 0x0a, 0x01, 0x52, 0x74, 0x77, 0x00,
    0xc7, 0x41, 0x6e, 0x10, 0x6b, 0x00, 0x09, 0x00, 0x0a, 0x09, 0x52, 0x74,
    0x78, 0x00, 0xc7, 0x49, 0x55, 0x74, 0x71, 0x00, 0x39, 0x04, 0x19, 0x00,
    0x71, 0x10, 0x97, 0x02, 0x01, 0x00, 0x0a, 0x04, 0x52, 0x75, 0x76, 0x00,
    0x82, 0x55, 0x2e, 0x04, 0x04, 0x05, 0x3b, 0x04, 0x0e, 0x00, 0x71, 0x10,
    0x97, 0x02, 0x09, 0x00, 0x0a, 0x04, 0x52, 0x75, 0x76, 0x00, 0x82, 0x55,
    0x2e, 0x04, 0x04, 0x05, 0x3b, 0x04, 0x03, 0x00, 0x0f, 0x03, 0x5c, 0x73,
    0x71, 0x00, 0x54, 0x74, 0x73, 0x00, 0x6e, 0x20, 0x79, 0x00, 0x48, 0x00,
    0x6e, 0x10, 0x70, 0x00, 0x08, 0x00, 0x0c, 0x04, 0x1f, 0x04, 0x34, 0x00,
    0x52, 0x75, 0x74, 0x00, 0x82, 0x55, 0xc6, 0x15, 0x6e, 0x10, 0x74, 0x00,
    0x04, 0x00, 0x0a, 0x01, 0x6e, 0x10, 0x74, 0x00, 0x08, 0x00, 0x0a, 0x06,
    0xb1, 0x61, 0x71, 0x30, 0x88, 0x01, 0x25, 0x01, 0x0a, 0x01, 0x59, 0x01,
    0x0e, 0x00, 0x52, 0x71, 0x75, 0x00, 0x82, 0x11, 0xc6, 0x91, 0x6e, 0x10,
    0x6e, 0x00, 0x04, 0x00, 0x0a, 0x09, 0x6e, 0x10, 0x6e, 0x00, 0x08, 0x00,
    0x0a, 0x04, 0xb1, 0x49, 0x71, 0x30, 0x88, 0x01, 0x21, 0x09, 0x0a, 0x09,
    0x59, 0x09, 0x10, 0x00, 0x6e, 0x20, 0x7b, 0x00, 0x08, 0x00, 0x0f, 0x03,
    0x54, 0x79, 0x73, 0x00, 0x6e, 0x20, 0x79, 0x00, 0x98, 0x00, 0x55, 0x78,
    0x72, 0x00, 0x38, 0x08, 0x03, 0x00, 0x0f, 0x03, 0x55, 0x78, 0x71, 0x00,
    0x38, 0x08, 0x08, 0x00, 0x54, 0x78, 0x70, 0x00, 0x71, 0x20, 0x89, 0x01,
    0x08, 0x00, 0x28, 0x10, 0x63, 0x08, 0xf1, 0x00, 0x38, 0x08, 0x08, 0x00,
    0x54, 0x78, 0x70, 0x00, 0x71, 0x10, 0x8a, 0x01, 0x08, 0x00, 0x28, 0x06,
    0x54, 0x78, 0x70, 0x00, 0x71, 0x10, 0x87, 0x02, 0x08, 0x00, 0x0f, 0x03,
    0x6e, 0x10, 0x6a, 0x00, 0x09, 0x00, 0x0a, 0x01, 0x59, 0x71, 0x77, 0x00,
    0x6e, 0x10, 0x6b, 0x00, 0x09, 0x00, 0x0a, 0x09, 0x59, 0x79, 0x78, 0x00,
    0x52, 0x09, 0x0e, 0x00, 0x59, 0x79, 0x74, 0x00, 0x52, 0x09, 0x10, 0x00,
    0x59, 0x79, 0x75, 0x00, 0x5c, 0x72, 0x71, 0x00, 0x5c, 0x72, 0x72, 0x00,
    0x54, 0x79, 0x73, 0x00, 0x71, 0x00, 0x7f, 0x00, 0x00, 0x00, 0x0a, 0x00,
    0x81, 0x00, 0x6e, 0x40, 0x78, 0x00, 0x98, 0x10, 0x0f, 0x03, 0x00, 0x00,
    0x03, 0x00, 0x02, 0x00, 0x02, 0x00, 0x00, 0x00, 0xc2, 0xdb, 0x00, 0x00,
    0x17, 0x00, 0x00, 0x00, 0x70, 0x10, 0x9e, 0x02, 0x01, 0x00, 0x22, 0x00,
    0x6d, 0x00, 0x70, 0x20, 0x43, 0x01, 0x10, 0x00, 0x5b, 0x10, 0x73, 0x00,
    0x5b, 0x12, 0x70, 0x00, 0x71, 0x10, 0x7e, 0x00, 0x02, 0x00, 0x0c, 0x02,
    0x6e, 0x10, 0x80, 0x00, 0x02, 0x00, 0x0a, 0x02, 0x59, 0x12, 0x76, 0x00,
    0x0e, 0x00, 0x00, 0x00, 0x04, 0x00, 0x02, 0x00, 0x05, 0x00, 0x00, 0x00,
    0xcd, 0xdb, 0x00, 0x00, 0x1c, 0x00, 0x00, 0x00, 0x70, 0x20, 0xed, 0x00,
    0x32, 0x00, 0x15, 0x00, 0x00, 0x40, 0x71, 0x20, 0xe9, 0x01, 0x03, 0x00,
    0x0a, 0x03, 0x82, 0x33, 0x59, 0x23, 0x79, 0x00, 0xc9, 0x03, 0x89, 0x30,
    0x71, 0x20, 0x98, 0x02, 0x10, 0x00, 0x0b, 0x00, 0x8a, 0x03, 0x12, 0x10,
    0xb0, 0x03, 0x6e, 0x53, 0x54, 0x01, 0x32, 0x33, 0x6e, 0x20, 0x53, 0x01,
    0x02, 0x00, 0x0e, 0x00, 0x08, 0x00, 0x02, 0x00, 0x05, 0x00, 0x00, 0x00,
    0xd7, 0xdb, 0x00, 0x00, 0x5a, 0x00, 0x00, 0x00, 0x6e, 0x10, 0x4f, 0x01,
    0x06, 0x00, 0x0a, 0x00, 0x12, 0x11, 0x32, 0x10, 0x06, 0x00, 0x6f, 0x20,
    0xef, 0x00, 0x76, 0x00, 0x0e, 0x00, 0x6e, 0x10, 0x51, 0x01, 0x06, 0x00,
    0x0c, 0x00, 0x72, 0x10, 0x93, 0x02, 0x00, 0x00, 0x0c, 0x00, 0x6e, 0x10,
    0x50, 0x01, 0x06, 0x00, 0x0c, 0x01, 0x6e, 0x10, 0x4d, 0x01, 0x06, 0x00,
    0x0a, 0x02, 0x6e, 0x10, 0x4c, 0x01, 0x06, 0x00, 0x0a, 0x03, 0x82, 0x33,
    0x6e, 0x10, 0x4e, 0x01, 0x06, 0x00, 0x0c, 0x04, 0x38, 0x04, 0x0c, 0x00,
    0x6e, 0x10, 0x4e, 0x01, 0x06, 0x00, 0x0c, 0x04, 0x12, 0x05, 0x6e, 0x20,
    0x57, 0x00, 0x54, 0x00, 0x0a, 0x04, 0x28, 0x02, 0x12, 0x04, 0xc6, 0x43,
    0x6e, 0x10, 0x4b, 0x01, 0x06, 0x00, 0x0a, 0x04, 0x82, 0x44, 0x62, 0x05,
    0x03, 0x00, 0x6e, 0x20, 0x63, 0x00, 0x51, 0x00, 0x52, 0x65, 0x79, 0x00,
    0x6e, 0x20, 0x62, 0x00, 0x51, 0x00, 0x62, 0x05, 0x01, 0x00, 0x6e, 0x20,
    0x61, 0x00, 0x51, 0x00, 0x15, 0x05, 0x00, 0xff, 0x6e, 0x20, 0x60, 0x00,
    0x51, 0x00, 0x6e, 0x51, 0x37, 0x00, 0x07, 0x43, 0x62, 0x05, 0x02, 0x00,
    0x6e, 0x20, 0x63, 0x00, 0x51, 0x00, 0x6e, 0x20, 0x60, 0x00, 0x21, 0x00,
    0x6e, 0x51, 0x37, 0x00, 0x07, 0x43, 0x0e, 0x00, 0x01, 0x00, 0x01, 0x00,
    0x01, 0x00, 0x00, 0x00, 0xed, 0xdb, 0x00, 0x00, 0x04, 0x00, 0x00, 0x00,
    0x70, 0x10, 0x9e, 0x02, 0x00, 0x00, 0x0e, 0x00, 0x02, 0x00, 0x02, 0x00,
    0x01, 0x00, 0x00, 0x00, 0xf2, 0xdb, 0x00, 0x00, 0x04, 0x00, 0x00, 0x00,
    0x70, 0x10, 0x55, 0x01, 0x00, 0x00, 0x0e, 0x00, 0x07, 0x00, 0x02, 0x00,
    0x02, 0x00, 0x00, 0x00, 0xf8, 0xdb, 0x00, 0x00, 0x5b, 0x00, 0x00, 0x00,
    0x6e, 0x10, 0x68, 0x00, 0x06, 0x00, 0x0a, 0x00, 0x12, 0x11, 0x38, 0x00,
    0x0c, 0x00, 0x32, 0x10, 0x0a, 0x00, 0x12, 0x22, 0x32, 0x20, 0x07, 0x00,
    0x6f, 0x20, 0x76, 0x00, 0x65, 0x00, 0x0a, 0x06, 0x0f, 0x06, 0x52, 0x50,
    0x7f, 0x00, 0x15, 0x02, 0x00, 0x40, 0xc9, 0x20, 0x6e, 0x10, 0x5b, 0x01,
    0x05, 0x00, 0x0a, 0x03, 0x82, 0x33, 0x52, 0x54, 0x7f, 0x00, 0xc9, 0x24,
    0xc7, 0x43, 0x6e, 0x10, 0x6c, 0x00, 0x06, 0x00, 0x0a, 0x06, 0xc7, 0x06,
    0xc7, 0x03, 0x15, 0x00, 0x80, 0x3f, 0x71, 0x20, 0x99, 0x02, 0x30, 0x00,
    0x0a, 0x02, 0xc9, 0x26, 0x12, 0x02, 0x2e, 0x03, 0x06, 0x02, 0x3b, 0x03,
    0x04, 0x00, 0x01, 0x20, 0x28, 0x07, 0x2d, 0x02, 0x06, 0x00, 0x3d, 0x02,
    0x03, 0x00, 0x28, 0x02, 0x01, 0x60, 0x52, 0x56, 0x80, 0x00, 0xb1, 0x16,
    0x82, 0x66, 0xc8, 0x60, 0x71, 0x10, 0x9d, 0x02, 0x00, 0x00, 0x0a, 0x06,
    0xb0, 0x16, 0x52, 0x50, 0x83, 0x00, 0x32, 0x06, 0x0e, 0x00, 0x59, 0x56,
    0x83, 0x00, 0x6e, 0x10, 0x5c, 0x01, 0x05, 0x00, 0x54, 0x56, 0x81, 0x00,
    0x38, 0x06, 0x05, 0x00, 0x72, 0x10, 0xa0, 0x02, 0x06, 0x00, 0x6e, 0x10,
    0x5a, 0x01, 0x05, 0x00, 0x0c, 0x06, 0x72, 0x20, 0x82, 0x00, 0x16, 0x00,
    0x0f, 0x01, 0x00, 0x00, 0x02, 0x00, 0x01, 0x00, 0x00, 0x00, 0x00, 0x00,
    0x0d, 0xdc, 0x00, 0x00, 0x03, 0x00, 0x00, 0x00, 0x52, 0x10, 0x83, 0x00,
    0x0f, 0x00, 0x00, 0x00, 0x06, 0x00, 0x04, 0x00, 0x02, 0x00, 0x00, 0x00,
    0x12, 0xdc, 0x00, 0x00, 0x25, 0x00, 0x00, 0x00, 0x70, 0x20, 0x6d, 0x00,
    0x32, 0x00, 0x22, 0x00, 0x1a, 0x00, 0x12, 0x11, 0x70, 0x20, 0x39, 0x00,
    0x10, 0x00, 0x5b, 0x20, 0x82, 0x00, 0x35, 0x14, 0x03, 0x00, 0x01, 0x14,
    0x59, 0x24, 0x80, 0x00, 0x59, 0x25, 0x83, 0x00, 0x15, 0x04, 0x00, 0x40,
    0x71, 0x20, 0xe9, 0x01, 0x43, 0x00, 0x0a, 0x04, 0x82, 0x44, 0x59, 0x24,
    0x7e, 0x00, 0x15, 0x04, 0x50, 0x41, 0x71, 0x20, 0xe9, 0x01, 0x43, 0x00,
    0x0a, 0x03, 0x82, 0x33, 0x59, 0x23, 0x7f, 0x00, 0x0e, 0x00, 0x00, 0x00,
    0x1a, 0x00, 0x02, 0x00, 0x08, 0x00, 0x00, 0x00, 0x21, 0xdc, 0x00, 0x00,
    0xfc, 0x00, 0x00, 0x00, 0x08, 0x00, 0x18, 0x00, 0x6e, 0x10, 0x59, 0x01,
    0x00, 0x00, 0x0a, 0x01, 0x82, 0x11, 0x15, 0x02, 0x00, 0x40, 0xc9, 0x21,
    0x6e, 0x10, 0x58, 0x01, 0x00, 0x00, 0x0c, 0x03, 0x1f, 0x03, 0x08, 0x00,
    0x15, 0x04, 0x20, 0x41, 0x71, 0x20, 0xe9, 0x01, 0x43, 0x00, 0x0a, 0x03,
    0x82, 0x33, 0x52, 0x04, 0x7f, 0x00, 0xa9, 0x06, 0x04, 0x02, 0x6e, 0x10,
    0x5b, 0x01, 0x00, 0x00, 0x0a, 0x04, 0x82, 0x44, 0x52, 0x05, 0x7f, 0x00,
    0xc9, 0x25, 0xa7, 0x08, 0x04, 0x05, 0xa9, 0x0a, 0x03, 0x02, 0xa7, 0x07,
    0x01, 0x0a, 0xa6, 0x03, 0x01, 0x0a, 0x54, 0x04, 0x82, 0x00, 0x62, 0x05,
    0x02, 0x00, 0x6e, 0x20, 0x3c, 0x00, 0x54, 0x00, 0x54, 0x04, 0x82, 0x00,
    0x14, 0x05, 0x25, 0x16, 0x13, 0xff, 0x6e, 0x20, 0x3a, 0x00, 0x54, 0x00,
    0x52, 0x04, 0x7e, 0x00, 0x01, 0xae, 0xa7, 0x0a, 0x06, 0x04, 0xa7, 0x0b,
    0x07, 0x04, 0xa6, 0x0c, 0x08, 0x04, 0xa6, 0x0d, 0x03, 0x04, 0x54, 0x04,
    0x82, 0x00, 0x01, 0xef, 0x08, 0x09, 0x19, 0x00, 0x08, 0x10, 0x04, 0x00,
    0x74, 0x08, 0x36, 0x00, 0x09, 0x00, 0x54, 0x04, 0x82, 0x00, 0x14, 0x09,
    0x6b, 0x3a, 0x2c, 0xff, 0x6e, 0x20, 0x3a, 0x00, 0x94, 0x00, 0x54, 0x0c,
    0x82, 0x00, 0x01, 0xeb, 0x01, 0x39, 0x01, 0x53, 0x01, 0xea, 0x08, 0x05,
    0x19, 0x00, 0x74, 0x08, 0x36, 0x00, 0x05, 0x00, 0x52, 0x04, 0x83, 0x00,
    0x12, 0x15, 0xb1, 0x54, 0x82, 0x44, 0x52, 0x0a, 0x80, 0x00, 0xd8, 0x0b,
    0x0a, 0xff, 0x39, 0x0b, 0x03, 0x00, 0x28, 0x03, 0xd8, 0x05, 0x0a, 0xff,
    0x82, 0x55, 0xc9, 0x54, 0xc7, 0x68, 0xc8, 0x48, 0xc6, 0x68, 0x2d, 0x04,
    0x08, 0x06, 0x3d, 0x04, 0x13, 0x00, 0x54, 0x04, 0x82, 0x00, 0x14, 0x05,
    0x51, 0xa8, 0x22, 0xff, 0x6e, 0x20, 0x3a, 0x00, 0x54, 0x00, 0x54, 0x0c,
    0x82, 0x00, 0x01, 0xeb, 0x08, 0x05, 0x19, 0x00, 0x01, 0xea, 0x74, 0x08,
    0x36, 0x00, 0x05, 0x00, 0x52, 0x04, 0x7f, 0x00, 0x14, 0x05, 0x9a, 0x99,
    0xd9, 0x3f, 0xc8, 0x45, 0xc9, 0x24, 0xa7, 0x11, 0x08, 0x04, 0xa9, 0x02,
    0x05, 0x02, 0xa7, 0x12, 0x01, 0x02, 0x6e, 0x10, 0x58, 0x01, 0x00, 0x00,
    0x0c, 0x02, 0x1f, 0x02, 0x08, 0x00, 0x15, 0x04, 0x40, 0x40, 0x71, 0x20,
    0xe9, 0x01, 0x42, 0x00, 0x0a, 0x02, 0x82, 0x22, 0x54, 0x04, 0x82, 0x00,
    0x6e, 0x20, 0x3a, 0x00, 0x34, 0x00, 0x52, 0x03, 0x7f, 0x00, 0xa6, 0x13,
    0x11, 0x03, 0xa6, 0x14, 0x12, 0x05, 0x54, 0x03, 0x82, 0x00, 0x02, 0x16,
    0x02, 0x00, 0x08, 0x10, 0x19, 0x00, 0x02, 0x15, 0x02, 0x00, 0x08, 0x17,
    0x03, 0x00, 0x74, 0x08, 0x36, 0x00, 0x10, 0x00, 0x02, 0x08, 0x11, 0x00,
    0x02, 0x02, 0x14, 0x00, 0x54, 0x03, 0x82, 0x00, 0x12, 0xf4, 0x6e, 0x20,
    0x3a, 0x00, 0x43, 0x00, 0x52, 0x03, 0x7e, 0x00, 0xa6, 0x11, 0x08, 0x03,
    0xa6, 0x12, 0x12, 0x03, 0x52, 0x04, 0x7f, 0x00, 0xc6, 0x84, 0xa7, 0x13,
    0x04, 0x03, 0xa7, 0x14, 0x02, 0x03, 0x54, 0x03, 0x82, 0x00, 0x02, 0x16,
    0x15, 0x00, 0x08, 0x17, 0x03, 0x00, 0x74, 0x08, 0x36, 0x00, 0x10, 0x00,
    0x54, 0x03, 0x82, 0x00, 0x14, 0x04, 0xd4, 0xc0, 0xb9, 0xff, 0x6e, 0x20,
    0x3a, 0x00, 0x43, 0x00, 0x52, 0x03, 0x7e, 0x00, 0xa6, 0x11, 0x08, 0x03,
    0x15, 0x04, 0xc0, 0x40, 0xc9, 0x45, 0xa6, 0x12, 0x01, 0x05, 0x52, 0x01,
    0x7f, 0x00, 0xc6, 0x81, 0xa7, 0x13, 0x01, 0x03, 0xa7, 0x14, 0x02, 0x03,
    0x54, 0x01, 0x82, 0x00, 0x08, 0x15, 0x01, 0x00, 0x74, 0x06, 0x35, 0x00,
    0x10, 0x00, 0x0e, 0x00, 0x06, 0x00, 0x03, 0x00, 0x03, 0x00, 0x00, 0x00,
    0x43, 0xdc, 0x00, 0x00, 0x35, 0x00, 0x00, 0x00, 0x6e, 0x10, 0x58, 0x01,
    0x03, 0x00, 0x0c, 0x00, 0x1f, 0x00, 0x08, 0x00, 0x6e, 0x10, 0x58, 0x01,
    0x03, 0x00, 0x0c, 0x01, 0x1f, 0x01, 0x08, 0x00, 0x71, 0x10, 0x8d, 0x01,
    0x01, 0x00, 0x0a, 0x01, 0x71, 0x20, 0xe9, 0x01, 0x10, 0x00, 0x0a, 0x00,
    0x71, 0x20, 0x60, 0x01, 0x40, 0x00, 0x0a, 0x04, 0x52, 0x30, 0x7f, 0x00,
    0x14, 0x01, 0x9a, 0x99, 0xd9, 0x3f, 0xc8, 0x10, 0x6e, 0x10, 0x58, 0x01,
    0x03, 0x00, 0x0c, 0x01, 0x1f, 0x01, 0x08, 0x00, 0x15, 0x02, 0x80, 0x40,
    0x71, 0x20, 0xe9, 0x01, 0x21, 0x00, 0x0a, 0x01, 0x82, 0x11, 0xc6, 0x10,
    0x87, 0x00, 0x71, 0x20, 0x60, 0x01, 0x50, 0x00, 0x0a, 0x05, 0x6e, 0x30,
    0x61, 0x01, 0x43, 0x05, 0x0e, 0x00, 0x00, 0x00, 0x01, 0x00, 0x01, 0x00,
    0x01, 0x00, 0x00, 0x00, 0x50, 0xdc, 0x00, 0x00, 0x04, 0x00, 0x00, 0x00,
    0x70, 0x10, 0x9e, 0x02, 0x00, 0x00, 0x0e, 0x00, 0x02, 0x00, 0x02, 0x00,
    0x01, 0x00, 0x00, 0x00, 0x55, 0xdc, 0x00, 0x00, 0x04, 0x00, 0x00, 0x00,
    0x70, 0x10, 0x63, 0x01, 0x00, 0x00, 0x0e, 0x00, 0x03, 0x00, 0x01, 0x00,
    0x00, 0x00, 0x00, 0x00, 0x5b, 0xdc, 0x00, 0x00, 0x09, 0x00, 0x00, 0x00,
    0x52, 0x20, 0x9b, 0x00, 0x12, 0x41, 0x33, 0x10, 0x04, 0x00, 0x12, 0x10,
    0x0f, 0x00, 0x12, 0x00, 0x0f, 0x00, 0x00, 0x00, 0x06, 0x00, 0x01, 0x00,
    0x01, 0x00, 0x00, 0x00, 0x60, 0xdc, 0x00, 0x00, 0x87, 0x00, 0x00, 0x00,
    0x54, 0x50, 0x99, 0x00, 0x12, 0x11, 0x38, 0x00, 0x03, 0x00, 0x0f, 0x01,
    0x71, 0x00, 0x84, 0x01, 0x00, 0x00, 0x0c, 0x00, 0x12, 0x02, 0x39, 0x00,
    0x03, 0x00, 0x0f, 0x02, 0x54, 0x53, 0x90, 0x00, 0x38, 0x03, 0x05, 0x00,
    0x5b, 0x53, 0x99, 0x00, 0x28, 0x55, 0x6e, 0x10, 0x67, 0x01, 0x05, 0x00,
    0x0a, 0x03, 0x38, 0x03, 0x12, 0x00, 0x52, 0x53, 0x9c, 0x00, 0x3b, 0x03,
    0x05, 0x00, 0x54, 0x00, 0x61, 0x00, 0x28, 0x07, 0x54, 0x00, 0x64, 0x00,
    0x52, 0x53, 0x9c, 0x00, 0x46, 0x00, 0x00, 0x03, 0x5b, 0x50, 0x99, 0x00,
    0x28, 0x3f, 0x6e, 0x10, 0x72, 0x01, 0x05, 0x00, 0x0a, 0x03, 0x38, 0x03,
    0x19, 0x00, 0x52, 0x53, 0x9c, 0x00, 0x3b, 0x03, 0x05, 0x00, 0x54, 0x00,
    0x63, 0x00, 0x28, 0x0e, 0x33, 0x13, 0x07, 0x00, 0x71, 0x10, 0xa1, 0x01,
    0x00, 0x00, 0x0c, 0x00, 0x28, 0x07, 0x54, 0x00, 0x6b, 0x00, 0x52, 0x53,
    0x9c, 0x00, 0x46, 0x00, 0x00, 0x03, 0x5b, 0x50, 0x99, 0x00, 0x28, 0x22,
    0x52, 0x53, 0x9a, 0x00, 0x12, 0xf4, 0x33, 0x43, 0x07, 0x00, 0x54, 0x00,
    0x62, 0x00, 0x5b, 0x50, 0x99, 0x00, 0x28, 0x18, 0x52, 0x53, 0x9c, 0x00,
    0x3b, 0x03, 0x09, 0x00, 0x54, 0x00, 0x67, 0x00, 0x52, 0x53, 0x9a, 0x00,
    0x46, 0x00, 0x00, 0x03, 0x28, 0x0b, 0x54, 0x00, 0x68, 0x00, 0x52, 0x53,
    0x9a, 0x00, 0x46, 0x00, 0x00, 0x03, 0x52, 0x53, 0x9c, 0x00, 0x46, 0x00,
    0x00, 0x03, 0x5b, 0x50, 0x99, 0x00, 0x54, 0x50, 0x99, 0x00, 0x39, 0x00,
    0x06, 0x00, 0x23, 0x20, 0xc3, 0x00, 0x5b, 0x50, 0x99, 0x00, 0x54, 0x50,
    0x95, 0x00, 0x39, 0x00, 0x13, 0x00, 0x54, 0x50, 0x96, 0x00, 0x39, 0x00,
    0x0f, 0x00, 0x52, 0x50, 0x97, 0x00, 0x39, 0x00, 0x0b, 0x00, 0x54, 0x50,
    0x99, 0x00, 0x21, 0x03, 0x3d, 0x03, 0x06, 0x00, 0x44, 0x00, 0x00, 0x02,
    0x59, 0x50, 0x97, 0x00, 0x0f, 0x01, 0x00, 0x00, 0x03, 0x00, 0x01, 0x00,
    0x00, 0x00, 0x00, 0x00, 0x72, 0xdc, 0x00, 0x00, 0x08, 0x00, 0x00, 0x00,
    0x52, 0x20, 0x9b, 0x00, 0x12, 0x11, 0x33, 0x10, 0x03, 0x00, 0x0f, 0x01,
    0x12, 0x00, 0x0f, 0x00, 0x0c, 0x00, 0x02, 0x00, 0x0a, 0x00, 0x00, 0x00,
    0x77, 0xdc, 0x00, 0x00, 0x15, 0x00, 0x00, 0x00, 0x22, 0x00, 0x73, 0x00,
    0x12, 0x08, 0x12, 0x59, 0x1a, 0x01, 0x31, 0x00, 0x12, 0x43, 0x12, 0xf4,
    0x12, 0x05, 0x12, 0x06, 0x12, 0x07, 0x07, 0xa2, 0x76, 0x0a, 0x65, 0x01,
    0x00, 0x00, 0x59, 0x0b, 0x9c, 0x00, 0x12, 0x2a, 0x59, 0x0a, 0x98, 0x00,
    0x11, 0x00, 0x00, 0x00, 0x10, 0x00, 0x06, 0x00, 0x0a, 0x00, 0x00, 0x00,
    0x80, 0xdc, 0x00, 0x00, 0x16, 0x00, 0x00, 0x00, 0x22, 0x00, 0x73, 0x00,
    0x12, 0x06, 0x12, 0x09, 0x12, 0x33, 0x12, 0xf4, 0x12, 0x05, 0x07, 0xa1,
    0x07, 0xb2, 0x07, 0xc7, 0x01, 0xd8, 0x76, 0x0a, 0x65, 0x01, 0x00, 0x00,
    0x59, 0x0e, 0x98, 0x00, 0x5b, 0x0f, 0x8d, 0x00, 0x12, 0x1a, 0x5c, 0x0a,
    0x93, 0x00, 0x11, 0x00, 0x0e, 0x00, 0x04, 0x00, 0x0a, 0x00, 0x00, 0x00,
    0x8e, 0xdc, 0x00, 0x00, 0x12, 0x00, 0x00, 0x00, 0x22, 0x00, 0x73, 0x00,
    0x12, 0x07, 0x12, 0x08, 0x1a, 0x01, 0xc8, 0x00, 0x12, 0x03, 0x12, 0x05,
    0x12, 0x06, 0x07, 0xa2, 0x01, 0xb4, 0x01, 0xd9, 0x76, 0x0a, 0x65, 0x01,
    0x00, 0x00, 0x59, 0x0c, 0x9c, 0x00, 0x11, 0x00, 0x0f, 0x00, 0x05, 0x00,
    0x0a, 0x00, 0x00, 0x00, 0x98, 0xdc, 0x00, 0x00, 0x10, 0x00, 0x00, 0x00,
    0x22, 0x00, 0x73, 0x00, 0x12, 0x05, 0x12, 0x06, 0x1a, 0x01, 0xc8, 0x00,
    0x12, 0x03, 0x07, 0xa2, 0x01, 0xb4, 0x07, 0xc7, 0x01, 0xd8, 0x01, 0xe9,
    0x76, 0x0a, 0x65, 0x01, 0x00, 0x00, 0x11, 0x00, 0x11, 0x00, 0x04, 0x00,
    0x0a, 0x00, 0x00, 0x00, 0xa2, 0xdc, 0x00, 0x00, 0x2e, 0x00, 0x00, 0x00,
    0x22, 0x00, 0x73, 0x00, 0x12, 0x0a, 0x44, 0x08, 0x10, 0x0a, 0x12, 0x1b,
    0x12, 0x4c, 0x33, 0xcf, 0x05, 0x00, 0x12, 0x51, 0x01, 0x19, 0x28, 0x02,
    0x01, 0xb9, 0x1a, 0x01, 0xc7, 0x01, 0x12, 0xf4, 0x12, 0x05, 0x12, 0x07,
    0x07, 0xd2, 0x01, 0xf3, 0x08, 0x06, 0x10, 0x00, 0x76, 0x0a, 0x65, 0x01,
    0x00, 0x00, 0x38, 0x0e, 0x08, 0x00, 0x6e, 0x10, 0xa4, 0x02, 0x0e, 0x00,
    0x0a, 0x0d, 0x39, 0x0d, 0x03, 0x00, 0x12, 0x0e, 0x5b, 0x0e, 0x96, 0x00,
    0x33, 0xbf, 0x04, 0x00, 0x01, 0xba, 0x28, 0x04, 0x33, 0xcf, 0x03, 0x00,
    0x12, 0x2a, 0x59, 0x0a, 0x98, 0x00, 0x11, 0x00, 0x0e, 0x00, 0x03, 0x00,
    0x0a, 0x00, 0x00, 0x00, 0xae, 0xdc, 0x00, 0x00, 0x26, 0x00, 0x00, 0x00,
    0x12, 0x00, 0x46, 0x00, 0x0d, 0x00, 0x22, 0x01, 0x73, 0x00, 0x52, 0x09,
    0x97, 0x00, 0x12, 0x0a, 0x1a, 0x02, 0xc7, 0x01, 0x12, 0x34, 0x12, 0xf5,
    0x12, 0x06, 0x12, 0x07, 0x12, 0x08, 0x07, 0xb3, 0x76, 0x0a, 0x65, 0x01,
    0x01, 0x00, 0x38, 0x0c, 0x08, 0x00, 0x6e, 0x10, 0xa4, 0x02, 0x0c, 0x00,
    0x0a, 0x0b, 0x39, 0x0b, 0x04, 0x00, 0x54, 0x0c, 0x96, 0x00, 0x5b, 0x1c,
    0x96, 0x00, 0x52, 0x0b, 0x98, 0x00, 0x59, 0x1b, 0x98, 0x00, 0x5b, 0x1d,
    0x8d, 0x00, 0x11, 0x01, 0x0c, 0x00, 0x02, 0x00, 0x0a, 0x00, 0x00, 0x00,
    0xbc, 0xdc, 0x00, 0x00, 0x15, 0x00, 0x00, 0x00, 0x22, 0x00, 0x73, 0x00,
    0x12, 0x08, 0x12, 0x19, 0x1a, 0x01, 0xcb, 0x01, 0x12, 0x13, 0x12, 0xf4,
    0x12, 0x05, 0x12, 0x06, 0x12, 0x07, 0x07, 0xa2, 0x76, 0x0a, 0x65, 0x01,
    0x00, 0x00, 0x59, 0x0b, 0x9c, 0x00, 0x12, 0x1a, 0x59, 0x0a, 0x98, 0x00,
    0x11, 0x00, 0x00, 0x00, 0x0e, 0x00, 0x04, 0x00, 0x0a, 0x00, 0x00, 0x00,
    0xc5, 0xdc, 0x00, 0x00, 0x10, 0x00, 0x00, 0x00, 0x22, 0x00, 0x73, 0x00,
    0x12, 0x08, 0x12, 0x19, 0x1a, 0x01, 0xcb, 0x01, 0x12, 0x13, 0x12, 0xf4,
    0x07, 0xa2, 0x07, 0xb5, 0x07, 0xc6, 0x07, 0xd7, 0x76, 0x0a, 0x65, 0x01,
    0x00, 0x00, 0x11, 0x00, 0x0c, 0x00, 0x02, 0x00, 0x0a, 0x00, 0x00, 0x00,
    0xce, 0xdc, 0x00, 0x00, 0x10, 0x00, 0x00, 0x00, 0x22, 0x00, 0x73, 0x00,
    0x12, 0x07, 0x12, 0x09, 0x1a, 0x01, 0x0d, 0x02, 0x12, 0x23, 0x12, 0xf4,
    0x12, 0x05, 0x12, 0x06, 0x07, 0xa2, 0x01, 0xb8, 0x76, 0x0a, 0x65, 0x01,
    0x00, 0x00, 0x11, 0x00, 0x02, 0x00, 0x01, 0x00, 0x01, 0x00, 0x00, 0x00,
    0xd5, 0xdc, 0x00, 0x00, 0x0b, 0x00, 0x00, 0x00, 0x54, 0x10, 0x8f, 0x00,
    0x38, 0x00, 0x04, 0x00, 0x21, 0x00, 0x0f, 0x00, 0x6e, 0x10, 0x78, 0x01,
    0x01, 0x00, 0x0a, 0x00, 0x0f, 0x00, 0x00, 0x00, 0x03, 0x00, 0x02, 0x00,
    0x00, 0x00, 0x00, 0x00, 0xda, 0xdc, 0x00, 0x00, 0x07, 0x00, 0x00, 0x00,
    0x54, 0x10, 0x8f, 0x00, 0x38, 0x00, 0x04, 0x00, 0x44, 0x02, 0x00, 0x02,
    0x0f, 0x02, 0x00, 0x00, 0x02, 0x00, 0x01, 0x00, 0x01, 0x00, 0x00, 0x00,
    0xe0, 0xdc, 0x00, 0x00, 0x12, 0x00, 0x00, 0x00, 0x6e, 0x10, 0x72, 0x01,
    0x01, 0x00, 0x0a, 0x00, 0x38, 0x00, 0x04, 0x00, 0x12, 0x10, 0x0f, 0x00,
    0x6e, 0x10, 0x67, 0x01, 0x01, 0x00, 0x0a, 0x00, 0x38, 0x00, 0x04, 0x00,
    0x12, 0x20, 0x0f, 0x00, 0x12, 0x00, 0x0f, 0x00, 0x02, 0x00, 0x01, 0x00,
    0x00, 0x00, 0x00, 0x00, 0xe5, 0xdc, 0x00, 0x00, 0x08, 0x00, 0x00, 0x00,
    0x54, 0x10, 0x99, 0x00, 0x39, 0x00, 0x04, 0x00, 0x12, 0x00, 0x0f, 0x00,
    0x21, 0x00, 0x0f, 0x00, 0x04, 0x00, 0x02, 0x00, 0x01, 0x00, 0x00, 0x00,
    0xea, 0xdc, 0x00, 0x00, 0x2e, 0x00, 0x00, 0x00, 0x54, 0x20, 0x91, 0x00,
    0x38, 0x00, 0x05, 0x00, 0x46, 0x03, 0x00, 0x03, 0x11, 0x03, 0x6e, 0x10,
    0x72, 0x01, 0x02, 0x00, 0x0a, 0x00, 0x38, 0x00, 0x09, 0x00, 0x71, 0x00,
    0x84, 0x01, 0x00, 0x00, 0x0c, 0x00, 0x54, 0x00, 0x6d, 0x00, 0x28, 0x14,
    0x6e, 0x10, 0x67, 0x01, 0x02, 0x00, 0x0a, 0x00, 0x38, 0x00, 0x09, 0x00,
    0x71, 0x00, 0x84, 0x01, 0x00, 0x00, 0x0c, 0x00, 0x54, 0x00, 0x65, 0x00,
    0x28, 0x07, 0x71, 0x00, 0x84, 0x01, 0x00, 0x00, 0x0c, 0x00, 0x54, 0x00,
    0x69, 0x00, 0x54, 0x21, 0x99, 0x00, 0x44, 0x03, 0x01, 0x03, 0x46, 0x03,
    0x00, 0x03, 0x11, 0x03, 0x04, 0x00, 0x02, 0x00, 0x01, 0x00, 0x00, 0x00,
    0xf1, 0xdc, 0x00, 0x00, 0x3a, 0x00, 0x00, 0x00, 0x54, 0x20, 0x91, 0x00,
    0x38, 0x00, 0x11, 0x00, 0x54, 0x21, 0x92, 0x00, 0x39, 0x01, 0x08, 0x00,
    0x71, 0x10, 0x9f, 0x01, 0x00, 0x00, 0x0c, 0x00, 0x5b, 0x20, 0x92, 0x00,
    0x54, 0x20, 0x92, 0x00, 0x46, 0x03, 0x00, 0x03, 0x11, 0x03, 0x6e, 0x10,
    0x72, 0x01, 0x02, 0x00, 0x0a, 0x00, 0x38, 0x00, 0x09, 0x00, 0x71, 0x00,
    0x84, 0x01, 0x00, 0x00, 0x0c, 0x00, 0x54, 0x00, 0x6e, 0x00, 0x28, 0x14,
    0x6e, 0x10, 0x67, 0x01, 0x02, 0x00, 0x0a, 0x00, 0x38, 0x00, 0x09, 0x00,
    0x71, 0x00, 0x84, 0x01, 0x00, 0x00, 0x0c, 0x00, 0x54, 0x00, 0x66, 0x00,
    0x28, 0x07, 0x71, 0x00, 0x84, 0x01, 0x00, 0x00, 0x0c, 0x00, 0x54, 0x00,
    0x6a, 0x00, 0x54, 0x21, 0x99, 0x00, 0x44, 0x03, 0x01, 0x03, 0x46, 0x03,
    0x00, 0x03, 0x11, 0x03, 0x0b, 0x00, 0x0a, 0x00, 0x01, 0x00, 0x00, 0x00,
    0xfa, 0xdc, 0x00, 0x00, 0x1c, 0x00, 0x00, 0x00, 0x70, 0x10, 0x9e, 0x02,
    0x01, 0x00, 0x12, 0x00, 0x59, 0x10, 0x98, 0x00, 0x12, 0xf0, 0x59, 0x10,
    0x9c, 0x00, 0x5b, 0x12, 0x94, 0x00, 0x5b, 0x13, 0x9d, 0x00, 0x59, 0x14,
    0x9b, 0x00, 0x59, 0x15, 0x9a, 0x00, 0x5b, 0x16, 0x91, 0x00, 0x5b, 0x17,
    0x90, 0x00, 0x5b, 0x18, 0x95, 0x00, 0x59, 0x19, 0x97, 0x00, 0x59, 0x1a,
    0x8e, 0x00, 0x0e, 0x00, 0x09, 0x00, 0x02, 0x00, 0x02, 0x00, 0x01, 0x00,
    0x11, 0xdd, 0x00, 0x00, 0x69, 0x00, 0x00, 0x00, 0x71, 0x10, 0xa0, 0x01,
    0x08, 0x00, 0x0c, 0x08, 0x6e, 0x10, 0xa9, 0x02, 0x08, 0x00, 0x0c, 0x08,
    0x6e, 0x10, 0xa4, 0x02, 0x08, 0x00, 0x0a, 0x00, 0x39, 0x00, 0x06, 0x00,
    0x12, 0x08, 0x5b, 0x78, 0x8f, 0x00, 0x0e, 0x00, 0x71, 0x10, 0x96, 0x02,
    0x08, 0x00, 0x0a, 0x00, 0x28, 0x02, 0x12, 0xf0, 0x6e, 0x10, 0x78, 0x01,
    0x07, 0x00, 0x0a, 0x01, 0x23, 0x12, 0xc3, 0x00, 0x12, 0x03, 0x01, 0x34,
    0x01, 0x45, 0x35, 0x14, 0x1a, 0x00, 0x54, 0x76, 0x99, 0x00, 0x44, 0x06,
    0x06, 0x04, 0x32, 0x06, 0x0c, 0x00, 0x6e, 0x20, 0x76, 0x01, 0x47, 0x00,
    0x0c, 0x06, 0x6e, 0x20, 0xa6, 0x02, 0x86, 0x00, 0x0a, 0x06, 0x38, 0x06,
    0x07, 0x00, 0xd8, 0x06, 0x05, 0x01, 0x4b, 0x04, 0x02, 0x05, 0x01, 0x65,
    0xd8, 0x04, 0x04, 0x01, 0x28, 0xe7, 0x6e, 0x10, 0xa4, 0x02, 0x08, 0x00,
    0x0a, 0x04, 0x12, 0x16, 0x37, 0x64, 0x22, 0x00, 0x35, 0x13, 0x20, 0x00,
    0x6e, 0x20, 0x76, 0x01, 0x37, 0x00, 0x0c, 0x04, 0x54, 0x76, 0x99, 0x00,
    0x44, 0x06, 0x06, 0x03, 0x32, 0x06, 0x13, 0x00, 0x6e, 0x20, 0xa6, 0x02,
    0x84, 0x00, 0x0a, 0x06, 0x39, 0x06, 0x0d, 0x00, 0x6e, 0x20, 0xa2, 0x02,
    0x84, 0x00, 0x0a, 0x04, 0x38, 0x04, 0x07, 0x00, 0xd8, 0x04, 0x05, 0x01,
    0x4b, 0x03, 0x02, 0x05, 0x01, 0x45, 0xd8, 0x03, 0x03, 0x01, 0x28, 0xe1,
    0x71, 0x20, 0xc7, 0x02, 0x52, 0x00, 0x0c, 0x08, 0x5b, 0x78, 0x8f, 0x00,
    0x0e, 0x00, 0x00, 0x00, 0x12, 0x00, 0x00, 0x00, 0x04, 0x00, 0x01, 0x00,
    0x01, 0x01, 0xa7, 0x01, 0x17, 0x00, 0x00, 0x00, 0x04, 0x00, 0x02, 0x00,
    0x02, 0x00, 0x00, 0x00, 0x24, 0xdd, 0x00, 0x00, 0x25, 0x00, 0x00, 0x00,
    0x70, 0x20, 0x6d, 0x00, 0x32, 0x00, 0x22, 0x00, 0x1a, 0x00, 0x70, 0x10,
    0x38, 0x00, 0x00, 0x00, 0x5b, 0x20, 0xa4, 0x00, 0x22, 0x01, 0x1b, 0x00,
    0x70, 0x10, 0x3d, 0x00, 0x01, 0x00, 0x5b, 0x21, 0xa5, 0x00, 0x22, 0x01,
    0x1b, 0x00, 0x70, 0x10, 0x3d, 0x00, 0x01, 0x00, 0x5b, 0x21, 0xa2, 0x00,
    0x1a, 0x01, 0xf0, 0x04, 0x71, 0x20, 0xff, 0x01, 0x13, 0x00, 0x0c, 0x03,
    0x5b, 0x23, 0xa6, 0x00, 0x12, 0x03, 0x6e, 0x20, 0x3b, 0x00, 0x30, 0x00,
    0x0e, 0x00, 0x00, 0x00, 0x07, 0x00, 0x02, 0x00, 0x05, 0x00, 0x00, 0x00,
    0x30, 0xdd, 0x00, 0x00, 0x4a, 0x00, 0x00, 0x00, 0x54, 0x50, 0xa6, 0x00,
    0x39, 0x00, 0x03, 0x00, 0x0e, 0x00, 0x52, 0x51, 0xa3, 0x00, 0xda, 0x01,
    0x01, 0x36, 0x54, 0x52, 0xa5, 0x00, 0x6e, 0x10, 0x2d, 0x00, 0x00, 0x00,
    0x0a, 0x00, 0xd8, 0x03, 0x01, 0x36, 0x71, 0x20, 0x9c, 0x02, 0x30, 0x00,
    0x0a, 0x00, 0x12, 0x03, 0x13, 0x04, 0x34, 0x00, 0x6e, 0x50, 0x3f, 0x00,
    0x32, 0x41, 0x54, 0x50, 0xa2, 0x00, 0x6e, 0x10, 0x7c, 0x01, 0x05, 0x00,
    0x0a, 0x01, 0x6e, 0x10, 0x7b, 0x01, 0x05, 0x00, 0x0a, 0x02, 0x54, 0x54,
    0xa5, 0x00, 0x6e, 0x10, 0x3e, 0x00, 0x04, 0x00, 0x0a, 0x04, 0xb2, 0x42,
    0xdb, 0x02, 0x02, 0x36, 0x6e, 0x52, 0x3f, 0x00, 0x30, 0x13, 0x54, 0x50,
    0xa6, 0x00, 0x54, 0x51, 0xa5, 0x00, 0x54, 0x52, 0xa2, 0x00, 0x54, 0x53,
    0xa4, 0x00, 0x6e, 0x53, 0x34, 0x00, 0x06, 0x21, 0x52, 0x56, 0xa3, 0x00,
    0xd8, 0x06, 0x06, 0x01, 0xdc, 0x06, 0x06, 0x13, 0x59, 0x56, 0xa3, 0x00,
    0x16, 0x00, 0x3c, 0x00, 0x6e, 0x30, 0x7f, 0x01, 0x05, 0x01, 0x0e, 0x00,
    0x04, 0x00, 0x03, 0x00, 0x03, 0x00, 0x00, 0x00, 0x40, 0xdd, 0x00, 0x00,
    0x16, 0x00, 0x00, 0x00, 0x6e, 0x10, 0x7a, 0x01, 0x01, 0x00, 0x0c, 0x02,
    0x1f, 0x02, 0x08, 0x00, 0x15, 0x03, 0x50, 0x42, 0x71, 0x20, 0xe9, 0x01,
    0x32, 0x00, 0x0a, 0x03, 0x15, 0x00, 0x58, 0x42, 0x71, 0x20, 0xe9, 0x01,
    0x02, 0x00, 0x0a, 0x02, 0x6e, 0x30, 0x80, 0x01, 0x31, 0x02, 0x0e, 0x00,
    0x02, 0x00, 0x02, 0x00, 0x02, 0x00, 0x00, 0x00, 0x48, 0xdd, 0x00, 0x00,
    0x05, 0x00, 0x00, 0x00, 0x71, 0x20, 0xb1, 0x01, 0x10, 0x00, 0x0c, 0x00,
    0x11, 0x00, 0x00, 0x00, 0x0a, 0x00, 0x02, 0x00, 0x05, 0x00, 0x04, 0x00,
    0x4e, 0xdd, 0x00, 0x00, 0x96, 0x00, 0x00, 0x00, 0x1a, 0x00, 0xf5, 0x04,
    0x1a, 0x01, 0x15, 0x04, 0x6e, 0x20, 0xa6, 0x02, 0x19, 0x00, 0x0a, 0x01,
    0x12, 0x12, 0x12, 0x03, 0x38, 0x01, 0x04, 0x00, 0x01, 0x24, 0x28, 0x0c,
    0x1a, 0x04, 0xf8, 0x02, 0x6e, 0x20, 0xa6, 0x02, 0x49, 0x00, 0x0a, 0x04,
    0x38, 0x04, 0x04, 0x00, 0x12, 0x24, 0x28, 0x02, 0x01, 0x34, 0x12, 0x05,
    0x62, 0x06, 0xdc, 0x00, 0x46, 0x06, 0x06, 0x04, 0x6e, 0x10, 0xa4, 0x02,
    0x06, 0x00, 0x0a, 0x06, 0x6e, 0x20, 0xa7, 0x02, 0x69, 0x00, 0x0c, 0x06,
    0x71, 0x10, 0x96, 0x02, 0x06, 0x00, 0x0a, 0x06, 0x71, 0x20, 0xc3, 0x01,
    0x64, 0x00, 0x0c, 0x04, 0x22, 0x06, 0x15, 0x00, 0x70, 0x10, 0x30, 0x00,
    0x06, 0x00, 0x5c, 0x63, 0x00, 0x00, 0x38, 0x04, 0x08, 0x00, 0x71, 0x20,
    0x31, 0x00, 0x64, 0x00, 0x0c, 0x08, 0x07, 0x50, 0x28, 0x21, 0x6e, 0x10,
    0x08, 0x00, 0x08, 0x00, 0x0c, 0x08, 0x22, 0x04, 0xab, 0x00, 0x70, 0x20,
    0xad, 0x02, 0x04, 0x00, 0x6e, 0x20, 0xb2, 0x02, 0x94, 0x00, 0x1a, 0x00,
    0x14, 0x00, 0x6e, 0x20, 0xb2, 0x02, 0x04, 0x00, 0x6e, 0x10, 0xb4, 0x02,
    0x04, 0x00, 0x0c, 0x00, 0x6e, 0x20, 0x29, 0x00, 0x08, 0x00, 0x0c, 0x08,
    0x71, 0x30, 0x33, 0x00, 0x58, 0x06, 0x0c, 0x00, 0x07, 0x07, 0x07, 0x80,
    0x07, 0x78, 0x38, 0x08, 0x2b, 0x00, 0x38, 0x01, 0x29, 0x00, 0x12, 0x41,
    0x6e, 0x20, 0xa7, 0x02, 0x19, 0x00, 0x0c, 0x09, 0x71, 0x10, 0x96, 0x02,
    0x09, 0x00, 0x0a, 0x09, 0x71, 0x10, 0xb8, 0x01, 0x09, 0x00, 0x0a, 0x09,
    0x6e, 0x10, 0x2d, 0x00, 0x08, 0x00, 0x0a, 0x01, 0xb3, 0x91, 0x37, 0x29,
    0x15, 0x00, 0x3d, 0x01, 0x13, 0x00, 0x6e, 0x10, 0x2e, 0x00, 0x08, 0x00,
    0x0a, 0x09, 0x71, 0x51, 0x2c, 0x00, 0x38, 0x93, 0x0c, 0x09, 0x32, 0x89,
    0x05, 0x00, 0x6e, 0x10, 0x2f, 0x00, 0x08, 0x00, 0x07, 0x95, 0x28, 0x04,
    0x07, 0x08, 0x28, 0x09, 0x07, 0x85, 0x38, 0x00, 0x0c, 0x00, 0x6e, 0x10,
    0x91, 0x02, 0x00, 0x00, 0x28, 0x07, 0x07, 0x58, 0x38, 0x08, 0x05, 0x00,
    0x6e, 0x10, 0x91, 0x02, 0x08, 0x00, 0x11, 0x05, 0x1a, 0x00, 0x00, 0x00,
    0x3c, 0x00, 0x01, 0x00, 0x56, 0x00, 0x00, 0x00, 0x04, 0x00, 0x04, 0x00,
    0x62, 0x00, 0x00, 0x00, 0x22, 0x00, 0x07, 0x00, 0x8b, 0x00, 0x00, 0x00,
    0x0a, 0x00, 0x0a, 0x00, 0x04, 0x00, 0x8f, 0x01, 0x00, 0x90, 0x01, 0x00,
    0x86, 0x01, 0x00, 0x95, 0x01, 0x00, 0x00, 0x00, 0x06, 0x00, 0x02, 0x00,
    0x04, 0x00, 0x01, 0x00, 0x65, 0xdd, 0x00, 0x00, 0x32, 0x00, 0x00, 0x00,
    0x62, 0x00, 0xfb, 0x00, 0x6e, 0x20, 0xca, 0x02, 0x50, 0x00, 0x0a, 0x01,
    0x38, 0x01, 0x09, 0x00, 0x6e, 0x20, 0xcb, 0x02, 0x50, 0x00, 0x0c, 0x04,
    0x1f, 0x04, 0x14, 0x00, 0x11, 0x04, 0x12, 0x00, 0x6e, 0x10, 0x0a, 0x00,
    0x04, 0x00, 0x0c, 0x01, 0x1a, 0x02, 0x3a, 0x03, 0x6e, 0x10, 0x09, 0x00,
    0x04, 0x00, 0x0c, 0x04, 0x6e, 0x40, 0x2b, 0x00, 0x51, 0x42, 0x0a, 0x04,
    0x38, 0x04, 0x0e, 0x00, 0x22, 0x02, 0x15, 0x00, 0x70, 0x10, 0x30, 0x00,
    0x02, 0x00, 0x12, 0x03, 0x5c, 0x23, 0x00, 0x00, 0x71, 0x30, 0x32, 0x00,
    0x41, 0x02, 0x0c, 0x00, 0x62, 0x04, 0xfb, 0x00, 0x6e, 0x30, 0xcc, 0x02,
    0x54, 0x00, 0x11, 0x00, 0x10, 0x00, 0x00, 0x00, 0x1c, 0x00, 0x01, 0x00,
    0x01, 0x00, 0x2c, 0x00, 0x04, 0x00, 0x03, 0x00, 0x03, 0x00, 0x00, 0x00,
    0x74, 0xdd, 0x00, 0x00, 0x1b, 0x00, 0x00, 0x00, 0x71, 0x20, 0x01, 0x02,
    0x32, 0x00, 0x0c, 0x02, 0x62, 0x03, 0xe8, 0x00, 0x72, 0x20, 0xd2, 0x02,
    0x23, 0x00, 0x0a, 0x00, 0x38, 0x00, 0x09, 0x00, 0x72, 0x20, 0xd3, 0x02,
    0x23, 0x00, 0x0c, 0x01, 0x1f, 0x01, 0x14, 0x00, 0x11, 0x01, 0x71, 0x20,
    0xb1, 0x01, 0x21, 0x00, 0x0c, 0x01, 0x72, 0x30, 0xd4, 0x02, 0x23, 0x01,
    0x11, 0x01, 0x00, 0x00, 0x02, 0x00, 0x01, 0x00, 0x02, 0x00, 0x01, 0x00,
    0x7f, 0xdd, 0x00, 0x00, 0x18, 0x00, 0x00, 0x00, 0x62, 0x00, 0xee, 0x00,
    0x39, 0x00, 0x13, 0x00, 0x6e, 0x10, 0x08, 0x00, 0x01, 0x00, 0x0c, 0x01,
    0x1a, 0x00, 0x4f, 0x03, 0x71, 0x20, 0x40, 0x00, 0x01, 0x00, 0x0c, 0x01,
    0x69, 0x01, 0xee, 0x00, 0x28, 0x05, 0x62, 0x01, 0x05, 0x00, 0x69, 0x01,
    0xee, 0x00, 0x62, 0x01, 0xee, 0x00, 0x11, 0x01, 0x04, 0x00, 0x00, 0x00,
    0x0c, 0x00, 0x01, 0x00, 0x01, 0x00, 0x11, 0x00, 0x03, 0x00, 0x01, 0x00,
    0x02, 0x00, 0x00, 0x00, 0x88, 0xdd, 0x00, 0x00, 0x16, 0x00, 0x00, 0x00,
    0x22, 0x00, 0x20, 0x00, 0x70, 0x10, 0x44, 0x00, 0x00, 0x00, 0x14, 0x01,
    0xb4, 0x68, 0x54, 0xff, 0x6e, 0x20, 0x45, 0x00, 0x10, 0x00, 0x15, 0x01,
    0xc0, 0x40, 0x71, 0x20, 0xe9, 0x01, 0x12, 0x00, 0x0a, 0x02, 0x82, 0x22,
    0x6e, 0x20, 0x46, 0x00, 0x20, 0x00, 0x11, 0x00, 0x04, 0x00, 0x03, 0x00,
    0x03, 0x00, 0x00, 0x00, 0x90, 0xdd, 0x00, 0x00, 0x1c, 0x00, 0x00, 0x00,
    0x22, 0x00, 0x20, 0x00, 0x70, 0x10, 0x44, 0x00, 0x00, 0x00, 0x6e, 0x20,
    0x45, 0x00, 0x20, 0x00, 0x15, 0x02, 0x00, 0x40, 0x71, 0x20, 0xe9, 0x01,
    0x21, 0x00, 0x0a, 0x02, 0x6e, 0x30, 0x47, 0x00, 0x20, 0x03, 0x15, 0x02,
    0x40, 0x40, 0x71, 0x20, 0xe9, 0x01, 0x21, 0x00, 0x0a, 0x01, 0x82, 0x11,
    0x6e, 0x20, 0x46, 0x00, 0x10, 0x00, 0x11, 0x00, 0x03, 0x00, 0x03, 0x00,
    0x03, 0x00, 0x00, 0x00, 0x9b, 0xdd, 0x00, 0x00, 0x0f, 0x00, 0x00, 0x00,
    0x71, 0x30, 0xe4, 0x01, 0x10, 0x02, 0x0c, 0x01, 0x15, 0x02, 0x40, 0x41,
    0x71, 0x20, 0xe9, 0x01, 0x20, 0x00, 0x0a, 0x00, 0x82, 0x00, 0x6e, 0x20,
    0x46, 0x00, 0x01, 0x00, 0x11, 0x01, 0x00, 0x00, 0x05, 0x00, 0x05, 0x00,
    0x05, 0x00, 0x00, 0x00, 0xa4, 0xdd, 0x00, 0x00, 0x05, 0x00, 0x00, 0x00,
    0x71, 0x54, 0xef, 0x01, 0x10, 0x32, 0x0c, 0x00, 0x11, 0x00, 0x00, 0x00,
    0x13, 0x00, 0x01, 0x00, 0x06, 0x00, 0x00, 0x00, 0xad, 0xdd, 0x00, 0x00,
    0x21, 0x02, 0x00, 0x00, 0x08, 0x01, 0x12, 0x00, 0x71, 0x00, 0xc0, 0x01,
    0x00, 0x00, 0x71, 0x00, 0xf3, 0x01, 0x00, 0x00, 0x0c, 0x03, 0x12, 0x00,
    0x71, 0x20, 0x0c, 0x02, 0x01, 0x00, 0x22, 0x06, 0x43, 0x00, 0x70, 0x20,
    0xab, 0x00, 0x16, 0x00, 0x15, 0x02, 0x00, 0xc0, 0x6e, 0x20, 0xaf, 0x00,
    0x26, 0x00, 0x22, 0x02, 0x69, 0x00, 0x70, 0x10, 0x3b, 0x01, 0x02, 0x00,
    0x6e, 0x20, 0xb3, 0x00, 0x26, 0x00, 0x22, 0x07, 0x47, 0x00, 0x70, 0x20,
    0xc5, 0x00, 0x17, 0x00, 0x12, 0x08, 0x6e, 0x20, 0xd3, 0x00, 0x87, 0x00,
    0x22, 0x02, 0x42, 0x00, 0x12, 0xf9, 0x70, 0x30, 0xa9, 0x00, 0x92, 0x09,
    0x15, 0x0a, 0x60, 0x41, 0x71, 0x20, 0xe9, 0x01, 0xa1, 0x00, 0x0a, 0x04,
    0x71, 0x20, 0xe9, 0x01, 0xa1, 0x00, 0x0a, 0x05, 0x71, 0x20, 0xe9, 0x01,
    0xa1, 0x00, 0x0a, 0x0b, 0x71, 0x20, 0xe9, 0x01, 0xa1, 0x00, 0x0a, 0x0c,
    0x6e, 0x5c, 0xaa, 0x00, 0x42, 0xb5, 0x6e, 0x20, 0xd0, 0x00, 0x27, 0x00,
    0x6e, 0x20, 0xac, 0x00, 0x76, 0x00, 0x69, 0x07, 0xef, 0x00, 0x22, 0x02,
    0x47, 0x00, 0x70, 0x20, 0xc5, 0x00, 0x12, 0x00, 0x12, 0x1b, 0x6e, 0x20,
    0xd3, 0x00, 0xb2, 0x00, 0x14, 0x04, 0x97, 0x52, 0x3f, 0xff, 0x14, 0x05,
    0x25, 0x16, 0x13, 0xff, 0x71, 0x30, 0xe5, 0x01, 0x41, 0x05, 0x0c, 0x0c,
    0x6e, 0x20, 0xcc, 0x00, 0xc2, 0x00, 0x15, 0x0c, 0x20, 0x41, 0x71, 0x20,
    0xe9, 0x01, 0xc1, 0x00, 0x0a, 0x0d, 0x15, 0x0e, 0x00, 0x41, 0x71, 0x20,
    0xe9, 0x01, 0xe1, 0x00, 0x0a, 0x0f, 0x71, 0x20, 0xe9, 0x01, 0xc1, 0x00,
    0x0a, 0x00, 0x71, 0x20, 0xe9, 0x01, 0xe1, 0x00, 0x0a, 0x0a, 0x6e, 0x5a,
    0xd4, 0x00, 0xd2, 0x0f, 0x22, 0x0a, 0x47, 0x00, 0x70, 0x20, 0xc5, 0x00,
    0x1a, 0x00, 0x6e, 0x20, 0xd3, 0x00, 0xba, 0x00, 0x71, 0x30, 0xe5, 0x01,
    0x41, 0x05, 0x0c, 0x00, 0x6e, 0x20, 0xcc, 0x00, 0x0a, 0x00, 0x71, 0x20,
    0xe9, 0x01, 0xc1, 0x00, 0x0a, 0x00, 0x71, 0x20, 0xe9, 0x01, 0xc1, 0x00,
    0x0a, 0x04, 0x71, 0x20, 0xe9, 0x01, 0xc1, 0x00, 0x0a, 0x05, 0x71, 0x20,
    0xe9, 0x01, 0xc1, 0x00, 0x0a, 0x0d, 0x6e, 0x5d, 0xd4, 0x00, 0x0a, 0x54,
    0x22, 0x00, 0x47, 0x00, 0x70, 0x20, 0xc5, 0x00, 0x10, 0x00, 0x6e, 0x20,
    0xd3, 0x00, 0x80, 0x00, 0x13, 0x0d, 0x10, 0x00, 0x6e, 0x20, 0xcf, 0x00,
    0xd0, 0x00, 0x1a, 0x04, 0x93, 0x03, 0x71, 0x20, 0xff, 0x01, 0x41, 0x00,
    0x0c, 0x04, 0x15, 0x05, 0x00, 0x42, 0x71, 0x30, 0xba, 0x01, 0x41, 0x05,
    0x0c, 0x04, 0x6e, 0x20, 0xc6, 0x00, 0x40, 0x00, 0x22, 0x04, 0x47, 0x00,
    0x70, 0x20, 0xc5, 0x00, 0x14, 0x00, 0x6e, 0x20, 0xd3, 0x00, 0xb4, 0x00,
    0x71, 0x20, 0xe9, 0x01, 0xe1, 0x00, 0x0a, 0x05, 0x6e, 0x58, 0xd4, 0x00,
    0x54, 0x88, 0x1a, 0x05, 0xdd, 0x01, 0x15, 0x0f, 0x88, 0x41, 0x71, 0x40,
    0x03, 0x02, 0x51, 0x9f, 0x0c, 0x05, 0x6e, 0x20, 0xc6, 0x00, 0x54, 0x00,
    0x1a, 0x05, 0x33, 0x00, 0x15, 0x0f, 0x10, 0x41, 0x14, 0x0e, 0xea, 0xcb,
    0xc3, 0xff, 0x71, 0x40, 0x03, 0x02, 0x51, 0xef, 0x0c, 0x05, 0x6e, 0x20,
    0xc6, 0x00, 0x54, 0x00, 0x6e, 0x20, 0xc6, 0x00, 0x40, 0x00, 0x6e, 0x20,
    0xc6, 0x00, 0x0a, 0x00, 0x71, 0x10, 0x04, 0x02, 0x01, 0x00, 0x0c, 0x00,
    0x6e, 0x20, 0xc6, 0x00, 0x0a, 0x00, 0x71, 0x10, 0x86, 0x02, 0x01, 0x00,
    0x0c, 0x00, 0x6e, 0x20, 0xc6, 0x00, 0x0a, 0x00, 0x22, 0x00, 0x4b, 0x00,
    0x70, 0x20, 0xe6, 0x00, 0x10, 0x00, 0x22, 0x0f, 0x47, 0x00, 0x70, 0x20,
    0xc5, 0x00, 0x1f, 0x00, 0x6e, 0x20, 0xd3, 0x00, 0xbf, 0x00, 0x6e, 0x20,
    0xe7, 0x00, 0xf0, 0x00, 0x22, 0x04, 0x46, 0x00, 0x15, 0x05, 0x80, 0x3f,
    0x70, 0x40, 0xc3, 0x00, 0x94, 0x58, 0x6e, 0x30, 0xc7, 0x00, 0x0a, 0x04,
    0x21, 0x30, 0x23, 0x04, 0xc4, 0x00, 0x02, 0x10, 0x05, 0x00, 0x01, 0x85,
    0x12, 0x00, 0x21, 0x3b, 0x35, 0xb5, 0x9a, 0x00, 0x46, 0x0b, 0x03, 0x05,
    0x54, 0xb9, 0x94, 0x00, 0x6e, 0x20, 0xa3, 0x02, 0x09, 0x00, 0x0a, 0x09,
    0x39, 0x09, 0x1f, 0x00, 0x54, 0xb0, 0x94, 0x00, 0x71, 0x40, 0x03, 0x02,
    0x01, 0xec, 0x0c, 0x09, 0x15, 0x0e, 0x80, 0x40, 0x71, 0x20, 0xe9, 0x01,
    0xe1, 0x00, 0x0a, 0x0d, 0x08, 0x11, 0x00, 0x00, 0x71, 0x20, 0xe9, 0x01,
    0xc1, 0x00, 0x0a, 0x00, 0x71, 0x20, 0xe9, 0x01, 0xe1, 0x00, 0x0a, 0x0e,
    0x6e, 0x5e, 0xf5, 0x00, 0xd9, 0x80, 0x6e, 0x20, 0xc6, 0x00, 0x9f, 0x00,
    0x28, 0x03, 0x08, 0x11, 0x00, 0x00, 0x22, 0x09, 0x47, 0x00, 0x70, 0x20,
    0xc5, 0x00, 0x19, 0x00, 0x6e, 0x20, 0xd3, 0x00, 0x89, 0x00, 0x13, 0x0d,
    0x10, 0x00, 0x6e, 0x20, 0xcf, 0x00, 0xd9, 0x00, 0x15, 0x00, 0x00, 0x41,
    0x71, 0x20, 0xe9, 0x01, 0x01, 0x00, 0x0a, 0x0e, 0x15, 0x00, 0xc0, 0x40,
    0x71, 0x20, 0xe9, 0x01, 0x01, 0x00, 0x0a, 0x0d, 0x71, 0x20, 0xe9, 0x01,
    0xc1, 0x00, 0x0a, 0x08, 0x71, 0x20, 0xe9, 0x01, 0x01, 0x00, 0x0a, 0x00,
    0x6e, 0x50, 0xd4, 0x00, 0xe9, 0x8d, 0x15, 0x00, 0xb0, 0x41, 0x71, 0x30,
    0xf2, 0x01, 0xb1, 0x00, 0x0c, 0x00, 0x6e, 0x20, 0xc6, 0x00, 0x09, 0x00,
    0x54, 0xb0, 0x9d, 0x00, 0x12, 0xf8, 0x15, 0x0b, 0x60, 0x41, 0x71, 0x40,
    0x03, 0x02, 0x01, 0x8b, 0x0c, 0x00, 0x12, 0x1d, 0x6e, 0x20, 0xf6, 0x00,
    0xd0, 0x00, 0x15, 0x0e, 0x00, 0x41, 0x71, 0x20, 0xe9, 0x01, 0xe1, 0x00,
    0x0a, 0x0b, 0x12, 0x0d, 0x6e, 0x5d, 0xf5, 0x00, 0xb0, 0xdd, 0x6e, 0x20,
    0xc6, 0x00, 0x09, 0x00, 0x22, 0x00, 0x6a, 0x00, 0x02, 0x0b, 0x10, 0x00,
    0x76, 0x06, 0x3d, 0x01, 0x00, 0x00, 0x6e, 0x20, 0xd2, 0x00, 0x09, 0x00,
    0x22, 0x00, 0x46, 0x00, 0x12, 0xed, 0x70, 0x30, 0xc2, 0x00, 0x80, 0x0d,
    0x71, 0x20, 0xe9, 0x01, 0xb1, 0x00, 0x0a, 0x0d, 0x59, 0x0d, 0x13, 0x00,
    0x6e, 0x30, 0xc7, 0x00, 0x9f, 0x00, 0x4d, 0x09, 0x04, 0x05, 0xd8, 0x05,
    0x05, 0x01, 0x01, 0x89, 0x08, 0x00, 0x11, 0x00, 0x12, 0x08, 0x13, 0x0d,
    0x10, 0x00, 0x14, 0x0e, 0xea, 0xcb, 0xc3, 0xff, 0x29, 0x00, 0x67, 0xff,
    0x01, 0x98, 0x02, 0x0b, 0x10, 0x00, 0x22, 0x00, 0x46, 0x00, 0x15, 0x05,
    0x48, 0x43, 0x71, 0x20, 0xe9, 0x01, 0x51, 0x00, 0x0a, 0x05, 0x70, 0x30,
    0xc2, 0x00, 0x50, 0x08, 0x71, 0x20, 0xe9, 0x01, 0xc1, 0x00, 0x0a, 0x05,
    0x59, 0x05, 0x15, 0x00, 0x6e, 0x30, 0xc7, 0x00, 0xa7, 0x00, 0x22, 0x00,
    0x46, 0x00, 0x12, 0x0d, 0x70, 0x40, 0xc3, 0x00, 0xd0, 0xb8, 0x6e, 0x30,
    0xc7, 0x00, 0x27, 0x00, 0x1a, 0x00, 0x98, 0x03, 0x71, 0x20, 0xff, 0x01,
    0x01, 0x00, 0x0c, 0x00, 0x15, 0x05, 0x10, 0x42, 0x71, 0x30, 0xba, 0x01,
    0x01, 0x05, 0x0c, 0x00, 0x15, 0x07, 0x40, 0x40, 0x71, 0x20, 0xe9, 0x01,
    0x71, 0x00, 0x0a, 0x08, 0x71, 0x20, 0xe9, 0x01, 0x71, 0x00, 0x0a, 0x09,
    0x71, 0x20, 0xe9, 0x01, 0x71, 0x00, 0x0a, 0x0a, 0x71, 0x20, 0xe9, 0x01,
    0x71, 0x00, 0x0a, 0x07, 0x6e, 0x57, 0xbd, 0x00, 0x80, 0xa9, 0x22, 0x07,
    0x6b, 0x00, 0x70, 0x10, 0x3f, 0x01, 0x07, 0x00, 0x6e, 0x20, 0xbb, 0x00,
    0x70, 0x00, 0x22, 0x07, 0x42, 0x00, 0x71, 0x20, 0xe9, 0x01, 0x51, 0x00,
    0x0a, 0x08, 0x71, 0x20, 0xe9, 0x01, 0x51, 0x00, 0x0a, 0x05, 0x70, 0x30,
    0xa9, 0x00, 0x87, 0x05, 0x14, 0x05, 0x35, 0x00, 0x80, 0x00, 0x59, 0x75,
    0x0c, 0x00, 0x15, 0x05, 0x80, 0x41, 0x71, 0x20, 0xe9, 0x01, 0x51, 0x00,
    0x0a, 0x05, 0x59, 0x75, 0x10, 0x00, 0x15, 0x05, 0x90, 0x41, 0x71, 0x20,
    0xe9, 0x01, 0x51, 0x00, 0x0a, 0x05, 0x59, 0x75, 0x0f, 0x00, 0x6e, 0x30,
    0xad, 0x00, 0x06, 0x07, 0x12, 0x0d, 0x71, 0x5d, 0xf4, 0x01, 0x21, 0x43,
    0x11, 0x06, 0x00, 0x00, 0x06, 0x00, 0x02, 0x00, 0x05, 0x00, 0x00, 0x00,
    0x0b, 0xde, 0x00, 0x00, 0x30, 0x00, 0x00, 0x00, 0x22, 0x00, 0x47, 0x00,
    0x70, 0x20, 0xc5, 0x00, 0x40, 0x00, 0x12, 0x11, 0x6e, 0x20, 0xd3, 0x00,
    0x10, 0x00, 0x13, 0x01, 0x11, 0x00, 0x6e, 0x20, 0xcf, 0x00, 0x10, 0x00,
    0x22, 0x02, 0x74, 0x00, 0x70, 0x20, 0x79, 0x01, 0x42, 0x00, 0x6e, 0x20,
    0xc6, 0x00, 0x20, 0x00, 0x15, 0x02, 0x30, 0x41, 0x14, 0x03, 0xea, 0xcb,
    0xc3, 0xff, 0x71, 0x40, 0x03, 0x02, 0x54, 0x32, 0x0c, 0x05, 0x6e, 0x20,
    0xf1, 0x00, 0x15, 0x00, 0x15, 0x01, 0x00, 0x41, 0x71, 0x20, 0xe9, 0x01,
    0x14, 0x00, 0x0a, 0x04, 0x12, 0x01, 0x6e, 0x51, 0xf5, 0x00, 0x15, 0x14,
    0x6e, 0x20, 0xc6, 0x00, 0x50, 0x00, 0x11, 0x00, 0x0c, 0x00, 0x02, 0x00,
    0x05, 0x00, 0x00, 0x00, 0x19, 0xde, 0x00, 0x00, 0xc3, 0x00, 0x00, 0x00,
    0x22, 0x00, 0x70, 0x00, 0x12, 0x01, 0x70, 0x20, 0x56, 0x01, 0x10, 0x00,
    0x22, 0x01, 0x47, 0x00, 0x70, 0x20, 0xc5, 0x00, 0xa1, 0x00, 0x12, 0x02,
    0x6e, 0x20, 0xd3, 0x00, 0x21, 0x00, 0x13, 0x03, 0x10, 0x00, 0x6e, 0x20,
    0xcf, 0x00, 0x31, 0x00, 0x15, 0x03, 0x00, 0x41, 0x71, 0x20, 0xe9, 0x01,
    0x3a, 0x00, 0x0a, 0x04, 0x15, 0x05, 0xc0, 0x40, 0x71, 0x20, 0xe9, 0x01,
    0x5a, 0x00, 0x0a, 0x06, 0x71, 0x20, 0xe9, 0x01, 0x3a, 0x00, 0x0a, 0x07,
    0x71, 0x20, 0xe9, 0x01, 0x5a, 0x00, 0x0a, 0x08, 0x6e, 0x58, 0xd4, 0x00,
    0x41, 0x76, 0x71, 0x10, 0xe8, 0x01, 0x0b, 0x00, 0x0c, 0x04, 0x38, 0x04,
    0x07, 0x00, 0x71, 0x20, 0xff, 0x01, 0x4a, 0x00, 0x0c, 0x04, 0x28, 0x09,
    0x62, 0x04, 0xd1, 0x00, 0x44, 0x04, 0x04, 0x0b, 0x71, 0x30, 0x00, 0x02,
    0x2a, 0x04, 0x0c, 0x04, 0x15, 0x06, 0xf0, 0x41, 0x71, 0x30, 0xba, 0x01,
    0x4a, 0x06, 0x0c, 0x04, 0x5b, 0x04, 0x7b, 0x00, 0x54, 0x04, 0x7b, 0x00,
    0x6e, 0x20, 0xc6, 0x00, 0x41, 0x00, 0x22, 0x04, 0x47, 0x00, 0x70, 0x20,
    0xc5, 0x00, 0xa4, 0x00, 0x12, 0x16, 0x6e, 0x20, 0xd3, 0x00, 0x64, 0x00,
    0x71, 0x20, 0xe9, 0x01, 0x3a, 0x00, 0x0a, 0x03, 0x6e, 0x52, 0xd4, 0x00,
    0x34, 0x22, 0x22, 0x03, 0x47, 0x00, 0x70, 0x20, 0xc5, 0x00, 0xa3, 0x00,
    0x6e, 0x20, 0xd3, 0x00, 0x23, 0x00, 0x13, 0x07, 0x50, 0x00, 0x6e, 0x20,
    0xcf, 0x00, 0x73, 0x00, 0x62, 0x07, 0xd3, 0x00, 0x46, 0x07, 0x07, 0x0b,
    0x15, 0x08, 0x50, 0x41, 0x12, 0xf9, 0x71, 0x40, 0x03, 0x02, 0x7a, 0x98,
    0x0c, 0x07, 0x5b, 0x07, 0x7d, 0x00, 0x54, 0x07, 0x7d, 0x00, 0x6e, 0x20,
    0xf6, 0x00, 0x67, 0x00, 0x15, 0x06, 0x30, 0x41, 0x14, 0x07, 0x52, 0xed,
    0x2e, 0xff, 0x1a, 0x08, 0x00, 0x00, 0x71, 0x40, 0x03, 0x02, 0x8a, 0x76,
    0x0c, 0x06, 0x5b, 0x06, 0x7c, 0x00, 0x54, 0x06, 0x7c, 0x00, 0x71, 0x20,
    0xe9, 0x01, 0x5a, 0x00, 0x0a, 0x05, 0x6e, 0x52, 0xf5, 0x00, 0x56, 0x22,
    0x54, 0x05, 0x7d, 0x00, 0x6e, 0x20, 0xc6, 0x00, 0x53, 0x00, 0x54, 0x05,
    0x7c, 0x00, 0x6e, 0x20, 0xc6, 0x00, 0x53, 0x00, 0x6e, 0x20, 0xc6, 0x00,
    0x34, 0x00, 0x62, 0x03, 0xd0, 0x00, 0x46, 0x03, 0x03, 0x0b, 0x15, 0x05,
    0x10, 0x41, 0x14, 0x06, 0xea, 0xcb, 0xc3, 0xff, 0x71, 0x40, 0x03, 0x02,
    0x3a, 0x65, 0x0c, 0x03, 0x5b, 0x03, 0x7a, 0x00, 0x54, 0x03, 0x7a, 0x00,
    0x6e, 0x20, 0xc6, 0x00, 0x34, 0x00, 0x22, 0x03, 0x46, 0x00, 0x12, 0xe5,
    0x15, 0x06, 0x80, 0x3f, 0x70, 0x40, 0xc3, 0x00, 0x23, 0x65, 0x6e, 0x30,
    0xc7, 0x00, 0x41, 0x03, 0x6e, 0x20, 0xd5, 0x00, 0x01, 0x00, 0x71, 0x30,
    0xe2, 0x01, 0x1a, 0x0b, 0x11, 0x01, 0x00, 0x00, 0x0f, 0x00, 0x05, 0x00,
    0x05, 0x00, 0x00, 0x00, 0x3d, 0xde, 0x00, 0x00, 0x76, 0x01, 0x00, 0x00,
    0x20, 0xe0, 0x47, 0x00, 0x38, 0x00, 0x15, 0x00, 0x6e, 0x10, 0x71, 0x00,
    0x0e, 0x00, 0x0c, 0x00, 0x20, 0x00, 0x72, 0x00, 0x38, 0x00, 0x0d, 0x00,
    0x07, 0xe0, 0x1f, 0x00, 0x47, 0x00, 0x6e, 0x10, 0x71, 0x00, 0x0e, 0x00,
    0x0c, 0x0e, 0x1f, 0x0e, 0x72, 0x00, 0x29, 0x00, 0xcd, 0x00, 0x22, 0x0e,
    0x72, 0x00, 0x12, 0x00, 0x70, 0x20, 0x64, 0x01, 0x0e, 0x00, 0x22, 0x01,
    0x47, 0x00, 0x70, 0x20, 0xc5, 0x00, 0xa1, 0x00, 0x12, 0x02, 0x6e, 0x20,
    0xd3, 0x00, 0x21, 0x00, 0x13, 0x03, 0x10, 0x00, 0x6e, 0x20, 0xcf, 0x00,
    0x31, 0x00, 0x15, 0x03, 0xc0, 0x40, 0x71, 0x20, 0xe9, 0x01, 0x3a, 0x00,
    0x0a, 0x04, 0x15, 0x05, 0x80, 0x40, 0x71, 0x20, 0xe9, 0x01, 0x5a, 0x00,
    0x0a, 0x06, 0x71, 0x20, 0xe9, 0x01, 0x3a, 0x00, 0x0a, 0x03, 0x71, 0x20,
    0xe9, 0x01, 0x5a, 0x00, 0x0a, 0x07, 0x6e, 0x57, 0xd4, 0x00, 0x41, 0x36,
    0x15, 0x03, 0xf0, 0x41, 0x71, 0x30, 0xba, 0x01, 0x0a, 0x03, 0x0c, 0x00,
    0x5b, 0xe0, 0x87, 0x00, 0x54, 0xe0, 0x87, 0x00, 0x6e, 0x20, 0xc6, 0x00,
    0x01, 0x00, 0x22, 0x00, 0x47, 0x00, 0x70, 0x20, 0xc5, 0x00, 0xa0, 0x00,
    0x6e, 0x20, 0xd3, 0x00, 0x20, 0x00, 0x13, 0x04, 0x50, 0x00, 0x6e, 0x20,
    0xcf, 0x00, 0x40, 0x00, 0x15, 0x04, 0x00, 0x41, 0x71, 0x20, 0xe9, 0x01,
    0x4a, 0x00, 0x0a, 0x06, 0x6e, 0x52, 0xd4, 0x00, 0x60, 0x22, 0x15, 0x06,
    0x60, 0x41, 0x1a, 0x07, 0x00, 0x00, 0x12, 0xf8, 0x71, 0x40, 0x03, 0x02,
    0x7a, 0x86, 0x0c, 0x06, 0x5b, 0xe6, 0x86, 0x00, 0x15, 0x06, 0x20, 0x41,
    0x14, 0x09, 0xea, 0xcb, 0xc3, 0xff, 0x71, 0x40, 0x03, 0x02, 0x7a, 0x96,
    0x0c, 0x06, 0x5b, 0xe6, 0x85, 0x00, 0x54, 0xe6, 0x85, 0x00, 0x71, 0x20,
    0xe9, 0x01, 0x4a, 0x00, 0x0a, 0x04, 0x15, 0x07, 0x00, 0x40, 0x71, 0x20,
    0xe9, 0x01, 0x7a, 0x00, 0x0a, 0x07, 0x6e, 0x57, 0xf5, 0x00, 0x46, 0x22,
    0x54, 0xe4, 0x86, 0x00, 0x6e, 0x20, 0xc6, 0x00, 0x40, 0x00, 0x54, 0xe4,
    0x85, 0x00, 0x6e, 0x20, 0xc6, 0x00, 0x40, 0x00, 0x22, 0x04, 0x46, 0x00,
    0x15, 0x06, 0x80, 0x3f, 0x12, 0xe7, 0x70, 0x40, 0xc3, 0x00, 0x24, 0x67,
    0x6e, 0x30, 0xc7, 0x00, 0x01, 0x04, 0x22, 0x00, 0x45, 0x00, 0x70, 0x20,
    0xb4, 0x00, 0xa0, 0x00, 0x5b, 0xe0, 0x84, 0x00, 0x54, 0xe0, 0x84, 0x00,
    0x62, 0x02, 0x12, 0x00, 0x6e, 0x20, 0xbf, 0x00, 0x20, 0x00, 0x54, 0xe0,
    0x84, 0x00, 0x71, 0x20, 0xe9, 0x01, 0x5a, 0x00, 0x0a, 0x02, 0x71, 0x20,
    0xe9, 0x01, 0x5a, 0x00, 0x0a, 0x04, 0x71, 0x20, 0xe9, 0x01, 0x5a, 0x00,
    0x0a, 0x06, 0x71, 0x20, 0xe9, 0x01, 0x5a, 0x00, 0x0a, 0x05, 0x6e, 0x55,
    0xbd, 0x00, 0x20, 0x64, 0x54, 0xe0, 0x84, 0x00, 0x22, 0x02, 0x46, 0x00,
    0x15, 0x04, 0x10, 0x42, 0x71, 0x20, 0xe9, 0x01, 0x4a, 0x00, 0x0a, 0x04,
    0x71, 0x20, 0xe9, 0x01, 0x3a, 0x00, 0x0a, 0x03, 0x70, 0x30, 0xc2, 0x00,
    0x42, 0x03, 0x6e, 0x30, 0xc7, 0x00, 0x01, 0x02, 0x22, 0x00, 0x46, 0x00,
    0x70, 0x30, 0xc2, 0x00, 0x80, 0x07, 0x6e, 0x20, 0xd0, 0x00, 0x01, 0x00,
    0x6e, 0x20, 0xd5, 0x00, 0xe1, 0x00, 0x07, 0x10, 0x54, 0xb1, 0x99, 0x00,
    0x44, 0x01, 0x01, 0x0c, 0x6e, 0x20, 0x71, 0x01, 0xcb, 0x00, 0x0c, 0x0c,
    0x38, 0x0c, 0x08, 0x00, 0x6e, 0x10, 0xa4, 0x02, 0x0c, 0x00, 0x0a, 0x02,
    0x39, 0x02, 0x10, 0x00, 0x22, 0x0c, 0xab, 0x00, 0x1a, 0x02, 0x10, 0x00,
    0x70, 0x20, 0xad, 0x02, 0x2c, 0x00, 0x6e, 0x20, 0xaf, 0x02, 0x1c, 0x00,
    0x6e, 0x10, 0xb4, 0x02, 0x0c, 0x00, 0x0c, 0x0c, 0x54, 0xe2, 0x87, 0x00,
    0x6e, 0x10, 0x77, 0x01, 0x0b, 0x00, 0x0a, 0x03, 0x71, 0x40, 0xec, 0x01,
    0x2a, 0x13, 0x54, 0xe2, 0x86, 0x00, 0x6e, 0x20, 0xf7, 0x00, 0xc2, 0x00,
    0x54, 0xec, 0x85, 0x00, 0x6e, 0x10, 0x72, 0x01, 0x0b, 0x00, 0x0a, 0x02,
    0x38, 0x02, 0x11, 0x00, 0x22, 0x02, 0xab, 0x00, 0x1a, 0x03, 0xe8, 0x01,
    0x70, 0x20, 0xad, 0x02, 0x32, 0x00, 0x6e, 0x20, 0xaf, 0x02, 0x12, 0x00,
    0x6e, 0x10, 0xb4, 0x02, 0x02, 0x00, 0x0c, 0x02, 0x28, 0x17, 0x6e, 0x10,
    0x67, 0x01, 0x0b, 0x00, 0x0a, 0x02, 0x38, 0x02, 0x0a, 0x00, 0x22, 0x02,
    0xab, 0x00, 0x1a, 0x03, 0xf7, 0x02, 0x70, 0x20, 0xad, 0x02, 0x32, 0x00,
    0x28, 0xeb, 0x22, 0x02, 0xab, 0x00, 0x1a, 0x03, 0xb5, 0x03, 0x70, 0x20,
    0xad, 0x02, 0x32, 0x00, 0x28, 0xe3, 0x6e, 0x20, 0xf7, 0x00, 0x2c, 0x00,
    0x54, 0xec, 0x84, 0x00, 0x6e, 0x10, 0x72, 0x01, 0x0b, 0x00, 0x0a, 0x02,
    0x38, 0x02, 0x05, 0x00, 0x1a, 0x02, 0xcd, 0x00, 0x28, 0x0c, 0x6e, 0x10,
    0x67, 0x01, 0x0b, 0x00, 0x0a, 0x02, 0x38, 0x02, 0x05, 0x00, 0x1a, 0x02,
    0x27, 0x00, 0x28, 0x03, 0x1a, 0x02, 0x1c, 0x02, 0x6e, 0x20, 0xb8, 0x00,
    0x2c, 0x00, 0x54, 0xec, 0x84, 0x00, 0x6e, 0x10, 0x72, 0x01, 0x0b, 0x00,
    0x0a, 0x02, 0x38, 0x02, 0x05, 0x00, 0x1a, 0x02, 0x9d, 0x03, 0x28, 0x03,
    0x1a, 0x02, 0xa0, 0x03, 0x71, 0x20, 0xff, 0x01, 0x2a, 0x00, 0x0c, 0x02,
    0x71, 0x30, 0xf6, 0x01, 0xca, 0x02, 0x54, 0xea, 0x84, 0x00, 0x22, 0x0c,
    0x5d, 0x00, 0x70, 0x40, 0x22, 0x01, 0xdc, 0x1b, 0x6e, 0x20, 0xbb, 0x00,
    0xca, 0x00, 0x11, 0x00, 0x0c, 0x00, 0x01, 0x00, 0x05, 0x00, 0x00, 0x00,
    0x77, 0xde, 0x00, 0x00, 0x8e, 0x00, 0x00, 0x00, 0x22, 0x00, 0x47, 0x00,
    0x70, 0x20, 0xc5, 0x00, 0xb0, 0x00, 0x12, 0x01, 0x6e, 0x20, 0xd3, 0x00,
    0x10, 0x00, 0x01, 0x12, 0x62, 0x03, 0xe2, 0x00, 0x21, 0x34, 0x15, 0x05,
    0x00, 0x40, 0x35, 0x42, 0x66, 0x00, 0x46, 0x04, 0x03, 0x02, 0x71, 0x20,
    0xff, 0x01, 0x4b, 0x00, 0x0c, 0x04, 0x15, 0x06, 0x08, 0x42, 0x71, 0x30,
    0xba, 0x01, 0x4b, 0x06, 0x0c, 0x04, 0x62, 0x07, 0xe3, 0x00, 0x46, 0x07,
    0x07, 0x02, 0x6e, 0x20, 0xb8, 0x00, 0x74, 0x00, 0x15, 0x07, 0x80, 0x40,
    0x71, 0x20, 0xe9, 0x01, 0x7b, 0x00, 0x0a, 0x08, 0x71, 0x20, 0xe9, 0x01,
    0x7b, 0x00, 0x0a, 0x09, 0x71, 0x20, 0xe9, 0x01, 0x7b, 0x00, 0x0a, 0x0a,
    0x71, 0x20, 0xe9, 0x01, 0x7b, 0x00, 0x0a, 0x07, 0x6e, 0x57, 0xbd, 0x00,
    0x84, 0xa9, 0x14, 0x07, 0x6b, 0x3a, 0x2c, 0xff, 0x14, 0x08, 0x25, 0x16,
    0x13, 0xff, 0x71, 0x30, 0xe4, 0x01, 0x7b, 0x08, 0x0c, 0x07, 0x6e, 0x20,
    0xb7, 0x00, 0x74, 0x00, 0x22, 0x07, 0x50, 0x00, 0x70, 0x40, 0x03, 0x01,
    0xb7, 0x42, 0x6e, 0x20, 0xbb, 0x00, 0x74, 0x00, 0x22, 0x07, 0x46, 0x00,
    0x71, 0x20, 0xe9, 0x01, 0x6b, 0x00, 0x0a, 0x06, 0x15, 0x08, 0x80, 0x3f,
    0x70, 0x40, 0xc3, 0x00, 0x17, 0x86, 0x39, 0x02, 0x04, 0x00, 0x01, 0x16,
    0x28, 0x05, 0x71, 0x20, 0xe9, 0x01, 0x5b, 0x00, 0x0a, 0x06, 0x21, 0x33,
    0xd8, 0x03, 0x03, 0xff, 0x33, 0x32, 0x04, 0x00, 0x01, 0x13, 0x28, 0x05,
    0x71, 0x20, 0xe9, 0x01, 0x5b, 0x00, 0x0a, 0x03, 0x6e, 0x51, 0xc4, 0x00,
    0x67, 0x31, 0x6e, 0x30, 0xc7, 0x00, 0x40, 0x07, 0xd8, 0x02, 0x02, 0x01,
    0x28, 0x96, 0x22, 0x01, 0x46, 0x00, 0x12, 0xf2, 0x12, 0xe3, 0x70, 0x30,
    0xc2, 0x00, 0x21, 0x03, 0x15, 0x02, 0x00, 0x41, 0x71, 0x20, 0xe9, 0x01,
    0x2b, 0x00, 0x0a, 0x02, 0x59, 0x12, 0x16, 0x00, 0x71, 0x20, 0xe9, 0x01,
    0x5b, 0x00, 0x0a, 0x0b, 0x59, 0x1b, 0x13, 0x00, 0x6e, 0x20, 0xd0, 0x00,
    0x10, 0x00, 0x11, 0x00, 0x05, 0x00, 0x03, 0x00, 0x03, 0x00, 0x00, 0x00,
    0x8f, 0xde, 0x00, 0x00, 0x1e, 0x00, 0x00, 0x00, 0x22, 0x00, 0x45, 0x00,
    0x70, 0x20, 0xb4, 0x00, 0x20, 0x00, 0x62, 0x01, 0x12, 0x00, 0x6e, 0x20,
    0xbf, 0x00, 0x10, 0x00, 0x71, 0x30, 0xf6, 0x01, 0x02, 0x03, 0x22, 0x03,
    0x46, 0x00, 0x71, 0x20, 0xe9, 0x01, 0x42, 0x00, 0x0a, 0x01, 0x71, 0x20,
    0xe9, 0x01, 0x42, 0x00, 0x0a, 0x02, 0x70, 0x30, 0xc2, 0x00, 0x13, 0x02,
    0x6e, 0x20, 0xba, 0x00, 0x30, 0x00, 0x11, 0x00, 0x05, 0x00, 0x03, 0x00,
    0x03, 0x00, 0x00, 0x00, 0x9a, 0xde, 0x00, 0x00, 0x31, 0x00, 0x00, 0x00,
    0x54, 0x30, 0x96, 0x00, 0x38, 0x00, 0x17, 0x00, 0x22, 0x00, 0x15, 0x00,
    0x70, 0x10, 0x30, 0x00, 0x00, 0x00, 0x12, 0x01, 0x5c, 0x01, 0x00, 0x00,
    0x54, 0x31, 0x96, 0x00, 0x71, 0x20, 0x31, 0x00, 0x01, 0x00, 0x0c, 0x00,
    0x38, 0x00, 0x07, 0x00, 0x71, 0x30, 0xba, 0x01, 0x02, 0x04, 0x0c, 0x02,
    0x11, 0x02, 0x54, 0x30, 0x95, 0x00, 0x38, 0x00, 0x09, 0x00, 0x54, 0x33,
    0x95, 0x00, 0x71, 0x20, 0xff, 0x01, 0x32, 0x00, 0x0c, 0x03, 0x28, 0x09,
    0x52, 0x30, 0x98, 0x00, 0x52, 0x33, 0x97, 0x00, 0x71, 0x30, 0x00, 0x02,
    0x02, 0x03, 0x0c, 0x03, 0x71, 0x30, 0xba, 0x01, 0x32, 0x04, 0x0c, 0x02,
    0x11, 0x02, 0x00, 0x00, 0x04, 0x00, 0x03, 0x00, 0x04, 0x00, 0x00, 0x00,
    0xa9, 0xde, 0x00, 0x00, 0x06, 0x00, 0x00, 0x00, 0x12, 0x00, 0x71, 0x40,
    0xab, 0x01, 0x21, 0x03, 0x0c, 0x01, 0x11, 0x01, 0x0b, 0x00, 0x04, 0x00,
    0x05, 0x00, 0x00, 0x00, 0xb1, 0xde, 0x00, 0x00, 0x7b, 0x00, 0x00, 0x00,
    0x22, 0x00, 0x47, 0x00, 0x70, 0x20, 0xc5, 0x00, 0x70, 0x00, 0x12, 0x01,
    0x6e, 0x20, 0xd3, 0x00, 0x10, 0x00, 0x13, 0x02, 0x10, 0x00, 0x6e, 0x20,
    0xcf, 0x00, 0x20, 0x00, 0x15, 0x02, 0x20, 0x42, 0x71, 0x20, 0xe9, 0x01,
    0x27, 0x00, 0x0a, 0x02, 0x6e, 0x51, 0xd4, 0x00, 0x10, 0x21, 0x38, 0x0a,
    0x35, 0x00, 0x1a, 0x02, 0xac, 0x03, 0x71, 0x20, 0xff, 0x01, 0x27, 0x00,
    0x0c, 0x02, 0x15, 0x03, 0x08, 0x42, 0x71, 0x30, 0xba, 0x01, 0x27, 0x03,
    0x0c, 0x02, 0x1a, 0x03, 0x97, 0x02, 0x6e, 0x20, 0xb8, 0x00, 0x32, 0x00,
    0x15, 0x03, 0xc0, 0x40, 0x71, 0x20, 0xe9, 0x01, 0x37, 0x00, 0x0a, 0x04,
    0x71, 0x20, 0xe9, 0x01, 0x37, 0x00, 0x0a, 0x05, 0x15, 0x06, 0x20, 0x41,
    0x71, 0x20, 0xe9, 0x01, 0x67, 0x00, 0x0a, 0x06, 0x71, 0x20, 0xe9, 0x01,
    0x37, 0x00, 0x0a, 0x03, 0x6e, 0x53, 0xbd, 0x00, 0x42, 0x65, 0x22, 0x03,
    0x51, 0x00, 0x70, 0x20, 0x05, 0x01, 0xa3, 0x00, 0x6e, 0x20, 0xbb, 0x00,
    0x32, 0x00, 0x6e, 0x20, 0xc6, 0x00, 0x20, 0x00, 0x15, 0x0a, 0xd0, 0x41,
    0x71, 0x30, 0xf2, 0x01, 0x87, 0x0a, 0x0c, 0x0a, 0x6e, 0x20, 0xc6, 0x00,
    0xa0, 0x00, 0x54, 0x88, 0x9d, 0x00, 0x15, 0x0a, 0x88, 0x41, 0x12, 0xf2,
    0x71, 0x40, 0x03, 0x02, 0x87, 0x2a, 0x0c, 0x08, 0x15, 0x0a, 0x00, 0x41,
    0x71, 0x20, 0xe9, 0x01, 0xa7, 0x00, 0x0a, 0x02, 0x6e, 0x51, 0xf5, 0x00,
    0x28, 0x11, 0x12, 0x12, 0x6e, 0x20, 0xf6, 0x00, 0x28, 0x00, 0x6e, 0x20,
    0xc6, 0x00, 0x80, 0x00, 0x38, 0x09, 0x0c, 0x00, 0x71, 0x20, 0xe9, 0x01,
    0xa7, 0x00, 0x0a, 0x07, 0x6e, 0x51, 0xf5, 0x00, 0x79, 0x11, 0x6e, 0x20,
    0xc6, 0x00, 0x90, 0x00, 0x11, 0x00, 0x00, 0x00, 0x05, 0x00, 0x04, 0x00,
    0x03, 0x00, 0x00, 0x00, 0xcb, 0xde, 0x00, 0x00, 0x16, 0x00, 0x00, 0x00,
    0x22, 0x00, 0x6f, 0x00, 0x70, 0x20, 0x4a, 0x01, 0x10, 0x00, 0x6e, 0x20,
    0xf7, 0x00, 0x20, 0x00, 0x71, 0x30, 0xa5, 0x01, 0x01, 0x03, 0x6e, 0x20,
    0xf8, 0x00, 0x40, 0x00, 0x71, 0x10, 0xb7, 0x01, 0x01, 0x00, 0x0c, 0x01,
    0x6e, 0x20, 0xfb, 0x00, 0x10, 0x00, 0x11, 0x00, 0x01, 0x00, 0x01, 0x00,
    0x00, 0x00, 0x00, 0x00, 0xd8, 0xde, 0x00, 0x00, 0x03, 0x00, 0x00, 0x00,
    0x6a, 0x00, 0xea, 0x00, 0x0f, 0x00, 0x00, 0x00, 0x01, 0x00, 0x01, 0x00,
    0x01, 0x00, 0x00, 0x00, 0xd8, 0xde, 0x00, 0x00, 0x05, 0x00, 0x00, 0x00,
    0x71, 0x10, 0xbc, 0x01, 0x00, 0x00, 0x0a, 0x00, 0x0f, 0x00, 0x00, 0x00,
    0x01, 0x00, 0x01, 0x00, 0x01, 0x00, 0x00, 0x00, 0xd8, 0xde, 0x00, 0x00,
    0x05, 0x00, 0x00, 0x00, 0x71, 0x10, 0xbf, 0x01, 0x00, 0x00, 0x0a, 0x00,
    0x0f, 0x00, 0x00, 0x00, 0x02, 0x00, 0x01, 0x00, 0x00, 0x00, 0x00, 0x00,
    0xdd, 0xde, 0x00, 0x00, 0x0b, 0x00, 0x00, 0x00, 0x62, 0x00, 0xd2, 0x00,
    0x46, 0x01, 0x00, 0x01, 0x21, 0x11, 0x39, 0x01, 0x04, 0x00, 0x12, 0x11,
    0x0f, 0x01, 0x12, 0x01, 0x0f, 0x01, 0x00, 0x00, 0x02, 0x00, 0x01, 0x00,
    0x01, 0x00, 0x00, 0x00, 0xe3, 0xde, 0x00, 0x00, 0x10, 0x00, 0x00, 0x00,
    0x71, 0x10, 0xbc, 0x01, 0x01, 0x00, 0x0a, 0x00, 0x39, 0x00, 0x0a, 0x00,
    0x71, 0x10, 0xbf, 0x01, 0x01, 0x00, 0x0a, 0x01, 0x39, 0x01, 0x04, 0x00,
    0x12, 0x11, 0x0f, 0x01, 0x12, 0x01, 0x0f, 0x01, 0x04, 0x00, 0x01, 0x00,
    0x02, 0x00, 0x00, 0x00, 0xe9, 0xde, 0x00, 0x00, 0x29, 0x00, 0x00, 0x00,
    0x62, 0x00, 0x01, 0x01, 0x6e, 0x20, 0xcb, 0x02, 0x30, 0x00, 0x0c, 0x00,
    0x1f, 0x00, 0xb0, 0x00, 0x12, 0x01, 0x39, 0x00, 0x03, 0x00, 0x0f, 0x01,
    0x6e, 0x10, 0xc3, 0x02, 0x00, 0x00, 0x0c, 0x00, 0x72, 0x10, 0xce, 0x02,
    0x00, 0x00, 0x0a, 0x02, 0x38, 0x02, 0x14, 0x00, 0x72, 0x10, 0xcf, 0x02,
    0x00, 0x00, 0x0c, 0x02, 0x1f, 0x02, 0x45, 0x00, 0x6e, 0x10, 0xb5, 0x00,
    0x02, 0x00, 0x0c, 0x02, 0x6e, 0x20, 0xa3, 0x02, 0x23, 0x00, 0x0a, 0x02,
    0x38, 0x02, 0xec, 0xff, 0x12, 0x13, 0x0f, 0x03, 0x0f, 0x01, 0x00, 0x00,
    0x02, 0x00, 0x01, 0x00, 0x00, 0x00, 0x00, 0x00, 0x00, 0x00, 0x00, 0x00,
    0x0d, 0x00, 0x00, 0x00, 0x13, 0x00, 0x13, 0x00, 0x32, 0x01, 0x09, 0x00,
    0x13, 0x00, 0x14, 0x00, 0x33, 0x01, 0x03, 0x00, 0x28, 0x03, 0x12, 0x01,
    0x0f, 0x01, 0x12, 0x11, 0x0f, 0x01, 0x00, 0x00, 0x01, 0x00, 0x00, 0x00,
    0x00, 0x00, 0x00, 0x00, 0xf0, 0xde, 0x00, 0x00, 0x05, 0x00, 0x00, 0x00,
    0x71, 0x00, 0xa8, 0x01, 0x00, 0x00, 0x0c, 0x00, 0x11, 0x00, 0x00, 0x00,
    0x01, 0x00, 0x00, 0x00, 0x00, 0x00, 0x00, 0x00, 0xf0, 0xde, 0x00, 0x00,
    0x03, 0x00, 0x00, 0x00, 0x62, 0x00, 0xe9, 0x00, 0x11, 0x00, 0x00, 0x00,
    0x01, 0x00, 0x01, 0x00, 0x00, 0x00, 0x00, 0x00, 0xd8, 0xde, 0x00, 0x00,
    0x03, 0x00, 0x00, 0x00, 0x69, 0x00, 0xe9, 0x00, 0x11, 0x00, 0x00, 0x00,
    0x09, 0x00, 0x00, 0x00, 0x03, 0x00, 0x00, 0x00, 0xf4, 0xde, 0x00, 0x00,
    0xbc, 0x00, 0x00, 0x00, 0x71, 0x00, 0x50, 0x00, 0x00, 0x00, 0x0b, 0x00,
    0x71, 0x00, 0xca, 0x01, 0x00, 0x00, 0x0c, 0x02, 0x16, 0x03, 0x50, 0x00,
    0x39, 0x02, 0x06, 0x00, 0x71, 0x20, 0xfb, 0x01, 0x43, 0x00, 0x28, 0xf5,
    0x71, 0x00, 0xd3, 0x01, 0x00, 0x00, 0x0c, 0x05, 0x39, 0x05, 0x06, 0x00,
    0x71, 0x20, 0xfb, 0x01, 0x43, 0x00, 0x28, 0xf7, 0x71, 0x00, 0x50, 0x00,
    0x00, 0x00, 0x0b, 0x03, 0x22, 0x06, 0x6c, 0x00, 0x12, 0x07, 0x70, 0x20,
    0x42, 0x01, 0x76, 0x00, 0x5b, 0x62, 0x69, 0x00, 0x5b, 0x65, 0x6d, 0x00,
    0x71, 0x00, 0xd2, 0x01, 0x00, 0x00, 0x0c, 0x07, 0x5b, 0x67, 0x6c, 0x00,
    0x21, 0x27, 0x71, 0x10, 0xf5, 0x01, 0x07, 0x00, 0x0c, 0x07, 0x5b, 0x67,
    0x62, 0x00, 0x21, 0x57, 0x71, 0x10, 0xf5, 0x01, 0x07, 0x00, 0x0c, 0x07,
    0x5b, 0x67, 0x63, 0x00, 0x71, 0x00, 0xc9, 0x01, 0x00, 0x00, 0x0c, 0x07,
    0x71, 0x20, 0xfc, 0x01, 0x27, 0x00, 0x0c, 0x07, 0x5b, 0x67, 0x67, 0x00,
    0x71, 0x00, 0xc9, 0x01, 0x00, 0x00, 0x0c, 0x07, 0x71, 0x00, 0xcb, 0x01,
    0x00, 0x00, 0x0c, 0x08, 0x71, 0x30, 0xfd, 0x01, 0x87, 0x02, 0x0c, 0x07,
    0x5b, 0x67, 0x68, 0x00, 0x71, 0x00, 0xd1, 0x01, 0x00, 0x00, 0x0c, 0x07,
    0x12, 0x58, 0x71, 0x30, 0xfe, 0x01, 0x57, 0x08, 0x0c, 0x07, 0x5b, 0x67,
    0x6b, 0x00, 0x71, 0x10, 0xe1, 0x01, 0x02, 0x00, 0x0c, 0x02, 0x5b, 0x62,
    0x6a, 0x00, 0x71, 0x10, 0xe1, 0x01, 0x05, 0x00, 0x0c, 0x02, 0x5b, 0x62,
    0x6e, 0x00, 0x71, 0x00, 0xc5, 0x01, 0x00, 0x00, 0x0c, 0x02, 0x38, 0x02,
    0x03, 0x00, 0x28, 0x04, 0x12, 0x02, 0x23, 0x22, 0xc9, 0x00, 0x5b, 0x62,
    0x65, 0x00, 0x54, 0x62, 0x65, 0x00, 0x71, 0x10, 0xe1, 0x01, 0x02, 0x00,
    0x0c, 0x02, 0x5b, 0x62, 0x66, 0x00, 0x54, 0x62, 0x65, 0x00, 0x71, 0x10,
    0xe0, 0x01, 0x02, 0x00, 0x0c, 0x02, 0x5b, 0x62, 0x61, 0x00, 0x71, 0x00,
    0xc4, 0x01, 0x00, 0x00, 0x0c, 0x02, 0x54, 0x65, 0x65, 0x00, 0x12, 0x77,
    0x71, 0x30, 0xfe, 0x01, 0x52, 0x07, 0x0c, 0x02, 0x5b, 0x62, 0x64, 0x00,
    0x22, 0x02, 0xab, 0x00, 0x1a, 0x05, 0xe4, 0x03, 0x70, 0x20, 0xad, 0x02,
    0x52, 0x00, 0x9c, 0x00, 0x03, 0x00, 0x6e, 0x30, 0xb0, 0x02, 0x02, 0x01,
    0x1a, 0x00, 0x0d, 0x00, 0x6e, 0x20, 0xb2, 0x02, 0x02, 0x00, 0x71, 0x00,
    0x50, 0x00, 0x00, 0x00, 0x0b, 0x00, 0xbc, 0x30, 0x6e, 0x30, 0xb0, 0x02,
    0x02, 0x01, 0x1a, 0x00, 0x0c, 0x00, 0x6e, 0x20, 0xb2, 0x02, 0x02, 0x00,
    0x6e, 0x10, 0xb4, 0x02, 0x02, 0x00, 0x0c, 0x00, 0x1a, 0x01, 0x40, 0x00,
    0x71, 0x20, 0x65, 0x00, 0x01, 0x00, 0x11, 0x06, 0x0e, 0x00, 0x05, 0x00,
    0x06, 0x00, 0x00, 0x00, 0x13, 0xdf, 0x00, 0x00, 0x35, 0x00, 0x00, 0x00,
    0x62, 0x00, 0xdf, 0x00, 0x46, 0x00, 0x00, 0x0a, 0x21, 0x01, 0x12, 0x12,
    0xb0, 0x21, 0x23, 0x18, 0xc5, 0x00, 0x1a, 0x01, 0x63, 0x02, 0x12, 0xf3,
    0x71, 0x40, 0x6c, 0x01, 0xa1, 0xd3, 0x0c, 0x01, 0x12, 0x03, 0x4d, 0x01,
    0x08, 0x03, 0x21, 0x01, 0x35, 0x12, 0x0d, 0x00, 0x46, 0x01, 0x00, 0x02,
    0x71, 0x40, 0x6c, 0x01, 0xa1, 0xd2, 0x0c, 0x01, 0x4d, 0x01, 0x08, 0x02,
    0xd8, 0x02, 0x02, 0x01, 0x28, 0xf3, 0x21, 0x01, 0x46, 0x00, 0x00, 0x03,
    0x71, 0x40, 0x6c, 0x01, 0xa0, 0xd3, 0x0c, 0x0a, 0x4d, 0x0a, 0x08, 0x01,
    0x1a, 0x03, 0xc8, 0x00, 0x12, 0x07, 0x07, 0x94, 0x07, 0xb5, 0x01, 0xc6,
    0x77, 0x06, 0x6a, 0x01, 0x03, 0x00, 0x0c, 0x09, 0x11, 0x09, 0x00, 0x00,
    0x13, 0x00, 0x00, 0x00, 0x06, 0x00, 0x00, 0x00, 0x22, 0xdf, 0x00, 0x00,
    0x28, 0x01, 0x00, 0x00, 0x22, 0x00, 0xb0, 0x00, 0x70, 0x10, 0xbb, 0x02,
    0x00, 0x00, 0x1a, 0x01, 0x54, 0x02, 0x13, 0x02, 0x11, 0x0e, 0x71, 0x20,
    0x75, 0x01, 0x21, 0x00, 0x0c, 0x01, 0x6e, 0x20, 0xbe, 0x02, 0x10, 0x00,
    0x71, 0x10, 0xa4, 0x01, 0x00, 0x00, 0x1a, 0x01, 0x64, 0x02, 0x12, 0xf2,
    0x1a, 0x03, 0xa8, 0x03, 0x12, 0x04, 0x13, 0x05, 0xe7, 0x03, 0x71, 0x55,
    0x6d, 0x01, 0x21, 0x43, 0x0c, 0x01, 0x6e, 0x20, 0xbe, 0x02, 0x10, 0x00,
    0x1a, 0x01, 0xa6, 0x03, 0x1a, 0x03, 0x71, 0x00, 0x12, 0x16, 0x71, 0x56,
    0xaf, 0x01, 0x63, 0x41, 0x0c, 0x01, 0x6e, 0x20, 0xbe, 0x02, 0x10, 0x00,
    0x1a, 0x01, 0xa7, 0x03, 0x1a, 0x03, 0x4a, 0x05, 0x12, 0x27, 0x71, 0x56,
    0xaf, 0x01, 0x73, 0x41, 0x0c, 0x01, 0x6e, 0x20, 0xbe, 0x02, 0x10, 0x00,
    0x1a, 0x01, 0xa5, 0x03, 0x1a, 0x03, 0xcd, 0x01, 0x12, 0x38, 0x71, 0x56,
    0xaf, 0x01, 0x83, 0x41, 0x0c, 0x01, 0x6e, 0x20, 0xbe, 0x02, 0x10, 0x00,
    0x1a, 0x01, 0xa4, 0x03, 0x1a, 0x03, 0xce, 0x00, 0x12, 0x49, 0x71, 0x56,
    0xaf, 0x01, 0x93, 0x41, 0x0c, 0x01, 0x6e, 0x20, 0xbe, 0x02, 0x10, 0x00,
    0x13, 0x01, 0x28, 0x00, 0x1a, 0x03, 0xe3, 0x01, 0x12, 0x5a, 0x12, 0x0b,
    0x71, 0x55, 0xaf, 0x01, 0xa3, 0x1b, 0x0c, 0x01, 0x6e, 0x20, 0xbe, 0x02,
    0x10, 0x00, 0x13, 0x01, 0xc1, 0x0d, 0x1a, 0x03, 0xa2, 0x00, 0x12, 0x6c,
    0x71, 0x56, 0xaf, 0x01, 0xc3, 0x1b, 0x0c, 0x01, 0x6e, 0x20, 0xbe, 0x02,
    0x10, 0x00, 0x12, 0x71, 0x1a, 0x03, 0xa2, 0x03, 0x1a, 0x0d, 0x22, 0x00,
    0x71, 0x56, 0xaf, 0x01, 0x1d, 0x43, 0x0c, 0x01, 0x6e, 0x20, 0xbe, 0x02,
    0x10, 0x00, 0x13, 0x01, 0x08, 0x00, 0x13, 0x03, 0xe7, 0x00, 0x1a, 0x0d,
    0x29, 0x00, 0x71, 0x56, 0xaf, 0x01, 0x1d, 0x3b, 0x0c, 0x01, 0x6e, 0x20,
    0xbe, 0x02, 0x10, 0x00, 0x13, 0x01, 0x09, 0x00, 0x1a, 0x03, 0xaa, 0x03,
    0x1a, 0x0d, 0x27, 0x02, 0x71, 0x55, 0xaf, 0x01, 0x1d, 0x43, 0x0c, 0x01,
    0x6e, 0x20, 0xbe, 0x02, 0x10, 0x00, 0x13, 0x01, 0x0a, 0x00, 0x1a, 0x03,
    0xa3, 0x03, 0x1a, 0x0d, 0x39, 0x00, 0x71, 0x55, 0xaf, 0x01, 0x1d, 0x43,
    0x0c, 0x01, 0x6e, 0x20, 0xbe, 0x02, 0x10, 0x00, 0x13, 0x01, 0x1d, 0x00,
    0x1a, 0x03, 0x09, 0x02, 0x71, 0x55, 0xaf, 0x01, 0x43, 0x1b, 0x0c, 0x01,
    0x6e, 0x20, 0xbe, 0x02, 0x10, 0x00, 0x23, 0xc1, 0xc5, 0x00, 0x1a, 0x05,
    0x63, 0x02, 0x71, 0x20, 0x73, 0x01, 0x25, 0x00, 0x0c, 0x0b, 0x4d, 0x0b,
    0x01, 0x04, 0x1a, 0x0b, 0x64, 0x00, 0x71, 0x20, 0x73, 0x01, 0x6b, 0x00,
    0x0c, 0x0b, 0x4d, 0x0b, 0x01, 0x06, 0x1a, 0x0b, 0xde, 0x01, 0x71, 0x20,
    0x73, 0x01, 0x7b, 0x00, 0x0c, 0x0b, 0x4d, 0x0b, 0x01, 0x07, 0x1a, 0x07,
    0xe0, 0x01, 0x71, 0x20, 0x73, 0x01, 0x87, 0x00, 0x0c, 0x07, 0x4d, 0x07,
    0x01, 0x08, 0x1a, 0x07, 0x73, 0x00, 0x71, 0x20, 0x73, 0x01, 0x97, 0x00,
    0x0c, 0x07, 0x4d, 0x07, 0x01, 0x09, 0x71, 0x20, 0x73, 0x01, 0x43, 0x00,
    0x0c, 0x03, 0x4d, 0x03, 0x01, 0x0a, 0x13, 0x10, 0x00, 0x00, 0x13, 0x11,
    0x01, 0x00, 0x1a, 0x0d, 0xcb, 0x01, 0x1a, 0x0e, 0xef, 0x01, 0x1a, 0x0f,
    0xa9, 0x03, 0x08, 0x12, 0x01, 0x00, 0x77, 0x06, 0x6a, 0x01, 0x0d, 0x00,
    0x0c, 0x01, 0x6e, 0x20, 0xbe, 0x02, 0x10, 0x00, 0x62, 0x01, 0xaa, 0x00,
    0x21, 0x11, 0xb0, 0x61, 0x23, 0x1c, 0xc5, 0x00, 0x71, 0x20, 0x68, 0x01,
    0x25, 0x00, 0x0c, 0x01, 0x4d, 0x01, 0x0c, 0x04, 0x62, 0x01, 0xaa, 0x00,
    0x21, 0x12, 0x35, 0x26, 0x0d, 0x00, 0x46, 0x01, 0x01, 0x06, 0x71, 0x20,
    0x68, 0x01, 0x61, 0x00, 0x0c, 0x01, 0x4d, 0x01, 0x0c, 0x06, 0xd8, 0x06,
    0x06, 0x01, 0x28, 0xf1, 0x21, 0x12, 0x46, 0x01, 0x01, 0x04, 0x71, 0x20,
    0x68, 0x01, 0x41, 0x00, 0x0c, 0x01, 0x4d, 0x01, 0x0c, 0x02, 0x12, 0x3a,
    0x12, 0x2b, 0x1a, 0x07, 0x31, 0x00, 0x1a, 0x08, 0x3d, 0x00, 0x12, 0x09,
    0x77, 0x06, 0x6a, 0x01, 0x07, 0x00, 0x0c, 0x01, 0x6e, 0x20, 0xbe, 0x02,
    0x10, 0x00, 0x23, 0x41, 0xc5, 0x00, 0x6e, 0x20, 0xc6, 0x02, 0x10, 0x00,
    0x0c, 0x00, 0x1f, 0x00, 0xc5, 0x00, 0x11, 0x00, 0x01, 0x00, 0x01, 0x00,
    0x01, 0x00, 0x00, 0x00, 0xd8, 0xde, 0x00, 0x00, 0x05, 0x00, 0x00, 0x00,
    0x71, 0x10, 0xa6, 0x01, 0x00, 0x00, 0x0a, 0x00, 0x0f, 0x00, 0x00, 0x00,
    0x02, 0x00, 0x01, 0x00, 0x01, 0x00, 0x00, 0x00, 0x44, 0xdf, 0x00, 0x00,
    0x10, 0x00, 0x00, 0x00, 0x71, 0x10, 0xb0, 0x01, 0x01, 0x00, 0x0a, 0x01,
    0x15, 0x00, 0x1b, 0x44, 0x2e, 0x01, 0x01, 0x00, 0x3b, 0x01, 0x05, 0x00,
    0x15, 0x01, 0xb4, 0x42, 0x0f, 0x01, 0x15, 0x01, 0x0c, 0x43, 0x0f, 0x01,
    0x02, 0x00, 0x01, 0x00, 0x01, 0x00, 0x00, 0x00, 0x4a, 0xdf, 0x00, 0x00,
    0x0b, 0x00, 0x00, 0x00, 0x71, 0x10, 0x0b, 0x02, 0x01, 0x00, 0x0a, 0x01,
    0x15, 0x00, 0x48, 0x43, 0xc7, 0x01, 0x15, 0x00, 0x68, 0x42, 0xc7, 0x01,
    0x0f, 0x01, 0x00, 0x00, 0x04, 0x00, 0x01, 0x00, 0x02, 0x00, 0x00, 0x00,
    0x50, 0xdf, 0x00, 0x00, 0x3a, 0x00, 0x00, 0x00, 0x60, 0x00, 0xfd, 0x00,
    0x12, 0x01, 0x2d, 0x00, 0x00, 0x01, 0x39, 0x00, 0x32, 0x00, 0x6e, 0x10,
    0x0a, 0x00, 0x03, 0x00, 0x0c, 0x03, 0x6e, 0x10, 0x2a, 0x00, 0x03, 0x00,
    0x0c, 0x03, 0x52, 0x30, 0x09, 0x00, 0x52, 0x31, 0x08, 0x00, 0x71, 0x20,
    0x9c, 0x02, 0x10, 0x00, 0x0a, 0x00, 0x82, 0x00, 0x52, 0x31, 0x09, 0x00,
    0x52, 0x32, 0x08, 0x00, 0x71, 0x20, 0x9a, 0x02, 0x21, 0x00, 0x0a, 0x01,
    0x82, 0x11, 0x15, 0x02, 0x0c, 0x44, 0xc9, 0x20, 0x14, 0x02, 0x33, 0x33,
    0x73, 0x3f, 0x52, 0x33, 0x07, 0x00, 0xc8, 0x23, 0x71, 0x20, 0x99, 0x02,
    0x30, 0x00, 0x0a, 0x03, 0x15, 0x00, 0x3e, 0x44, 0xc9, 0x01, 0x71, 0x20,
    0x9b, 0x02, 0x13, 0x00, 0x0a, 0x03, 0x67, 0x03, 0xfd, 0x00, 0x60, 0x03,
    0xfd, 0x00, 0x0f, 0x03, 0x03, 0x00, 0x01, 0x00, 0x02, 0x00, 0x00, 0x00,
    0x5c, 0xdf, 0x00, 0x00, 0x17, 0x00, 0x00, 0x00, 0x6e, 0x10, 0x0a, 0x00,
    0x02, 0x00, 0x0c, 0x00, 0x6e, 0x10, 0x2a, 0x00, 0x00, 0x00, 0x0c, 0x00,
    0x52, 0x01, 0x09, 0x00, 0x52, 0x00, 0x08, 0x00, 0x71, 0x20, 0x9a, 0x02,
    0x01, 0x00, 0x0a, 0x00, 0x82, 0x00, 0x71, 0x10, 0x08, 0x02, 0x02, 0x00,
    0x0a, 0x02, 0xc9, 0x20, 0x0f, 0x00, 0x00, 0x00, 0x03, 0x00, 0x03, 0x00,
    0x03, 0x00, 0x00, 0x00, 0x63, 0xdf, 0x00, 0x00, 0x05, 0x00, 0x00, 0x00,
    0x71, 0x30, 0xae, 0x01, 0x10, 0x02, 0x0a, 0x00, 0x0f, 0x00, 0x00, 0x00,
    0x01, 0x00, 0x00, 0x00, 0x00, 0x00, 0x00, 0x00, 0xf0, 0xde, 0x00, 0x00,
    0x03, 0x00, 0x00, 0x00, 0x60, 0x00, 0xeb, 0x00, 0x0f, 0x00, 0x00, 0x00,
    0x04, 0x00, 0x03, 0x00, 0x01, 0x00, 0x00, 0x00, 0x6a, 0xdf, 0x00, 0x00,
    0x15, 0x00, 0x00, 0x00, 0x35, 0x23, 0x03, 0x00, 0x01, 0x23, 0x82, 0x22,
    0x2e, 0x00, 0x01, 0x02, 0x3b, 0x00, 0x04, 0x00, 0x01, 0x21, 0x28, 0x07,
    0x82, 0x32, 0x2d, 0x03, 0x01, 0x02, 0x3d, 0x03, 0x03, 0x00, 0x28, 0xf9,
    0x71, 0x10, 0x9d, 0x02, 0x01, 0x00, 0x0a, 0x01, 0x0f, 0x01, 0x00, 0x00,
    0x04, 0x00, 0x01, 0x00, 0x00, 0x00, 0x00, 0x00, 0x72, 0xdf, 0x00, 0x00,
    0x1e, 0x00, 0x00, 0x00, 0x62, 0x00, 0xe9, 0x00, 0x12, 0x11, 0x38, 0x00,
    0x1a, 0x00, 0x54, 0x02, 0x6c, 0x00, 0x38, 0x02, 0x16, 0x00, 0x3a, 0x03,
    0x14, 0x00, 0x54, 0x02, 0x6c, 0x00, 0x21, 0x22, 0x34, 0x23, 0x03, 0x00,
    0x28, 0x0d, 0x54, 0x02, 0x6c, 0x00, 0x44, 0x02, 0x02, 0x03, 0x35, 0x12,
    0x03, 0x00, 0x0f, 0x01, 0x54, 0x00, 0x6c, 0x00, 0x44, 0x03, 0x00, 0x03,
    0x0f, 0x03, 0x0f, 0x01, 0x02, 0x00, 0x01, 0x00, 0x01, 0x00, 0x00, 0x00,
    0x7a, 0xdf, 0x00, 0x00, 0x11, 0x00, 0x00, 0x00, 0x71, 0x10, 0xb0, 0x01,
    0x01, 0x00, 0x0a, 0x01, 0x15, 0x00, 0x70, 0x43, 0xc9, 0x01, 0x87, 0x11,
    0x12, 0x20, 0x35, 0x01, 0x03, 0x00, 0x0f, 0x00, 0x12, 0x40, 0x37, 0x01,
    0x03, 0x00, 0x0f, 0x00, 0x0f, 0x01, 0x00, 0x00, 0x02, 0x00, 0x02, 0x00,
    0x01, 0x00, 0x00, 0x00, 0x80, 0xdf, 0x00, 0x00, 0x0a, 0x00, 0x00, 0x00,
    0x71, 0x10, 0x08, 0x02, 0x00, 0x00, 0x0a, 0x00, 0xc8, 0x01, 0x71, 0x10,
    0x9d, 0x02, 0x01, 0x00, 0x0a, 0x00, 0x0f, 0x00, 0x01, 0x00, 0x00, 0x00,
    0x00, 0x00, 0x00, 0x00, 0xf0, 0xde, 0x00, 0x00, 0x03, 0x00, 0x00, 0x00,
    0x62, 0x00, 0xf8, 0x00, 0x11, 0x00, 0x00, 0x00, 0x01, 0x00, 0x01, 0x00,
    0x01, 0x00, 0x00, 0x00, 0xd8, 0xde, 0x00, 0x00, 0x05, 0x00, 0x00, 0x00,
    0x71, 0x10, 0xa7, 0x01, 0x00, 0x00, 0x0c, 0x00, 0x11, 0x00, 0x00, 0x00,
    0x08, 0x00, 0x01, 0x00, 0x02, 0x00, 0x00, 0x00, 0x87, 0xdf, 0x00, 0x00,
    0x31, 0x00, 0x00, 0x00, 0x62, 0x00, 0x03, 0x01, 0x54, 0x77, 0x6b, 0x00,
    0x12, 0x11, 0x46, 0x07, 0x07, 0x01, 0x21, 0x71, 0x12, 0x02, 0x01, 0x23,
    0x01, 0x34, 0x35, 0x13, 0x0d, 0x00, 0x44, 0x05, 0x07, 0x03, 0x60, 0x06,
    0x00, 0x01, 0x34, 0x65, 0x04, 0x00, 0xd8, 0x04, 0x04, 0x01, 0xd8, 0x03,
    0x03, 0x01, 0x28, 0xf4, 0x21, 0x01, 0xb0, 0x41, 0x71, 0x20, 0xc7, 0x02,
    0x10, 0x00, 0x0c, 0x01, 0x21, 0x00, 0x21, 0x73, 0x35, 0x32, 0x10, 0x00,
    0x44, 0x04, 0x07, 0x02, 0x60, 0x05, 0x00, 0x01, 0x34, 0x54, 0x07, 0x00,
    0xd8, 0x05, 0x00, 0x01, 0x4b, 0x04, 0x01, 0x00, 0x01, 0x50, 0xd8, 0x02,
    0x02, 0x01, 0x28, 0xf1, 0x11, 0x01, 0x00, 0x00, 0x06, 0x00, 0x01, 0x00,
    0x00, 0x00, 0x00, 0x00, 0x94, 0xdf, 0x00, 0x00, 0x22, 0x00, 0x00, 0x00,
    0x12, 0x00, 0x12, 0x11, 0x01, 0x03, 0x01, 0x12, 0x21, 0x54, 0x35, 0x42,
    0x0b, 0x00, 0x46, 0x04, 0x05, 0x02, 0x38, 0x04, 0x04, 0x00, 0xd8, 0x03,
    0x03, 0x01, 0xd8, 0x02, 0x02, 0x01, 0x28, 0xf5, 0x23, 0x32, 0xc3, 0x00,
    0x21, 0x53, 0x35, 0x31, 0x0e, 0x00, 0x46, 0x03, 0x05, 0x01, 0x38, 0x03,
    0x07, 0x00, 0xd8, 0x03, 0x00, 0x01, 0x4b, 0x01, 0x02, 0x00, 0x01, 0x30,
    0xd8, 0x01, 0x01, 0x01, 0x28, 0xf2, 0x11, 0x02, 0x04, 0x00, 0x01, 0x00,
    0x02, 0x00, 0x00, 0x00, 0x9c, 0xdf, 0x00, 0x00, 0x12, 0x00, 0x00, 0x00,
    0xd8, 0x03, 0x03, 0xff, 0x12, 0x00, 0x71, 0x20, 0x9a, 0x02, 0x30, 0x00,
    0x0a, 0x03, 0x23, 0x31, 0xc3, 0x00, 0x35, 0x30, 0x08, 0x00, 0xd8, 0x02,
    0x00, 0x01, 0x4b, 0x02, 0x01, 0x00, 0x01, 0x20, 0x28, 0xf9, 0x11, 0x01,
    0x0b, 0x00, 0x02, 0x00, 0x02, 0x00, 0x00, 0x00, 0xa3, 0xdf, 0x00, 0x00,
    0x4e, 0x00, 0x00, 0x00, 0x13, 0x00, 0x0b, 0x00, 0x23, 0x01, 0xc3, 0x00,
    0x12, 0x02, 0x39, 0x09, 0x04, 0x00, 0x01, 0x23, 0x28, 0x07, 0x21, 0x93,
    0x21, 0xa4, 0x71, 0x20, 0x9c, 0x02, 0x43, 0x00, 0x0a, 0x03, 0x12, 0x14,
    0x01, 0x45, 0x35, 0x35, 0x14, 0x00, 0x48, 0x06, 0x09, 0x05, 0xd5, 0x66,
    0xff, 0x00, 0x35, 0x06, 0x0b, 0x00, 0x46, 0x07, 0x0a, 0x05, 0x38, 0x07,
    0x07, 0x00, 0x44, 0x07, 0x01, 0x06, 0xb0, 0x47, 0x4b, 0x07, 0x01, 0x06,
    0xd8, 0x05, 0x05, 0x01, 0x28, 0xed, 0x23, 0x05, 0xca, 0x00, 0x35, 0x02,
    0x0b, 0x00, 0x44, 0x06, 0x01, 0x02, 0x23, 0x66, 0xc3, 0x00, 0x4d, 0x06,
    0x05, 0x02, 0xd8, 0x02, 0x02, 0x01, 0x28, 0xf6, 0x23, 0x01, 0xc3, 0x00,
    0x35, 0x34, 0x19, 0x00, 0x48, 0x02, 0x09, 0x04, 0xd5, 0x22, 0xff, 0x00,
    0x35, 0x02, 0x10, 0x00, 0x46, 0x06, 0x0a, 0x04, 0x38, 0x06, 0x0c, 0x00,
    0x46, 0x06, 0x05, 0x02, 0x44, 0x07, 0x01, 0x02, 0xd8, 0x08, 0x07, 0x01,
    0x4b, 0x08, 0x01, 0x02, 0x4b, 0x04, 0x06, 0x07, 0xd8, 0x04, 0x04, 0x01,
    0x28, 0xe8, 0x11, 0x05, 0x0b, 0x00, 0x03, 0x00, 0x02, 0x00, 0x00, 0x00,
    0xb2, 0xdf, 0x00, 0x00, 0x4c, 0x00, 0x00, 0x00, 0x23, 0xa0, 0xc3, 0x00,
    0x12, 0x01, 0x39, 0x08, 0x04, 0x00, 0x01, 0x12, 0x28, 0x07, 0x21, 0x82,
    0x21, 0x93, 0x71, 0x20, 0x9c, 0x02, 0x32, 0x00, 0x0a, 0x02, 0x12, 0x13,
    0x01, 0x34, 0x35, 0x24, 0x14, 0x00, 0x48, 0x05, 0x08, 0x04, 0xd5, 0x55,
    0xff, 0x00, 0x35, 0xa5, 0x0b, 0x00, 0x46, 0x06, 0x09, 0x04, 0x38, 0x06,
    0x07, 0x00, 0x44, 0x06, 0x00, 0x05, 0xb0, 0x36, 0x4b, 0x06, 0x00, 0x05,
    0xd8, 0x04, 0x04, 0x01, 0x28, 0xed, 0x23, 0xa4, 0xca, 0x00, 0x35, 0xa1,
    0x0b, 0x00, 0x44, 0x05, 0x00, 0x01, 0x23, 0x55, 0xc3, 0x00, 0x4d, 0x05,
    0x04, 0x01, 0xd8, 0x01, 0x01, 0x01, 0x28, 0xf6, 0x23, 0xa0, 0xc3, 0x00,
    0x35, 0x23, 0x19, 0x00, 0x48, 0x01, 0x08, 0x03, 0xd5, 0x11, 0xff, 0x00,
    0x35, 0xa1, 0x10, 0x00, 0x46, 0x05, 0x09, 0x03, 0x38, 0x05, 0x0c, 0x00,
    0x46, 0x05, 0x04, 0x01, 0x44, 0x06, 0x00, 0x01, 0xd8, 0x07, 0x06, 0x01,
    0x4b, 0x07, 0x00, 0x01, 0x4b, 0x03, 0x05, 0x06, 0xd8, 0x03, 0x03, 0x01,
    0x28, 0xe8, 0x11, 0x04, 0x0f, 0x00, 0x03, 0x00, 0x02, 0x00, 0x00, 0x00,
    0xc2, 0xdf, 0x00, 0x00, 0x7b, 0x00, 0x00, 0x00, 0x13, 0x00, 0x0b, 0x00,
    0x23, 0x01, 0xcc, 0x00, 0x12, 0x02, 0x01, 0x23, 0x35, 0x03, 0x74, 0x00,
    0x62, 0x04, 0xdf, 0x00, 0x46, 0x04, 0x04, 0x03, 0x21, 0x44, 0x23, 0x45,
    0xc3, 0x00, 0x38, 0x0c, 0x11, 0x00, 0x39, 0x0d, 0x03, 0x00, 0x28, 0x0d,
    0x21, 0xc6, 0x21, 0xd7, 0x71, 0x20, 0x9c, 0x02, 0x76, 0x00, 0x0a, 0x06,
    0x21, 0xe7, 0x71, 0x20, 0x9c, 0x02, 0x76, 0x00, 0x0a, 0x06, 0x28, 0x02,
    0x01, 0x26, 0x12, 0x17, 0x01, 0x78, 0x35, 0x68, 0x1d, 0x00, 0x48, 0x09,
    0x0c, 0x08, 0xd5, 0x99, 0xff, 0x00, 0x33, 0x39, 0x14, 0x00, 0x46, 0x09,
    0x0e, 0x08, 0x39, 0x09, 0x03, 0x00, 0x28, 0x0e, 0x48, 0x09, 0x0d, 0x08,
    0xd5, 0x99, 0xff, 0x00, 0x35, 0x49, 0x03, 0x00, 0x28, 0x02, 0x01, 0x29,
    0x44, 0x0a, 0x05, 0x09, 0xb0, 0x7a, 0x4b, 0x0a, 0x05, 0x09, 0xd8, 0x08,
    0x08, 0x01, 0x28, 0xe4, 0x23, 0x48, 0xca, 0x00, 0x4d, 0x08, 0x01, 0x03,
    0x01, 0x28, 0x35, 0x48, 0x0d, 0x00, 0x46, 0x09, 0x01, 0x03, 0x44, 0x0a,
    0x05, 0x08, 0x23, 0xaa, 0xc3, 0x00, 0x4d, 0x0a, 0x09, 0x08, 0xd8, 0x08,
    0x08, 0x01, 0x28, 0xf4, 0x23, 0x45, 0xc3, 0x00, 0x35, 0x67, 0x23, 0x00,
    0x48, 0x08, 0x0c, 0x07, 0xd5, 0x88, 0xff, 0x00, 0x33, 0x38, 0x1a, 0x00,
    0x46, 0x08, 0x0e, 0x07, 0x39, 0x08, 0x03, 0x00, 0x28, 0x14, 0x48, 0x08,
    0x0d, 0x07, 0xd5, 0x88, 0xff, 0x00, 0x34, 0x48, 0x03, 0x00, 0x01, 0x28,
    0x46, 0x09, 0x01, 0x03, 0x46, 0x09, 0x09, 0x08, 0x44, 0x0a, 0x05, 0x08,
    0xd8, 0x0b, 0x0a, 0x01, 0x4b, 0x0b, 0x05, 0x08, 0x4b, 0x07, 0x09, 0x0a,
    0xd8, 0x07, 0x07, 0x01, 0x28, 0xde, 0xd8, 0x03, 0x03, 0x01, 0x28, 0x8d,
    0x11, 0x01, 0x00, 0x00, 0x02, 0x00, 0x02, 0x00, 0x02, 0x00, 0x00, 0x00,
    0x48, 0xdd, 0x00, 0x00, 0x05, 0x00, 0x00, 0x00, 0x71, 0x20, 0xea, 0x01,
    0x10, 0x00, 0x0c, 0x00, 0x11, 0x00, 0x00, 0x00, 0x01, 0x00, 0x01, 0x00,
    0x01, 0x00, 0x00, 0x00, 0xd8, 0xde, 0x00, 0x00, 0x05, 0x00, 0x00, 0x00,
    0x71, 0x10, 0xb6, 0x01, 0x00, 0x00, 0x0c, 0x00, 0x11, 0x00, 0x00, 0x00,
    0x06, 0x00, 0x01, 0x00, 0x02, 0x00, 0x00, 0x00, 0xd8, 0xdf, 0x00, 0x00,
    0x59, 0x00, 0x00, 0x00, 0x39, 0x05, 0x05, 0x00, 0x1a, 0x05, 0x00, 0x00,
    0x11, 0x05, 0x12, 0x00, 0x12, 0x11, 0x01, 0x02, 0x01, 0x13, 0x6e, 0x10,
    0xa4, 0x02, 0x05, 0x00, 0x0a, 0x04, 0x35, 0x42, 0x12, 0x00, 0x38, 0x03,
    0x10, 0x00, 0x6e, 0x20, 0xa1, 0x02, 0x25, 0x00, 0x0a, 0x03, 0x13, 0x04,
    0x80, 0x00, 0x35, 0x43, 0x04, 0x00, 0x01, 0x13, 0x28, 0x02, 0x01, 0x03,
    0xd8, 0x02, 0x02, 0x01, 0x28, 0xeb, 0x38, 0x03, 0x09, 0x00, 0x62, 0x00,
    0x72, 0x01, 0x6e, 0x20, 0xa8, 0x02, 0x05, 0x00, 0x0c, 0x05, 0x11, 0x05,
    0x62, 0x01, 0x71, 0x01, 0x71, 0x20, 0xba, 0x02, 0x15, 0x00, 0x0c, 0x05,
    0x22, 0x01, 0xab, 0x00, 0x6e, 0x10, 0xa4, 0x02, 0x05, 0x00, 0x0a, 0x02,
    0x70, 0x20, 0xac, 0x02, 0x21, 0x00, 0x6e, 0x10, 0xa4, 0x02, 0x05, 0x00,
    0x0a, 0x02, 0x35, 0x20, 0x13, 0x00, 0x6e, 0x20, 0xa1, 0x02, 0x05, 0x00,
    0x0a, 0x02, 0x71, 0x10, 0x94, 0x02, 0x02, 0x00, 0x0a, 0x03, 0x12, 0x64,
    0x32, 0x43, 0x05, 0x00, 0x6e, 0x20, 0xae, 0x02, 0x21, 0x00, 0xd8, 0x00,
    0x00, 0x01, 0x28, 0xea, 0x6e, 0x10, 0xb4, 0x02, 0x01, 0x00, 0x0c, 0x05,
    0x62, 0x00, 0x72, 0x01, 0x6e, 0x20, 0xa8, 0x02, 0x05, 0x00, 0x0c, 0x05,
    0x11, 0x05, 0x00, 0x00, 0x05, 0x00, 0x02, 0x00, 0x00, 0x00, 0x00, 0x00,
    0xe8, 0xdf, 0x00, 0x00, 0x2a, 0x00, 0x00, 0x00, 0x12, 0x20, 0x12, 0x11,
    0x33, 0x13, 0x05, 0x00, 0x60, 0x02, 0x00, 0x01, 0x28, 0x08, 0x33, 0x03,
    0x05, 0x00, 0x60, 0x02, 0xff, 0x00, 0x28, 0x03, 0x60, 0x02, 0xfe, 0x00,
    0x33, 0x13, 0x05, 0x00, 0x62, 0x03, 0xf4, 0x00, 0x28, 0x08, 0x33, 0x03,
    0x05, 0x00, 0x62, 0x03, 0xf3, 0x00, 0x28, 0x03, 0x62, 0x03, 0xf5, 0x00,
    0x12, 0x00, 0x3a, 0x02, 0x0e, 0x00, 0x34, 0x24, 0x0c, 0x00, 0x39, 0x03,
    0x03, 0x00, 0x28, 0x08, 0xb1, 0x24, 0x21, 0x31, 0x35, 0x14, 0x05, 0x00,
    0x46, 0x03, 0x03, 0x04, 0x11, 0x03, 0x11, 0x00, 0x02, 0x00, 0x01, 0x00,
    0x00, 0x00, 0x00, 0x00, 0xf3, 0xdf, 0x00, 0x00, 0x09, 0x00, 0x00, 0x00,
    0x13, 0x00, 0x0f, 0x00, 0x33, 0x01, 0x05, 0x00, 0x1a, 0x01, 0xa1, 0x03,
    0x11, 0x01, 0x12, 0x01, 0x11, 0x01, 0x00, 0x00, 0x03, 0x00, 0x02, 0x00,
    0x02, 0x00, 0x00, 0x00, 0xf9, 0xdf, 0x00, 0x00, 0x23, 0x00, 0x00, 0x00,
    0x6e, 0x10, 0x67, 0x01, 0x01, 0x00, 0x0a, 0x01, 0x38, 0x01, 0x14, 0x00,
    0x22, 0x01, 0xab, 0x00, 0x70, 0x10, 0xab, 0x02, 0x01, 0x00, 0x6e, 0x20,
    0xaf, 0x02, 0x21, 0x00, 0x1a, 0x02, 0x0b, 0x00, 0x6e, 0x20, 0xb2, 0x02,
    0x21, 0x00, 0x6e, 0x10, 0xb4, 0x02, 0x01, 0x00, 0x0c, 0x01, 0x11, 0x01,
    0x22, 0x01, 0xab, 0x00, 0x1a, 0x00, 0x41, 0x05, 0x70, 0x20, 0xad, 0x02,
    0x01, 0x00, 0x6e, 0x20, 0xaf, 0x02, 0x21, 0x00, 0x28, 0xf1, 0x00, 0x00,
    0x04, 0x00, 0x02, 0x00, 0x02, 0x00, 0x00, 0x00, 0x00, 0xe0, 0x00, 0x00,
    0x14, 0x00, 0x00, 0x00, 0x22, 0x00, 0xab, 0x00, 0x70, 0x10, 0xab, 0x02,
    0x00, 0x00, 0x62, 0x01, 0xdc, 0x00, 0x46, 0x02, 0x01, 0x02, 0x6e, 0x20,
    0xb2, 0x02, 0x20, 0x00, 0x6e, 0x20, 0xaf, 0x02, 0x30, 0x00, 0x6e, 0x10,
    0xb4, 0x02, 0x00, 0x00, 0x0c, 0x02, 0x11, 0x02, 0x01, 0x00, 0x01, 0x00,
    0x01, 0x00, 0x00, 0x00, 0xd8, 0xde, 0x00, 0x00, 0x05, 0x00, 0x00, 0x00,
    0x71, 0x10, 0xe1, 0x01, 0x00, 0x00, 0x0c, 0x00, 0x11, 0x00, 0x00, 0x00,
    0x04, 0x00, 0x01, 0x00, 0x01, 0x00, 0x00, 0x00, 0x07, 0xe0, 0x00, 0x00,
    0x13, 0x00, 0x00, 0x00, 0x21, 0x30, 0x23, 0x00, 0xc9, 0x00, 0x12, 0x01,
    0x21, 0x32, 0x35, 0x21, 0x0d, 0x00, 0x46, 0x02, 0x03, 0x01, 0x71, 0x10,
    0xb6, 0x01, 0x02, 0x00, 0x0c, 0x02, 0x4d, 0x02, 0x00, 0x01, 0xd8, 0x01,
    0x01, 0x01, 0x28, 0xf3, 0x11, 0x00, 0x00, 0x00, 0x01, 0x00, 0x00, 0x00,
    0x00, 0x00, 0x00, 0x00, 0xf0, 0xde, 0x00, 0x00, 0x03, 0x00, 0x00, 0x00,
    0x62, 0x00, 0xd2, 0x00, 0x11, 0x00, 0x00, 0x00, 0x01, 0x00, 0x00, 0x00,
    0x00, 0x00, 0x00, 0x00, 0xf0, 0xde, 0x00, 0x00, 0x03, 0x00, 0x00, 0x00,
    0x62, 0x00, 0xf6, 0x00, 0x11, 0x00, 0x00, 0x00, 0x01, 0x00, 0x00, 0x00,
    0x00, 0x00, 0x00, 0x00, 0xf0, 0xde, 0x00, 0x00, 0x03, 0x00, 0x00, 0x00,
    0x62, 0x00, 0xf9, 0x00, 0x11, 0x00, 0x00, 0x00, 0x1f, 0x00, 0x00, 0x00,
    0x16, 0x00, 0x00, 0x00, 0x0e, 0xe0, 0x00, 0x00, 0x8c, 0x02, 0x00, 0x00,
    0x13, 0x00, 0x0b, 0x00, 0x23, 0x00, 0xcb, 0x00, 0x69, 0x00, 0xdf, 0x00,
    0x1a, 0x05, 0xdf, 0x01, 0x1a, 0x06, 0x3a, 0x00, 0x1a, 0x01, 0x09, 0x02,
    0x1a, 0x02, 0xd4, 0x01, 0x1a, 0x03, 0x60, 0x02, 0x1a, 0x04, 0xd2, 0x00,
    0x25, 0x06, 0xc9, 0x00, 0x01, 0x00, 0x0c, 0x01, 0x12, 0x02, 0x4d, 0x01,
    0x00, 0x02, 0x1a, 0x08, 0xd1, 0x00, 0x1a, 0x09, 0x3e, 0x00, 0x1a, 0x03,
    0x09, 0x02, 0x1a, 0x04, 0x8c, 0x00, 0x1a, 0x05, 0x8d, 0x00, 0x1a, 0x06,
    0x41, 0x01, 0x1a, 0x07, 0xd2, 0x01, 0x25, 0x07, 0xc9, 0x00, 0x03, 0x00,
    0x0c, 0x01, 0x12, 0x13, 0x4d, 0x01, 0x00, 0x03, 0x1a, 0x01, 0x40, 0x01,
    0x1a, 0x04, 0x2b, 0x00, 0x1a, 0x05, 0x09, 0x02, 0x1a, 0x06, 0x28, 0x00,
    0x1a, 0x07, 0x2a, 0x00, 0x24, 0x54, 0xc9, 0x00, 0x65, 0x17, 0x0c, 0x01,
    0x12, 0x24, 0x4d, 0x01, 0x00, 0x04, 0x1a, 0x01, 0x58, 0x00, 0x24, 0x20,
    0xc9, 0x00, 0x15, 0x00, 0x0c, 0x01, 0x12, 0x34, 0x4d, 0x01, 0x00, 0x04,
    0x1a, 0x01, 0x4b, 0x02, 0x1a, 0x04, 0x65, 0x00, 0x1a, 0x06, 0xf5, 0x00,
    0x24, 0x40, 0xc9, 0x00, 0x65, 0x41, 0x0c, 0x01, 0x12, 0x44, 0x4d, 0x01,
    0x00, 0x04, 0x1a, 0x01, 0x35, 0x00, 0x1a, 0x04, 0xa6, 0x00, 0x1a, 0x06,
    0x08, 0x02, 0x1a, 0x07, 0xa4, 0x00, 0x24, 0x40, 0xc9, 0x00, 0x76, 0x41,
    0x0c, 0x01, 0x12, 0x54, 0x4d, 0x01, 0x00, 0x04, 0x1a, 0x0c, 0x8e, 0x02,
    0x1a, 0x0d, 0xaf, 0x00, 0x1a, 0x07, 0x08, 0x02, 0x1a, 0x08, 0x21, 0x02,
    0x1a, 0x09, 0xcc, 0x01, 0x1a, 0x0a, 0xd3, 0x01, 0x1a, 0x0b, 0x3c, 0x00,
    0x25, 0x07, 0xc9, 0x00, 0x07, 0x00, 0x0c, 0x01, 0x12, 0x64, 0x4d, 0x01,
    0x00, 0x04, 0x1a, 0x01, 0x5b, 0x00, 0x1a, 0x04, 0x8b, 0x00, 0x1a, 0x07,
    0x2c, 0x00, 0x24, 0x40, 0xc9, 0x00, 0x75, 0x41, 0x0c, 0x01, 0x12, 0x74,
    0x4d, 0x01, 0x00, 0x04, 0x1a, 0x01, 0x5c, 0x00, 0x1a, 0x04, 0x8d, 0x02,
    0x1a, 0x07, 0x5e, 0x00, 0x1a, 0x08, 0x1d, 0x02, 0x24, 0x54, 0xc9, 0x00,
    0x76, 0x18, 0x0c, 0x01, 0x13, 0x04, 0x08, 0x00, 0x4d, 0x01, 0x00, 0x04,
    0x1a, 0x01, 0x6d, 0x00, 0x1a, 0x04, 0x3d, 0x00, 0x1a, 0x07, 0x75, 0x00,
    0x1a, 0x08, 0xd0, 0x01, 0x24, 0x54, 0xc9, 0x00, 0x76, 0x18, 0x0c, 0x01,
    0x13, 0x04, 0x09, 0x00, 0x4d, 0x01, 0x00, 0x04, 0x1a, 0x01, 0x61, 0x02,
    0x1a, 0x04, 0xe5, 0x01, 0x1a, 0x06, 0x38, 0x00, 0x1a, 0x07, 0x1b, 0x02,
    0x24, 0x54, 0xc9, 0x00, 0x65, 0x17, 0x0c, 0x01, 0x13, 0x04, 0x0a, 0x00,
    0x4d, 0x01, 0x00, 0x04, 0x1a, 0x00, 0xe0, 0x01, 0x1a, 0x01, 0x73, 0x00,
    0x1a, 0x04, 0x64, 0x00, 0x1a, 0x06, 0xde, 0x01, 0x24, 0x51, 0xc9, 0x00,
    0x45, 0x06, 0x0c, 0x00, 0x69, 0x00, 0xc4, 0x00, 0x1a, 0x09, 0x1f, 0x02,
    0x1a, 0x0a, 0xcf, 0x00, 0x1a, 0x04, 0x09, 0x02, 0x1a, 0x05, 0x3d, 0x00,
    0x1a, 0x06, 0x7c, 0x00, 0x1a, 0x07, 0x6d, 0x00, 0x1a, 0x08, 0xa9, 0x00,
    0x25, 0x07, 0xc9, 0x00, 0x04, 0x00, 0x0c, 0x00, 0x69, 0x00, 0xaa, 0x00,
    0x22, 0x00, 0xb0, 0x00, 0x70, 0x10, 0xbb, 0x02, 0x00, 0x00, 0x69, 0x00,
    0xf6, 0x00, 0x12, 0xf0, 0x67, 0x00, 0xfe, 0x00, 0x67, 0x00, 0x00, 0x01,
    0x67, 0x00, 0xff, 0x00, 0x1a, 0x01, 0x15, 0x04, 0x1a, 0x04, 0xf8, 0x02,
    0x1a, 0x05, 0xc7, 0x03, 0x24, 0x30, 0xc9, 0x00, 0x15, 0x04, 0x0c, 0x01,
    0x69, 0x01, 0xdc, 0x00, 0x1a, 0x18, 0x82, 0x00, 0x1a, 0x19, 0x39, 0x02,
    0x1a, 0x04, 0x7b, 0x00, 0x1a, 0x05, 0x53, 0x02, 0x1a, 0x06, 0x52, 0x02,
    0x1a, 0x07, 0x1a, 0x02, 0x1a, 0x08, 0xca, 0x00, 0x1a, 0x09, 0xd1, 0x01,
    0x1a, 0x0a, 0x2b, 0x02, 0x1a, 0x0b, 0xdb, 0x01, 0x1a, 0x0c, 0x94, 0x02,
    0x1a, 0x0d, 0x96, 0x02, 0x1a, 0x0e, 0x31, 0x02, 0x1a, 0x0f, 0xf6, 0x00,
    0x1a, 0x10, 0x66, 0x00, 0x1a, 0x11, 0x92, 0x02, 0x1a, 0x12, 0x37, 0x00,
    0x1a, 0x13, 0x49, 0x02, 0x1a, 0x14, 0x5e, 0x02, 0x1a, 0x15, 0x97, 0x01,
    0x1a, 0x16, 0x38, 0x02, 0x1a, 0x17, 0xb7, 0x00, 0x25, 0x16, 0xc9, 0x00,
    0x04, 0x00, 0x0c, 0x01, 0x69, 0x01, 0xd3, 0x00, 0x1a, 0x18, 0x69, 0x00,
    0x1a, 0x19, 0xe2, 0x01, 0x1a, 0x04, 0x62, 0x02, 0x1a, 0x05, 0x72, 0x00,
    0x1a, 0x06, 0x2a, 0x02, 0x1a, 0x07, 0xcc, 0x00, 0x1a, 0x08, 0xf3, 0x01,
    0x1a, 0x09, 0xce, 0x01, 0x1a, 0x0a, 0x65, 0x02, 0x1a, 0x0b, 0x20, 0x02,
    0x1a, 0x0c, 0xdc, 0x01, 0x1a, 0x0d, 0x95, 0x02, 0x1a, 0x0e, 0xc9, 0x00,
    0x1a, 0x0f, 0xd0, 0x00, 0x1a, 0x10, 0xb1, 0x00, 0x1a, 0x11, 0x5a, 0x00,
    0x1a, 0x12, 0x94, 0x01, 0x1a, 0x13, 0xf6, 0x01, 0x1a, 0x14, 0x48, 0x02,
    0x1a, 0x15, 0xa3, 0x00, 0x1a, 0x16, 0x02, 0x02, 0x1a, 0x17, 0x6e, 0x00,
    0x25, 0x16, 0xc9, 0x00, 0x04, 0x00, 0x0c, 0x04, 0x69, 0x04, 0xd0, 0x00,
    0x1a, 0x04, 0x46, 0x05, 0x1a, 0x05, 0x43, 0x05, 0x1a, 0x06, 0x44, 0x05,
    0x24, 0x30, 0xc9, 0x00, 0x46, 0x05, 0x0c, 0x07, 0x1a, 0x04, 0x45, 0x05,
    0x24, 0x20, 0xc9, 0x00, 0x46, 0x00, 0x0c, 0x08, 0x24, 0x20, 0xc9, 0x00,
    0x46, 0x00, 0x0c, 0x09, 0x1a, 0x04, 0x95, 0x01, 0x24, 0x10, 0xc9, 0x00,
    0x04, 0x00, 0x0c, 0x0a, 0x24, 0x10, 0xc9, 0x00, 0x04, 0x00, 0x0c, 0x0b,
    0x24, 0x10, 0xc9, 0x00, 0x04, 0x00, 0x0c, 0x0c, 0x24, 0x10, 0xc9, 0x00,
    0x04, 0x00, 0x0c, 0x0d, 0x24, 0x10, 0xc9, 0x00, 0x04, 0x00, 0x0c, 0x0e,
    0x24, 0x10, 0xc9, 0x00, 0x04, 0x00, 0x0c, 0x0f, 0x1a, 0x05, 0xf9, 0x01,
    0x1a, 0x06, 0x3c, 0x02, 0x24, 0x20, 0xc9, 0x00, 0x65, 0x00, 0x0c, 0x10,
    0x24, 0x10, 0xc9, 0x00, 0x04, 0x00, 0x0c, 0x11, 0x24, 0x10, 0xc9, 0x00,
    0x04, 0x00, 0x0c, 0x12, 0x1a, 0x05, 0xa8, 0x00, 0x1a, 0x06, 0x5f, 0x02,
    0x1a, 0x03, 0xb0, 0x00, 0x24, 0x30, 0xc9, 0x00, 0x53, 0x06, 0x0c, 0x13,
    0x1a, 0x03, 0x3b, 0x00, 0x1a, 0x05, 0x91, 0x02, 0x1a, 0x06, 0x59, 0x00,
    0x24, 0x30, 0xc9, 0x00, 0x36, 0x05, 0x0c, 0x14, 0x23, 0x23, 0xc9, 0x00,
    0x1a, 0x05, 0xfa, 0x01, 0x1a, 0x06, 0x63, 0x02, 0x24, 0x20, 0xc9, 0x00,
    0x65, 0x00, 0x0c, 0x16, 0x24, 0x10, 0xc9, 0x00, 0x04, 0x00, 0x0c, 0x17,
    0x23, 0x25, 0xc9, 0x00, 0x23, 0x22, 0xc9, 0x00, 0x24, 0x10, 0xc9, 0x00,
    0x04, 0x00, 0x0c, 0x1a, 0x1a, 0x06, 0x68, 0x00, 0x1a, 0x00, 0x91, 0x00,
    0x08, 0x19, 0x02, 0x00, 0x1a, 0x02, 0xd9, 0x01, 0x08, 0x15, 0x03, 0x00,
    0x1a, 0x03, 0xd6, 0x00, 0x24, 0x40, 0xc9, 0x00, 0x06, 0x32, 0x0c, 0x1b,
    0x24, 0x10, 0xc9, 0x00, 0x04, 0x00, 0x0c, 0x1c, 0x08, 0x18, 0x05, 0x00,
    0x25, 0x16, 0xcb, 0x00, 0x07, 0x00, 0x0c, 0x04, 0x69, 0x04, 0xd2, 0x00,
    0x13, 0x04, 0x16, 0x00, 0x23, 0x44, 0xc3, 0x00, 0x26, 0x04, 0x7e, 0x00,
    0x00, 0x00, 0x69, 0x04, 0xd1, 0x00, 0x24, 0x40, 0xc9, 0x00, 0x06, 0x32,
    0x0c, 0x00, 0x69, 0x00, 0xb9, 0x00, 0x1a, 0x00, 0x96, 0x03, 0x1a, 0x02,
    0x94, 0x03, 0x1a, 0x03, 0x97, 0x03, 0x1a, 0x04, 0x95, 0x03, 0x24, 0x40,
    0xc9, 0x00, 0x43, 0x20, 0x0c, 0x00, 0x69, 0x00, 0xba, 0x00, 0x12, 0xf0,
    0x24, 0x20, 0xc3, 0x00, 0x00, 0x00, 0x0c, 0x02, 0x69, 0x02, 0x02, 0x01,
    0x21, 0x10, 0x23, 0x00, 0xc3, 0x00, 0x69, 0x00, 0xf8, 0x00, 0x22, 0x00,
    0xb4, 0x00, 0x70, 0x10, 0xc9, 0x02, 0x00, 0x00, 0x69, 0x00, 0xfb, 0x00,
    0x22, 0x00, 0x63, 0x00, 0x13, 0x01, 0x40, 0x00, 0x15, 0x02, 0x40, 0x3f,
    0x12, 0x13, 0x70, 0x40, 0x2e, 0x01, 0x10, 0x32, 0x69, 0x00, 0xe8, 0x00,
    0x22, 0x00, 0xbc, 0x00, 0x70, 0x10, 0xd8, 0x02, 0x00, 0x00, 0x69, 0x00,
    0xf9, 0x00, 0x22, 0x00, 0xbb, 0x00, 0x70, 0x10, 0xd7, 0x02, 0x00, 0x00,
    0x71, 0x10, 0xc8, 0x02, 0x00, 0x00, 0x0c, 0x00, 0x69, 0x00, 0xfa, 0x00,
    0x22, 0x00, 0xb4, 0x00, 0x70, 0x10, 0xc9, 0x02, 0x00, 0x00, 0x69, 0x00,
    0x01, 0x01, 0x13, 0x1d, 0x01, 0x00, 0x6a, 0x1d, 0xf1, 0x00, 0x6a, 0x1d,
    0xed, 0x00, 0x6a, 0x1d, 0xfc, 0x00, 0x13, 0x1e, 0xff, 0xff, 0x67, 0x1e,
    0xf2, 0x00, 0x1a, 0x00, 0x9a, 0x03, 0x1a, 0x01, 0x9b, 0x03, 0x1a, 0x02,
    0x99, 0x03, 0x1a, 0x03, 0x9c, 0x03, 0x24, 0x40, 0xc9, 0x00, 0x32, 0x10,
    0x0c, 0x00, 0x69, 0x00, 0xe2, 0x00, 0x1a, 0x00, 0x25, 0x00, 0x1a, 0x01,
    0xd7, 0x01, 0x1a, 0x02, 0x24, 0x00, 0x1a, 0x03, 0xd8, 0x01, 0x24, 0x40,
    0xc9, 0x00, 0x32, 0x10, 0x0c, 0x00, 0x69, 0x00, 0xe3, 0x00, 0x13, 0x1e,
    0xff, 0xff, 0x67, 0x1e, 0xeb, 0x00, 0x0e, 0x00, 0x00, 0x03, 0x04, 0x00,
    0x16, 0x00, 0x00, 0x00, 0x15, 0x05, 0x00, 0x00, 0x36, 0x00, 0x00, 0x00,
    0x77, 0x09, 0x00, 0x00, 0x1b, 0x0c, 0x00, 0x00, 0x4d, 0x06, 0x00, 0x00,
    0x6d, 0x00, 0x00, 0x00, 0x35, 0x00, 0x00, 0x00, 0x0e, 0x05, 0x00, 0x00,
    0x28, 0x01, 0x00, 0x00, 0xed, 0x01, 0x00, 0x00, 0x2a, 0x01, 0x00, 0x00,
    0x86, 0x04, 0x00, 0x00, 0xdc, 0x04, 0x00, 0x00, 0x0f, 0x11, 0x00, 0x00,
    0x17, 0x0c, 0x00, 0x00, 0x00, 0x00, 0x00, 0x00, 0xb5, 0x0b, 0x00, 0x00,
    0x5c, 0x01, 0x00, 0x00, 0x23, 0x05, 0x00, 0x00, 0x6f, 0x01, 0x00, 0x00,
    0x07, 0x0d, 0x00, 0x00, 0x0b, 0x05, 0x00, 0x00, 0x01, 0x00, 0x01, 0x00,
    0x01, 0x00, 0x00, 0x00, 0xf0, 0xde, 0x00, 0x00, 0x04, 0x00, 0x00, 0x00,
    0x70, 0x10, 0x9e, 0x02, 0x00, 0x00, 0x0e, 0x00, 0x03, 0x00, 0x03, 0x00,
    0x03, 0x00, 0x00, 0x00, 0x63, 0xdf, 0x00, 0x00, 0x04, 0x00, 0x00, 0x00,
    0x71, 0x30, 0xb2, 0x01, 0x10, 0x02, 0x0e, 0x00, 0x01, 0x00, 0x01, 0x00,
    0x01, 0x00, 0x00, 0x00, 0xd8, 0xde, 0x00, 0x00, 0x04, 0x00, 0x00, 0x00,
    0x71, 0x10, 0xad, 0x01, 0x00, 0x00, 0x0e, 0x00, 0x02, 0x00, 0x02, 0x00,
    0x02, 0x00, 0x00, 0x00, 0x48, 0xdd, 0x00, 0x00, 0x04, 0x00, 0x00, 0x00,
    0x71, 0x20, 0xf0, 0x01, 0x10, 0x00, 0x0e, 0x00, 0x01, 0x00, 0x01, 0x00,
    0x01, 0x00, 0x00, 0x00, 0xd8, 0xde, 0x00, 0x00, 0x04, 0x00, 0x00, 0x00,
    0x71, 0x10, 0x06, 0x02, 0x00, 0x00, 0x0e, 0x00, 0x02, 0x00, 0x02, 0x00,
    0x02, 0x00, 0x00, 0x00, 0x48, 0xdd, 0x00, 0x00, 0x04, 0x00, 0x00, 0x00,
    0x71, 0x20, 0xb4, 0x01, 0x10, 0x00, 0x0e, 0x00, 0x05, 0x00, 0x05, 0x00,
    0x05, 0x00, 0x00, 0x00, 0xa4, 0xdd, 0x00, 0x00, 0x04, 0x00, 0x00, 0x00,
    0x71, 0x54, 0xf4, 0x01, 0x10, 0x32, 0x0e, 0x00, 0x04, 0x00, 0x04, 0x00,
    0x04, 0x00, 0x00, 0x00, 0x6d, 0xe0, 0x00, 0x00, 0x04, 0x00, 0x00, 0x00,
    0x71, 0x40, 0xf8, 0x01, 0x10, 0x32, 0x0e, 0x00, 0x05, 0x00, 0x05, 0x00,
    0x05, 0x00, 0x00, 0x00, 0xa4, 0xdd, 0x00, 0x00, 0x04, 0x00, 0x00, 0x00,
    0x71, 0x54, 0xf9, 0x01, 0x10, 0x32, 0x0e, 0x00, 0x03, 0x00, 0x03, 0x00,
    0x03, 0x00, 0x00, 0x00, 0x63, 0xdf, 0x00, 0x00, 0x04, 0x00, 0x00, 0x00,
    0x71, 0x30, 0xe2, 0x01, 0x10, 0x02, 0x0e, 0x00, 0x01, 0x00, 0x01, 0x00,
    0x01, 0x00, 0x00, 0x00, 0xd8, 0xde, 0x00, 0x00, 0x04, 0x00, 0x00, 0x00,
    0x71, 0x10, 0xf1, 0x01, 0x00, 0x00, 0x0e, 0x00, 0x01, 0x00, 0x01, 0x00,
    0x01, 0x00, 0x00, 0x00, 0xd8, 0xde, 0x00, 0x00, 0x04, 0x00, 0x00, 0x00,
    0x71, 0x10, 0x09, 0x02, 0x00, 0x00, 0x0e, 0x00, 0x03, 0x00, 0x03, 0x00,
    0x03, 0x00, 0x00, 0x00, 0x63, 0xdf, 0x00, 0x00, 0x04, 0x00, 0x00, 0x00,
    0x71, 0x30, 0xb5, 0x01, 0x10, 0x02, 0x0e, 0x00, 0x02, 0x00, 0x02, 0x00,
    0x02, 0x00, 0x00, 0x00, 0x48, 0xdd, 0x00, 0x00, 0x04, 0x00, 0x00, 0x00,
    0x71, 0x20, 0x07, 0x02, 0x10, 0x00, 0x0e, 0x00, 0x02, 0x00, 0x02, 0x00,
    0x02, 0x00, 0x00, 0x00, 0x48, 0xdd, 0x00, 0x00, 0x04, 0x00, 0x00, 0x00,
    0x71, 0x20, 0xa9, 0x01, 0x10, 0x00, 0x0e, 0x00, 0x0d, 0x00, 0x01, 0x00,
    0x04, 0x00, 0x00, 0x00, 0x75, 0xe0, 0x00, 0x00, 0x8f, 0x00, 0x00, 0x00,
    0x71, 0x00, 0xcd, 0x01, 0x00, 0x00, 0x0c, 0x00, 0x39, 0x00, 0x04, 0x00,
    0x29, 0x00, 0x88, 0x00, 0x22, 0x01, 0xb0, 0x00, 0x70, 0x10, 0xbb, 0x02,
    0x01, 0x00, 0x12, 0x02, 0x12, 0x03, 0x07, 0x24, 0x07, 0x45, 0x01, 0x36,
    0xd8, 0x07, 0x06, 0x06, 0xd8, 0x08, 0x06, 0x05, 0x21, 0x09, 0x35, 0x98,
    0x60, 0x00, 0x38, 0x02, 0x1c, 0x00, 0x46, 0x08, 0x00, 0x06, 0x6e, 0x20,
    0xa3, 0x02, 0x82, 0x00, 0x0a, 0x02, 0x39, 0x02, 0x14, 0x00, 0x23, 0x32,
    0xc5, 0x00, 0x6e, 0x20, 0xc6, 0x02, 0x21, 0x00, 0x0c, 0x02, 0x1f, 0x02,
    0xc5, 0x00, 0x71, 0x30, 0x70, 0x01, 0x54, 0x02, 0x0c, 0x02, 0x6e, 0x20,
    0xbe, 0x02, 0x2c, 0x00, 0x6e, 0x10, 0xbf, 0x02, 0x01, 0x00, 0x46, 0x02,
    0x00, 0x06, 0xd8, 0x04, 0x06, 0x01, 0x46, 0x04, 0x00, 0x04, 0xd8, 0x05,
    0x06, 0x02, 0x46, 0x05, 0x00, 0x05, 0xdb, 0x08, 0x06, 0x06, 0x71, 0x10,
    0xce, 0x01, 0x08, 0x00, 0x0c, 0x08, 0x38, 0x08, 0x30, 0x00, 0x21, 0x89,
    0x39, 0x09, 0x03, 0x00, 0x28, 0x2b, 0xd8, 0x09, 0x06, 0x05, 0x46, 0x0a,
    0x00, 0x09, 0x1a, 0x0b, 0x14, 0x04, 0x6e, 0x20, 0xa3, 0x02, 0xab, 0x00,
    0x0a, 0x0a, 0x38, 0x0a, 0x04, 0x00, 0x12, 0x19, 0x28, 0x0e, 0x1a, 0x0a,
    0xf6, 0x02, 0x46, 0x09, 0x00, 0x09, 0x6e, 0x20, 0xa3, 0x02, 0x9a, 0x00,
    0x0a, 0x09, 0x38, 0x09, 0x04, 0x00, 0x12, 0x49, 0x28, 0x02, 0x01, 0x39,
    0xd8, 0x0a, 0x06, 0x03, 0x46, 0x0a, 0x00, 0x0a, 0xd8, 0x06, 0x06, 0x04,
    0x46, 0x06, 0x00, 0x06, 0x71, 0x40, 0x6f, 0x01, 0x6a, 0x89, 0x0c, 0x06,
    0x6e, 0x20, 0xbe, 0x02, 0x61, 0x00, 0x01, 0x76, 0x28, 0x9c, 0x38, 0x02,
    0x17, 0x00, 0x6e, 0x10, 0xc2, 0x02, 0x01, 0x00, 0x0a, 0x00, 0x39, 0x00,
    0x11, 0x00, 0x23, 0x30, 0xc5, 0x00, 0x6e, 0x20, 0xc6, 0x02, 0x01, 0x00,
    0x0c, 0x00, 0x1f, 0x00, 0xc5, 0x00, 0x71, 0x30, 0x70, 0x01, 0x54, 0x00,
    0x0c, 0x00, 0x6e, 0x20, 0xbe, 0x02, 0x0c, 0x00, 0x0e, 0x00, 0x00, 0x00,
    0x04, 0x00, 0x03, 0x00, 0x03, 0x00, 0x00, 0x00, 0x8d, 0xe0, 0x00, 0x00,
    0x0e, 0x00, 0x00, 0x00, 0x14, 0x00, 0x48, 0xe1, 0xba, 0x3f, 0xc8, 0x03,
    0x71, 0x10, 0x08, 0x02, 0x01, 0x00, 0x0a, 0x01, 0xc8, 0x13, 0x12, 0x01,
    0x6e, 0x30, 0xfa, 0x00, 0x12, 0x03, 0x0e, 0x00, 0x05, 0x00, 0x02, 0x00,
    0x03, 0x00, 0x00, 0x00, 0x95, 0xe0, 0x00, 0x00, 0x3b, 0x00, 0x00, 0x00,
    0x6e, 0x10, 0x0f, 0x00, 0x03, 0x00, 0x0a, 0x00, 0x38, 0x00, 0x03, 0x00,
    0x28, 0x2b, 0x22, 0x00, 0x09, 0x00, 0x70, 0x20, 0x13, 0x00, 0x30, 0x00,
    0x1a, 0x01, 0x3f, 0x00, 0x6e, 0x20, 0x18, 0x00, 0x10, 0x00, 0x0c, 0x00,
    0x6e, 0x20, 0x15, 0x00, 0x40, 0x00, 0x0c, 0x00, 0x1a, 0x01, 0x03, 0x02,
    0x12, 0x02, 0x6e, 0x30, 0x17, 0x00, 0x10, 0x02, 0x0c, 0x00, 0x1a, 0x01,
    0x70, 0x00, 0x6e, 0x30, 0x16, 0x00, 0x10, 0x02, 0x0c, 0x00, 0x6e, 0x10,
    0x14, 0x00, 0x00, 0x00, 0x0c, 0x00, 0x6e, 0x10, 0x1a, 0x00, 0x00, 0x00,
    0x12, 0xd1, 0x6e, 0x20, 0x19, 0x00, 0x10, 0x00, 0x0c, 0x00, 0x39, 0x00,
    0x03, 0x00, 0x0e, 0x00, 0x22, 0x01, 0x62, 0x00, 0x70, 0x30, 0x2c, 0x01,
    0x31, 0x04, 0x6e, 0x20, 0x8d, 0x00, 0x10, 0x00, 0x0e, 0x00, 0x00, 0x00,
    0x07, 0x00, 0x01, 0x00, 0x05, 0x00, 0x00, 0x00, 0xa5, 0xe0, 0x00, 0x00,
    0x71, 0x00, 0x00, 0x00, 0x63, 0x00, 0xf1, 0x00, 0x39, 0x00, 0x07, 0x00,
    0x63, 0x01, 0xed, 0x00, 0x39, 0x01, 0x03, 0x00, 0x0e, 0x00, 0x38, 0x00,
    0x05, 0x00, 0x1a, 0x00, 0x93, 0x03, 0x28, 0x03, 0x1a, 0x00, 0x9e, 0x03,
    0x71, 0x20, 0xff, 0x01, 0x06, 0x00, 0x0c, 0x00, 0x15, 0x01, 0x20, 0x42,
    0x71, 0x30, 0xba, 0x01, 0x06, 0x01, 0x0c, 0x00, 0x15, 0x02, 0x80, 0x40,
    0x71, 0x20, 0xe9, 0x01, 0x26, 0x00, 0x0a, 0x03, 0x71, 0x20, 0xe9, 0x01,
    0x26, 0x00, 0x0a, 0x04, 0x71, 0x20, 0xe9, 0x01, 0x26, 0x00, 0x0a, 0x05,
    0x71, 0x20, 0xe9, 0x01, 0x26, 0x00, 0x0a, 0x02, 0x6e, 0x52, 0xbd, 0x00,
    0x30, 0x54, 0x14, 0x02, 0x97, 0x52, 0x3f, 0xff, 0x14, 0x03, 0x25, 0x16,
    0x13, 0xff, 0x71, 0x30, 0xe4, 0x01, 0x26, 0x03, 0x0c, 0x02, 0x6e, 0x20,
    0xb7, 0x00, 0x20, 0x00, 0x63, 0x02, 0xf1, 0x00, 0x38, 0x02, 0x05, 0x00,
    0x1a, 0x02, 0xdd, 0x01, 0x28, 0x03, 0x1a, 0x02, 0x87, 0x00, 0x6e, 0x20,
    0xb8, 0x00, 0x20, 0x00, 0x22, 0x02, 0x6e, 0x00, 0x70, 0x20, 0x45, 0x01,
    0x62, 0x00, 0x6e, 0x20, 0xbc, 0x00, 0x20, 0x00, 0x13, 0x02, 0x08, 0x00,
    0x6e, 0x20, 0xc1, 0x00, 0x20, 0x00, 0x22, 0x02, 0x42, 0x00, 0x71, 0x20,
    0xe9, 0x01, 0x16, 0x00, 0x0a, 0x03, 0x71, 0x20, 0xe9, 0x01, 0x16, 0x00,
    0x0a, 0x01, 0x70, 0x30, 0xa9, 0x00, 0x32, 0x01, 0x14, 0x01, 0x33, 0x00,
    0x80, 0x00, 0x59, 0x21, 0x0c, 0x00, 0x71, 0x20, 0xed, 0x01, 0x26, 0x00,
    0x6e, 0x30, 0x07, 0x00, 0x06, 0x02, 0x71, 0x20, 0x0a, 0x02, 0x06, 0x00,
    0x0e, 0x00, 0x00, 0x00, 0x06, 0x00, 0x03, 0x00, 0x03, 0x00, 0x00, 0x00,
    0xbb, 0xe0, 0x00, 0x00, 0x34, 0x00, 0x00, 0x00, 0x62, 0x00, 0xfa, 0x00,
    0x72, 0x20, 0xd6, 0x02, 0x40, 0x00, 0x62, 0x00, 0xe8, 0x00, 0x72, 0x30,
    0xd4, 0x02, 0x40, 0x05, 0x62, 0x00, 0x01, 0x01, 0x6e, 0x20, 0xcd, 0x02,
    0x40, 0x00, 0x0c, 0x00, 0x1f, 0x00, 0xb0, 0x00, 0x39, 0x00, 0x03, 0x00,
    0x28, 0x1f, 0x6e, 0x10, 0xc3, 0x02, 0x00, 0x00, 0x0c, 0x00, 0x72, 0x10,
    0xce, 0x02, 0x00, 0x00, 0x0a, 0x01, 0x38, 0x01, 0x16, 0x00, 0x72, 0x10,
    0xcf, 0x02, 0x00, 0x00, 0x0c, 0x01, 0x1f, 0x01, 0x45, 0x00, 0x6e, 0x10,
    0xb5, 0x00, 0x01, 0x00, 0x0c, 0x02, 0x6e, 0x20, 0xa3, 0x02, 0x24, 0x00,
    0x0a, 0x02, 0x38, 0x02, 0xec, 0xff, 0x71, 0x30, 0xf6, 0x01, 0x13, 0x05,
    0x28, 0xe7, 0x0e, 0x00, 0x03, 0x00, 0x00, 0x00, 0x02, 0x00, 0x00, 0x00,
    0xc6, 0xe0, 0x00, 0x00, 0x28, 0x00, 0x00, 0x00, 0x62, 0x00, 0xf9, 0x00,
    0x6e, 0x10, 0xd9, 0x02, 0x00, 0x00, 0x0c, 0x00, 0x72, 0x10, 0xce, 0x02,
    0x00, 0x00, 0x0a, 0x01, 0x38, 0x01, 0x1d, 0x00, 0x72, 0x10, 0xcf, 0x02,
    0x00, 0x00, 0x0c, 0x01, 0x1f, 0x01, 0xaa, 0x00, 0x71, 0x10, 0xbe, 0x01,
    0x01, 0x00, 0x0a, 0x02, 0x38, 0x02, 0x03, 0x00, 0x28, 0xee, 0x72, 0x10,
    0xd0, 0x02, 0x00, 0x00, 0x62, 0x02, 0xfa, 0x00, 0x72, 0x20, 0xd6, 0x02,
    0x12, 0x00, 0x62, 0x02, 0x01, 0x01, 0x6e, 0x20, 0xcd, 0x02, 0x12, 0x00,
    0x28, 0xe0, 0x0e, 0x00, 0x06, 0x00, 0x02, 0x00, 0x02, 0x00, 0x00, 0x00,
    0xd1, 0xe0, 0x00, 0x00, 0x2e, 0x00, 0x00, 0x00, 0x62, 0x00, 0xef, 0x00,
    0x39, 0x00, 0x03, 0x00, 0x0e, 0x00, 0x6e, 0x10, 0xc9, 0x00, 0x00, 0x00,
    0x0c, 0x00, 0x1f, 0x00, 0x42, 0x00, 0x15, 0x01, 0xc0, 0x40, 0x15, 0x02,
    0x60, 0x41, 0x3d, 0x05, 0x04, 0x00, 0x01, 0x13, 0x28, 0x02, 0x01, 0x23,
    0x71, 0x20, 0xe9, 0x01, 0x34, 0x00, 0x0a, 0x03, 0x59, 0x03, 0x10, 0x00,
    0x3d, 0x05, 0x08, 0x00, 0x71, 0x20, 0xe9, 0x01, 0x14, 0x00, 0x0a, 0x04,
    0xb0, 0x45, 0x28, 0x05, 0x71, 0x20, 0xe9, 0x01, 0x24, 0x00, 0x0a, 0x05,
    0x59, 0x05, 0x0b, 0x00, 0x62, 0x04, 0xef, 0x00, 0x6e, 0x20, 0xd0, 0x00,
    0x04, 0x00, 0x0e, 0x00, 0x06, 0x00, 0x03, 0x00, 0x04, 0x00, 0x00, 0x00,
    0xdc, 0xe0, 0x00, 0x00, 0x32, 0x00, 0x00, 0x00, 0x6e, 0x10, 0x71, 0x00,
    0x04, 0x00, 0x0c, 0x00, 0x1f, 0x00, 0x70, 0x00, 0x14, 0x01, 0x51, 0xa8,
    0x22, 0xff, 0x14, 0x02, 0x25, 0x16, 0x13, 0xff, 0x71, 0x30, 0xe4, 0x01,
    0x13, 0x02, 0x0c, 0x01, 0x6e, 0x20, 0x7a, 0x00, 0x14, 0x00, 0x54, 0x01,
    0x7c, 0x00, 0x1a, 0x02, 0xa1, 0x00, 0x6e, 0x20, 0xf7, 0x00, 0x21, 0x00,
    0x54, 0x01, 0x7c, 0x00, 0x13, 0x02, 0x6b, 0xf3, 0x6e, 0x20, 0xf8, 0x00,
    0x21, 0x00, 0x54, 0x00, 0x7a, 0x00, 0x12, 0xf1, 0x6e, 0x20, 0xf8, 0x00,
    0x10, 0x00, 0x22, 0x00, 0x60, 0x00, 0x70, 0x40, 0x28, 0x01, 0x30, 0x54,
    0x16, 0x01, 0xdc, 0x05, 0x6e, 0x40, 0x78, 0x00, 0x04, 0x21, 0x0e, 0x00,
    0x02, 0x00, 0x01, 0x00, 0x02, 0x00, 0x01, 0x00, 0xe9, 0xe0, 0x00, 0x00,
    0x15, 0x00, 0x00, 0x00, 0x69, 0x01, 0xe7, 0x00, 0x71, 0x10, 0xeb, 0x01,
    0x01, 0x00, 0x63, 0x00, 0xf1, 0x00, 0x38, 0x00, 0x05, 0x00, 0x71, 0x10,
    0xee, 0x01, 0x01, 0x00, 0x22, 0x00, 0x66, 0x00, 0x70, 0x20, 0x35, 0x01,
    0x10, 0x00, 0x6e, 0x20, 0x11, 0x00, 0x01, 0x00, 0x0e, 0x00, 0x00, 0x00,
    0x09, 0x00, 0x00, 0x00, 0x03, 0x00, 0x01, 0x00, 0x01, 0x00, 0x0c, 0x00,
    0x01, 0x00, 0x00, 0x00, 0x00, 0x00, 0x00, 0x00, 0xf3, 0xe0, 0x00, 0x00,
    0x2a, 0x00, 0x00, 0x00, 0x60, 0x00, 0xfe, 0x00, 0x3a, 0x00, 0x03, 0x00,
    0x0e, 0x00, 0x71, 0x00, 0xdd, 0x01, 0x00, 0x00, 0x0a, 0x00, 0x67, 0x00,
    0xfe, 0x00, 0x71, 0x00, 0xcf, 0x01, 0x00, 0x00, 0x0c, 0x00, 0x69, 0x00,
    0xf5, 0x00, 0x71, 0x00, 0xde, 0x01, 0x00, 0x00, 0x0a, 0x00, 0x67, 0x00,
    0x00, 0x01, 0x71, 0x00, 0xd0, 0x01, 0x00, 0x00, 0x0c, 0x00, 0x69, 0x00,
    0xf4, 0x00, 0x71, 0x00, 0xdc, 0x01, 0x00, 0x00, 0x0a, 0x00, 0x67, 0x00,
    0xff, 0x00, 0x71, 0x00, 0xcc, 0x01, 0x00, 0x00, 0x0c, 0x00, 0x69, 0x00,
    0xf3, 0x00, 0x0e, 0x00, 0x03, 0x00, 0x02, 0x00, 0x03, 0x00, 0x00, 0x00,
    0xfe, 0xe0, 0x00, 0x00, 0x4a, 0x00, 0x00, 0x00, 0x38, 0x02, 0x2d, 0x00,
    0x62, 0x02, 0xf0, 0x00, 0x38, 0x02, 0x03, 0x00, 0x28, 0x43, 0x6e, 0x10,
    0x0d, 0x00, 0x01, 0x00, 0x0c, 0x02, 0x6e, 0x10, 0x85, 0x00, 0x02, 0x00,
    0x0c, 0x02, 0x52, 0x22, 0x0a, 0x00, 0x67, 0x02, 0xf2, 0x00, 0x6e, 0x10,
    0x0d, 0x00, 0x01, 0x00, 0x0c, 0x02, 0x60, 0x00, 0xf2, 0x00, 0xdd, 0x00,
    0x00, 0x0f, 0xde, 0x00, 0x00, 0x30, 0x6e, 0x20, 0x87, 0x00, 0x02, 0x00,
    0x22, 0x02, 0x97, 0x00, 0x22, 0x00, 0x68, 0x00, 0x70, 0x20, 0x39, 0x01,
    0x10, 0x00, 0x70, 0x30, 0x69, 0x02, 0x12, 0x00, 0x69, 0x02, 0xf0, 0x00,
    0x0e, 0x00, 0x62, 0x02, 0xf0, 0x00, 0x39, 0x02, 0x03, 0x00, 0x28, 0x18,
    0x6e, 0x10, 0x6c, 0x02, 0x02, 0x00, 0x12, 0x02, 0x69, 0x02, 0xf0, 0x00,
    0x12, 0x02, 0x71, 0x20, 0xb4, 0x01, 0x21, 0x00, 0x60, 0x02, 0xf2, 0x00,
    0x3a, 0x02, 0x0b, 0x00, 0x6e, 0x10, 0x0d, 0x00, 0x01, 0x00, 0x0c, 0x01,
    0x60, 0x02, 0xf2, 0x00, 0x6e, 0x20, 0x87, 0x00, 0x21, 0x00, 0x0e, 0x00,
    0x09, 0x00, 0x03, 0x00, 0x04, 0x00, 0x00, 0x00, 0x0d, 0xe1, 0x00, 0x00,
    0x5b, 0x00, 0x00, 0x00, 0x6e, 0x10, 0x71, 0x00, 0x07, 0x00, 0x0c, 0x00,
    0x1f, 0x00, 0x70, 0x00, 0x71, 0x10, 0xbf, 0x01, 0x08, 0x00, 0x0a, 0x01,
    0x38, 0x01, 0x06, 0x00, 0x71, 0x40, 0xe3, 0x01, 0x76, 0x80, 0x0e, 0x00,
    0x62, 0x01, 0xf8, 0x00, 0x44, 0x01, 0x01, 0x08, 0x12, 0x12, 0x3d, 0x01,
    0x04, 0x00, 0x01, 0x23, 0x28, 0x02, 0x12, 0x03, 0x38, 0x03, 0x06, 0x00,
    0x14, 0x04, 0x51, 0xa8, 0x22, 0xff, 0x28, 0x04, 0x14, 0x04, 0x6b, 0x3a,
    0x2c, 0xff, 0x14, 0x05, 0x25, 0x16, 0x13, 0xff, 0x71, 0x30, 0xe4, 0x01,
    0x46, 0x05, 0x0c, 0x06, 0x6e, 0x20, 0x7a, 0x00, 0x67, 0x00, 0x54, 0x06,
    0x7c, 0x00, 0x38, 0x03, 0x0d, 0x00, 0x62, 0x07, 0xd2, 0x00, 0x46, 0x07,
    0x07, 0x08, 0x21, 0x78, 0x37, 0x28, 0x06, 0x00, 0xb1, 0x21, 0x46, 0x07,
    0x07, 0x01, 0x28, 0x03, 0x1a, 0x07, 0x00, 0x00, 0x6e, 0x20, 0xf7, 0x00,
    0x76, 0x00, 0x54, 0x06, 0x7c, 0x00, 0x38, 0x03, 0x05, 0x00, 0x13, 0x07,
    0x6b, 0xf3, 0x28, 0x04, 0x14, 0x07, 0x52, 0xed, 0x2e, 0xff, 0x6e, 0x20,
    0xf8, 0x00, 0x76, 0x00, 0x54, 0x06, 0x7a, 0x00, 0x38, 0x03, 0x04, 0x00,
    0x12, 0xf7, 0x28, 0x04, 0x14, 0x07, 0xea, 0xcb, 0xc3, 0xff, 0x6e, 0x20,
    0xf8, 0x00, 0x76, 0x00, 0x0e, 0x00, 0x00, 0x00, 0x0b, 0x00, 0x04, 0x00,
    0x03, 0x00, 0x00, 0x00, 0x1f, 0xe1, 0x00, 0x00, 0x84, 0x00, 0x00, 0x00,
    0x62, 0x00, 0x02, 0x01, 0x12, 0x01, 0x12, 0x12, 0x13, 0x03, 0x13, 0x00,
    0x33, 0x3a, 0x04, 0x00, 0x01, 0x14, 0x28, 0x02, 0x01, 0x24, 0x44, 0x00,
    0x00, 0x04, 0x3d, 0x00, 0x04, 0x00, 0x01, 0x24, 0x28, 0x02, 0x01, 0x14,
    0x13, 0x05, 0x14, 0x00, 0x33, 0x5a, 0x1a, 0x00, 0x3b, 0x00, 0x03, 0x00,
    0x28, 0x09, 0x62, 0x01, 0xba, 0x00, 0x21, 0x11, 0xb1, 0x21, 0x71, 0x20,
    0x9c, 0x02, 0x10, 0x00, 0x0a, 0x01, 0x54, 0x95, 0x7b, 0x00, 0x62, 0x06,
    0xba, 0x00, 0x46, 0x01, 0x06, 0x01, 0x71, 0x20, 0xff, 0x01, 0x17, 0x00,
    0x0c, 0x01, 0x71, 0x30, 0xf6, 0x01, 0x57, 0x01, 0x38, 0x04, 0x06, 0x00,
    0x14, 0x01, 0x51, 0xa8, 0x22, 0xff, 0x28, 0x04, 0x14, 0x01, 0x6b, 0x3a,
    0x2c, 0xff, 0x14, 0x05, 0x25, 0x16, 0x13, 0xff, 0x71, 0x30, 0xe4, 0x01,
    0x17, 0x05, 0x0c, 0x07, 0x6e, 0x20, 0x7a, 0x00, 0x78, 0x00, 0x1a, 0x07,
    0x00, 0x00, 0x3b, 0x00, 0x03, 0x00, 0x28, 0x12, 0x33, 0x3a, 0x07, 0x00,
    0x33, 0x20, 0x0f, 0x00, 0x1a, 0x07, 0x95, 0x01, 0x28, 0x0b, 0x62, 0x07,
    0xb9, 0x00, 0x21, 0x78, 0xb1, 0x28, 0x71, 0x20, 0x9c, 0x02, 0x80, 0x00,
    0x0a, 0x08, 0x46, 0x07, 0x07, 0x08, 0x54, 0x98, 0x7c, 0x00, 0x6e, 0x20,
    0xf7, 0x00, 0x78, 0x00, 0x54, 0x97, 0x7c, 0x00, 0x38, 0x04, 0x05, 0x00,
    0x13, 0x08, 0x6b, 0xf3, 0x28, 0x04, 0x14, 0x08, 0x52, 0xed, 0x2e, 0xff,
    0x6e, 0x20, 0xf8, 0x00, 0x87, 0x00, 0x54, 0x97, 0x7a, 0x00, 0x3b, 0x00,
    0x05, 0x00, 0x1a, 0x08, 0x89, 0x00, 0x28, 0x05, 0x62, 0x08, 0xd0, 0x00,
    0x46, 0x08, 0x08, 0x0a, 0x6e, 0x20, 0xf7, 0x00, 0x87, 0x00, 0x54, 0x97,
    0x7a, 0x00, 0x38, 0x04, 0x04, 0x00, 0x12, 0xf8, 0x28, 0x04, 0x14, 0x08,
    0xea, 0xcb, 0xc3, 0xff, 0x6e, 0x20, 0xf8, 0x00, 0x87, 0x00, 0x0e, 0x00,
    0x03, 0x00, 0x01, 0x00, 0x03, 0x00, 0x01, 0x00, 0x35, 0xe1, 0x00, 0x00,
    0x21, 0x00, 0x00, 0x00, 0x1a, 0x00, 0xdb, 0x04, 0x12, 0x01, 0x6e, 0x30,
    0x0b, 0x00, 0x02, 0x01, 0x0c, 0x02, 0x1a, 0x00, 0x31, 0x03, 0x12, 0x11,
    0x72, 0x30, 0x26, 0x00, 0x02, 0x01, 0x0a, 0x00, 0x6a, 0x00, 0xf1, 0x00,
    0x1a, 0x00, 0x30, 0x03, 0x72, 0x30, 0x26, 0x00, 0x02, 0x01, 0x0a, 0x00,
    0x6a, 0x00, 0xed, 0x00, 0x1a, 0x00, 0x32, 0x03, 0x72, 0x30, 0x26, 0x00,
    0x02, 0x01, 0x0a, 0x02, 0x6a, 0x02, 0xfc, 0x00, 0x0e, 0x00, 0x00, 0x00,
    0x00, 0x00, 0x00, 0x00, 0x20, 0x00, 0x01, 0x00, 0x01, 0x00, 0x20, 0x00,
    0x06, 0x00, 0x04, 0x00, 0x03, 0x00, 0x00, 0x00, 0x3e, 0xe1, 0x00, 0x00,
    0x4d, 0x00, 0x00, 0x00, 0x71, 0x20, 0x01, 0x02, 0x54, 0x00, 0x0c, 0x04,
    0x6e, 0x20, 0xc0, 0x00, 0x43, 0x00, 0x62, 0x05, 0xe8, 0x00, 0x72, 0x20,
    0xd2, 0x02, 0x45, 0x00, 0x0a, 0x00, 0x38, 0x00, 0x0c, 0x00, 0x72, 0x20,
    0xd3, 0x02, 0x45, 0x00, 0x0c, 0x04, 0x1f, 0x04, 0x14, 0x00, 0x71, 0x30,
    0xf6, 0x01, 0x32, 0x04, 0x0e, 0x00, 0x12, 0x05, 0x71, 0x30, 0xf6, 0x01,
    0x32, 0x05, 0x62, 0x05, 0x01, 0x01, 0x6e, 0x20, 0xcb, 0x02, 0x45, 0x00,
    0x0c, 0x00, 0x1f, 0x00, 0xb0, 0x00, 0x39, 0x00, 0x0b, 0x00, 0x22, 0x00,
    0xb0, 0x00, 0x12, 0x21, 0x70, 0x20, 0xbc, 0x02, 0x10, 0x00, 0x6e, 0x30,
    0xcc, 0x02, 0x45, 0x00, 0x6e, 0x20, 0xc0, 0x02, 0x30, 0x00, 0x0a, 0x05,
    0x39, 0x05, 0x05, 0x00, 0x6e, 0x20, 0xbe, 0x02, 0x30, 0x00, 0x71, 0x00,
    0xb3, 0x01, 0x00, 0x00, 0x62, 0x03, 0xfa, 0x00, 0x72, 0x20, 0xd5, 0x02,
    0x43, 0x00, 0x0a, 0x03, 0x38, 0x03, 0x07, 0x00, 0x62, 0x03, 0xf9, 0x00,
    0x6e, 0x20, 0xda, 0x02, 0x43, 0x00, 0x71, 0x10, 0x02, 0x02, 0x02, 0x00,
    0x0e, 0x00, 0x00, 0x00, 0x07, 0x00, 0x02, 0x00, 0x03, 0x00, 0x01, 0x00,
    0x52, 0xe1, 0x00, 0x00, 0x41, 0x00, 0x00, 0x00, 0x6e, 0x10, 0x0a, 0x00,
    0x05, 0x00, 0x0c, 0x00, 0x6e, 0x10, 0x2a, 0x00, 0x00, 0x00, 0x0c, 0x00,
    0x52, 0x01, 0x09, 0x00, 0x52, 0x62, 0x11, 0x00, 0xb1, 0x21, 0xdb, 0x01,
    0x01, 0x02, 0x15, 0x02, 0xc0, 0x40, 0x71, 0x20, 0xe9, 0x01, 0x25, 0x00,
    0x0a, 0x02, 0x12, 0x03, 0x1a, 0x04, 0x06, 0x03, 0x6e, 0x30, 0x0b, 0x00,
    0x45, 0x03, 0x0c, 0x05, 0x1a, 0x04, 0x41, 0x05, 0x72, 0x30, 0x27, 0x00,
    0x45, 0x01, 0x0a, 0x01, 0x1a, 0x04, 0x47, 0x05, 0x72, 0x30, 0x27, 0x00,
    0x45, 0x02, 0x0a, 0x02, 0x82, 0x15, 0x52, 0x01, 0x09, 0x00, 0x52, 0x64,
    0x11, 0x00, 0xb1, 0x41, 0x71, 0x30, 0xae, 0x01, 0x35, 0x01, 0x0a, 0x05,
    0x59, 0x65, 0x0e, 0x00, 0x82, 0x25, 0x52, 0x00, 0x08, 0x00, 0x52, 0x61,
    0x0d, 0x00, 0xb1, 0x10, 0x71, 0x30, 0xae, 0x01, 0x35, 0x00, 0x0a, 0x05,
    0x59, 0x65, 0x10, 0x00, 0x0e, 0x00, 0x00, 0x00, 0x16, 0x00, 0x00, 0x00,
    0x12, 0x00, 0x01, 0x00, 0x01, 0x00, 0x28, 0x00, 0x07, 0x00, 0x01, 0x00,
    0x03, 0x00, 0x00, 0x00, 0x5f, 0xe1, 0x00, 0x00, 0x58, 0x00, 0x00, 0x00,
    0x1a, 0x00, 0x07, 0x03, 0x12, 0x01, 0x6e, 0x30, 0x0b, 0x00, 0x06, 0x01,
    0x0c, 0x06, 0x01, 0x10, 0x01, 0x02, 0x62, 0x03, 0xf8, 0x00, 0x21, 0x34,
    0x35, 0x40, 0x31, 0x00, 0x71, 0x10, 0xbd, 0x01, 0x00, 0x00, 0x0a, 0x04,
    0x39, 0x04, 0x03, 0x00, 0x28, 0x26, 0x22, 0x04, 0xab, 0x00, 0x1a, 0x05,
    0x31, 0x04, 0x70, 0x20, 0xad, 0x02, 0x54, 0x00, 0x6e, 0x20, 0xaf, 0x02,
    0x04, 0x00, 0x6e, 0x10, 0xb4, 0x02, 0x04, 0x00, 0x0c, 0x04, 0x72, 0x30,
    0x27, 0x00, 0x46, 0x01, 0x0a, 0x04, 0x3a, 0x04, 0x09, 0x00, 0x62, 0x05,
    0xd2, 0x00, 0x46, 0x05, 0x05, 0x00, 0x21, 0x55, 0x37, 0x54, 0x03, 0x00,
    0x01, 0x14, 0x4b, 0x04, 0x03, 0x00, 0x3d, 0x04, 0x07, 0x00, 0x71, 0x20,
    0xda, 0x01, 0x40, 0x00, 0xd8, 0x02, 0x02, 0x01, 0xd8, 0x00, 0x00, 0x01,
    0x28, 0xcd, 0x3d, 0x02, 0x1a, 0x00, 0x22, 0x06, 0xab, 0x00, 0x1a, 0x00,
    0xe3, 0x03, 0x70, 0x20, 0xad, 0x02, 0x06, 0x00, 0x6e, 0x20, 0xaf, 0x02,
    0x26, 0x00, 0x1a, 0x00, 0x0f, 0x00, 0x6e, 0x20, 0xb2, 0x02, 0x06, 0x00,
    0x6e, 0x10, 0xb4, 0x02, 0x06, 0x00, 0x0c, 0x06, 0x1a, 0x00, 0x40, 0x00,
    0x71, 0x20, 0x65, 0x00, 0x60, 0x00, 0x0e, 0x00, 0x04, 0x00, 0x02, 0x00,
    0x03, 0x00, 0x01, 0x00, 0x6e, 0xe1, 0x00, 0x00, 0x1f, 0x00, 0x00, 0x00,
    0x1a, 0x00, 0x06, 0x03, 0x12, 0x01, 0x6e, 0x30, 0x0b, 0x00, 0x02, 0x01,
    0x0c, 0x02, 0x72, 0x10, 0x25, 0x00, 0x02, 0x00, 0x0c, 0x02, 0x1a, 0x00,
    0x41, 0x05, 0x52, 0x31, 0x0e, 0x00, 0x72, 0x30, 0x23, 0x00, 0x02, 0x01,
    0x0c, 0x02, 0x1a, 0x00, 0x47, 0x05, 0x52, 0x33, 0x10, 0x00, 0x72, 0x30,
    0x23, 0x00, 0x02, 0x03, 0x0c, 0x02, 0x72, 0x10, 0x22, 0x00, 0x02, 0x00,
    0x0e, 0x00, 0x00, 0x00, 0x00, 0x00, 0x00, 0x00, 0x1e, 0x00, 0x01, 0x00,
    0x01, 0x00, 0x1e, 0x00, 0x05, 0x00, 0x01, 0x00, 0x03, 0x00, 0x00, 0x00,
    0x76, 0xe1, 0x00, 0x00, 0x30, 0x00, 0x00, 0x00, 0x1a, 0x00, 0x07, 0x03,
    0x12, 0x01, 0x6e, 0x30, 0x0b, 0x00, 0x04, 0x01, 0x0c, 0x04, 0x72, 0x10,
    0x25, 0x00, 0x04, 0x00, 0x0c, 0x04, 0x62, 0x00, 0xf8, 0x00, 0x21, 0x02,
    0x35, 0x21, 0x1e, 0x00, 0x71, 0x10, 0xbd, 0x01, 0x01, 0x00, 0x0a, 0x02,
    0x38, 0x02, 0x15, 0x00, 0x22, 0x02, 0xab, 0x00, 0x1a, 0x03, 0x31, 0x04,
    0x70, 0x20, 0xad, 0x02, 0x32, 0x00, 0x6e, 0x20, 0xaf, 0x02, 0x12, 0x00,
    0x6e, 0x10, 0xb4, 0x02, 0x02, 0x00, 0x0c, 0x02, 0x44, 0x00, 0x00, 0x01,
    0x72, 0x30, 0x23, 0x00, 0x24, 0x00, 0xd8, 0x01, 0x01, 0x01, 0x28, 0xe0,
    0x72, 0x10, 0x22, 0x00, 0x04, 0x00, 0x0e, 0x00, 0x0e, 0x00, 0x05, 0x00,
    0x06, 0x00, 0x00, 0x00, 0x81, 0xe1, 0x00, 0x00, 0x3a, 0x00, 0x00, 0x00,
    0x67, 0x0d, 0xeb, 0x00, 0x12, 0x00, 0x21, 0xc1, 0x12, 0x02, 0x35, 0x10,
    0x10, 0x00, 0x46, 0x01, 0x0c, 0x00, 0x33, 0xd0, 0x06, 0x00, 0x71, 0x10,
    0xb9, 0x01, 0x09, 0x00, 0x0c, 0x02, 0x6e, 0x20, 0x7a, 0x00, 0x21, 0x00,
    0xd8, 0x00, 0x00, 0x01, 0x28, 0xef, 0x46, 0x00, 0x0b, 0x0d, 0x22, 0x03,
    0x52, 0x00, 0x07, 0x95, 0x07, 0xa6, 0x07, 0xb7, 0x07, 0xc8, 0x01, 0xd4,
    0x76, 0x06, 0x07, 0x01, 0x03, 0x00, 0x52, 0x09, 0x9b, 0x00, 0x12, 0x2a,
    0x33, 0xa9, 0x09, 0x00, 0x6e, 0x10, 0xcb, 0x00, 0x06, 0x00, 0x71, 0x30,
    0xfa, 0x01, 0x65, 0x00, 0x0e, 0x00, 0x52, 0x09, 0x9b, 0x00, 0x12, 0x3a,
    0x33, 0xa9, 0x06, 0x00, 0x71, 0x40, 0xf8, 0x01, 0x65, 0x40, 0x0e, 0x00,
    0x71, 0x52, 0xf9, 0x01, 0x65, 0x30, 0x0e, 0x00, 0x04, 0x00, 0x03, 0x00,
    0x03, 0x00, 0x00, 0x00, 0x92, 0xe1, 0x00, 0x00, 0x1c, 0x00, 0x00, 0x00,
    0x39, 0x03, 0x07, 0x00, 0x12, 0x01, 0x6e, 0x20, 0xb9, 0x00, 0x12, 0x00,
    0x0e, 0x00, 0x22, 0x00, 0x1d, 0x00, 0x6e, 0x10, 0x0a, 0x00, 0x01, 0x00,
    0x0c, 0x01, 0x70, 0x30, 0x41, 0x00, 0x10, 0x03, 0x6e, 0x10, 0x42, 0x00,
    0x00, 0x00, 0x0c, 0x01, 0x12, 0x03, 0x6e, 0x20, 0x3b, 0x00, 0x31, 0x00,
    0x6e, 0x20, 0xb9, 0x00, 0x02, 0x00, 0x0e, 0x00, 0x03, 0x00, 0x01, 0x00,
    0x03, 0x00, 0x00, 0x00, 0x9d, 0xe1, 0x00, 0x00, 0x0e, 0x00, 0x00, 0x00,
    0x62, 0x00, 0xe7, 0x00, 0x39, 0x00, 0x03, 0x00, 0x0e, 0x00, 0x22, 0x01,
    0x61, 0x00, 0x70, 0x30, 0x2a, 0x01, 0x01, 0x02, 0x6e, 0x20, 0x11, 0x00,
    0x10, 0x00, 0x0e, 0x00, 0x14, 0x00, 0x04, 0x00, 0x06, 0x00, 0x00, 0x00,
    0xa4, 0xe1, 0x00, 0x00, 0xa6, 0x01, 0x00, 0x00, 0x08, 0x02, 0x10, 0x00,
    0x08, 0x03, 0x11, 0x00, 0x08, 0x00, 0x12, 0x00, 0x02, 0x01, 0x13, 0x00,
    0x6e, 0x10, 0xcb, 0x00, 0x03, 0x00, 0x55, 0x04, 0x93, 0x00, 0x15, 0x06,
    0x80, 0x3f, 0x12, 0xf7, 0x12, 0x08, 0x38, 0x04, 0x25, 0x00, 0x62, 0x04,
    0xe9, 0x00, 0x39, 0x04, 0x21, 0x00, 0x12, 0x04, 0x71, 0x30, 0xaa, 0x01,
    0x02, 0x04, 0x0c, 0x04, 0x6e, 0x20, 0xc6, 0x00, 0x43, 0x00, 0x1a, 0x04,
    0x93, 0x01, 0x71, 0x20, 0xc1, 0x01, 0x42, 0x00, 0x0c, 0x04, 0x22, 0x05,
    0x46, 0x00, 0x70, 0x40, 0xc3, 0x00, 0x75, 0x68, 0x6e, 0x30, 0xc7, 0x00,
    0x43, 0x05, 0x22, 0x04, 0x53, 0x00, 0x70, 0x50, 0x09, 0x01, 0x14, 0x32,
    0x71, 0x20, 0x0c, 0x02, 0x42, 0x00, 0x0e, 0x00, 0x22, 0x04, 0xb0, 0x00,
    0x70, 0x10, 0xbb, 0x02, 0x04, 0x00, 0x54, 0x05, 0x8d, 0x00, 0x21, 0x59,
    0x01, 0x8a, 0x35, 0x9a, 0x1b, 0x00, 0x46, 0x0b, 0x05, 0x0a, 0x6e, 0x10,
    0x6e, 0x01, 0x0b, 0x00, 0x55, 0x0c, 0x93, 0x00, 0x38, 0x0c, 0x0c, 0x00,
    0x52, 0xbc, 0x9c, 0x00, 0x3a, 0x0c, 0x08, 0x00, 0x6e, 0x10, 0x78, 0x01,
    0x0b, 0x00, 0x0a, 0x0c, 0x3d, 0x0c, 0x05, 0x00, 0x6e, 0x20, 0xbe, 0x02,
    0xb4, 0x00, 0xd8, 0x0a, 0x0a, 0x01, 0x28, 0xe6, 0x22, 0x05, 0x46, 0x00,
    0x12, 0xe9, 0x70, 0x30, 0xc2, 0x00, 0x75, 0x09, 0x15, 0x0a, 0xc0, 0x40,
    0x71, 0x20, 0xe9, 0x01, 0xa2, 0x00, 0x0a, 0x0b, 0x59, 0x5b, 0x13, 0x00,
    0x55, 0x0b, 0x93, 0x00, 0x12, 0x1c, 0x38, 0x0b, 0x05, 0x00, 0x1a, 0x0b,
    0x00, 0x00, 0x28, 0x1f, 0x6e, 0x10, 0xc5, 0x02, 0x04, 0x00, 0x0a, 0x0b,
    0x33, 0xcb, 0x05, 0x00, 0x1a, 0x0b, 0x16, 0x00, 0x28, 0x16, 0x22, 0x0b,
    0xab, 0x00, 0x70, 0x10, 0xab, 0x02, 0x0b, 0x00, 0x6e, 0x10, 0xc5, 0x02,
    0x04, 0x00, 0x0a, 0x0d, 0x6e, 0x20, 0xaf, 0x02, 0xdb, 0x00, 0x1a, 0x0d,
    0x0e, 0x00, 0x6e, 0x20, 0xb2, 0x02, 0xdb, 0x00, 0x6e, 0x10, 0xb4, 0x02,
    0x0b, 0x00, 0x0c, 0x0b, 0x15, 0x0d, 0x20, 0x41, 0x14, 0x0e, 0xea, 0xcb,
    0xc3, 0xff, 0x71, 0x40, 0x03, 0x02, 0xb2, 0xed, 0x0c, 0x0b, 0x71, 0x30,
    0xaa, 0x01, 0x02, 0x0b, 0x0c, 0x0b, 0x6e, 0x30, 0xc7, 0x00, 0xb3, 0x05,
    0x22, 0x05, 0x54, 0x00, 0x70, 0x50, 0x0b, 0x01, 0x15, 0x32, 0x22, 0x0b,
    0x47, 0x00, 0x70, 0x20, 0xc5, 0x00, 0x2b, 0x00, 0x6e, 0x20, 0xd3, 0x00,
    0xcb, 0x00, 0x6e, 0x10, 0xc3, 0x02, 0x04, 0x00, 0x0c, 0x0f, 0x72, 0x10,
    0xce, 0x02, 0x0f, 0x00, 0x0a, 0x00, 0x38, 0x00, 0xe0, 0x00, 0x72, 0x10,
    0xcf, 0x02, 0x0f, 0x00, 0x0c, 0x00, 0x07, 0x04, 0x1f, 0x04, 0x73, 0x00,
    0x22, 0x00, 0x47, 0x00, 0x70, 0x20, 0xc5, 0x00, 0x20, 0x00, 0x6e, 0x20,
    0xd3, 0x00, 0x80, 0x00, 0x13, 0x06, 0x10, 0x00, 0x6e, 0x20, 0xcf, 0x00,
    0x60, 0x00, 0x71, 0x20, 0xe9, 0x01, 0xa2, 0x00, 0x0a, 0x06, 0x71, 0x20,
    0xe9, 0x01, 0xa2, 0x00, 0x0a, 0x09, 0x71, 0x20, 0xe9, 0x01, 0xa2, 0x00,
    0x0a, 0x0d, 0x71, 0x20, 0xe9, 0x01, 0xa2, 0x00, 0x0a, 0x0e, 0x6e, 0x5e,
    0xd4, 0x00, 0x60, 0xd9, 0x15, 0x06, 0xf0, 0x41, 0x71, 0x30, 0xf2, 0x01,
    0x42, 0x06, 0x0c, 0x06, 0x6e, 0x20, 0xc6, 0x00, 0x60, 0x00, 0x54, 0x46,
    0x9d, 0x00, 0x15, 0x09, 0x60, 0x41, 0x71, 0x40, 0x03, 0x02, 0x62, 0x79,
    0x0c, 0x06, 0x15, 0x09, 0x00, 0x41, 0x71, 0x20, 0xe9, 0x01, 0x92, 0x00,
    0x0a, 0x0d, 0x6e, 0x58, 0xf5, 0x00, 0xd6, 0x88, 0x6e, 0x20, 0xc6, 0x00,
    0x60, 0x00, 0x6e, 0x10, 0x78, 0x01, 0x04, 0x00, 0x0a, 0x06, 0x22, 0x0d,
    0xab, 0x00, 0x70, 0x10, 0xab, 0x02, 0x0d, 0x00, 0x6e, 0x20, 0xaf, 0x02,
    0x6d, 0x00, 0x6e, 0x10, 0x72, 0x01, 0x04, 0x00, 0x0a, 0x0e, 0x38, 0x0e,
    0x0a, 0x00, 0x33, 0xc6, 0x05, 0x00, 0x1a, 0x06, 0x03, 0x00, 0x28, 0x19,
    0x1a, 0x06, 0x04, 0x00, 0x28, 0x16, 0x6e, 0x10, 0x67, 0x01, 0x04, 0x00,
    0x0a, 0x0e, 0x38, 0x0e, 0x0a, 0x00, 0x33, 0xc6, 0x05, 0x00, 0x1a, 0x06,
    0x05, 0x00, 0x28, 0x0b, 0x1a, 0x06, 0x06, 0x00, 0x28, 0x08, 0x33, 0xc6,
    0x05, 0x00, 0x1a, 0x06, 0x08, 0x00, 0x28, 0x03, 0x1a, 0x06, 0x09, 0x00,
    0x6e, 0x20, 0xb2, 0x02, 0x6d, 0x00, 0x6e, 0x10, 0xb4, 0x02, 0x0d, 0x00,
    0x0c, 0x06, 0x14, 0x0d, 0xea, 0xcb, 0xc3, 0xff, 0x15, 0x0e, 0x20, 0x41,
    0x71, 0x40, 0x03, 0x02, 0x62, 0xde, 0x0c, 0x06, 0x71, 0x20, 0xe9, 0x01,
    0x92, 0x00, 0x0a, 0x09, 0x15, 0x0a, 0x00, 0x40, 0x71, 0x20, 0xe9, 0x01,
    0xa2, 0x00, 0x0a, 0x0a, 0x6e, 0x5a, 0xf5, 0x00, 0x96, 0x88, 0x22, 0x09,
    0x46, 0x00, 0x12, 0xea, 0x15, 0x0c, 0x80, 0x3f, 0x70, 0x40, 0xc3, 0x00,
    0x89, 0xca, 0x6e, 0x30, 0xc7, 0x00, 0x60, 0x09, 0x1a, 0x06, 0xab, 0x03,
    0x71, 0x20, 0xff, 0x01, 0x62, 0x00, 0x0c, 0x06, 0x15, 0x09, 0xa0, 0x41,
    0x71, 0x30, 0xba, 0x01, 0x62, 0x09, 0x0c, 0x06, 0x6e, 0x20, 0xc6, 0x00,
    0x60, 0x00, 0x14, 0x06, 0x6b, 0x3a, 0x2c, 0xff, 0x14, 0x09, 0x25, 0x16,
    0x13, 0xff, 0x71, 0x30, 0xe4, 0x01, 0x62, 0x09, 0x0c, 0x06, 0x6e, 0x20,
    0xcc, 0x00, 0x60, 0x00, 0x07, 0x06, 0x22, 0x00, 0x56, 0x00, 0x76, 0x06,
    0x0f, 0x01, 0x00, 0x00, 0x6e, 0x20, 0xd2, 0x00, 0x06, 0x00, 0x22, 0x00,
    0x46, 0x00, 0x12, 0xea, 0x70, 0x30, 0xc2, 0x00, 0x70, 0x0a, 0x15, 0x01,
    0x80, 0x40, 0x71, 0x20, 0xe9, 0x01, 0x12, 0x00, 0x0a, 0x01, 0x59, 0x01,
    0x13, 0x00, 0x6e, 0x30, 0xc7, 0x00, 0x6b, 0x00, 0x01, 0xe1, 0x01, 0xde,
    0x01, 0x1d, 0x02, 0x01, 0x13, 0x00, 0x01, 0xa9, 0x15, 0x06, 0x80, 0x3f,
    0x15, 0x0a, 0xc0, 0x40, 0x12, 0x1c, 0x29, 0x00, 0x1e, 0xff, 0x22, 0x00,
    0x4b, 0x00, 0x70, 0x20, 0xe6, 0x00, 0x20, 0x00, 0x6e, 0x20, 0xe7, 0x00,
    0xb0, 0x00, 0x22, 0x01, 0x46, 0x00, 0x15, 0x0c, 0x80, 0x3f, 0x70, 0x40,
    0xc3, 0x00, 0x71, 0xc8, 0x6e, 0x30, 0xc7, 0x00, 0x03, 0x01, 0x0e, 0x00,
    0x17, 0x00, 0x05, 0x00, 0x06, 0x00, 0x00, 0x00, 0xe7, 0xe1, 0x00, 0x00,
    0xc1, 0x01, 0x00, 0x00, 0x08, 0x00, 0x12, 0x00, 0x08, 0x01, 0x13, 0x00,
    0x08, 0x05, 0x14, 0x00, 0x08, 0x02, 0x16, 0x00, 0x12, 0x03, 0x5b, 0x53,
    0x8f, 0x00, 0x6e, 0x10, 0xcb, 0x00, 0x01, 0x00, 0x6e, 0x10, 0x6e, 0x01,
    0x05, 0x00, 0x0a, 0x04, 0x15, 0x08, 0x80, 0x3f, 0x12, 0xf9, 0x12, 0x0a,
    0x39, 0x04, 0x1d, 0x00, 0x71, 0x40, 0xab, 0x01, 0x50, 0x23, 0x0c, 0x02,
    0x6e, 0x20, 0xc6, 0x00, 0x21, 0x00, 0x1a, 0x02, 0x93, 0x01, 0x71, 0x20,
    0xc1, 0x01, 0x20, 0x00, 0x0c, 0x02, 0x22, 0x03, 0x46, 0x00, 0x70, 0x40,
    0xc3, 0x00, 0x93, 0x8a, 0x6e, 0x30, 0xc7, 0x00, 0x21, 0x03, 0x08, 0x01,
    0x15, 0x00, 0x71, 0x20, 0x0c, 0x02, 0x10, 0x00, 0x0e, 0x00, 0x6e, 0x10,
    0x78, 0x01, 0x05, 0x00, 0x0a, 0x04, 0x71, 0x10, 0xaa, 0x02, 0x04, 0x00,
    0x0c, 0x04, 0x15, 0x06, 0x20, 0x41, 0x14, 0x07, 0xea, 0xcb, 0xc3, 0xff,
    0x71, 0x40, 0x03, 0x02, 0x40, 0x76, 0x0c, 0x06, 0x71, 0x40, 0xab, 0x01,
    0x50, 0x26, 0x0c, 0x02, 0x22, 0x04, 0x47, 0x00, 0x70, 0x20, 0xc5, 0x00,
    0x04, 0x00, 0x6e, 0x20, 0xd3, 0x00, 0xa4, 0x00, 0x13, 0x0b, 0x10, 0x00,
    0x6e, 0x20, 0xcf, 0x00, 0xb4, 0x00, 0x14, 0x0b, 0x6b, 0x3a, 0x2c, 0xff,
    0x14, 0x0c, 0x25, 0x16, 0x13, 0xff, 0x71, 0x30, 0xe4, 0x01, 0xb0, 0x0c,
    0x0c, 0x0b, 0x6e, 0x20, 0xcc, 0x00, 0xb4, 0x00, 0x15, 0x0b, 0xc0, 0x40,
    0x71, 0x20, 0xe9, 0x01, 0xb0, 0x00, 0x0a, 0x0c, 0x71, 0x20, 0xe9, 0x01,
    0xb0, 0x00, 0x0a, 0x0d, 0x6e, 0x5a, 0xd4, 0x00, 0xc4, 0xda, 0x1a, 0x0c,
    0x9f, 0x03, 0x71, 0x20, 0xff, 0x01, 0xc0, 0x00, 0x0c, 0x0c, 0x15, 0x0d,
    0x80, 0x41, 0x71, 0x30, 0xba, 0x01, 0xc0, 0x0d, 0x0c, 0x0c, 0x6e, 0x20,
    0xc6, 0x00, 0xc4, 0x00, 0x22, 0x0c, 0x41, 0x00, 0x70, 0x20, 0x8e, 0x00,
    0x0c, 0x00, 0x12, 0x1d, 0x6e, 0x20, 0xa4, 0x00, 0xdc, 0x00, 0x6e, 0x20,
    0x97, 0x00, 0x3c, 0x00, 0x6e, 0x20, 0xa6, 0x00, 0x9c, 0x00, 0x6e, 0x20,
    0x9a, 0x00, 0x7c, 0x00, 0x1a, 0x0e, 0xf8, 0x01, 0x6e, 0x20, 0x99, 0x00,
    0xec, 0x00, 0x15, 0x0e, 0x30, 0x41, 0x71, 0x30, 0xa5, 0x01, 0xc0, 0x0e,
    0x71, 0x10, 0xb7, 0x01, 0x00, 0x00, 0x0c, 0x0e, 0x6e, 0x20, 0xa7, 0x00,
    0xec, 0x00, 0x71, 0x20, 0xe9, 0x01, 0xb0, 0x00, 0x0a, 0x0e, 0x15, 0x0f,
    0x40, 0x40, 0x08, 0x10, 0x03, 0x00, 0x71, 0x20, 0xe9, 0x01, 0xf0, 0x00,
    0x0a, 0x03, 0x71, 0x20, 0xe9, 0x01, 0xf0, 0x00, 0x0a, 0x0f, 0x6e, 0x5f,
    0xa2, 0x00, 0xec, 0xa3, 0x14, 0x03, 0x03, 0x00, 0x00, 0x12, 0x6e, 0x20,
    0x9c, 0x00, 0x3c, 0x00, 0x22, 0x03, 0x57, 0x00, 0x70, 0x20, 0x11, 0x01,
    0x03, 0x00, 0x6e, 0x20, 0xa0, 0x00, 0x3c, 0x00, 0x22, 0x03, 0x46, 0x00,
    0x12, 0xee, 0x70, 0x40, 0xc3, 0x00, 0xa3, 0x8e, 0x6e, 0x30, 0xc7, 0x00,
    0xc4, 0x03, 0x22, 0x03, 0x46, 0x00, 0x70, 0x40, 0xc3, 0x00, 0xa3, 0x8e,
    0x15, 0x0f, 0x40, 0x41, 0x71, 0x20, 0xe9, 0x01, 0xf0, 0x00, 0x0a, 0x0a,
    0x59, 0x3a, 0x14, 0x00, 0x71, 0x20, 0xe9, 0x01, 0xf0, 0x00, 0x0a, 0x0a,
    0x59, 0x3a, 0x15, 0x00, 0x6e, 0x30, 0xc7, 0x00, 0x42, 0x03, 0x6e, 0x10,
    0x72, 0x01, 0x05, 0x00, 0x0a, 0x03, 0x38, 0x03, 0x05, 0x00, 0x13, 0x03,
    0x0a, 0x00, 0x28, 0x0c, 0x6e, 0x10, 0x67, 0x01, 0x05, 0x00, 0x0a, 0x03,
    0x38, 0x03, 0x05, 0x00, 0x13, 0x03, 0x3c, 0x00, 0x28, 0x03, 0x13, 0x03,
    0xe7, 0x03, 0x52, 0x54, 0x8e, 0x00, 0x71, 0x20, 0x9a, 0x02, 0x4d, 0x00,
    0x0a, 0x04, 0x71, 0x20, 0x9c, 0x02, 0x43, 0x00, 0x0a, 0x04, 0x24, 0x10,
    0xc3, 0x00, 0x04, 0x00, 0x0c, 0x0a, 0x71, 0x20, 0xea, 0x01, 0x45, 0x00,
    0x0c, 0x08, 0x71, 0x40, 0x03, 0x02, 0x80, 0x9f, 0x0c, 0x08, 0x6e, 0x10,
    0x67, 0x01, 0x05, 0x00, 0x0a, 0x11, 0x38, 0x11, 0x05, 0x00, 0x15, 0x11,
    0x68, 0x42, 0x28, 0x03, 0x15, 0x11, 0x20, 0x42, 0x02, 0x07, 0x11, 0x00,
    0x71, 0x20, 0xe9, 0x01, 0x70, 0x00, 0x0a, 0x07, 0x6e, 0x20, 0xfc, 0x00,
    0x78, 0x00, 0x6e, 0x20, 0xf6, 0x00, 0xd8, 0x00, 0x14, 0x07, 0x05, 0x00,
    0x80, 0x00, 0x6e, 0x20, 0xf1, 0x00, 0x78, 0x00, 0x22, 0x07, 0x71, 0x00,
    0x70, 0x40, 0x57, 0x01, 0x07, 0x43, 0x22, 0x03, 0x58, 0x00, 0x70, 0x55,
    0x13, 0x01, 0xa3, 0x87, 0x5b, 0x73, 0x81, 0x00, 0x6e, 0x20, 0xc6, 0x00,
    0x82, 0x00, 0x22, 0x03, 0x46, 0x00, 0x71, 0x10, 0xa6, 0x01, 0x00, 0x00,
    0x0a, 0x04, 0x71, 0x20, 0xe9, 0x01, 0x40, 0x00, 0x0a, 0x04, 0x70, 0x30,
    0xc2, 0x00, 0x43, 0x0e, 0x71, 0x20, 0xe9, 0x01, 0xb0, 0x00, 0x0a, 0x04,
    0x59, 0x34, 0x14, 0x00, 0x6e, 0x30, 0xc7, 0x00, 0x72, 0x03, 0x22, 0x03,
    0x46, 0x00, 0x70, 0x30, 0xc2, 0x00, 0x93, 0x0e, 0x71, 0x20, 0xe9, 0x01,
    0xb0, 0x00, 0x0a, 0x04, 0x59, 0x34, 0x13, 0x00, 0x6e, 0x30, 0xc7, 0x00,
    0x21, 0x03, 0x6e, 0x10, 0x78, 0x01, 0x05, 0x00, 0x0a, 0x02, 0x39, 0x02,
    0x22, 0x00, 0x6e, 0x10, 0x72, 0x01, 0x05, 0x00, 0x0a, 0x02, 0x38, 0x02,
    0x08, 0x00, 0x1a, 0x02, 0xf4, 0x01, 0x14, 0x03, 0xea, 0xcb, 0xc3, 0xff,
    0x28, 0x0d, 0x6e, 0x10, 0x67, 0x01, 0x05, 0x00, 0x0a, 0x02, 0x38, 0x02,
    0x05, 0x00, 0x1a, 0x02, 0xf5, 0x01, 0x28, 0xf4, 0x1a, 0x02, 0x00, 0x02,
    0x28, 0xf1, 0x71, 0x40, 0x03, 0x02, 0x20, 0x3f, 0x0c, 0x00, 0x6e, 0x20,
    0xc6, 0x00, 0x01, 0x00, 0x0e, 0x00, 0x22, 0x04, 0x49, 0x00, 0x70, 0x20,
    0xd7, 0x00, 0x04, 0x00, 0x22, 0x02, 0x1e, 0x00, 0x14, 0x03, 0xff, 0xff,
    0xff, 0x22, 0x70, 0x20, 0x43, 0x00, 0x32, 0x00, 0x6e, 0x20, 0xdc, 0x00,
    0x24, 0x00, 0x15, 0x02, 0x80, 0x3f, 0x71, 0x20, 0xe9, 0x01, 0x20, 0x00,
    0x0a, 0x03, 0x71, 0x20, 0x9a, 0x02, 0x3d, 0x00, 0x0a, 0x02, 0x6e, 0x20,
    0xdd, 0x00, 0x24, 0x00, 0x12, 0x08, 0x6e, 0x20, 0xdb, 0x00, 0x84, 0x00,
    0x22, 0x07, 0x59, 0x00, 0x70, 0x40, 0x15, 0x01, 0x57, 0xa0, 0x6e, 0x20,
    0xda, 0x00, 0x74, 0x00, 0x23, 0xd3, 0xc8, 0x00, 0x4d, 0x10, 0x03, 0x08,
    0x22, 0x02, 0x5b, 0x00, 0x76, 0x06, 0x1c, 0x01, 0x02, 0x00, 0x6e, 0x20,
    0x8f, 0x00, 0x2c, 0x00, 0x22, 0x00, 0x46, 0x00, 0x15, 0x02, 0x80, 0x3f,
    0x70, 0x40, 0xc3, 0x00, 0x90, 0x28, 0x6e, 0x30, 0xc7, 0x00, 0x41, 0x00,
    0x0e, 0x00, 0x00, 0x00, 0x13, 0x00, 0x03, 0x00, 0x05, 0x00, 0x00, 0x00,
    0x3c, 0xe2, 0x00, 0x00, 0x1c, 0x01, 0x00, 0x00, 0x08, 0x00, 0x10, 0x00,
    0x08, 0x01, 0x11, 0x00, 0x71, 0x00, 0xdf, 0x01, 0x00, 0x00, 0x0c, 0x02,
    0x38, 0x02, 0x08, 0x00, 0x21, 0x23, 0x12, 0x24, 0x33, 0x43, 0x04, 0x00,
    0x69, 0x02, 0x02, 0x01, 0x1a, 0x02, 0x00, 0x00, 0x14, 0x03, 0xea, 0xcb,
    0xc3, 0xff, 0x15, 0x04, 0x20, 0x41, 0x71, 0x40, 0x03, 0x02, 0x20, 0x34,
    0x0c, 0x02, 0x08, 0x03, 0x12, 0x00, 0x71, 0x30, 0xaa, 0x01, 0x30, 0x02,
    0x0c, 0x03, 0x62, 0x05, 0xd3, 0x00, 0x21, 0x55, 0x23, 0x55, 0xc4, 0x00,
    0x22, 0x06, 0x34, 0x00, 0x70, 0x20, 0x6d, 0x00, 0x06, 0x00, 0x22, 0x07,
    0x46, 0x00, 0x12, 0x08, 0x12, 0x19, 0x15, 0x0a, 0x80, 0x3f, 0x70, 0x40,
    0xc3, 0x00, 0x87, 0xa9, 0x6e, 0x30, 0xc7, 0x00, 0x63, 0x07, 0x1a, 0x06,
    0x7f, 0x00, 0x15, 0x07, 0x30, 0x41, 0x12, 0xfb, 0x71, 0x40, 0x03, 0x02,
    0x60, 0xb7, 0x0c, 0x06, 0x14, 0x07, 0x6b, 0x3a, 0x2c, 0xff, 0x14, 0x0c,
    0x25, 0x16, 0x13, 0xff, 0x71, 0x30, 0xe4, 0x01, 0x70, 0x0c, 0x0c, 0x07,
    0x6e, 0x20, 0xf0, 0x00, 0x76, 0x00, 0x71, 0x20, 0xe9, 0x01, 0x40, 0x00,
    0x0a, 0x07, 0x15, 0x0c, 0xa0, 0x40, 0x71, 0x20, 0xe9, 0x01, 0xc0, 0x00,
    0x0a, 0x0d, 0x71, 0x20, 0xe9, 0x01, 0x40, 0x00, 0x0a, 0x04, 0x71, 0x20,
    0xe9, 0x01, 0xc0, 0x00, 0x0a, 0x0c, 0x6e, 0x5c, 0xf5, 0x00, 0x76, 0x4d,
    0x22, 0x04, 0x5e, 0x00, 0x70, 0x40, 0x24, 0x01, 0x04, 0x25, 0x6e, 0x20,
    0xf4, 0x00, 0x46, 0x00, 0x6e, 0x20, 0xc6, 0x00, 0x63, 0x00, 0x22, 0x04,
    0x46, 0x00, 0x12, 0xe6, 0x70, 0x30, 0xc2, 0x00, 0xb4, 0x06, 0x15, 0x07,
    0xc0, 0x40, 0x71, 0x20, 0xe9, 0x01, 0x70, 0x00, 0x0a, 0x07, 0x59, 0x47,
    0x13, 0x00, 0x6e, 0x30, 0xc7, 0x00, 0x31, 0x04, 0x71, 0x10, 0xe7, 0x01,
    0x00, 0x00, 0x0a, 0x03, 0x22, 0x04, 0x47, 0x00, 0x70, 0x20, 0xc5, 0x00,
    0x04, 0x00, 0x6e, 0x20, 0xd3, 0x00, 0x94, 0x00, 0x12, 0x07, 0x01, 0x89,
    0x62, 0x0c, 0xd3, 0x00, 0x21, 0xcd, 0x15, 0x0e, 0x40, 0x40, 0x35, 0xd9,
    0x45, 0x00, 0x94, 0x0c, 0x09, 0x03, 0x39, 0x0c, 0x12, 0x00, 0x22, 0x07,
    0x47, 0x00, 0x70, 0x20, 0xc5, 0x00, 0x07, 0x00, 0x6e, 0x20, 0xd3, 0x00,
    0x87, 0x00, 0x22, 0x0c, 0x46, 0x00, 0x70, 0x30, 0xc2, 0x00, 0xbc, 0x06,
    0x6e, 0x30, 0xc7, 0x00, 0x74, 0x0c, 0x71, 0x20, 0xe6, 0x01, 0x90, 0x00,
    0x0c, 0x0c, 0x22, 0x0d, 0x5f, 0x00, 0x70, 0x52, 0x26, 0x01, 0x9d, 0xc0,
    0x6e, 0x20, 0x7c, 0x00, 0xdc, 0x00, 0x4d, 0x0c, 0x05, 0x09, 0x22, 0x0d,
    0x46, 0x00, 0x70, 0x40, 0xc3, 0x00, 0x8d, 0xab, 0x71, 0x20, 0xe9, 0x01,
    0xe0, 0x00, 0x0a, 0x0f, 0x71, 0x20, 0xe9, 0x01, 0xe0, 0x00, 0x0a, 0x06,
    0x71, 0x20, 0xe9, 0x01, 0xe0, 0x00, 0x0a, 0x0a, 0x71, 0x20, 0xe9, 0x01,
    0xe0, 0x00, 0x0a, 0x0e, 0x6e, 0x5e, 0xc4, 0x00, 0xfd, 0xa6, 0x6e, 0x30,
    0xc7, 0x00, 0xc7, 0x0d, 0xd8, 0x09, 0x09, 0x01, 0x12, 0xe6, 0x15, 0x0a,
    0x80, 0x3f, 0x28, 0xb7, 0x21, 0xc5, 0xb4, 0x35, 0x91, 0x05, 0x03, 0x05,
    0xb4, 0x35, 0x01, 0x83, 0x35, 0x53, 0x2a, 0x00, 0x71, 0x20, 0xe6, 0x01,
    0x80, 0x00, 0x0c, 0x06, 0x12, 0x49, 0x6e, 0x20, 0x7d, 0x00, 0x96, 0x00,
    0x22, 0x09, 0x46, 0x00, 0x15, 0x0a, 0x80, 0x3f, 0x70, 0x40, 0xc3, 0x00,
    0x89, 0xab, 0x71, 0x20, 0xe9, 0x01, 0xe0, 0x00, 0x0a, 0x0a, 0x71, 0x20,
    0xe9, 0x01, 0xe0, 0x00, 0x0a, 0x0c, 0x71, 0x20, 0xe9, 0x01, 0xe0, 0x00,
    0x0a, 0x0d, 0x71, 0x20, 0xe9, 0x01, 0xe0, 0x00, 0x0a, 0x0f, 0x6e, 0x5f,
    0xc4, 0x00, 0xa9, 0xdc, 0x6e, 0x30, 0xc7, 0x00, 0x67, 0x09, 0xd8, 0x03,
    0x03, 0x01, 0x28, 0xd7, 0x22, 0x03, 0x4b, 0x00, 0x70, 0x20, 0xe6, 0x00,
    0x03, 0x00, 0x6e, 0x20, 0xe7, 0x00, 0x43, 0x00, 0x22, 0x00, 0x46, 0x00,
    0x15, 0x0a, 0x80, 0x3f, 0x70, 0x40, 0xc3, 0x00, 0xb0, 0xa8, 0x6e, 0x30,
    0xc7, 0x00, 0x31, 0x00, 0x71, 0x10, 0x09, 0x02, 0x02, 0x00, 0x0e, 0x00,
    0x02, 0x00, 0x02, 0x00, 0x02, 0x00, 0x01, 0x00, 0x74, 0xe2, 0x00, 0x00,
    0x04, 0x00, 0x00, 0x00, 0x71, 0x20, 0xb8, 0x02, 0x10, 0x00, 0x0e, 0x00,
    0x00, 0x00, 0x00, 0x00, 0x03, 0x00, 0x01, 0x00, 0x01, 0x01, 0xa5, 0x01,
    0x03, 0x00, 0x00, 0x00, 0x03, 0x00, 0x01, 0x00, 0x03, 0x00, 0x00, 0x00,
    0x7a, 0xe2, 0x00, 0x00, 0x1d, 0x00, 0x00, 0x00, 0x62, 0x00, 0xec, 0x00,
    0x38, 0x00, 0x03, 0x00, 0x0e, 0x00, 0x22, 0x00, 0xad, 0x00, 0x22, 0x01,
    0x65, 0x00, 0x70, 0x20, 0x33, 0x01, 0x21, 0x00, 0x1a, 0x02, 0x04, 0x03,
    0x70, 0x30, 0xb6, 0x02, 0x10, 0x02, 0x69, 0x00, 0xec, 0x00, 0x12, 0x12,
    0x6e, 0x20, 0xb7, 0x02, 0x20, 0x00, 0x62, 0x02, 0xec, 0x00, 0x6e, 0x10,
    0xb9, 0x02, 0x02, 0x00, 0x0e, 0x00, 0x00, 0x00, 0x03, 0x00, 0x02, 0x00,
    0x03, 0x00, 0x00, 0x00, 0x85, 0xe2, 0x00, 0x00, 0x09, 0x00, 0x00, 0x00,
    0x12, 0x00, 0x71, 0x30, 0xfd, 0x00, 0x21, 0x00, 0x0c, 0x01, 0x6e, 0x10,
    0xfe, 0x00, 0x01, 0x00, 0x0e, 0x00, 0x00, 0x00, 0x03, 0x00, 0x01, 0x00,
    0x03, 0x00, 0x00, 0x00, 0x8c, 0xe2, 0x00, 0x00, 0x24, 0x00, 0x00, 0x00,
    0x62, 0x00, 0xf7, 0x00, 0x38, 0x00, 0x10, 0x00, 0x6e, 0x10, 0x73, 0x00,
    0x00, 0x00, 0x0a, 0x02, 0x39, 0x02, 0x05, 0x00, 0x13, 0x02, 0x08, 0x00,
    0x28, 0x02, 0x12, 0x02, 0x6e, 0x20, 0x7d, 0x00, 0x20, 0x00, 0x0e, 0x00,
    0x71, 0x10, 0xac, 0x01, 0x02, 0x00, 0x0c, 0x00, 0x69, 0x00, 0xf7, 0x00,
    0x22, 0x00, 0x42, 0x00, 0x12, 0xf1, 0x70, 0x30, 0xa9, 0x00, 0x10, 0x01,
    0x62, 0x01, 0xf7, 0x00, 0x6e, 0x30, 0x07, 0x00, 0x12, 0x00, 0x0e, 0x00,
    0x06, 0x00, 0x02, 0x00, 0x02, 0x00, 0x00, 0x00, 0x97, 0xe2, 0x00, 0x00,
    0x3b, 0x00, 0x00, 0x00, 0x13, 0x00, 0x13, 0x00, 0x1a, 0x01, 0x8a, 0x00,
    0x12, 0x12, 0x33, 0x05, 0x1d, 0x00, 0x62, 0x00, 0x02, 0x01, 0x12, 0x03,
    0x44, 0x00, 0x00, 0x03, 0x3b, 0x00, 0x06, 0x00, 0x71, 0x20, 0x05, 0x02,
    0x14, 0x00, 0x0e, 0x00, 0x33, 0x20, 0x04, 0x00, 0x12, 0x24, 0x28, 0x02,
    0x01, 0x24, 0x71, 0x20, 0xda, 0x01, 0x45, 0x00, 0x62, 0x04, 0x02, 0x01,
    0x33, 0x20, 0x03, 0x00, 0x01, 0x32, 0x4b, 0x02, 0x04, 0x03, 0x0e, 0x00,
    0x62, 0x00, 0x02, 0x01, 0x44, 0x00, 0x00, 0x02, 0x3b, 0x00, 0x06, 0x00,
    0x71, 0x20, 0x05, 0x02, 0x14, 0x00, 0x0e, 0x00, 0xb0, 0x20, 0x62, 0x04,
    0xb9, 0x00, 0x21, 0x44, 0xb4, 0x40, 0xd8, 0x04, 0x00, 0x01, 0x71, 0x20,
    0xda, 0x01, 0x45, 0x00, 0x62, 0x04, 0x02, 0x01, 0x4b, 0x00, 0x04, 0x02,
    0x0e, 0x00, 0x00, 0x00, 0x06, 0x00, 0x01, 0x00, 0x02, 0x00, 0x00, 0x00,
    0xa7, 0xe2, 0x00, 0x00, 0x30, 0x00, 0x00, 0x00, 0x62, 0x00, 0xf8, 0x00,
    0x21, 0x01, 0x12, 0x02, 0x01, 0x23, 0x35, 0x12, 0x0b, 0x00, 0x44, 0x04,
    0x00, 0x02, 0x3d, 0x04, 0x04, 0x00, 0xd8, 0x03, 0x03, 0x01, 0xd8, 0x02,
    0x02, 0x01, 0x28, 0xf6, 0x39, 0x03, 0x05, 0x00, 0x1a, 0x00, 0x00, 0x00,
    0x28, 0x18, 0x12, 0x10, 0x33, 0x03, 0x05, 0x00, 0x1a, 0x00, 0x15, 0x00,
    0x28, 0x12, 0x22, 0x00, 0xab, 0x00, 0x70, 0x10, 0xab, 0x02, 0x00, 0x00,
    0x6e, 0x20, 0xaf, 0x02, 0x30, 0x00, 0x1a, 0x01, 0x0a, 0x00, 0x6e, 0x20,
    0xb2, 0x02, 0x10, 0x00, 0x6e, 0x10, 0xb4, 0x02, 0x00, 0x00, 0x0c, 0x00,
    0x6e, 0x20, 0xf7, 0x00, 0x05, 0x00, 0x0e, 0x00, 0x04, 0x00, 0x02, 0x00,
    0x04, 0x00, 0x00, 0x00, 0xb0, 0xe2, 0x00, 0x00, 0x12, 0x00, 0x00, 0x00,
    0x22, 0x00, 0x21, 0x00, 0x71, 0x00, 0x4c, 0x00, 0x00, 0x00, 0x0c, 0x01,
    0x70, 0x20, 0x48, 0x00, 0x10, 0x00, 0x22, 0x01, 0x67, 0x00, 0x70, 0x40,
    0x37, 0x01, 0x21, 0x03, 0x6e, 0x20, 0x49, 0x00, 0x10, 0x00, 0x0e, 0x00,
    0x04, 0x00, 0x02, 0x00, 0x03, 0x00, 0x00, 0x00, 0xb8, 0xe2, 0x00, 0x00,
    0x2c, 0x00, 0x00, 0x00, 0x62, 0x00, 0xe9, 0x00, 0x38, 0x00, 0x08, 0x00,
    0x38, 0x03, 0x11, 0x00, 0x72, 0x10, 0xa0, 0x02, 0x03, 0x00, 0x0e, 0x00,
    0x38, 0x03, 0x07, 0x00, 0x62, 0x00, 0xf6, 0x00, 0x6e, 0x20, 0xbe, 0x02,
    0x30, 0x00, 0x63, 0x03, 0xea, 0x00, 0x38, 0x03, 0x03, 0x00, 0x0e, 0x00,
    0x12, 0x13, 0x6a, 0x03, 0xea, 0x00, 0x22, 0x00, 0xad, 0x00, 0x22, 0x01,
    0x5c, 0x00, 0x70, 0x20, 0x20, 0x01, 0x21, 0x00, 0x1a, 0x02, 0x03, 0x03,
    0x70, 0x30, 0xb6, 0x02, 0x10, 0x02, 0x6e, 0x20, 0xb7, 0x02, 0x30, 0x00,
    0x6e, 0x10, 0xb9, 0x02, 0x00, 0x00, 0x0e, 0x00, 0x19, 0x00, 0x00, 0x00,
    0x18, 0x00, 0x00, 0x00, 0xc8, 0xe2, 0x00, 0x00, 0x2e, 0x01, 0x00, 0x00,
    0x1a, 0x12, 0x4a, 0x02, 0x1a, 0x13, 0x7d, 0x00, 0x1a, 0x01, 0x33, 0x02,
    0x1a, 0x02, 0x06, 0x02, 0x1a, 0x03, 0x81, 0x00, 0x1a, 0x04, 0x61, 0x00,
    0x1a, 0x05, 0x21, 0x00, 0x1a, 0x06, 0x4c, 0x02, 0x1a, 0x07, 0xe4, 0x01,
    0x1a, 0x08, 0x30, 0x02, 0x1a, 0x09, 0xfc, 0x01, 0x1a, 0x0a, 0x37, 0x02,
    0x1a, 0x0b, 0x4f, 0x02, 0x1a, 0x0c, 0x4d, 0x02, 0x1a, 0x0d, 0x25, 0x02,
    0x1a, 0x0e, 0xb3, 0x00, 0x1a, 0x0f, 0x86, 0x00, 0x1a, 0x10, 0xcb, 0x00,
    0x1a, 0x11, 0x74, 0x00, 0x25, 0x13, 0xc9, 0x00, 0x01, 0x00, 0x0c, 0x00,
    0x69, 0x00, 0x04, 0x01, 0x13, 0x00, 0x13, 0x00, 0x23, 0x00, 0xc3, 0x00,
    0x26, 0x00, 0x78, 0x00, 0x00, 0x00, 0x69, 0x00, 0x03, 0x01, 0x1a, 0x11,
    0x22, 0x02, 0x1a, 0x12, 0xa7, 0x00, 0x1a, 0x01, 0x4e, 0x02, 0x1a, 0x02,
    0x05, 0x02, 0x1a, 0x03, 0xa2, 0x02, 0x1a, 0x04, 0x8f, 0x00, 0x1a, 0x05,
    0xe1, 0x01, 0x1a, 0x06, 0x36, 0x00, 0x1a, 0x07, 0xb8, 0x00, 0x1a, 0x08,
    0x93, 0x02, 0x1a, 0x09, 0xda, 0x01, 0x1a, 0x0a, 0x8e, 0x00, 0x1a, 0x0b,
    0xbf, 0x01, 0x1a, 0x0c, 0x60, 0x00, 0x1a, 0x0d, 0xd6, 0x01, 0x1a, 0x0e,
    0xb4, 0x00, 0x1a, 0x0f, 0x83, 0x00, 0x1a, 0x10, 0xf7, 0x01, 0x25, 0x12,
    0xc9, 0x00, 0x01, 0x00, 0x0c, 0x00, 0x69, 0x00, 0x06, 0x01, 0x13, 0x00,
    0x12, 0x00, 0x23, 0x00, 0xc3, 0x00, 0x26, 0x00, 0x6f, 0x00, 0x00, 0x00,
    0x69, 0x00, 0x05, 0x01, 0x1a, 0x17, 0x76, 0x00, 0x1a, 0x18, 0xb5, 0x00,
    0x1a, 0x01, 0xb6, 0x00, 0x1a, 0x02, 0x6c, 0x00, 0x1a, 0x03, 0x88, 0x00,
    0x1a, 0x04, 0x8f, 0x02, 0x1a, 0x05, 0x85, 0x00, 0x1a, 0x06, 0x7e, 0x00,
    0x1a, 0x07, 0x23, 0x00, 0x1a, 0x08, 0xaa, 0x00, 0x1a, 0x09, 0xcf, 0x01,
    0x1a, 0x0a, 0xd5, 0x01, 0x1a, 0x0b, 0x50, 0x02, 0x1a, 0x0c, 0x90, 0x02,
    0x1a, 0x0d, 0xb2, 0x00, 0x1a, 0x0e, 0x67, 0x00, 0x1a, 0x0f, 0x23, 0x02,
    0x1a, 0x10, 0x1e, 0x02, 0x1a, 0x11, 0x90, 0x00, 0x1a, 0x12, 0x6a, 0x00,
    0x1a, 0x13, 0x66, 0x02, 0x1a, 0x14, 0x24, 0x02, 0x1a, 0x15, 0x19, 0x02,
    0x1a, 0x16, 0x28, 0x02, 0x25, 0x18, 0xc9, 0x00, 0x01, 0x00, 0x0c, 0x00,
    0x69, 0x00, 0x08, 0x01, 0x13, 0x00, 0x18, 0x00, 0x23, 0x00, 0xc3, 0x00,
    0x26, 0x00, 0x58, 0x00, 0x00, 0x00, 0x69, 0x00, 0x07, 0x01, 0x0e, 0x00,
    0x00, 0x03, 0x04, 0x00, 0x13, 0x00, 0x00, 0x00, 0x32, 0x00, 0x00, 0x00,
    0x04, 0x00, 0x00, 0x00, 0x0d, 0x00, 0x00, 0x00, 0x0a, 0x01, 0x00, 0x00,
    0xde, 0x00, 0x00, 0x00, 0x23, 0x00, 0x00, 0x00, 0x71, 0x00, 0x00, 0x00,
    0x91, 0x02, 0x00, 0x00, 0x86, 0x00, 0x00, 0x00, 0x7d, 0x00, 0x00, 0x00,
    0x7e, 0x00, 0x00, 0x00, 0x7f, 0x00, 0x00, 0x00, 0x06, 0x01, 0x00, 0x00,
    0xf5, 0x00, 0x00, 0x00, 0x72, 0x01, 0x00, 0x00, 0x7c, 0x02, 0x00, 0x00,
    0xb7, 0x01, 0x00, 0x00, 0x8e, 0x01, 0x00, 0x00, 0x9c, 0x02, 0x00, 0x00,
    0x00, 0x03, 0x04, 0x00, 0x12, 0x00, 0x00, 0x00, 0x01, 0x00, 0x00, 0x00,
    0x02, 0x00, 0x00, 0x00, 0x03, 0x00, 0x00, 0x00, 0x15, 0x00, 0x00, 0x00,
    0x31, 0x00, 0x00, 0x00, 0x49, 0x00, 0x00, 0x00, 0x30, 0x00, 0x00, 0x00,
    0x2a, 0x00, 0x00, 0x00, 0x55, 0x00, 0x00, 0x00, 0x52, 0x00, 0x00, 0x00,
    0x68, 0x00, 0x00, 0x00, 0xfd, 0x00, 0x00, 0x00, 0xe0, 0x01, 0x00, 0x00,
    0xf3, 0x00, 0x00, 0x00, 0x88, 0x01, 0x00, 0x00, 0xc4, 0x00, 0x00, 0x00,
    0xfc, 0xff, 0xff, 0xff, 0x45, 0x00, 0x00, 0x00, 0x00, 0x03, 0x04, 0x00,
    0x18, 0x00, 0x00, 0x00, 0x16, 0x00, 0x00, 0x00, 0x11, 0x00, 0x00, 0x00,
    0x12, 0x00, 0x00, 0x00, 0x13, 0x00, 0x00, 0x00, 0x14, 0x00, 0x00, 0x00,
    0x26, 0x00, 0x00, 0x00, 0x36, 0x00, 0x00, 0x00, 0x6b, 0x00, 0x00, 0x00,
    0x6c, 0x00, 0x00, 0x00, 0x7c, 0x00, 0x00, 0x00, 0xb2, 0x00, 0x00, 0x00,
    0xcf, 0x00, 0x00, 0x00, 0xd0, 0x00, 0x00, 0x00, 0xd1, 0x00, 0x00, 0x00,
    0xe3, 0x00, 0x00, 0x00, 0x71, 0x01, 0x00, 0x00, 0x61, 0x01, 0x00, 0x00,
    0xb9, 0x01, 0x00, 0x00, 0xa0, 0x00, 0x00, 0x00, 0xe5, 0x00, 0x00, 0x00,
    0x8e, 0x00, 0x00, 0x00, 0x97, 0x02, 0x00, 0x00, 0xe4, 0x00, 0x00, 0x00,
    0x4c, 0x02, 0x00, 0x00, 0x01, 0x00, 0x01, 0x00, 0x01, 0x00, 0x00, 0x00,
    0xd7, 0xe2, 0x00, 0x00, 0x04, 0x00, 0x00, 0x00, 0x70, 0x10, 0x9e, 0x02,
    0x00, 0x00, 0x0e, 0x00, 0x02, 0x00, 0x02, 0x00, 0x01, 0x00, 0x00, 0x00,
    0xdb, 0xe2, 0x00, 0x00, 0x06, 0x00, 0x00, 0x00, 0x5b, 0x01, 0x09, 0x01,
    0x70, 0x10, 0x9e, 0x02, 0x00, 0x00, 0x0e, 0x00, 0x02, 0x00, 0x02, 0x00,
    0x01, 0x00, 0x00, 0x00, 0xe0, 0xe2, 0x00, 0x00, 0x06, 0x00, 0x00, 0x00,
    0x54, 0x01, 0x09, 0x01, 0x71, 0x10, 0x83, 0x02, 0x01, 0x00, 0x0e, 0x00,
    0x02, 0x00, 0x02, 0x00, 0x01, 0x00, 0x00, 0x00, 0xe5, 0xe2, 0x00, 0x00,
    0x06, 0x00, 0x00, 0x00, 0x5b, 0x01, 0x0a, 0x01, 0x70, 0x10, 0x9e, 0x02,
    0x00, 0x00, 0x0e, 0x00, 0x03, 0x00, 0x02, 0x00, 0x02, 0x00, 0x00, 0x00,
    0xea, 0xe2, 0x00, 0x00, 0x11, 0x00, 0x00, 0x00, 0x62, 0x02, 0xf7, 0x00,
    0x38, 0x02, 0x09, 0x00, 0x62, 0x02, 0xf7, 0x00, 0x13, 0x00, 0x08, 0x00,
    0x6e, 0x20, 0x7d, 0x00, 0x02, 0x00, 0x54, 0x12, 0x0a, 0x01, 0x71, 0x10,
    0x87, 0x02, 0x02, 0x00, 0x0e, 0x00, 0x00, 0x00, 0x03, 0x00, 0x03, 0x00,
    0x01, 0x00, 0x00, 0x00, 0xf0, 0xe2, 0x00, 0x00, 0x08, 0x00, 0x00, 0x00,
    0x5b, 0x01, 0x0b, 0x01, 0x5b, 0x02, 0x0c, 0x01, 0x70, 0x10, 0x9e, 0x02,
    0x00, 0x00, 0x0e, 0x00, 0x04, 0x00, 0x02, 0x00, 0x03, 0x00, 0x00, 0x00,
    0xf7, 0xe2, 0x00, 0x00, 0x09, 0x00, 0x00, 0x00, 0x54, 0x23, 0x0b, 0x01,
    0x54, 0x20, 0x0c, 0x01, 0x12, 0x11, 0x71, 0x30, 0x70, 0x02, 0x03, 0x01,
    0x0e, 0x00, 0x00, 0x00, 0x03, 0x00, 0x03, 0x00, 0x01, 0x00, 0x00, 0x00,
    0xfd, 0xe2, 0x00, 0x00, 0x08, 0x00, 0x00, 0x00, 0x5b, 0x01, 0x0d, 0x01,
    0x5b, 0x02, 0x0e, 0x01, 0x70, 0x10, 0x9e, 0x02, 0x00, 0x00, 0x0e, 0x00,
    0x04, 0x00, 0x02, 0x00, 0x03, 0x00, 0x00, 0x00, 0x04, 0xe3, 0x00, 0x00,
    0x09, 0x00, 0x00, 0x00, 0x54, 0x23, 0x0d, 0x01, 0x54, 0x20, 0x0e, 0x01,
    0x12, 0x01, 0x71, 0x30, 0x70, 0x02, 0x03, 0x01, 0x0e, 0x00, 0x00, 0x00,
    0x01, 0x00, 0x01, 0x00, 0x01, 0x00, 0x00, 0x00, 0x0a, 0xe3, 0x00, 0x00,
    0x04, 0x00, 0x00, 0x00, 0x70, 0x10, 0x9e, 0x02, 0x00, 0x00, 0x0e, 0x00,
    0x02, 0x00, 0x02, 0x00, 0x00, 0x00, 0x00, 0x00, 0x0f, 0xe3, 0x00, 0x00,
    0x04, 0x00, 0x00, 0x00, 0x71, 0x00, 0x71, 0x02, 0x00, 0x00, 0x0e, 0x00,
    0x02, 0x00, 0x02, 0x00, 0x01, 0x00, 0x00, 0x00, 0x15, 0xe3, 0x00, 0x00,
    0x06, 0x00, 0x00, 0x00, 0x5b, 0x01, 0x0f, 0x01, 0x70, 0x10, 0x9e, 0x02,
    0x00, 0x00, 0x0e, 0x00, 0x02, 0x00, 0x01, 0x00, 0x01, 0x00, 0x00, 0x00,
    0x1b, 0xe3, 0x00, 0x00, 0x08, 0x00, 0x00, 0x00, 0x54, 0x10, 0x0f, 0x01,
    0x54, 0x00, 0x11, 0x01, 0x71, 0x10, 0x8b, 0x02, 0x00, 0x00, 0x0e, 0x00,
    0x02, 0x00, 0x02, 0x00, 0x01, 0x00, 0x00, 0x00, 0x20, 0xe3, 0x00, 0x00,
    0x06, 0x00, 0x00, 0x00, 0x5b, 0x01, 0x10, 0x01, 0x70, 0x10, 0x9e, 0x02,
    0x00, 0x00, 0x0e, 0x00, 0x02, 0x00, 0x01, 0x00, 0x01, 0x00, 0x00, 0x00,
    0x26, 0xe3, 0x00, 0x00, 0x08, 0x00, 0x00, 0x00, 0x54, 0x10, 0x10, 0x01,
    0x54, 0x00, 0x11, 0x01, 0x71, 0x10, 0x8b, 0x02, 0x00, 0x00, 0x0e, 0x00,
    0x06, 0x00, 0x06, 0x00, 0x01, 0x00, 0x00, 0x00, 0x2b, 0xe3, 0x00, 0x00,
    0x0c, 0x00, 0x00, 0x00, 0x5b, 0x01, 0x14, 0x01, 0x5b, 0x02, 0x12, 0x01,
    0x5b, 0x03, 0x11, 0x01, 0x5a, 0x04, 0x13, 0x01, 0x70, 0x10, 0x9e, 0x02,
    0x00, 0x00, 0x0e, 0x00, 0x05, 0x00, 0x01, 0x00, 0x04, 0x00, 0x01, 0x00,
    0x34, 0xe3, 0x00, 0x00, 0x45, 0x00, 0x00, 0x00, 0x71, 0x00, 0xd8, 0x01,
    0x00, 0x00, 0x0a, 0x00, 0x28, 0x02, 0x12, 0x10, 0x38, 0x00, 0x16, 0x00,
    0x54, 0x40, 0x14, 0x01, 0x1a, 0x01, 0x34, 0x02, 0x6e, 0x20, 0xf7, 0x00,
    0x10, 0x00, 0x54, 0x40, 0x12, 0x01, 0x22, 0x01, 0x7c, 0x00, 0x70, 0x20,
    0x19, 0x02, 0x41, 0x00, 0x16, 0x02, 0x3c, 0x00, 0x6e, 0x40, 0x4a, 0x00,
    0x10, 0x32, 0x0e, 0x00, 0x71, 0x00, 0x51, 0x00, 0x00, 0x00, 0x0b, 0x00,
    0x53, 0x42, 0x13, 0x01, 0xbc, 0x20, 0x16, 0x02, 0x30, 0x75, 0x31, 0x00,
    0x00, 0x02, 0x3d, 0x00, 0x16, 0x00, 0x54, 0x40, 0x14, 0x01, 0x1a, 0x01,
    0x01, 0x02, 0x6e, 0x20, 0xf7, 0x00, 0x10, 0x00, 0x54, 0x40, 0x12, 0x01,
    0x22, 0x01, 0x7d, 0x00, 0x70, 0x20, 0x1b, 0x02, 0x41, 0x00, 0x16, 0x02,
    0xb0, 0x04, 0x6e, 0x40, 0x4a, 0x00, 0x10, 0x32, 0x0e, 0x00, 0x54, 0x40,
    0x12, 0x01, 0x16, 0x01, 0x64, 0x00, 0x6e, 0x40, 0x4a, 0x00, 0x40, 0x21,
    0x0e, 0x00, 0x00, 0x00, 0x00, 0x00, 0x00, 0x00, 0x04, 0x00, 0x01, 0x00,
    0x01, 0x00, 0x05, 0x00, 0x02, 0x00, 0x02, 0x00, 0x01, 0x00, 0x00, 0x00,
    0x40, 0xe3, 0x00, 0x00, 0x06, 0x00, 0x00, 0x00, 0x5b, 0x01, 0x15, 0x01,
    0x70, 0x10, 0x9e, 0x02, 0x00, 0x00, 0x0e, 0x00, 0x02, 0x00, 0x01, 0x00,
    0x01, 0x00, 0x00, 0x00, 0x46, 0xe3, 0x00, 0x00, 0x06, 0x00, 0x00, 0x00,
    0x54, 0x10, 0x15, 0x01, 0x71, 0x10, 0x24, 0x02, 0x00, 0x00, 0x0e, 0x00,
    0x02, 0x00, 0x02, 0x00, 0x02, 0x00, 0x00, 0x00, 0x4b, 0xe3, 0x00, 0x00,
    0x04, 0x00, 0x00, 0x00, 0x70, 0x20, 0x64, 0x00, 0x10, 0x00, 0x0e, 0x00,
    0x01, 0x00, 0x00, 0x00, 0x01, 0x00, 0x00, 0x00, 0x51, 0xe3, 0x00, 0x00,
    0x22, 0x00, 0x00, 0x00, 0x1a, 0x00, 0x13, 0x00, 0x71, 0x10, 0xdf, 0x02,
    0x00, 0x00, 0x0c, 0x00, 0x69, 0x00, 0x18, 0x01, 0x12, 0x60, 0x23, 0x00,
    0xc3, 0x00, 0x26, 0x00, 0x07, 0x00, 0x00, 0x00, 0x69, 0x00, 0x16, 0x01,
    0x0e, 0x00, 0x00, 0x00, 0x00, 0x03, 0x04, 0x00, 0x06, 0x00, 0x00, 0x00,
    0x00, 0x00, 0x00, 0x00, 0xb8, 0x8a, 0x7f, 0xff, 0x7d, 0xe3, 0x9c, 0xff,
    0xff, 0xd1, 0x7f, 0xff, 0x4a, 0xd2, 0xff, 0xff, 0xdb, 0x9e, 0xff, 0xff,
    0x03, 0x00, 0x02, 0x00, 0x02, 0x00, 0x00, 0x00, 0x57, 0xe3, 0x00, 0x00,
    0x13, 0x00, 0x00, 0x00, 0x70, 0x10, 0x9e, 0x02, 0x01, 0x00, 0x12, 0xf0,
    0x59, 0x10, 0x1c, 0x01, 0x22, 0x00, 0x7f, 0x00, 0x70, 0x20, 0x1f, 0x02,
    0x10, 0x00, 0x5b, 0x10, 0x1d, 0x01, 0x5b, 0x12, 0x1a, 0x01, 0x6e, 0x20,
    0x93, 0x00, 0x02, 0x00, 0x0e, 0x00, 0x00, 0x00, 0x01, 0x00, 0x01, 0x00,
    0x01, 0x00, 0x00, 0x00, 0x63, 0xe3, 0x00, 0x00, 0x04, 0x00, 0x00, 0x00,
    0x70, 0x10, 0x27, 0x02, 0x00, 0x00, 0x0e, 0x00, 0x05, 0x00, 0x02, 0x00,
    0x04, 0x00, 0x00, 0x00, 0x69, 0xe3, 0x00, 0x00, 0x37, 0x00, 0x00, 0x00,
    0x55, 0x30, 0x19, 0x01, 0x38, 0x00, 0x03, 0x00, 0x0e, 0x00, 0x54, 0x30,
    0x1b, 0x01, 0x38, 0x00, 0x19, 0x00, 0x52, 0x30, 0x1c, 0x01, 0x3a, 0x00,
    0x15, 0x00, 0x72, 0x10, 0x54, 0x00, 0x04, 0x00, 0x0a, 0x01, 0x36, 0x10,
    0x0f, 0x00, 0x12, 0x10, 0x5c, 0x30, 0x19, 0x01, 0x52, 0x30, 0x1c, 0x01,
    0x54, 0x31, 0x1b, 0x01, 0x72, 0x30, 0x53, 0x00, 0x04, 0x01, 0x12, 0x04,
    0x5c, 0x34, 0x19, 0x01, 0x12, 0x04, 0x5b, 0x34, 0x1b, 0x01, 0x12, 0xf4,
    0x59, 0x34, 0x1c, 0x01, 0x54, 0x34, 0x1a, 0x01, 0x54, 0x30, 0x1d, 0x01,
    0x6e, 0x20, 0x95, 0x00, 0x04, 0x00, 0x54, 0x34, 0x1a, 0x01, 0x54, 0x30,
    0x1d, 0x01, 0x16, 0x01, 0x78, 0x00, 0x6e, 0x40, 0x94, 0x00, 0x04, 0x21,
    0x0e, 0x00, 0x00, 0x00, 0x05, 0x00, 0x05, 0x00, 0x00, 0x00, 0x00, 0x00,
    0x00, 0x00, 0x00, 0x00, 0x01, 0x00, 0x00, 0x00, 0x0e, 0x00, 0x00, 0x00,
    0x07, 0x00, 0x01, 0x00, 0x05, 0x00, 0x00, 0x00, 0x77, 0xe3, 0x00, 0x00,
    0x58, 0x00, 0x00, 0x00, 0x54, 0x60, 0x1a, 0x01, 0x6e, 0x10, 0x91, 0x00,
    0x00, 0x00, 0x0c, 0x00, 0x72, 0x10, 0x54, 0x00, 0x00, 0x00, 0x0a, 0x01,
    0x1c, 0x02, 0x80, 0x00, 0x12, 0x03, 0x72, 0x40, 0x52, 0x00, 0x30, 0x21,
    0x0c, 0x01, 0x1f, 0x01, 0xc6, 0x00, 0x21, 0x12, 0x35, 0x23, 0x0a, 0x00,
    0x46, 0x04, 0x01, 0x03, 0x72, 0x20, 0x55, 0x00, 0x40, 0x00, 0xd8, 0x03,
    0x03, 0x01, 0x28, 0xf7, 0x72, 0x10, 0x54, 0x00, 0x00, 0x00, 0x0a, 0x01,
    0x13, 0x02, 0x20, 0x4e, 0x37, 0x21, 0x03, 0x00, 0x28, 0x31, 0x62, 0x01,
    0x18, 0x01, 0x6e, 0x20, 0xe0, 0x02, 0x01, 0x00, 0x0c, 0x01, 0x6e, 0x10,
    0xdd, 0x02, 0x01, 0x00, 0x0a, 0x02, 0x38, 0x02, 0x26, 0x00, 0x12, 0x12,
    0x62, 0x03, 0x16, 0x01, 0x21, 0x34, 0x35, 0x42, 0xf6, 0xff, 0x6e, 0x20,
    0xde, 0x02, 0x21, 0x00, 0x0a, 0x04, 0x3b, 0x04, 0x05, 0x00, 0xd8, 0x02,
    0x02, 0x01, 0x28, 0xf3, 0x22, 0x04, 0x80, 0x00, 0x44, 0x03, 0x03, 0x02,
    0x70, 0x20, 0x21, 0x02, 0x34, 0x00, 0x6e, 0x20, 0xde, 0x02, 0x21, 0x00,
    0x0a, 0x03, 0x6e, 0x20, 0xdc, 0x02, 0x21, 0x00, 0x0a, 0x02, 0x13, 0x05,
    0x21, 0x00, 0x72, 0x55, 0x56, 0x00, 0x40, 0x23, 0x28, 0xd7, 0x0e, 0x00,
    0x0a, 0x00, 0x05, 0x00, 0x02, 0x00, 0x00, 0x00, 0x85, 0xe3, 0x00, 0x00,
    0x69, 0x00, 0x00, 0x00, 0x55, 0x50, 0x19, 0x01, 0x39, 0x00, 0x66, 0x00,
    0x12, 0x10, 0x33, 0x09, 0x63, 0x00, 0x39, 0x08, 0x61, 0x00, 0x72, 0x20,
    0x92, 0x02, 0x76, 0x00, 0x0a, 0x08, 0x13, 0x09, 0x0a, 0x00, 0x32, 0x98,
    0x03, 0x00, 0x28, 0x57, 0xd8, 0x08, 0x07, 0xff, 0x01, 0x81, 0x3a, 0x01,
    0x0b, 0x00, 0x72, 0x20, 0x92, 0x02, 0x16, 0x00, 0x0a, 0x02, 0x32, 0x92,
    0x05, 0x00, 0xd8, 0x01, 0x01, 0xff, 0x28, 0xf6, 0xb0, 0x01, 0x22, 0x09,
    0xab, 0x00, 0x70, 0x10, 0xab, 0x02, 0x09, 0x00, 0x01, 0x12, 0x13, 0x03,
    0x20, 0x00, 0x35, 0x72, 0x0e, 0x00, 0x72, 0x20, 0x92, 0x02, 0x26, 0x00,
    0x0a, 0x04, 0x33, 0x34, 0x08, 0x00, 0x6e, 0x20, 0xae, 0x02, 0x39, 0x00,
    0xd8, 0x02, 0x02, 0x01, 0x28, 0xf1, 0x34, 0x18, 0x0b, 0x00, 0x72, 0x20,
    0x92, 0x02, 0x86, 0x00, 0x0a, 0x02, 0x33, 0x32, 0x05, 0x00, 0xd8, 0x08,
    0x08, 0xff, 0x28, 0xf6, 0x34, 0x18, 0x17, 0x00, 0x72, 0x20, 0x92, 0x02,
    0x86, 0x00, 0x0a, 0x06, 0x13, 0x08, 0x7b, 0x00, 0x32, 0x86, 0x0a, 0x00,
    0x13, 0x08, 0x28, 0x00, 0x32, 0x86, 0x06, 0x00, 0x13, 0x08, 0x5b, 0x00,
    0x33, 0x86, 0x07, 0x00, 0x1a, 0x06, 0x02, 0x00, 0x6e, 0x20, 0xb2, 0x02,
    0x69, 0x00, 0x6e, 0x10, 0xb3, 0x02, 0x09, 0x00, 0x0a, 0x06, 0x3d, 0x06,
    0x0b, 0x00, 0xb0, 0x07, 0x59, 0x57, 0x1c, 0x01, 0x6e, 0x10, 0xb4, 0x02,
    0x09, 0x00, 0x0c, 0x06, 0x5b, 0x56, 0x1b, 0x01, 0x0e, 0x00, 0x00, 0x00,
    0x02, 0x00, 0x02, 0x00, 0x01, 0x00, 0x00, 0x00, 0x99, 0xe3, 0x00, 0x00,
    0x06, 0x00, 0x00, 0x00, 0x5b, 0x01, 0x1e, 0x01, 0x70, 0x10, 0x9e, 0x02,
    0x00, 0x00, 0x0e, 0x00, 0x02, 0x00, 0x02, 0x00, 0x01, 0x00, 0x00, 0x00,
    0x9f, 0xe3, 0x00, 0x00, 0x06, 0x00, 0x00, 0x00, 0x54, 0x01, 0x1e, 0x01,
    0x6e, 0x10, 0x5a, 0x02, 0x01, 0x00, 0x0e, 0x00, 0x02, 0x00, 0x02, 0x00,
    0x01, 0x00, 0x00, 0x00, 0xa5, 0xe3, 0x00, 0x00, 0x06, 0x00, 0x00, 0x00,
    0x5b, 0x01, 0x1f, 0x01, 0x70, 0x10, 0x9e, 0x02, 0x00, 0x00, 0x0e, 0x00,
    0x02, 0x00, 0x01, 0x00, 0x01, 0x00, 0x00, 0x00, 0xab, 0xe3, 0x00, 0x00,
    0x06, 0x00, 0x00, 0x00, 0x54, 0x10, 0x1f, 0x01, 0x6e, 0x10, 0x61, 0x02,
    0x00, 0x00, 0x0e, 0x00, 0x02, 0x00, 0x02, 0x00, 0x01, 0x00, 0x00, 0x00,
    0xb0, 0xe3, 0x00, 0x00, 0x06, 0x00, 0x00, 0x00, 0x5b, 0x01, 0x20, 0x01,
    0x70, 0x10, 0x9e, 0x02, 0x00, 0x00, 0x0e, 0x00, 0x04, 0x00, 0x01, 0x00,
    0x03, 0x00, 0x00, 0x00, 0xb6, 0xe3, 0x00, 0x00, 0x17, 0x00, 0x00, 0x00,
    0x54, 0x30, 0x20, 0x01, 0x54, 0x00, 0x35, 0x01, 0x1a, 0x01, 0xbb, 0x03,
    0x6e, 0x20, 0x0c, 0x00, 0x10, 0x00, 0x0c, 0x00, 0x1f, 0x00, 0x3e, 0x00,
    0x38, 0x00, 0x0a, 0x00, 0x54, 0x31, 0x20, 0x01, 0x54, 0x11, 0x37, 0x01,
    0x12, 0x12, 0x6e, 0x30, 0x8a, 0x00, 0x10, 0x02, 0x0e, 0x00, 0x00, 0x00,
    0x06, 0x00, 0x06, 0x00, 0x01, 0x00, 0x00, 0x00, 0xbc, 0xe3, 0x00, 0x00,
    0x0e, 0x00, 0x00, 0x00, 0x5b, 0x01, 0x21, 0x01, 0x59, 0x02, 0x22, 0x01,
    0x59, 0x03, 0x24, 0x01, 0x59, 0x04, 0x23, 0x01, 0x59, 0x05, 0x25, 0x01,
    0x70, 0x10, 0x9e, 0x02, 0x00, 0x00, 0x0e, 0x00, 0x06, 0x00, 0x02, 0x00,
    0x02, 0x00, 0x00, 0x00, 0xc6, 0xe3, 0x00, 0x00, 0x3c, 0x00, 0x00, 0x00,
    0x6e, 0x10, 0x02, 0x00, 0x05, 0x00, 0x0c, 0x05, 0x1f, 0x05, 0xa3, 0x00,
    0x6e, 0x10, 0x95, 0x02, 0x05, 0x00, 0x0a, 0x05, 0x54, 0x40, 0x21, 0x01,
    0x54, 0x00, 0x3f, 0x01, 0x52, 0x41, 0x22, 0x01, 0x82, 0x12, 0x52, 0x43,
    0x24, 0x01, 0xb1, 0x13, 0x82, 0x31, 0xc8, 0x51, 0xc6, 0x12, 0x71, 0x10,
    0x9d, 0x02, 0x02, 0x00, 0x0a, 0x01, 0x59, 0x01, 0x0b, 0x00, 0x54, 0x40,
    0x21, 0x01, 0x54, 0x00, 0x3f, 0x01, 0x52, 0x41, 0x23, 0x01, 0x82, 0x12,
    0x52, 0x43, 0x25, 0x01, 0xb1, 0x13, 0x82, 0x31, 0xc8, 0x51, 0xc6, 0x12,
    0x71, 0x10, 0x9d, 0x02, 0x02, 0x00, 0x0a, 0x05, 0x59, 0x05, 0x0d, 0x00,
    0x54, 0x45, 0x21, 0x01, 0x54, 0x55, 0x42, 0x01, 0x54, 0x40, 0x21, 0x01,
    0x54, 0x00, 0x3f, 0x01, 0x6e, 0x20, 0xd0, 0x00, 0x05, 0x00, 0x0e, 0x00,
    0x02, 0x00, 0x02, 0x00, 0x01, 0x00, 0x00, 0x00, 0xd3, 0xe3, 0x00, 0x00,
    0x06, 0x00, 0x00, 0x00, 0x5b, 0x01, 0x26, 0x01, 0x70, 0x10, 0x9e, 0x02,
    0x00, 0x00, 0x0e, 0x00, 0x02, 0x00, 0x01, 0x00, 0x01, 0x00, 0x00, 0x00,
    0xd9, 0xe3, 0x00, 0x00, 0x06, 0x00, 0x00, 0x00, 0x54, 0x10, 0x26, 0x01,
    0x6e, 0x10, 0x5d, 0x02, 0x00, 0x00, 0x0e, 0x00, 0x02, 0x00, 0x02, 0x00,
    0x01, 0x00, 0x00, 0x00, 0xde, 0xe3, 0x00, 0x00, 0x06, 0x00, 0x00, 0x00,
    0x5b, 0x01, 0x27, 0x01, 0x70, 0x10, 0x9e, 0x02, 0x00, 0x00, 0x0e, 0x00,
    0x04, 0x00, 0x01, 0x00, 0x03, 0x00, 0x00, 0x00, 0xe4, 0xe3, 0x00, 0x00,
    0x1e, 0x00, 0x00, 0x00, 0x54, 0x30, 0x27, 0x01, 0x54, 0x00, 0x41, 0x01,
    0x54, 0x31, 0x27, 0x01, 0x54, 0x11, 0x40, 0x01, 0x6e, 0x10, 0xee, 0x00,
    0x01, 0x00, 0x0a, 0x01, 0x54, 0x32, 0x27, 0x01, 0x54, 0x22, 0x41, 0x01,
    0x6e, 0x10, 0xe8, 0x00, 0x02, 0x00, 0x0a, 0x02, 0xb1, 0x21, 0x12, 0x02,
    0x71, 0x20, 0x9a, 0x02, 0x12, 0x00, 0x0a, 0x01, 0x6e, 0x30, 0xea, 0x00,
    0x20, 0x01, 0x0e, 0x00, 0x03, 0x00, 0x03, 0x00, 0x01, 0x00, 0x00, 0x00,
    0xe9, 0xe3, 0x00, 0x00, 0x08, 0x00, 0x00, 0x00, 0x5b, 0x01, 0x28, 0x01,
    0x5b, 0x02, 0x29, 0x01, 0x70, 0x10, 0x9e, 0x02, 0x00, 0x00, 0x0e, 0x00,
    0x02, 0x00, 0x02, 0x00, 0x01, 0x00, 0x00, 0x00, 0xf0, 0xe3, 0x00, 0x00,
    0x06, 0x00, 0x00, 0x00, 0x54, 0x01, 0x29, 0x01, 0x72, 0x10, 0xa0, 0x02,
    0x01, 0x00, 0x0e, 0x00, 0x03, 0x00, 0x03, 0x00, 0x01, 0x00, 0x00, 0x00,
    0xf6, 0xe3, 0x00, 0x00, 0x08, 0x00, 0x00, 0x00, 0x5b, 0x01, 0x2a, 0x01,
    0x5b, 0x02, 0x2b, 0x01, 0x70, 0x10, 0x9e, 0x02, 0x00, 0x00, 0x0e, 0x00,
    0x02, 0x00, 0x02, 0x00, 0x01, 0x00, 0x00, 0x00, 0xfd, 0xe3, 0x00, 0x00,
    0x06, 0x00, 0x00, 0x00, 0x54, 0x01, 0x2b, 0x01, 0x72, 0x10, 0xa0, 0x02,
    0x01, 0x00, 0x0e, 0x00, 0x02, 0x00, 0x02, 0x00, 0x01, 0x00, 0x00, 0x00,
    0x03, 0xe4, 0x00, 0x00, 0x06, 0x00, 0x00, 0x00, 0x5b, 0x01, 0x2c, 0x01,
    0x70, 0x10, 0x9e, 0x02, 0x00, 0x00, 0x0e, 0x00, 0x04, 0x00, 0x01, 0x00,
    0x04, 0x00, 0x00, 0x00, 0x09, 0xe4, 0x00, 0x00, 0x15, 0x00, 0x00, 0x00,
    0x54, 0x30, 0x2c, 0x01, 0x6e, 0x10, 0x56, 0x02, 0x00, 0x00, 0x54, 0x30,
    0x2c, 0x01, 0x55, 0x00, 0x46, 0x01, 0x38, 0x00, 0x0b, 0x00, 0x54, 0x30,
    0x2c, 0x01, 0x54, 0x00, 0x3b, 0x01, 0x16, 0x01, 0x78, 0x00, 0x6e, 0x40,
    0x4a, 0x00, 0x30, 0x21, 0x0e, 0x00, 0x00, 0x00, 0x02, 0x00, 0x02, 0x00,
    0x01, 0x00, 0x00, 0x00, 0x0f, 0xe4, 0x00, 0x00, 0x06, 0x00, 0x00, 0x00,
    0x5b, 0x01, 0x2d, 0x01, 0x70, 0x10, 0x9e, 0x02, 0x00, 0x00, 0x0e, 0x00,
    0x03, 0x00, 0x01, 0x00, 0x02, 0x00, 0x00, 0x00, 0x15, 0xe4, 0x00, 0x00,
    0x07, 0x00, 0x00, 0x00, 0x54, 0x20, 0x2d, 0x01, 0x12, 0xf1, 0x6e, 0x20,
    0x51, 0x02, 0x10, 0x00, 0x0e, 0x00, 0x00, 0x00, 0x02, 0x00, 0x02, 0x00,
    0x01, 0x00, 0x00, 0x00, 0x1a, 0xe4, 0x00, 0x00, 0x06, 0x00, 0x00, 0x00,
    0x5b, 0x01, 0x2e, 0x01, 0x70, 0x10, 0x9e, 0x02, 0x00, 0x00, 0x0e, 0x00,
    0x03, 0x00, 0x01, 0x00, 0x02, 0x00, 0x00, 0x00, 0x20, 0xe4, 0x00, 0x00,
    0x07, 0x00, 0x00, 0x00, 0x54, 0x20, 0x2e, 0x01, 0x12, 0x11, 0x6e, 0x20,
    0x51, 0x02, 0x10, 0x00, 0x0e, 0x00, 0x00, 0x00, 0x02, 0x00, 0x02, 0x00,
    0x01, 0x00, 0x00, 0x00, 0x25, 0xe4, 0x00, 0x00, 0x06, 0x00, 0x00, 0x00,
    0x5b, 0x01, 0x2f, 0x01, 0x70, 0x10, 0x9e, 0x02, 0x00, 0x00, 0x0e, 0x00,
    0x02, 0x00, 0x01, 0x00, 0x01, 0x00, 0x00, 0x00, 0x2b, 0xe4, 0x00, 0x00,
    0x06, 0x00, 0x00, 0x00, 0x54, 0x10, 0x2f, 0x01, 0x6e, 0x10, 0x4c, 0x02,
    0x00, 0x00, 0x0e, 0x00, 0x02, 0x00, 0x02, 0x00, 0x01, 0x00, 0x00, 0x00,
    0x30, 0xe4, 0x00, 0x00, 0x06, 0x00, 0x00, 0x00, 0x5b, 0x01, 0x30, 0x01,
    0x70, 0x10, 0x9e, 0x02, 0x00, 0x00, 0x0e, 0x00, 0x02, 0x00, 0x01, 0x00,
    0x01, 0x00, 0x00, 0x00, 0x36, 0xe4, 0x00, 0x00, 0x12, 0x00, 0x00, 0x00,
    0x54, 0x10, 0x30, 0x01, 0x6e, 0x10, 0x5b, 0x02, 0x00, 0x00, 0x54, 0x10,
    0x30, 0x01, 0x6e, 0x10, 0x50, 0x02, 0x00, 0x00, 0x54, 0x10, 0x30, 0x01,
    0x54, 0x00, 0x35, 0x01, 0x71, 0x10, 0x83, 0x02, 0x00, 0x00, 0x0e, 0x00,
    0x02, 0x00, 0x02, 0x00, 0x01, 0x00, 0x00, 0x00, 0x3b, 0xe4, 0x00, 0x00,
    0x06, 0x00, 0x00, 0x00, 0x5b, 0x01, 0x31, 0x01, 0x70, 0x10, 0x9e, 0x02,
    0x00, 0x00, 0x0e, 0x00, 0x03, 0x00, 0x01, 0x00, 0x02, 0x00, 0x00, 0x00,
    0x41, 0xe4, 0x00, 0x00, 0x0a, 0x00, 0x00, 0x00, 0x54, 0x20, 0x31, 0x01,
    0x55, 0x01, 0x3a, 0x01, 0xdf, 0x01, 0x01, 0x01, 0x6e, 0x20, 0x5e, 0x02,
    0x10, 0x00, 0x0e, 0x00, 0x02, 0x00, 0x02, 0x00, 0x01, 0x00, 0x00, 0x00,
    0x46, 0xe4, 0x00, 0x00, 0x06, 0x00, 0x00, 0x00, 0x5b, 0x01, 0x32, 0x01,
    0x70, 0x10, 0x9e, 0x02, 0x00, 0x00, 0x0e, 0x00, 0x02, 0x00, 0x01, 0x00,
    0x01, 0x00, 0x00, 0x00, 0x4c, 0xe4, 0x00, 0x00, 0x06, 0x00, 0x00, 0x00,
    0x54, 0x10, 0x32, 0x01, 0x6e, 0x10, 0x53, 0x02, 0x00, 0x00, 0x0e, 0x00,
    0x02, 0x00, 0x02, 0x00, 0x01, 0x00, 0x00, 0x00, 0x51, 0xe4, 0x00, 0x00,
    0x06, 0x00, 0x00, 0x00, 0x5b, 0x01, 0x33, 0x01, 0x70, 0x10, 0x9e, 0x02,
    0x00, 0x00, 0x0e, 0x00, 0x02, 0x00, 0x01, 0x00, 0x01, 0x00, 0x00, 0x00,
    0x57, 0xe4, 0x00, 0x00, 0x06, 0x00, 0x00, 0x00, 0x54, 0x10, 0x33, 0x01,
    0x6e, 0x10, 0x4f, 0x02, 0x00, 0x00, 0x0e, 0x00, 0x06, 0x00, 0x04, 0x00,
    0x01, 0x00, 0x00, 0x00, 0x5c, 0xe4, 0x00, 0x00, 0x2f, 0x00, 0x00, 0x00,
    0x6e, 0x10, 0x66, 0x00, 0x05, 0x00, 0x0a, 0x03, 0x12, 0x00, 0x12, 0x11,
    0x38, 0x03, 0x18, 0x00, 0x12, 0x43, 0x33, 0x34, 0x14, 0x00, 0x6e, 0x10,
    0x66, 0x00, 0x05, 0x00, 0x0a, 0x03, 0x33, 0x13, 0x0e, 0x00, 0x54, 0x23,
    0x34, 0x01, 0x52, 0x33, 0x3e, 0x01, 0x39, 0x03, 0x08, 0x00, 0x54, 0x23,
    0x34, 0x01, 0x6e, 0x10, 0x4f, 0x02, 0x03, 0x00, 0x0f, 0x01, 0x0f, 0x00,
    0x13, 0x03, 0x42, 0x00, 0x33, 0x34, 0x0e, 0x00, 0x6e, 0x10, 0x67, 0x00,
    0x05, 0x00, 0x0a, 0x03, 0x38, 0x03, 0x08, 0x00, 0x54, 0x23, 0x34, 0x01,
    0x6e, 0x10, 0x5a, 0x02, 0x03, 0x00, 0x0f, 0x01, 0x0f, 0x00, 0x00, 0x00,
    0x02, 0x00, 0x02, 0x00, 0x01, 0x00, 0x00, 0x00, 0x67, 0xe4, 0x00, 0x00,
    0x06, 0x00, 0x00, 0x00, 0x5b, 0x01, 0x34, 0x01, 0x70, 0x10, 0x9e, 0x02,
    0x00, 0x00, 0x0e, 0x00, 0x08, 0x00, 0x05, 0x00, 0x03, 0x00, 0x00, 0x00,
    0x6d, 0xe4, 0x00, 0x00, 0x50, 0x00, 0x00, 0x00, 0x22, 0x00, 0x43, 0x00,
    0x70, 0x20, 0xab, 0x00, 0x40, 0x00, 0x14, 0x01, 0x6b, 0x3a, 0x2c, 0xff,
    0x14, 0x02, 0x25, 0x16, 0x13, 0xff, 0x71, 0x30, 0xe4, 0x01, 0x14, 0x02,
    0x0c, 0x01, 0x6e, 0x20, 0xae, 0x00, 0x10, 0x00, 0x6e, 0x20, 0xb1, 0x00,
    0x60, 0x00, 0x22, 0x06, 0x42, 0x00, 0x15, 0x01, 0xa0, 0x41, 0x71, 0x20,
    0xe9, 0x01, 0x14, 0x00, 0x0a, 0x02, 0x71, 0x20, 0xe9, 0x01, 0x14, 0x00,
    0x0a, 0x01, 0x70, 0x30, 0xa9, 0x00, 0x26, 0x01, 0x13, 0x01, 0x11, 0x00,
    0x59, 0x61, 0x0c, 0x00, 0x6e, 0x30, 0xad, 0x00, 0x50, 0x06, 0x22, 0x05,
    0x88, 0x00, 0x70, 0x30, 0x35, 0x02, 0x35, 0x07, 0x6e, 0x20, 0xb3, 0x00,
    0x50, 0x00, 0x22, 0x05, 0x46, 0x00, 0x15, 0x06, 0xf0, 0x41, 0x71, 0x20,
    0xe9, 0x01, 0x64, 0x00, 0x0a, 0x06, 0x15, 0x07, 0xd0, 0x41, 0x71, 0x20,
    0xe9, 0x01, 0x74, 0x00, 0x0a, 0x07, 0x70, 0x30, 0xc2, 0x00, 0x65, 0x07,
    0x15, 0x06, 0x80, 0x40, 0x71, 0x20, 0xe9, 0x01, 0x64, 0x00, 0x0a, 0x04,
    0x59, 0x54, 0x14, 0x00, 0x6e, 0x20, 0xb2, 0x00, 0x50, 0x00, 0x11, 0x00,
    0x07, 0x00, 0x05, 0x00, 0x05, 0x00, 0x00, 0x00, 0x83, 0xe4, 0x00, 0x00,
    0x4d, 0x00, 0x00, 0x00, 0x15, 0x00, 0x20, 0x41, 0x12, 0xf1, 0x71, 0x40,
    0x03, 0x02, 0x43, 0x10, 0x0c, 0x04, 0x13, 0x00, 0x11, 0x00, 0x6e, 0x20,
    0xf1, 0x00, 0x04, 0x00, 0x14, 0x00, 0x25, 0x16, 0x13, 0xff, 0x71, 0x30,
    0xe4, 0x01, 0x53, 0x00, 0x0c, 0x05, 0x6e, 0x20, 0xf0, 0x00, 0x54, 0x00,
    0x15, 0x05, 0x00, 0x41, 0x71, 0x20, 0xe9, 0x01, 0x53, 0x00, 0x0a, 0x00,
    0x12, 0x01, 0x71, 0x20, 0xe9, 0x01, 0x53, 0x00, 0x0a, 0x05, 0x6e, 0x51,
    0xf5, 0x00, 0x04, 0x51, 0x15, 0x05, 0xf0, 0x41, 0x71, 0x20, 0xe9, 0x01,
    0x53, 0x00, 0x0a, 0x05, 0x6e, 0x20, 0xf3, 0x00, 0x54, 0x00, 0x22, 0x05,
    0x89, 0x00, 0x70, 0x30, 0x37, 0x02, 0x25, 0x06, 0x6e, 0x20, 0xf4, 0x00,
    0x54, 0x00, 0x22, 0x05, 0x46, 0x00, 0x15, 0x06, 0xd0, 0x41, 0x71, 0x20,
    0xe9, 0x01, 0x63, 0x00, 0x0a, 0x06, 0x12, 0xe0, 0x70, 0x30, 0xc2, 0x00,
    0x05, 0x06, 0x15, 0x06, 0x80, 0x40, 0x71, 0x20, 0xe9, 0x01, 0x63, 0x00,
    0x0a, 0x03, 0x59, 0x53, 0x14, 0x00, 0x6e, 0x20, 0xf2, 0x00, 0x54, 0x00,
    0x11, 0x04, 0x00, 0x00, 0x03, 0x00, 0x01, 0x00, 0x01, 0x00, 0x00, 0x00,
    0x95, 0xe4, 0x00, 0x00, 0x0e, 0x00, 0x00, 0x00, 0x6e, 0x10, 0x5c, 0x02,
    0x02, 0x00, 0x0a, 0x00, 0x82, 0x00, 0x14, 0x01, 0x1f, 0x85, 0xeb, 0x3e,
    0xc8, 0x10, 0x71, 0x10, 0x9d, 0x02, 0x00, 0x00, 0x0a, 0x00, 0x0f, 0x00,
    0x02, 0x00, 0x01, 0x00, 0x01, 0x00, 0x00, 0x00, 0x9a, 0xe4, 0x00, 0x00,
    0x1e, 0x00, 0x00, 0x00, 0x54, 0x10, 0x35, 0x01, 0x6e, 0x10, 0x0d, 0x00,
    0x00, 0x00, 0x0c, 0x00, 0x6e, 0x10, 0x86, 0x00, 0x00, 0x00, 0x0c, 0x00,
    0x6e, 0x10, 0x6e, 0x00, 0x00, 0x00, 0x0a, 0x00, 0x3d, 0x00, 0x03, 0x00,
    0x0f, 0x00, 0x54, 0x10, 0x35, 0x01, 0x6e, 0x10, 0x0a, 0x00, 0x00, 0x00,
    0x0c, 0x00, 0x6e, 0x10, 0x2a, 0x00, 0x00, 0x00, 0x0c, 0x00, 0x52, 0x00,
    0x08, 0x00, 0x0f, 0x00, 0x12, 0x00, 0x02, 0x00, 0x05, 0x00, 0x00, 0x00,
    0xa1, 0xe4, 0x00, 0x00, 0xd4, 0x02, 0x00, 0x00, 0x08, 0x00, 0x10, 0x00,
    0x08, 0x01, 0x11, 0x00, 0x70, 0x10, 0x9e, 0x02, 0x00, 0x00, 0x22, 0x02,
    0x21, 0x00, 0x71, 0x00, 0x4c, 0x00, 0x00, 0x00, 0x0c, 0x03, 0x70, 0x20,
    0x48, 0x00, 0x32, 0x00, 0x5b, 0x02, 0x3b, 0x01, 0x12, 0xf2, 0x59, 0x02,
    0x44, 0x01, 0x59, 0x02, 0x3c, 0x01, 0x1a, 0x03, 0x00, 0x00, 0x5b, 0x03,
    0x45, 0x01, 0x22, 0x04, 0x8a, 0x00, 0x70, 0x20, 0x39, 0x02, 0x04, 0x00,
    0x5b, 0x04, 0x43, 0x01, 0x5b, 0x01, 0x35, 0x01, 0x22, 0x04, 0x47, 0x00,
    0x70, 0x20, 0xc5, 0x00, 0x14, 0x00, 0x5b, 0x04, 0x42, 0x01, 0x12, 0x15,
    0x6e, 0x20, 0xd3, 0x00, 0x54, 0x00, 0x14, 0x06, 0x97, 0x52, 0x3f, 0xff,
    0x14, 0x07, 0x25, 0x16, 0x13, 0xff, 0x71, 0x30, 0xe5, 0x01, 0x61, 0x07,
    0x0c, 0x06, 0x6e, 0x20, 0xcc, 0x00, 0x64, 0x00, 0x15, 0x06, 0x00, 0x41,
    0x71, 0x20, 0xe9, 0x01, 0x61, 0x00, 0x0a, 0x08, 0x15, 0x09, 0xc0, 0x40,
    0x71, 0x20, 0xe9, 0x01, 0x91, 0x00, 0x0a, 0x0a, 0x71, 0x20, 0xe9, 0x01,
    0x61, 0x00, 0x0a, 0x0b, 0x71, 0x20, 0xe9, 0x01, 0x61, 0x00, 0x0a, 0x0c,
    0x6e, 0x5c, 0xd4, 0x00, 0x84, 0xba, 0x6e, 0x20, 0xcd, 0x00, 0x54, 0x00,
    0x22, 0x08, 0x47, 0x00, 0x70, 0x20, 0xc5, 0x00, 0x18, 0x00, 0x12, 0x0a,
    0x6e, 0x20, 0xd3, 0x00, 0xa8, 0x00, 0x13, 0x0b, 0x10, 0x00, 0x6e, 0x20,
    0xcf, 0x00, 0xb8, 0x00, 0x15, 0x0b, 0x40, 0x41, 0x71, 0x20, 0x75, 0x02,
    0xb1, 0x00, 0x0c, 0x0c, 0x14, 0x0d, 0x6b, 0x3a, 0x2c, 0xff, 0x71, 0x30,
    0xe4, 0x01, 0xd1, 0x07, 0x0c, 0x0e, 0x6e, 0x20, 0xf0, 0x00, 0xec, 0x00,
    0x71, 0x20, 0xe9, 0x01, 0x91, 0x00, 0x0a, 0x0e, 0x71, 0x20, 0xe9, 0x01,
    0x91, 0x00, 0x0a, 0x0f, 0x6e, 0x5a, 0xf5, 0x00, 0xec, 0xfa, 0x22, 0x0e,
    0x46, 0x00, 0x15, 0x0f, 0xd0, 0x41, 0x71, 0x20, 0xe9, 0x01, 0xf1, 0x00,
    0x0a, 0x0b, 0x12, 0xef, 0x70, 0x30, 0xc2, 0x00, 0xfe, 0x0b, 0x6e, 0x30,
    0xc7, 0x00, 0xc8, 0x0e, 0x1a, 0x0b, 0x87, 0x00, 0x15, 0x0c, 0x50, 0x41,
    0x71, 0x40, 0x03, 0x02, 0xb1, 0x2c, 0x0c, 0x0b, 0x6e, 0x20, 0xf6, 0x00,
    0x5b, 0x00, 0x71, 0x20, 0xe9, 0x01, 0x61, 0x00, 0x0a, 0x0c, 0x71, 0x20,
    0xe9, 0x01, 0x91, 0x00, 0x0a, 0x0e, 0x6e, 0x5a, 0xf5, 0x00, 0xcb, 0xea,
    0x22, 0x0c, 0x46, 0x00, 0x15, 0x0e, 0x80, 0x3f, 0x70, 0x40, 0xc3, 0x00,
    0xac, 0xef, 0x6e, 0x30, 0xc7, 0x00, 0xb8, 0x0c, 0x15, 0x0b, 0xb4, 0xc2,
    0x71, 0x20, 0x76, 0x02, 0xb1, 0x00, 0x0c, 0x0b, 0x22, 0x0c, 0x8b, 0x00,
    0x70, 0x20, 0x3b, 0x02, 0x0c, 0x00, 0x1a, 0x06, 0x26, 0x00, 0x70, 0x5c,
    0x52, 0x02, 0x10, 0x6b, 0x0c, 0x06, 0x6e, 0x20, 0xc6, 0x00, 0x68, 0x00,
    0x15, 0x06, 0xb4, 0x42, 0x71, 0x20, 0x76, 0x02, 0x61, 0x00, 0x0c, 0x06,
    0x22, 0x0b, 0x8c, 0x00, 0x70, 0x20, 0x3d, 0x02, 0x0b, 0x00, 0x1a, 0x0c,
    0x29, 0x02, 0x70, 0x5b, 0x52, 0x02, 0x10, 0xc6, 0x0c, 0x06, 0x6e, 0x20,
    0xc6, 0x00, 0x68, 0x00, 0x22, 0x06, 0x8d, 0x00, 0x70, 0x20, 0x3f, 0x02,
    0x06, 0x00, 0x1a, 0x0b, 0x96, 0x01, 0x70, 0x56, 0x62, 0x02, 0x10, 0xdb,
    0x0c, 0x06, 0x6e, 0x20, 0xc6, 0x00, 0x68, 0x00, 0x63, 0x06, 0xfc, 0x00,
    0x15, 0x0b, 0xa0, 0x41, 0x38, 0x06, 0x18, 0x00, 0x71, 0x10, 0x7f, 0x02,
    0x01, 0x00, 0x0c, 0x06, 0x71, 0x30, 0xba, 0x01, 0x61, 0x0b, 0x0c, 0x06,
    0x22, 0x0c, 0x8e, 0x00, 0x70, 0x20, 0x41, 0x02, 0x0c, 0x00, 0x1a, 0x0f,
    0x35, 0x02, 0x70, 0x5c, 0x52, 0x02, 0x10, 0xf6, 0x0c, 0x06, 0x6e, 0x20,
    0xc6, 0x00, 0x68, 0x00, 0x22, 0x06, 0x8f, 0x00, 0x70, 0x20, 0x43, 0x02,
    0x06, 0x00, 0x1a, 0x0c, 0x5d, 0x02, 0x70, 0x56, 0x62, 0x02, 0x10, 0xdc,
    0x0c, 0x06, 0x5b, 0x06, 0x39, 0x01, 0x6e, 0x20, 0xc6, 0x00, 0x68, 0x00,
    0x22, 0x06, 0x90, 0x00, 0x70, 0x20, 0x45, 0x02, 0x06, 0x00, 0x1a, 0x0c,
    0xaf, 0x02, 0x70, 0x56, 0x62, 0x02, 0x10, 0xdc, 0x0c, 0x06, 0x6e, 0x20,
    0xc6, 0x00, 0x68, 0x00, 0x1a, 0x06, 0x98, 0x03, 0x71, 0x20, 0xff, 0x01,
    0x61, 0x00, 0x0c, 0x06, 0x71, 0x30, 0xba, 0x01, 0x61, 0x0b, 0x0c, 0x06,
    0x22, 0x0b, 0x91, 0x00, 0x70, 0x20, 0x47, 0x02, 0x0b, 0x00, 0x1a, 0x0c,
    0xa0, 0x00, 0x70, 0x5b, 0x52, 0x02, 0x10, 0xc6, 0x0c, 0x06, 0x6e, 0x20,
    0xc6, 0x00, 0x68, 0x00, 0x22, 0x06, 0x46, 0x00, 0x15, 0x0b, 0xe0, 0x41,
    0x71, 0x20, 0xe9, 0x01, 0xb1, 0x00, 0x0a, 0x0b, 0x70, 0x30, 0xc2, 0x00,
    0x26, 0x0b, 0x6e, 0x30, 0xc7, 0x00, 0x84, 0x06, 0x22, 0x06, 0x47, 0x00,
    0x70, 0x20, 0xc5, 0x00, 0x16, 0x00, 0x6e, 0x20, 0xd3, 0x00, 0x56, 0x00,
    0x5b, 0x06, 0x36, 0x01, 0x22, 0x08, 0x4c, 0x00, 0x70, 0x20, 0xed, 0x00,
    0x18, 0x00, 0x5b, 0x08, 0x40, 0x01, 0x62, 0x0b, 0x06, 0x00, 0x6e, 0x20,
    0xfb, 0x00, 0xb8, 0x00, 0x15, 0x0b, 0xf0, 0x40, 0x71, 0x30, 0xa5, 0x01,
    0x81, 0x0b, 0x14, 0x0b, 0xe8, 0xb0, 0x9f, 0xff, 0x6e, 0x20, 0xf8, 0x00,
    0xb8, 0x00, 0x6e, 0x20, 0xf9, 0x00, 0x58, 0x00, 0x71, 0x20, 0xe9, 0x01,
    0x91, 0x00, 0x0a, 0x0b, 0x15, 0x0c, 0x80, 0x40, 0x71, 0x20, 0xe9, 0x01,
    0xc1, 0x00, 0x0a, 0x0f, 0x71, 0x20, 0xe9, 0x01, 0x91, 0x00, 0x0a, 0x02,
    0x71, 0x20, 0xe9, 0x01, 0xc1, 0x00, 0x0a, 0x09, 0x6e, 0x59, 0xf5, 0x00,
    0xb8, 0x2f, 0x22, 0x02, 0x4b, 0x00, 0x70, 0x20, 0xe6, 0x00, 0x12, 0x00,
    0x5b, 0x02, 0x41, 0x01, 0x71, 0x30, 0xe4, 0x01, 0xd1, 0x07, 0x0c, 0x09,
    0x6e, 0x20, 0xeb, 0x00, 0x92, 0x00, 0x6e, 0x20, 0xec, 0x00, 0x52, 0x00,
    0x6e, 0x20, 0xe7, 0x00, 0x82, 0x00, 0x22, 0x09, 0x46, 0x00, 0x12, 0xfb,
    0x70, 0x40, 0xc3, 0x00, 0xb9, 0xea, 0x15, 0x0b, 0xa0, 0x40, 0x71, 0x20,
    0xe9, 0x01, 0xb1, 0x00, 0x0a, 0x0f, 0x59, 0x9f, 0x16, 0x00, 0x6e, 0x30,
    0xc7, 0x00, 0x26, 0x09, 0x22, 0x02, 0x47, 0x00, 0x70, 0x20, 0xc5, 0x00,
    0x12, 0x00, 0x6e, 0x20, 0xd3, 0x00, 0xa2, 0x00, 0x22, 0x09, 0x41, 0x00,
    0x70, 0x20, 0x8e, 0x00, 0x19, 0x00, 0x5b, 0x09, 0x37, 0x01, 0x62, 0x0f,
    0x06, 0x00, 0x6e, 0x20, 0xa7, 0x00, 0xf9, 0x00, 0x15, 0x0f, 0x08, 0x41,
    0x71, 0x30, 0xa5, 0x01, 0x91, 0x0f, 0x12, 0xff, 0x6e, 0x20, 0xa6, 0x00,
    0xf9, 0x00, 0x14, 0x0f, 0xc8, 0x95, 0x8a, 0xff, 0x6e, 0x20, 0x9a, 0x00,
    0xf9, 0x00, 0x1a, 0x0f, 0x3b, 0x04, 0x6e, 0x20, 0x99, 0x00, 0xf9, 0x00,
    0x71, 0x30, 0xe4, 0x01, 0xd1, 0x07, 0x0c, 0x07, 0x6e, 0x20, 0x97, 0x00,
    0x79, 0x00, 0x15, 0x07, 0xc0, 0x40, 0x71, 0x20, 0xe9, 0x01, 0x71, 0x00,
    0x0a, 0x0f, 0x71, 0x20, 0xe9, 0x01, 0xc1, 0x00, 0x0a, 0x0b, 0x71, 0x20,
    0xe9, 0x01, 0x71, 0x00, 0x0a, 0x0d, 0x71, 0x20, 0xe9, 0x01, 0xc1, 0x00,
    0x0a, 0x07, 0x6e, 0x57, 0xa2, 0x00, 0xf9, 0xdb, 0x14, 0x07, 0x33, 0x00,
    0x80, 0x00, 0x6e, 0x20, 0x98, 0x00, 0x79, 0x00, 0x14, 0x07, 0x01, 0x00,
    0x0a, 0x00, 0x6e, 0x20, 0x9d, 0x00, 0x79, 0x00, 0x14, 0x07, 0x01, 0x00,
    0x00, 0x12, 0x6e, 0x20, 0x9c, 0x00, 0x79, 0x00, 0x6e, 0x20, 0x9b, 0x00,
    0xa9, 0x00, 0x12, 0x27, 0x6e, 0x20, 0x9f, 0x00, 0x79, 0x00, 0x12, 0x57,
    0x6e, 0x20, 0x9e, 0x00, 0x79, 0x00, 0x6e, 0x20, 0xa8, 0x00, 0x59, 0x00,
    0x71, 0x10, 0x77, 0x02, 0x01, 0x00, 0x0c, 0x05, 0x1a, 0x07, 0x34, 0x03,
    0x72, 0x30, 0x28, 0x00, 0x75, 0x03, 0x0c, 0x03, 0x6e, 0x20, 0xa5, 0x00,
    0x39, 0x00, 0x6e, 0x10, 0x91, 0x00, 0x09, 0x00, 0x0c, 0x03, 0x72, 0x10,
    0x54, 0x00, 0x03, 0x00, 0x0a, 0x03, 0x6e, 0x20, 0xa3, 0x00, 0x39, 0x00,
    0x22, 0x03, 0x81, 0x00, 0x70, 0x20, 0x23, 0x02, 0x93, 0x00, 0x6e, 0x20,
    0x8f, 0x00, 0x39, 0x00, 0x22, 0x03, 0x92, 0x00, 0x70, 0x20, 0x49, 0x02,
    0x03, 0x00, 0x6e, 0x20, 0xa1, 0x00, 0x39, 0x00, 0x22, 0x03, 0x46, 0x00,
    0x12, 0xe5, 0x70, 0x40, 0xc3, 0x00, 0xa3, 0xe5, 0x6e, 0x30, 0xc7, 0x00,
    0x92, 0x03, 0x1a, 0x03, 0xad, 0x03, 0x71, 0x20, 0xff, 0x01, 0x31, 0x00,
    0x0c, 0x03, 0x15, 0x05, 0xd0, 0x41, 0x71, 0x30, 0xba, 0x01, 0x31, 0x05,
    0x0c, 0x03, 0x12, 0x05, 0x14, 0x07, 0x6b, 0x3a, 0x2c, 0xff, 0x71, 0x40,
    0x78, 0x02, 0x31, 0x75, 0x0c, 0x03, 0x1a, 0x05, 0x3a, 0x02, 0x6e, 0x20,
    0xce, 0x00, 0x53, 0x00, 0x15, 0x05, 0x30, 0x42, 0x71, 0x20, 0xe9, 0x01,
    0x51, 0x00, 0x0a, 0x05, 0x6e, 0x20, 0xd1, 0x00, 0x53, 0x00, 0x22, 0x05,
    0x82, 0x00, 0x70, 0x20, 0x29, 0x02, 0x05, 0x00, 0x6e, 0x20, 0xd2, 0x00,
    0x53, 0x00, 0x22, 0x05, 0x46, 0x00, 0x12, 0xe7, 0x12, 0xff, 0x70, 0x30,
    0xc2, 0x00, 0x75, 0x0f, 0x15, 0x09, 0xc0, 0x40, 0x71, 0x20, 0xe9, 0x01,
    0x91, 0x00, 0x0a, 0x09, 0x59, 0x59, 0x14, 0x00, 0x6e, 0x30, 0xc7, 0x00,
    0x32, 0x05, 0x22, 0x03, 0x46, 0x00, 0x70, 0x30, 0xc2, 0x00, 0xf3, 0x07,
    0x15, 0x05, 0xa0, 0x40, 0x71, 0x20, 0xe9, 0x01, 0x51, 0x00, 0x0a, 0x05,
    0x59, 0x35, 0x16, 0x00, 0x6e, 0x30, 0xc7, 0x00, 0x26, 0x03, 0x22, 0x02,
    0x46, 0x00, 0x70, 0x40, 0xc3, 0x00, 0xf2, 0xea, 0x6e, 0x30, 0xc7, 0x00,
    0x64, 0x02, 0x22, 0x02, 0x42, 0x00, 0x6e, 0x10, 0x59, 0x02, 0x00, 0x00,
    0x0a, 0x03, 0x70, 0x30, 0xa9, 0x00, 0xf2, 0x03, 0x5b, 0x02, 0x3f, 0x01,
    0x13, 0x03, 0x50, 0x00, 0x59, 0x23, 0x0c, 0x00, 0x54, 0x02, 0x3f, 0x01,
    0x15, 0x03, 0x40, 0x41, 0x71, 0x20, 0xe9, 0x01, 0x31, 0x00, 0x0a, 0x05,
    0x59, 0x25, 0x0e, 0x00, 0x54, 0x02, 0x3f, 0x01, 0x71, 0x20, 0xe9, 0x01,
    0x31, 0x00, 0x0a, 0x03, 0x59, 0x23, 0x0f, 0x00, 0x54, 0x02, 0x3f, 0x01,
    0x15, 0x03, 0x00, 0x41, 0x71, 0x20, 0xe9, 0x01, 0x31, 0x00, 0x0a, 0x03,
    0x59, 0x23, 0x0b, 0x00, 0x54, 0x02, 0x3f, 0x01, 0x6e, 0x30, 0x07, 0x00,
    0x41, 0x02, 0x71, 0x00, 0x79, 0x02, 0x00, 0x00, 0x0c, 0x01, 0x6e, 0x10,
    0x5e, 0x00, 0x01, 0x00, 0x0a, 0x01, 0x39, 0x01, 0x09, 0x00, 0x13, 0x01,
    0x68, 0x00, 0x1a, 0x02, 0xfd, 0x01, 0x71, 0x20, 0x7a, 0x02, 0x21, 0x00,
    0x71, 0x00, 0x79, 0x02, 0x00, 0x00, 0x0c, 0x01, 0x6e, 0x20, 0xf7, 0x00,
    0x18, 0x00, 0x0e, 0x00, 0x03, 0x00, 0x01, 0x00, 0x02, 0x00, 0x00, 0x00,
    0x19, 0xe5, 0x00, 0x00, 0x15, 0x00, 0x00, 0x00, 0x71, 0x00, 0x79, 0x02,
    0x00, 0x00, 0x0c, 0x00, 0x6e, 0x10, 0x5c, 0x00, 0x00, 0x00, 0x12, 0x00,
    0x71, 0x10, 0x74, 0x02, 0x00, 0x00, 0x54, 0x20, 0x40, 0x01, 0x71, 0x00,
    0x79, 0x02, 0x00, 0x00, 0x0c, 0x01, 0x6e, 0x20, 0xf7, 0x00, 0x10, 0x00,
    0x0e, 0x00, 0x00, 0x00, 0x04, 0x00, 0x01, 0x00, 0x02, 0x00, 0x00, 0x00,
    0x20, 0xe5, 0x00, 0x00, 0x62, 0x00, 0x00, 0x00, 0x55, 0x30, 0x46, 0x01,
    0x39, 0x00, 0x03, 0x00, 0x0e, 0x00, 0x12, 0x00, 0x5c, 0x30, 0x46, 0x01,
    0x6e, 0x10, 0x5b, 0x02, 0x03, 0x00, 0x6e, 0x10, 0x50, 0x02, 0x03, 0x00,
    0x54, 0x31, 0x37, 0x01, 0x6e, 0x10, 0x90, 0x00, 0x01, 0x00, 0x54, 0x31,
    0x3d, 0x01, 0x38, 0x01, 0x08, 0x00, 0x6e, 0x10, 0x6c, 0x02, 0x01, 0x00,
    0x12, 0x01, 0x5b, 0x31, 0x3d, 0x01, 0x54, 0x31, 0x47, 0x01, 0x38, 0x01,
    0x05, 0x00, 0x6e, 0x10, 0x01, 0x00, 0x01, 0x00, 0x59, 0x30, 0x3e, 0x01,
    0x54, 0x30, 0x3f, 0x01, 0x54, 0x31, 0x35, 0x01, 0x15, 0x02, 0x00, 0x41,
    0x71, 0x20, 0xe9, 0x01, 0x21, 0x00, 0x0a, 0x01, 0x59, 0x01, 0x0b, 0x00,
    0x54, 0x30, 0x3f, 0x01, 0x6e, 0x10, 0x59, 0x02, 0x03, 0x00, 0x0a, 0x01,
    0x59, 0x01, 0x0d, 0x00, 0x54, 0x30, 0x42, 0x01, 0x54, 0x31, 0x3f, 0x01,
    0x6e, 0x20, 0xd0, 0x00, 0x10, 0x00, 0x54, 0x30, 0x42, 0x01, 0x13, 0x01,
    0x08, 0x00, 0x6e, 0x20, 0xd6, 0x00, 0x10, 0x00, 0x52, 0x30, 0x44, 0x01,
    0x3a, 0x00, 0x0d, 0x00, 0x54, 0x30, 0x35, 0x01, 0x6e, 0x10, 0x0d, 0x00,
    0x00, 0x00, 0x0c, 0x00, 0x52, 0x31, 0x44, 0x01, 0x6e, 0x20, 0x87, 0x00,
    0x10, 0x00, 0x54, 0x30, 0x3b, 0x01, 0x54, 0x31, 0x43, 0x01, 0x6e, 0x20,
    0x4b, 0x00, 0x10, 0x00, 0x6e, 0x10, 0x63, 0x02, 0x03, 0x00, 0x0e, 0x00,
    0x05, 0x00, 0x01, 0x00, 0x04, 0x00, 0x00, 0x00, 0x33, 0xe5, 0x00, 0x00,
    0x12, 0x00, 0x00, 0x00, 0x54, 0x40, 0x37, 0x01, 0x6e, 0x10, 0x96, 0x00,
    0x00, 0x00, 0x54, 0x40, 0x37, 0x01, 0x22, 0x01, 0x84, 0x00, 0x70, 0x20,
    0x2d, 0x02, 0x41, 0x00, 0x16, 0x02, 0x78, 0x00, 0x6e, 0x40, 0x94, 0x00,
    0x10, 0x32, 0x0e, 0x00, 0x01, 0x00, 0x01, 0x00, 0x01, 0x00, 0x00, 0x00,
    0x39, 0xe5, 0x00, 0x00, 0x07, 0x00, 0x00, 0x00, 0x6e, 0x10, 0x58, 0x02,
    0x00, 0x00, 0x70, 0x10, 0x4d, 0x02, 0x00, 0x00, 0x0e, 0x00, 0x00, 0x00,
    0x04, 0x00, 0x01, 0x00, 0x03, 0x00, 0x00, 0x00, 0x3f, 0xe5, 0x00, 0x00,
    0x17, 0x00, 0x00, 0x00, 0x54, 0x30, 0x35, 0x01, 0x1a, 0x01, 0xbb, 0x03,
    0x6e, 0x20, 0x0c, 0x00, 0x10, 0x00, 0x0c, 0x00, 0x1f, 0x00, 0x3e, 0x00,
    0x38, 0x00, 0x0c, 0x00, 0x54, 0x31, 0x37, 0x01, 0x6e, 0x10, 0x92, 0x00,
    0x01, 0x00, 0x0c, 0x01, 0x12, 0x02, 0x6e, 0x30, 0x89, 0x00, 0x10, 0x02,
    0x0e, 0x00, 0x00, 0x00, 0x04, 0x00, 0x02, 0x00, 0x02, 0x00, 0x00, 0x00,
    0x45, 0xe5, 0x00, 0x00, 0x68, 0x00, 0x00, 0x00, 0x71, 0x00, 0x7c, 0x02,
    0x00, 0x00, 0x0c, 0x00, 0x6e, 0x10, 0xc2, 0x02, 0x00, 0x00, 0x0a, 0x00,
    0x38, 0x00, 0x03, 0x00, 0x28, 0x07, 0x52, 0x20, 0x3c, 0x01, 0x3b, 0x00,
    0x1b, 0x00, 0x3d, 0x03, 0x03, 0x00, 0x0e, 0x00, 0x54, 0x20, 0x37, 0x01,
    0x6e, 0x10, 0x91, 0x00, 0x00, 0x00, 0x0c, 0x00, 0x6e, 0x10, 0x9f, 0x02,
    0x00, 0x00, 0x0c, 0x00, 0x5b, 0x20, 0x45, 0x01, 0x71, 0x00, 0x7c, 0x02,
    0x00, 0x00, 0x0c, 0x00, 0x6e, 0x10, 0xc5, 0x02, 0x00, 0x00, 0x0a, 0x00,
    0x59, 0x20, 0x3c, 0x01, 0x52, 0x20, 0x3c, 0x01, 0xb0, 0x30, 0x59, 0x20,
    0x3c, 0x01, 0x3b, 0x00, 0x05, 0x00, 0x12, 0x03, 0x59, 0x23, 0x3c, 0x01,
    0x52, 0x23, 0x3c, 0x01, 0x71, 0x00, 0x7c, 0x02, 0x00, 0x00, 0x0c, 0x00,
    0x6e, 0x10, 0xc5, 0x02, 0x00, 0x00, 0x0a, 0x00, 0x34, 0x03, 0x0d, 0x00,
    0x12, 0xf3, 0x59, 0x23, 0x3c, 0x01, 0x54, 0x23, 0x37, 0x01, 0x54, 0x20,
    0x45, 0x01, 0x6e, 0x20, 0xa5, 0x00, 0x03, 0x00, 0x28, 0x12, 0x54, 0x23,
    0x37, 0x01, 0x71, 0x00, 0x7c, 0x02, 0x00, 0x00, 0x0c, 0x00, 0x52, 0x21,
    0x3c, 0x01, 0x6e, 0x20, 0xc1, 0x02, 0x10, 0x00, 0x0c, 0x00, 0x1f, 0x00,
    0xa0, 0x00, 0x6e, 0x20, 0xa5, 0x00, 0x03, 0x00, 0x54, 0x23, 0x37, 0x01,
    0x6e, 0x10, 0x91, 0x00, 0x03, 0x00, 0x0c, 0x00, 0x72, 0x10, 0x54, 0x00,
    0x00, 0x00, 0x0a, 0x00, 0x6e, 0x20, 0xa3, 0x00, 0x03, 0x00, 0x0e, 0x00,
    0x02, 0x00, 0x01, 0x00, 0x01, 0x00, 0x00, 0x00, 0x57, 0xe5, 0x00, 0x00,
    0x0b, 0x00, 0x00, 0x00, 0x70, 0x10, 0x4d, 0x02, 0x01, 0x00, 0x63, 0x00,
    0xf1, 0x00, 0x38, 0x00, 0x05, 0x00, 0x6e, 0x10, 0x60, 0x02, 0x01, 0x00,
    0x0e, 0x00, 0x00, 0x00, 0x03, 0x00, 0x02, 0x00, 0x03, 0x00, 0x00, 0x00,
    0x5d, 0xe5, 0x00, 0x00, 0x07, 0x00, 0x00, 0x00, 0x59, 0x12, 0x3e, 0x01,
    0x12, 0x10, 0x6e, 0x30, 0x55, 0x02, 0x21, 0x00, 0x0e, 0x00, 0x00, 0x00,
    0x0a, 0x00, 0x03, 0x00, 0x06, 0x00, 0x00, 0x00, 0x64, 0xe5, 0x00, 0x00,
    0xca, 0x00, 0x00, 0x00, 0x54, 0x70, 0x3f, 0x01, 0x52, 0x03, 0x0b, 0x00,
    0x54, 0x70, 0x42, 0x01, 0x6e, 0x10, 0xc8, 0x00, 0x00, 0x00, 0x0a, 0x00,
    0x3d, 0x00, 0x09, 0x00, 0x54, 0x70, 0x42, 0x01, 0x6e, 0x10, 0xc8, 0x00,
    0x00, 0x00, 0x0a, 0x00, 0x28, 0x05, 0x54, 0x70, 0x3f, 0x01, 0x52, 0x00,
    0x0d, 0x00, 0x01, 0x05, 0x55, 0x70, 0x3a, 0x01, 0x15, 0x01, 0x00, 0x41,
    0x38, 0x00, 0x04, 0x00, 0x01, 0x84, 0x28, 0x0f, 0x54, 0x70, 0x35, 0x01,
    0x3d, 0x08, 0x05, 0x00, 0x15, 0x02, 0x80, 0x40, 0x28, 0x02, 0x01, 0x12,
    0x71, 0x20, 0xe9, 0x01, 0x20, 0x00, 0x0a, 0x00, 0xb0, 0x80, 0x01, 0x04,
    0x6e, 0x10, 0x5c, 0x02, 0x07, 0x00, 0x0a, 0x00, 0xb1, 0x40, 0x54, 0x72,
    0x35, 0x01, 0x71, 0x20, 0xe9, 0x01, 0x12, 0x00, 0x0a, 0x01, 0xb1, 0x10,
    0x55, 0x71, 0x3a, 0x01, 0x38, 0x01, 0x08, 0x00, 0x6e, 0x10, 0x5c, 0x02,
    0x07, 0x00, 0x0a, 0x00, 0xb1, 0x80, 0x28, 0x15, 0x54, 0x78, 0x35, 0x01,
    0x15, 0x01, 0xb4, 0x42, 0x71, 0x20, 0xe9, 0x01, 0x18, 0x00, 0x0a, 0x08,
    0x6e, 0x10, 0x59, 0x02, 0x07, 0x00, 0x0a, 0x01, 0x71, 0x20, 0x9c, 0x02,
    0x01, 0x00, 0x0a, 0x00, 0x71, 0x20, 0x9a, 0x02, 0x08, 0x00, 0x0a, 0x00,
    0x01, 0x06, 0x54, 0x78, 0x3f, 0x01, 0x55, 0x70, 0x3a, 0x01, 0x38, 0x00,
    0x04, 0x00, 0x12, 0x00, 0x28, 0x09, 0x54, 0x70, 0x35, 0x01, 0x15, 0x01,
    0x40, 0x41, 0x71, 0x20, 0xe9, 0x01, 0x10, 0x00, 0x0a, 0x00, 0x59, 0x80,
    0x0f, 0x00, 0x59, 0x80, 0x0e, 0x00, 0x54, 0x78, 0x47, 0x01, 0x38, 0x08,
    0x05, 0x00, 0x6e, 0x10, 0x01, 0x00, 0x08, 0x00, 0x39, 0x09, 0x15, 0x00,
    0x54, 0x78, 0x3f, 0x01, 0x59, 0x84, 0x0b, 0x00, 0x54, 0x78, 0x3f, 0x01,
    0x59, 0x86, 0x0d, 0x00, 0x54, 0x78, 0x42, 0x01, 0x54, 0x79, 0x3f, 0x01,
    0x6e, 0x20, 0xd0, 0x00, 0x98, 0x00, 0x6e, 0x10, 0x5d, 0x02, 0x07, 0x00,
    0x0e, 0x00, 0x12, 0x28, 0x23, 0x88, 0xc2, 0x00, 0x26, 0x08, 0x36, 0x00,
    0x00, 0x00, 0x71, 0x10, 0x03, 0x00, 0x08, 0x00, 0x0c, 0x08, 0x5b, 0x78,
    0x47, 0x01, 0x16, 0x00, 0x8c, 0x00, 0x6e, 0x30, 0x04, 0x00, 0x08, 0x01,
    0x54, 0x78, 0x47, 0x01, 0x22, 0x09, 0x3d, 0x00, 0x70, 0x10, 0x88, 0x00,
    0x09, 0x00, 0x6e, 0x20, 0x05, 0x00, 0x98, 0x00, 0x54, 0x78, 0x47, 0x01,
    0x22, 0x01, 0x85, 0x00, 0x07, 0x72, 0x76, 0x06, 0x2f, 0x02, 0x01, 0x00,
    0x6e, 0x20, 0x00, 0x00, 0x18, 0x00, 0x54, 0x28, 0x47, 0x01, 0x6e, 0x10,
    0x06, 0x00, 0x08, 0x00, 0x54, 0x28, 0x42, 0x01, 0x22, 0x09, 0x86, 0x00,
    0x70, 0x20, 0x31, 0x02, 0x79, 0x00, 0x16, 0x00, 0xa0, 0x00, 0x6e, 0x40,
    0xca, 0x00, 0x98, 0x10, 0x0e, 0x00, 0x00, 0x00, 0x00, 0x03, 0x04, 0x00,
    0x02, 0x00, 0x00, 0x00, 0x00, 0x00, 0x00, 0x00, 0x00, 0x00, 0x80, 0x3f,
    0x08, 0x00, 0x01, 0x00, 0x02, 0x00, 0x01, 0x00, 0x83, 0xe5, 0x00, 0x00,
    0x2d, 0x00, 0x00, 0x00, 0x71, 0x00, 0xc7, 0x01, 0x00, 0x00, 0x0c, 0x00,
    0x38, 0x00, 0x28, 0x00, 0x21, 0x01, 0x39, 0x01, 0x03, 0x00, 0x28, 0x23,
    0x21, 0x01, 0x12, 0x02, 0x01, 0x23, 0x35, 0x13, 0x1c, 0x00, 0x46, 0x04,
    0x00, 0x03, 0x38, 0x04, 0x15, 0x00, 0x6e, 0x10, 0xa4, 0x02, 0x04, 0x00,
    0x0a, 0x05, 0x39, 0x05, 0x03, 0x00, 0x28, 0x0d, 0x6e, 0x20, 0xa1, 0x02,
    0x24, 0x00, 0x0a, 0x05, 0x12, 0x16, 0x6e, 0x20, 0xa7, 0x02, 0x64, 0x00,
    0x0c, 0x04, 0x71, 0x20, 0x7a, 0x02, 0x45, 0x00, 0xd8, 0x03, 0x03, 0x01,
    0x28, 0xe5, 0x6e, 0x10, 0x57, 0x02, 0x07, 0x00, 0x0e, 0x00, 0x00, 0x00,
    0x00, 0x00, 0x00, 0x00, 0x04, 0x00, 0x01, 0x00, 0x01, 0x00, 0x2c, 0x00,
    0x03, 0x00, 0x01, 0x00, 0x02, 0x00, 0x00, 0x00, 0x8d, 0xe5, 0x00, 0x00,
    0x10, 0x00, 0x00, 0x00, 0x71, 0x00, 0x73, 0x02, 0x00, 0x00, 0x54, 0x20,
    0x40, 0x01, 0x71, 0x00, 0x79, 0x02, 0x00, 0x00, 0x0c, 0x01, 0x6e, 0x20,
    0xf7, 0x00, 0x10, 0x00, 0x6e, 0x10, 0x5d, 0x02, 0x02, 0x00, 0x0e, 0x00,
    0x03, 0x00, 0x01, 0x00, 0x02, 0x00, 0x00, 0x00, 0x94, 0xe5, 0x00, 0x00,
    0x16, 0x00, 0x00, 0x00, 0x54, 0x20, 0x38, 0x01, 0x39, 0x00, 0x03, 0x00,
    0x0e, 0x00, 0x6e, 0x10, 0x70, 0x00, 0x00, 0x00, 0x0c, 0x00, 0x1f, 0x00,
    0x37, 0x00, 0x38, 0x00, 0x07, 0x00, 0x54, 0x21, 0x38, 0x01, 0x6e, 0x20,
    0x81, 0x00, 0x10, 0x00, 0x12, 0x00, 0x5b, 0x20, 0x38, 0x01, 0x0e, 0x00,
    0x04, 0x00, 0x01, 0x00, 0x02, 0x00, 0x01, 0x00, 0x9c, 0xe5, 0x00, 0x00,
    0x8d, 0x00, 0x00, 0x00, 0x54, 0x30, 0x37, 0x01, 0x6e, 0x10, 0x91, 0x00,
    0x00, 0x00, 0x0c, 0x00, 0x6e, 0x10, 0x9f, 0x02, 0x00, 0x00, 0x0c, 0x00,
    0x6e, 0x10, 0xa9, 0x02, 0x00, 0x00, 0x0c, 0x01, 0x6e, 0x10, 0xa4, 0x02,
    0x01, 0x00, 0x0a, 0x01, 0x39, 0x01, 0x03, 0x00, 0x0e, 0x00, 0x13, 0x01,
    0x69, 0x00, 0x71, 0x20, 0x7a, 0x02, 0x01, 0x00, 0x6e, 0x10, 0x57, 0x02,
    0x03, 0x00, 0x71, 0x00, 0x7c, 0x02, 0x00, 0x00, 0x0c, 0x01, 0x6e, 0x10,
    0xc2, 0x02, 0x01, 0x00, 0x0a, 0x01, 0x39, 0x01, 0x1c, 0x00, 0x71, 0x00,
    0x7c, 0x02, 0x00, 0x00, 0x0c, 0x01, 0x71, 0x00, 0x7c, 0x02, 0x00, 0x00,
    0x0c, 0x02, 0x6e, 0x10, 0xc5, 0x02, 0x02, 0x00, 0x0a, 0x02, 0xd8, 0x02,
    0x02, 0xff, 0x6e, 0x20, 0xc1, 0x02, 0x21, 0x00, 0x0c, 0x01, 0x1f, 0x01,
    0xaa, 0x00, 0x6e, 0x20, 0xa3, 0x02, 0x01, 0x00, 0x0a, 0x01, 0x39, 0x01,
    0x23, 0x00, 0x71, 0x00, 0x7c, 0x02, 0x00, 0x00, 0x0c, 0x01, 0x6e, 0x20,
    0xbe, 0x02, 0x01, 0x00, 0x71, 0x00, 0x7c, 0x02, 0x00, 0x00, 0x0c, 0x01,
    0x6e, 0x10, 0xc5, 0x02, 0x01, 0x00, 0x0a, 0x01, 0x13, 0x02, 0x3c, 0x00,
    0x37, 0x21, 0x0b, 0x00, 0x71, 0x00, 0x7c, 0x02, 0x00, 0x00, 0x0c, 0x01,
    0x12, 0x02, 0x6e, 0x20, 0xc4, 0x02, 0x21, 0x00, 0x28, 0xec, 0x54, 0x31,
    0x35, 0x01, 0x71, 0x10, 0x72, 0x02, 0x01, 0x00, 0x12, 0xf1, 0x59, 0x31,
    0x3c, 0x01, 0x1a, 0x01, 0x00, 0x00, 0x5b, 0x31, 0x45, 0x01, 0x54, 0x32,
    0x37, 0x01, 0x6e, 0x20, 0xa5, 0x00, 0x12, 0x00, 0x6e, 0x10, 0x5b, 0x02,
    0x03, 0x00, 0x71, 0x10, 0xc6, 0x01, 0x00, 0x00, 0x0e, 0x00, 0x0d, 0x00,
    0x22, 0x01, 0xab, 0x00, 0x1a, 0x02, 0x1c, 0x04, 0x70, 0x20, 0xad, 0x02,
    0x21, 0x00, 0x6e, 0x20, 0xb1, 0x02, 0x01, 0x00, 0x6e, 0x10, 0xb4, 0x02,
    0x01, 0x00, 0x0c, 0x00, 0x13, 0x01, 0x78, 0x00, 0x71, 0x20, 0x7a, 0x02,
    0x01, 0x00, 0x6e, 0x10, 0x57, 0x02, 0x03, 0x00, 0x0e, 0x00, 0x00, 0x00,
    0x71, 0x00, 0x00, 0x00, 0x03, 0x00, 0x01, 0x00, 0x01, 0x00, 0x75, 0x00,
    0x04, 0x00, 0x01, 0x00, 0x03, 0x00, 0x01, 0x00, 0xb5, 0xe5, 0x00, 0x00,
    0x1e, 0x00, 0x00, 0x00, 0x54, 0x30, 0x35, 0x01, 0x71, 0x10, 0x77, 0x02,
    0x00, 0x00, 0x0c, 0x00, 0x72, 0x10, 0x25, 0x00, 0x00, 0x00, 0x0c, 0x00,
    0x1a, 0x01, 0x34, 0x03, 0x54, 0x32, 0x37, 0x01, 0x6e, 0x10, 0x91, 0x00,
    0x02, 0x00, 0x0c, 0x02, 0x6e, 0x10, 0x9f, 0x02, 0x02, 0x00, 0x0c, 0x02,
    0x72, 0x30, 0x24, 0x00, 0x10, 0x02, 0x0c, 0x00, 0x72, 0x10, 0x22, 0x00,
    0x00, 0x00, 0x0e, 0x00, 0x00, 0x00, 0x00, 0x00, 0x1d, 0x00, 0x01, 0x00,
    0x01, 0x00, 0x1d, 0x00, 0x03, 0x00, 0x01, 0x00, 0x02, 0x00, 0x00, 0x00,
    0xba, 0xe5, 0x00, 0x00, 0x0b, 0x00, 0x00, 0x00, 0x54, 0x20, 0x41, 0x01,
    0x22, 0x01, 0x87, 0x00, 0x70, 0x20, 0x33, 0x02, 0x21, 0x00, 0x6e, 0x20,
    0xe9, 0x00, 0x10, 0x00, 0x0e, 0x00, 0x00, 0x00, 0x03, 0x00, 0x02, 0x00,
    0x03, 0x00, 0x00, 0x00, 0xbf, 0xe5, 0x00, 0x00, 0x18, 0x00, 0x00, 0x00,
    0x5c, 0x12, 0x3a, 0x01, 0x54, 0x10, 0x39, 0x01, 0x38, 0x02, 0x05, 0x00,
    0x1a, 0x02, 0xd5, 0x00, 0x28, 0x03, 0x1a, 0x02, 0x5d, 0x02, 0x6e, 0x20,
    0xf7, 0x00, 0x20, 0x00, 0x52, 0x12, 0x3e, 0x01, 0x12, 0x00, 0x6e, 0x30,
    0x55, 0x02, 0x21, 0x00, 0x6e, 0x10, 0x63, 0x02, 0x01, 0x00, 0x0e, 0x00,
    0x03, 0x00, 0x01, 0x00, 0x03, 0x00, 0x00, 0x00, 0xc8, 0xe5, 0x00, 0x00,
    0x4b, 0x00, 0x00, 0x00, 0x55, 0x20, 0x46, 0x01, 0x38, 0x00, 0x03, 0x00,
    0x0e, 0x00, 0x12, 0x10, 0x5c, 0x20, 0x46, 0x01, 0x6e, 0x10, 0x58, 0x02,
    0x02, 0x00, 0x12, 0x00, 0x6e, 0x30, 0x55, 0x02, 0x02, 0x00, 0x54, 0x21,
    0x42, 0x01, 0x6e, 0x20, 0xd6, 0x00, 0x01, 0x00, 0x54, 0x20, 0x35, 0x01,
    0x6e, 0x10, 0x0d, 0x00, 0x00, 0x00, 0x0c, 0x00, 0x6e, 0x10, 0x85, 0x00,
    0x00, 0x00, 0x0c, 0x00, 0x52, 0x00, 0x0a, 0x00, 0x59, 0x20, 0x44, 0x01,
    0x54, 0x20, 0x35, 0x01, 0x6e, 0x10, 0x0d, 0x00, 0x00, 0x00, 0x0c, 0x00,
    0x52, 0x21, 0x44, 0x01, 0xdd, 0x01, 0x01, 0x0f, 0xde, 0x01, 0x01, 0x30,
    0x6e, 0x20, 0x87, 0x00, 0x10, 0x00, 0x22, 0x00, 0x97, 0x00, 0x54, 0x21,
    0x35, 0x01, 0x70, 0x30, 0x69, 0x02, 0x10, 0x02, 0x5b, 0x20, 0x3d, 0x01,
    0x54, 0x20, 0x3b, 0x01, 0x54, 0x21, 0x43, 0x01, 0x6e, 0x20, 0x49, 0x00,
    0x10, 0x00, 0x6e, 0x10, 0x4e, 0x02, 0x02, 0x00, 0x6e, 0x10, 0x5d, 0x02,
    0x02, 0x00, 0x6e, 0x10, 0x63, 0x02, 0x02, 0x00, 0x0e, 0x00, 0x00, 0x00,
    0x08, 0x00, 0x01, 0x00, 0x05, 0x00, 0x01, 0x00, 0xd9, 0xe5, 0x00, 0x00,
    0xc1, 0x00, 0x00, 0x00, 0x54, 0x70, 0x38, 0x01, 0x38, 0x00, 0x03, 0x00,
    0x0e, 0x00, 0x54, 0x70, 0x35, 0x01, 0x1a, 0x01, 0x9e, 0x03, 0x71, 0x20,
    0xff, 0x01, 0x10, 0x00, 0x0c, 0x01, 0x15, 0x02, 0x20, 0x42, 0x71, 0x30,
    0xba, 0x01, 0x10, 0x02, 0x0c, 0x00, 0x54, 0x71, 0x35, 0x01, 0x15, 0x03,
    0x80, 0x40, 0x71, 0x20, 0xe9, 0x01, 0x31, 0x00, 0x0a, 0x01, 0x54, 0x74,
    0x35, 0x01, 0x71, 0x20, 0xe9, 0x01, 0x34, 0x00, 0x0a, 0x04, 0x54, 0x75,
    0x35, 0x01, 0x71, 0x20, 0xe9, 0x01, 0x35, 0x00, 0x0a, 0x05, 0x54, 0x76,
    0x35, 0x01, 0x71, 0x20, 0xe9, 0x01, 0x36, 0x00, 0x0a, 0x03, 0x6e, 0x53,
    0xbd, 0x00, 0x10, 0x54, 0x54, 0x71, 0x35, 0x01, 0x14, 0x03, 0x97, 0x52,
    0x3f, 0xff, 0x14, 0x04, 0x25, 0x16, 0x13, 0xff, 0x71, 0x30, 0xe4, 0x01,
    0x31, 0x04, 0x0c, 0x01, 0x6e, 0x20, 0xb7, 0x00, 0x10, 0x00, 0x1a, 0x01,
    0x87, 0x00, 0x6e, 0x20, 0xb8, 0x00, 0x10, 0x00, 0x22, 0x01, 0x42, 0x00,
    0x54, 0x73, 0x35, 0x01, 0x71, 0x20, 0xe9, 0x01, 0x23, 0x00, 0x0a, 0x03,
    0x54, 0x74, 0x35, 0x01, 0x71, 0x20, 0xe9, 0x01, 0x24, 0x00, 0x0a, 0x02,
    0x70, 0x30, 0xa9, 0x00, 0x31, 0x02, 0x14, 0x02, 0x33, 0x00, 0x80, 0x00,
    0x59, 0x12, 0x0c, 0x00, 0x54, 0x72, 0x35, 0x01, 0x6e, 0x10, 0x0a, 0x00,
    0x02, 0x00, 0x0c, 0x02, 0x6e, 0x10, 0x2a, 0x00, 0x02, 0x00, 0x0c, 0x02,
    0x52, 0x23, 0x09, 0x00, 0xdb, 0x03, 0x03, 0x02, 0x54, 0x74, 0x35, 0x01,
    0x15, 0x05, 0xf0, 0x41, 0x71, 0x20, 0xe9, 0x01, 0x54, 0x00, 0x0a, 0x04,
    0xb0, 0x43, 0x54, 0x74, 0x35, 0x01, 0x15, 0x05, 0xc0, 0x40, 0x71, 0x20,
    0xe9, 0x01, 0x54, 0x00, 0x0a, 0x04, 0x54, 0x75, 0x35, 0x01, 0x71, 0x10,
    0x77, 0x02, 0x05, 0x00, 0x0c, 0x05, 0x1a, 0x06, 0xb3, 0x03, 0x72, 0x30,
    0x27, 0x00, 0x65, 0x03, 0x0a, 0x03, 0x54, 0x75, 0x35, 0x01, 0x71, 0x10,
    0x77, 0x02, 0x05, 0x00, 0x0c, 0x05, 0x1a, 0x06, 0xb4, 0x03, 0x72, 0x30,
    0x27, 0x00, 0x65, 0x04, 0x0a, 0x04, 0x82, 0x33, 0x52, 0x25, 0x09, 0x00,
    0x52, 0x16, 0x11, 0x00, 0xb1, 0x65, 0x12, 0x06, 0x71, 0x30, 0x7b, 0x02,
    0x63, 0x05, 0x0a, 0x03, 0x59, 0x13, 0x0e, 0x00, 0x82, 0x43, 0x52, 0x22,
    0x08, 0x00, 0x52, 0x14, 0x0d, 0x00, 0xb1, 0x42, 0x71, 0x30, 0x7b, 0x02,
    0x63, 0x02, 0x0a, 0x02, 0x59, 0x12, 0x10, 0x00, 0x22, 0x02, 0x94, 0x00,
    0x54, 0x73, 0x35, 0x01, 0x22, 0x04, 0x83, 0x00, 0x70, 0x20, 0x2b, 0x02,
    0x74, 0x00, 0x70, 0x30, 0x64, 0x02, 0x32, 0x04, 0x6e, 0x20, 0xbc, 0x00,
    0x20, 0x00, 0x54, 0x72, 0x35, 0x01, 0x6e, 0x30, 0x07, 0x00, 0x02, 0x01,
    0x5b, 0x70, 0x38, 0x01, 0x0e, 0x00, 0x00, 0x00, 0x79, 0x00, 0x00, 0x00,
    0x18, 0x00, 0x01, 0x00, 0x01, 0x00, 0x91, 0x01, 0x03, 0x00, 0x01, 0x00,
    0x02, 0x00, 0x00, 0x00, 0xf3, 0xe5, 0x00, 0x00, 0x0e, 0x00, 0x00, 0x00,
    0x12, 0x10, 0x5c, 0x20, 0x3a, 0x01, 0x54, 0x20, 0x39, 0x01, 0x1a, 0x01,
    0xd5, 0x00, 0x6e, 0x20, 0xf7, 0x00, 0x10, 0x00, 0x6e, 0x10, 0x5f, 0x02,
    0x02, 0x00, 0x0e, 0x00, 0x02, 0x00, 0x01, 0x00, 0x01, 0x00, 0x01, 0x00,
    0xfa, 0xe5, 0x00, 0x00, 0x0f, 0x00, 0x00, 0x00, 0x55, 0x10, 0x46, 0x01,
    0x38, 0x00, 0x08, 0x00, 0x55, 0x10, 0x3a, 0x01, 0x38, 0x00, 0x04, 0x00,
    0x12, 0x10, 0x28, 0x02, 0x12, 0x00, 0x71, 0x10, 0xd9, 0x01, 0x00, 0x00,
    0x0e, 0x00, 0x00, 0x00, 0x00, 0x00, 0x00, 0x00, 0x0e, 0x00, 0x01, 0x00,
    0x01, 0x00, 0x0e, 0x00, 0x0a, 0x00, 0x03, 0x00, 0x03, 0x00, 0x01, 0x00,
    0xff, 0xe5, 0x00, 0x00, 0xb7, 0x00, 0x00, 0x00, 0x6e, 0x10, 0x6f, 0x00,
    0x08, 0x00, 0x0c, 0x00, 0x1f, 0x00, 0x42, 0x00, 0x6e, 0x10, 0x69, 0x00,
    0x09, 0x00, 0x0a, 0x01, 0x12, 0x02, 0x12, 0x13, 0x38, 0x01, 0x94, 0x00,
    0x32, 0x31, 0x64, 0x00, 0x12, 0x24, 0x32, 0x41, 0x06, 0x00, 0x12, 0x38,
    0x32, 0x81, 0x5e, 0x00, 0x0f, 0x02, 0x6e, 0x10, 0x6a, 0x00, 0x09, 0x00,
    0x0a, 0x01, 0x52, 0x74, 0x4e, 0x01, 0xc7, 0x41, 0x6e, 0x10, 0x6b, 0x00,
    0x09, 0x00, 0x0a, 0x09, 0x52, 0x74, 0x4f, 0x01, 0xc7, 0x49, 0x55, 0x74,
    0x49, 0x01, 0x39, 0x04, 0x19, 0x00, 0x71, 0x10, 0x97, 0x02, 0x01, 0x00,
    0x0a, 0x04, 0x52, 0x75, 0x4d, 0x01, 0x82, 0x55, 0x2e, 0x04, 0x04, 0x05,
    0x3b, 0x04, 0x0e, 0x00, 0x71, 0x10, 0x97, 0x02, 0x09, 0x00, 0x0a, 0x04,
    0x52, 0x75, 0x4d, 0x01, 0x82, 0x55, 0x2e, 0x04, 0x04, 0x05, 0x3b, 0x04,
    0x03, 0x00, 0x0f, 0x03, 0x5c, 0x73, 0x49, 0x01, 0x6e, 0x10, 0x70, 0x00,
    0x08, 0x00, 0x0c, 0x04, 0x1f, 0x04, 0x34, 0x00, 0x52, 0x75, 0x4a, 0x01,
    0x82, 0x55, 0xc6, 0x15, 0x6e, 0x10, 0x74, 0x00, 0x04, 0x00, 0x0a, 0x01,
    0x6e, 0x10, 0x74, 0x00, 0x08, 0x00, 0x0a, 0x06, 0xb1, 0x61, 0x71, 0x30,
    0x7b, 0x02, 0x25, 0x01, 0x0a, 0x01, 0x59, 0x01, 0x0e, 0x00, 0x52, 0x71,
    0x4b, 0x01, 0x82, 0x11, 0xc6, 0x91, 0x6e, 0x10, 0x6e, 0x00, 0x04, 0x00,
    0x0a, 0x09, 0x6e, 0x10, 0x6e, 0x00, 0x08, 0x00, 0x0a, 0x04, 0xb1, 0x49,
    0x71, 0x30, 0x7b, 0x02, 0x21, 0x09, 0x0a, 0x09, 0x59, 0x09, 0x10, 0x00,
    0x6e, 0x20, 0x7b, 0x00, 0x08, 0x00, 0x0f, 0x03, 0x55, 0x78, 0x49, 0x01,
    0x38, 0x08, 0x20, 0x00, 0x54, 0x78, 0x48, 0x01, 0x71, 0x10, 0x77, 0x02,
    0x08, 0x00, 0x0c, 0x08, 0x72, 0x10, 0x25, 0x00, 0x08, 0x00, 0x0c, 0x08,
    0x1a, 0x09, 0xb3, 0x03, 0x52, 0x01, 0x0e, 0x00, 0x72, 0x30, 0x23, 0x00,
    0x98, 0x01, 0x0c, 0x08, 0x1a, 0x09, 0xb4, 0x03, 0x52, 0x00, 0x10, 0x00,
    0x72, 0x30, 0x23, 0x00, 0x98, 0x00, 0x0c, 0x08, 0x72, 0x10, 0x22, 0x00,
    0x08, 0x00, 0x28, 0x0c, 0x6e, 0x10, 0x69, 0x00, 0x09, 0x00, 0x0a, 0x08,
    0x33, 0x38, 0x07, 0x00, 0x54, 0x78, 0x4c, 0x01, 0x72, 0x10, 0xa0, 0x02,
    0x08, 0x00, 0x0f, 0x03, 0x6e, 0x10, 0x6a, 0x00, 0x09, 0x00, 0x0a, 0x08,
    0x59, 0x78, 0x4e, 0x01, 0x6e, 0x10, 0x6b, 0x00, 0x09, 0x00, 0x0a, 0x08,
    0x59, 0x78, 0x4f, 0x01, 0x52, 0x08, 0x0e, 0x00, 0x59, 0x78, 0x4a, 0x01,
    0x52, 0x08, 0x10, 0x00, 0x59, 0x78, 0x4b, 0x01, 0x5c, 0x72, 0x49, 0x01,
    0x0f, 0x03, 0x00, 0x00, 0x76, 0x00, 0x00, 0x00, 0x1d, 0x00, 0x01, 0x00,
    0x01, 0x00, 0x9f, 0x01, 0x03, 0x00, 0x03, 0x00, 0x01, 0x00, 0x00, 0x00,
    0x23, 0xe6, 0x00, 0x00, 0x12, 0x00, 0x00, 0x00, 0x70, 0x10, 0x9e, 0x02,
    0x00, 0x00, 0x5b, 0x01, 0x48, 0x01, 0x5b, 0x02, 0x4c, 0x01, 0x71, 0x10,
    0x7e, 0x00, 0x01, 0x00, 0x0c, 0x01, 0x6e, 0x10, 0x80, 0x00, 0x01, 0x00,
    0x0a, 0x01, 0x59, 0x01, 0x4d, 0x01, 0x0e, 0x00, 0x03, 0x00, 0x03, 0x00,
    0x01, 0x00, 0x00, 0x00, 0x2d, 0xe6, 0x00, 0x00, 0x08, 0x00, 0x00, 0x00,
    0x5b, 0x01, 0x50, 0x01, 0x5b, 0x02, 0x51, 0x01, 0x70, 0x10, 0x9e, 0x02,
    0x00, 0x00, 0x0e, 0x00, 0x04, 0x00, 0x01, 0x00, 0x05, 0x00, 0x01, 0x00,
    0x34, 0xe6, 0x00, 0x00, 0x19, 0x00, 0x00, 0x00, 0x54, 0x30, 0x50, 0x01,
    0x71, 0x10, 0x6a, 0x02, 0x00, 0x00, 0x0c, 0x00, 0x6e, 0x10, 0x0f, 0x00,
    0x00, 0x00, 0x0a, 0x00, 0x39, 0x00, 0x0e, 0x00, 0x54, 0x30, 0x50, 0x01,
    0x71, 0x10, 0x6b, 0x02, 0x00, 0x00, 0x0c, 0x00, 0x54, 0x31, 0x51, 0x01,
    0x12, 0x02, 0x6e, 0x52, 0xe5, 0x00, 0x10, 0x22, 0x0e, 0x00, 0x00, 0x00,
    0x00, 0x00, 0x00, 0x00, 0x18, 0x00, 0x01, 0x00, 0x01, 0x00, 0x18, 0x00,
    0x01, 0x00, 0x01, 0x00, 0x00, 0x00, 0x00, 0x00, 0x39, 0xe6, 0x00, 0x00,
    0x03, 0x00, 0x00, 0x00, 0x54, 0x00, 0x52, 0x01, 0x11, 0x00, 0x00, 0x00,
    0x01, 0x00, 0x01, 0x00, 0x00, 0x00, 0x00, 0x00, 0x39, 0xe6, 0x00, 0x00,
    0x03, 0x00, 0x00, 0x00, 0x54, 0x00, 0x56, 0x01, 0x11, 0x00, 0x00, 0x00,
    0x06, 0x00, 0x03, 0x00, 0x04, 0x00, 0x00, 0x00, 0x3f, 0xe6, 0x00, 0x00,
    0x47, 0x00, 0x00, 0x00, 0x70, 0x10, 0x9e, 0x02, 0x03, 0x00, 0x22, 0x00,
    0x1b, 0x00, 0x70, 0x10, 0x3d, 0x00, 0x00, 0x00, 0x5b, 0x30, 0x53, 0x01,
    0x12, 0xf0, 0x59, 0x30, 0x54, 0x01, 0x5b, 0x34, 0x52, 0x01, 0x5b, 0x35,
    0x55, 0x01, 0x22, 0x05, 0x34, 0x00, 0x70, 0x20, 0x6d, 0x00, 0x45, 0x00,
    0x5b, 0x35, 0x57, 0x01, 0x22, 0x01, 0x4a, 0x00, 0x12, 0x02, 0x70, 0x40,
    0xdf, 0x00, 0x51, 0x02, 0x5b, 0x31, 0x56, 0x01, 0x13, 0x00, 0x11, 0x00,
    0x6e, 0x20, 0xe3, 0x00, 0x01, 0x00, 0x12, 0x10, 0x6e, 0x20, 0xe2, 0x00,
    0x01, 0x00, 0x6e, 0x20, 0xe1, 0x00, 0x21, 0x00, 0x6e, 0x20, 0xe4, 0x00,
    0x21, 0x00, 0x6e, 0x10, 0x72, 0x00, 0x05, 0x00, 0x0c, 0x05, 0x6e, 0x20,
    0x83, 0x00, 0x35, 0x00, 0x6e, 0x10, 0x0d, 0x00, 0x04, 0x00, 0x0c, 0x04,
    0x6e, 0x10, 0x86, 0x00, 0x04, 0x00, 0x0c, 0x04, 0x22, 0x05, 0x96, 0x00,
    0x70, 0x30, 0x67, 0x02, 0x35, 0x04, 0x6e, 0x20, 0x77, 0x00, 0x54, 0x00,
    0x0e, 0x00, 0x00, 0x00, 0x02, 0x00, 0x01, 0x00, 0x02, 0x00, 0x01, 0x00,
    0x53, 0xe6, 0x00, 0x00, 0x0f, 0x00, 0x00, 0x00, 0x54, 0x10, 0x57, 0x01,
    0x6e, 0x10, 0x72, 0x00, 0x00, 0x00, 0x0c, 0x00, 0x6e, 0x20, 0x84, 0x00,
    0x10, 0x00, 0x54, 0x10, 0x56, 0x01, 0x6e, 0x10, 0xe0, 0x00, 0x00, 0x00,
    0x0e, 0x00, 0x00, 0x00, 0x09, 0x00, 0x00, 0x00, 0x05, 0x00, 0x01, 0x00,
    0x01, 0x00, 0x0e, 0x00, 0x03, 0x00, 0x01, 0x00, 0x02, 0x00, 0x00, 0x00,
    0x59, 0xe6, 0x00, 0x00, 0x3f, 0x00, 0x00, 0x00, 0x54, 0x20, 0x57, 0x01,
    0x54, 0x21, 0x53, 0x01, 0x6e, 0x20, 0x75, 0x00, 0x10, 0x00, 0x54, 0x20,
    0x52, 0x01, 0x6e, 0x10, 0x0d, 0x00, 0x00, 0x00, 0x0c, 0x00, 0x6e, 0x10,
    0x86, 0x00, 0x00, 0x00, 0x0c, 0x00, 0x6e, 0x10, 0x6e, 0x00, 0x00, 0x00,
    0x0a, 0x01, 0x3d, 0x01, 0x07, 0x00, 0x6e, 0x10, 0x6e, 0x00, 0x00, 0x00,
    0x0a, 0x00, 0x28, 0x0d, 0x54, 0x20, 0x52, 0x01, 0x6e, 0x10, 0x0a, 0x00,
    0x00, 0x00, 0x0c, 0x00, 0x6e, 0x10, 0x2a, 0x00, 0x00, 0x00, 0x0c, 0x00,
    0x52, 0x00, 0x08, 0x00, 0x54, 0x21, 0x53, 0x01, 0x52, 0x11, 0x04, 0x00,
    0x91, 0x01, 0x00, 0x01, 0xdb, 0x00, 0x00, 0x08, 0x35, 0x01, 0x03, 0x00,
    0x12, 0x01, 0x52, 0x20, 0x54, 0x01, 0x32, 0x01, 0x09, 0x00, 0x59, 0x21,
    0x54, 0x01, 0x54, 0x20, 0x55, 0x01, 0x72, 0x20, 0x66, 0x02, 0x10, 0x00,
    0x0e, 0x00, 0x00, 0x00, 0x01, 0x00, 0x01, 0x00, 0x01, 0x00, 0x00, 0x00,
    0x67, 0xe6, 0x00, 0x00, 0x05, 0x00, 0x00, 0x00, 0x71, 0x10, 0x8a, 0x02,
    0x00, 0x00, 0x0c, 0x00, 0x11, 0x00, 0x00, 0x00, 0x03, 0x00, 0x01, 0x00,
    0x03, 0x00, 0x00, 0x00, 0x6c, 0xe6, 0x00, 0x00, 0x08, 0x00, 0x00, 0x00,
    0x1a, 0x00, 0x05, 0x03, 0x12, 0x01, 0x6e, 0x30, 0x1d, 0x00, 0x02, 0x01,
    0x0c, 0x02, 0x11, 0x02, 0x05, 0x00, 0x01, 0x00, 0x05, 0x00, 0x00, 0x00,
    0x72, 0xe6, 0x00, 0x00, 0x24, 0x00, 0x00, 0x00, 0x62, 0x00, 0x6b, 0x01,
    0x39, 0x00, 0x1f, 0x00, 0x1a, 0x00, 0xf0, 0x04, 0x71, 0x20, 0xff, 0x01,
    0x04, 0x00, 0x0c, 0x04, 0x38, 0x04, 0x17, 0x00, 0x6e, 0x10, 0x2d, 0x00,
    0x04, 0x00, 0x0a, 0x00, 0x13, 0x01, 0x1c, 0x02, 0x34, 0x10, 0x0f, 0x00,
    0x13, 0x00, 0x34, 0x00, 0x13, 0x01, 0x36, 0x00, 0x12, 0x02, 0x13, 0x03,
    0xe6, 0x01, 0x71, 0x51, 0x2c, 0x00, 0x24, 0x03, 0x0c, 0x04, 0x69, 0x04,
    0x6b, 0x01, 0x62, 0x04, 0x6b, 0x01, 0x11, 0x04, 0x01, 0x00, 0x00, 0x00,
    0x00, 0x00, 0x00, 0x00, 0x7b, 0xe6, 0x00, 0x00, 0x03, 0x00, 0x00, 0x00,
    0x62, 0x00, 0x6e, 0x01, 0x11, 0x00, 0x00, 0x00, 0x02, 0x00, 0x02, 0x00,
    0x02, 0x00, 0x00, 0x00, 0x7f, 0xe6, 0x00, 0x00, 0x05, 0x00, 0x00, 0x00,
    0x71, 0x20, 0x7e, 0x02, 0x10, 0x00, 0x0c, 0x00, 0x11, 0x00, 0x00, 0x00,
    0x04, 0x00, 0x02, 0x00, 0x03, 0x00, 0x00, 0x00, 0x85, 0xe6, 0x00, 0x00,
    0x10, 0x00, 0x00, 0x00, 0x1a, 0x00, 0xab, 0x03, 0x71, 0x20, 0xff, 0x01,
    0x02, 0x00, 0x0c, 0x00, 0x15, 0x01, 0x80, 0x41, 0x71, 0x30, 0xba, 0x01,
    0x02, 0x01, 0x0c, 0x02, 0x6e, 0x20, 0xbe, 0x00, 0x32, 0x00, 0x11, 0x02,
    0x0b, 0x00, 0x01, 0x00, 0x05, 0x00, 0x00, 0x00, 0x8d, 0xe6, 0x00, 0x00,
    0xa2, 0x00, 0x00, 0x00, 0x22, 0x00, 0x47, 0x00, 0x70, 0x20, 0xc5, 0x00,
    0xa0, 0x00, 0x12, 0x01, 0x6e, 0x20, 0xd3, 0x00, 0x10, 0x00, 0x63, 0x02,
    0xfc, 0x00, 0x39, 0x02, 0x0c, 0x00, 0x63, 0x02, 0xed, 0x00, 0x39, 0x02,
    0x08, 0x00, 0x13, 0x0a, 0x08, 0x00, 0x6e, 0x20, 0xd6, 0x00, 0xa0, 0x00,
    0x11, 0x00, 0x71, 0x10, 0x7f, 0x02, 0x0a, 0x00, 0x0c, 0x02, 0x15, 0x03,
    0x90, 0x41, 0x71, 0x30, 0xba, 0x01, 0x2a, 0x03, 0x0c, 0x02, 0x1a, 0x03,
    0x35, 0x02, 0x14, 0x04, 0x6b, 0x3a, 0x2c, 0xff, 0x15, 0x05, 0x10, 0x41,
    0x71, 0x55, 0x89, 0x02, 0x2a, 0x43, 0x0c, 0x02, 0x22, 0x03, 0x77, 0x00,
    0x70, 0x20, 0x0f, 0x02, 0xa3, 0x00, 0x6e, 0x20, 0x7c, 0x00, 0x32, 0x00,
    0x15, 0x03, 0x20, 0x41, 0x71, 0x20, 0x84, 0x02, 0x3a, 0x00, 0x0c, 0x03,
    0x1a, 0x06, 0x87, 0x00, 0x71, 0x55, 0x89, 0x02, 0x3a, 0x46, 0x0c, 0x03,
    0x22, 0x04, 0x78, 0x00, 0x70, 0x20, 0x11, 0x02, 0xa4, 0x00, 0x6e, 0x20,
    0x7c, 0x00, 0x43, 0x00, 0x63, 0x04, 0xfc, 0x00, 0x38, 0x04, 0x08, 0x00,
    0x63, 0x04, 0xed, 0x00, 0x38, 0x04, 0x04, 0x00, 0x12, 0x14, 0x28, 0x02,
    0x01, 0x14, 0x63, 0x05, 0xfc, 0x00, 0x15, 0x06, 0x80, 0x3f, 0x15, 0x07,
    0xf0, 0x41, 0x15, 0x08, 0x00, 0x40, 0x38, 0x05, 0x16, 0x00, 0x22, 0x05,
    0x46, 0x00, 0x71, 0x20, 0xe9, 0x01, 0x7a, 0x00, 0x0a, 0x09, 0x70, 0x40,
    0xc3, 0x00, 0x15, 0x69, 0x38, 0x04, 0x08, 0x00, 0x71, 0x20, 0xe9, 0x01,
    0x8a, 0x00, 0x0a, 0x09, 0x59, 0x59, 0x15, 0x00, 0x6e, 0x30, 0xc7, 0x00,
    0x20, 0x05, 0x63, 0x02, 0xed, 0x00, 0x38, 0x02, 0x16, 0x00, 0x22, 0x02,
    0x46, 0x00, 0x71, 0x20, 0xe9, 0x01, 0x7a, 0x00, 0x0a, 0x05, 0x70, 0x40,
    0xc3, 0x00, 0x12, 0x65, 0x38, 0x04, 0x08, 0x00, 0x71, 0x20, 0xe9, 0x01,
    0x8a, 0x00, 0x0a, 0x01, 0x59, 0x21, 0x14, 0x00, 0x6e, 0x30, 0xc7, 0x00,
    0x30, 0x02, 0x22, 0x01, 0x46, 0x00, 0x12, 0xf2, 0x12, 0xe3, 0x70, 0x30,
    0xc2, 0x00, 0x21, 0x03, 0x15, 0x02, 0x80, 0x40, 0x71, 0x20, 0xe9, 0x01,
    0x2a, 0x00, 0x0a, 0x02, 0x59, 0x12, 0x16, 0x00, 0x71, 0x20, 0xe9, 0x01,
    0x8a, 0x00, 0x0a, 0x0a, 0x59, 0x1a, 0x13, 0x00, 0x6e, 0x20, 0xd0, 0x00,
    0x10, 0x00, 0x11, 0x00, 0x04, 0x00, 0x04, 0x00, 0x04, 0x00, 0x00, 0x00,
    0xa8, 0xe6, 0x00, 0x00, 0x05, 0x00, 0x00, 0x00, 0x71, 0x40, 0x88, 0x02,
    0x10, 0x32, 0x0c, 0x00, 0x11, 0x00, 0x00, 0x00, 0x05, 0x00, 0x04, 0x00,
    0x05, 0x00, 0x00, 0x00, 0xb0, 0xe6, 0x00, 0x00, 0x07, 0x00, 0x00, 0x00,
    0x15, 0x00, 0x30, 0x41, 0x71, 0x50, 0x89, 0x02, 0x21, 0x43, 0x0c, 0x01,
    0x11, 0x01, 0x00, 0x00, 0x08, 0x00, 0x05, 0x00, 0x05, 0x00, 0x00, 0x00,
    0xb9, 0xe6, 0x00, 0x00, 0x51, 0x00, 0x00, 0x00, 0x22, 0x00, 0x47, 0x00,
    0x70, 0x20, 0xc5, 0x00, 0x30, 0x00, 0x12, 0x01, 0x6e, 0x20, 0xd3, 0x00,
    0x10, 0x00, 0x13, 0x02, 0x11, 0x00, 0x6e, 0x20, 0xcf, 0x00, 0x20, 0x00,
    0x14, 0x02, 0x25, 0x16, 0x13, 0xff, 0x71, 0x30, 0xe4, 0x01, 0x63, 0x02,
    0x0c, 0x06, 0x6e, 0x20, 0xcc, 0x00, 0x60, 0x00, 0x15, 0x06, 0x30, 0x41,
    0x2e, 0x06, 0x07, 0x06, 0x3b, 0x06, 0x04, 0x00, 0x12, 0x36, 0x28, 0x02,
    0x12, 0x76, 0x82, 0x66, 0x71, 0x20, 0xe9, 0x01, 0x63, 0x00, 0x0a, 0x02,
    0x71, 0x20, 0xe9, 0x01, 0x63, 0x00, 0x0a, 0x06, 0x6e, 0x51, 0xd4, 0x00,
    0x20, 0x61, 0x38, 0x04, 0x05, 0x00, 0x6e, 0x20, 0xc6, 0x00, 0x40, 0x00,
    0x12, 0x16, 0x38, 0x05, 0x1a, 0x00, 0x12, 0xf2, 0x71, 0x40, 0x03, 0x02,
    0x53, 0x27, 0x0c, 0x05, 0x6e, 0x20, 0xf6, 0x00, 0x65, 0x00, 0x38, 0x04,
    0x09, 0x00, 0x15, 0x04, 0x80, 0x40, 0x71, 0x20, 0xe9, 0x01, 0x43, 0x00,
    0x0a, 0x03, 0x28, 0x02, 0x01, 0x13, 0x6e, 0x51, 0xf5, 0x00, 0x35, 0x11,
    0x6e, 0x20, 0xc6, 0x00, 0x50, 0x00, 0x6e, 0x20, 0xcd, 0x00, 0x60, 0x00,
    0x11, 0x00, 0x00, 0x00, 0x04, 0x00, 0x01, 0x00, 0x03, 0x00, 0x00, 0x00,
    0xcf, 0xe6, 0x00, 0x00, 0x15, 0x00, 0x00, 0x00, 0x22, 0x00, 0x46, 0x00,
    0x15, 0x01, 0xf0, 0x41, 0x71, 0x20, 0xe9, 0x01, 0x13, 0x00, 0x0a, 0x01,
    0x12, 0xe2, 0x70, 0x30, 0xc2, 0x00, 0x20, 0x01, 0x15, 0x01, 0xc0, 0x40,
    0x71, 0x20, 0xe9, 0x01, 0x13, 0x00, 0x0a, 0x03, 0x59, 0x03, 0x14, 0x00,
    0x11, 0x00, 0x00, 0x00, 0x02, 0x00, 0x02, 0x00, 0x02, 0x00, 0x00, 0x00,
    0x7f, 0xe6, 0x00, 0x00, 0x05, 0x00, 0x00, 0x00, 0x71, 0x20, 0x84, 0x02,
    0x10, 0x00, 0x0c, 0x00, 0x11, 0x00, 0x00, 0x00, 0x04, 0x00, 0x02, 0x00,
    0x04, 0x00, 0x00, 0x00, 0xd7, 0xe6, 0x00, 0x00, 0x0f, 0x00, 0x00, 0x00,
    0x1a, 0x00, 0x17, 0x00, 0x14, 0x01, 0x52, 0xed, 0x2e, 0xff, 0x71, 0x40,
    0x03, 0x02, 0x02, 0x13, 0x0c, 0x02, 0x13, 0x03, 0x11, 0x00, 0x6e, 0x20,
    0xf1, 0x00, 0x32, 0x00, 0x11, 0x02, 0x00, 0x00, 0x01, 0x00, 0x00, 0x00,
    0x00, 0x00, 0x00, 0x00, 0x7b, 0xe6, 0x00, 0x00, 0x05, 0x00, 0x00, 0x00,
    0x71, 0x00, 0x90, 0x02, 0x00, 0x00, 0x0a, 0x00, 0x0f, 0x00, 0x00, 0x00,
    0x06, 0x00, 0x00, 0x00, 0x03, 0x00, 0x00, 0x00, 0xdf, 0xe6, 0x00, 0x00,
    0x2c, 0x00, 0x00, 0x00, 0x60, 0x00, 0x6f, 0x01, 0x13, 0x01, 0xbc, 0x02,
    0x12, 0x02, 0x36, 0x10, 0x03, 0x00, 0x0f, 0x02, 0x13, 0x01, 0xc2, 0x01,
    0xb1, 0x10, 0x01, 0x23, 0x3d, 0x00, 0x17, 0x00, 0x62, 0x04, 0x6e, 0x01,
    0x6e, 0x10, 0x5e, 0x00, 0x04, 0x00, 0x0a, 0x05, 0x35, 0x53, 0x0f, 0x00,
    0x6e, 0x20, 0x5b, 0x00, 0x34, 0x00, 0x0a, 0x04, 0x13, 0x05, 0x0a, 0x00,
    0x33, 0x54, 0x04, 0x00, 0xd8, 0x00, 0x00, 0xff, 0xd8, 0x03, 0x03, 0x01,
    0x28, 0xea, 0x62, 0x00, 0x6e, 0x01, 0x6e, 0x30, 0x5d, 0x00, 0x20, 0x03,
    0x67, 0x01, 0x6f, 0x01, 0x12, 0x10, 0x0f, 0x00, 0x01, 0x00, 0x01, 0x00,
    0x00, 0x00, 0x00, 0x00, 0x67, 0xe6, 0x00, 0x00, 0x03, 0x00, 0x00, 0x00,
    0x67, 0x00, 0x6f, 0x01, 0x0f, 0x00, 0x00, 0x00, 0x03, 0x00, 0x03, 0x00,
    0x03, 0x00, 0x00, 0x00, 0xe8, 0xe6, 0x00, 0x00, 0x05, 0x00, 0x00, 0x00,
    0x71, 0x30, 0x81, 0x02, 0x10, 0x02, 0x0a, 0x00, 0x0f, 0x00, 0x00, 0x00,
    0x04, 0x00, 0x03, 0x00, 0x01, 0x00, 0x00, 0x00, 0xef, 0xe6, 0x00, 0x00,
    0x15, 0x00, 0x00, 0x00, 0x35, 0x23, 0x03, 0x00, 0x01, 0x23, 0x82, 0x22,
    0x2e, 0x00, 0x01, 0x02, 0x3b, 0x00, 0x04, 0x00, 0x01, 0x21, 0x28, 0x07,
    0x82, 0x32, 0x2d, 0x03, 0x01, 0x02, 0x3d, 0x03, 0x03, 0x00, 0x28, 0xf9,
    0x71, 0x10, 0x9d, 0x02, 0x01, 0x00, 0x0a, 0x01, 0x0f, 0x01, 0x00, 0x00,
    0x01, 0x00, 0x00, 0x00, 0x00, 0x00, 0x00, 0x00, 0x7b, 0xe6, 0x00, 0x00,
    0x03, 0x00, 0x00, 0x00, 0x62, 0x00, 0x6d, 0x01, 0x11, 0x00, 0x00, 0x00,
    0x01, 0x00, 0x00, 0x00, 0x01, 0x00, 0x00, 0x00, 0xf7, 0xe6, 0x00, 0x00,
    0x08, 0x00, 0x00, 0x00, 0x22, 0x00, 0x28, 0x00, 0x70, 0x10, 0x58, 0x00,
    0x00, 0x00, 0x69, 0x00, 0x6e, 0x01, 0x0e, 0x00, 0x01, 0x00, 0x01, 0x00,
    0x01, 0x00, 0x00, 0x00, 0xfc, 0xe6, 0x00, 0x00, 0x04, 0x00, 0x00, 0x00,
    0x70, 0x10, 0x9e, 0x02, 0x00, 0x00, 0x0e, 0x00, 0x03, 0x00, 0x03, 0x00,
    0x03, 0x00, 0x00, 0x00, 0xe8, 0xe6, 0x00, 0x00, 0x04, 0x00, 0x00, 0x00,
    0x71, 0x30, 0x8f, 0x02, 0x10, 0x02, 0x0e, 0x00, 0x00, 0x00, 0x00, 0x00,
    0x00, 0x00, 0x00, 0x00, 0x7b, 0xe6, 0x00, 0x00, 0x04, 0x00, 0x00, 0x00,
    0x71, 0x00, 0x82, 0x02, 0x00, 0x00, 0x0e, 0x00, 0x01, 0x00, 0x01, 0x00,
    0x01, 0x00, 0x00, 0x00, 0x67, 0xe6, 0x00, 0x00, 0x04, 0x00, 0x00, 0x00,
    0x71, 0x10, 0x8d, 0x02, 0x00, 0x00, 0x0e, 0x00, 0x02, 0x00, 0x02, 0x00,
    0x02, 0x00, 0x00, 0x00, 0x7f, 0xe6, 0x00, 0x00, 0x04, 0x00, 0x00, 0x00,
    0x71, 0x20, 0x7d, 0x02, 0x10, 0x00, 0x0e, 0x00, 0x08, 0x00, 0x02, 0x00,
    0x02, 0x00, 0x00, 0x00, 0x00, 0xe7, 0x00, 0x00, 0x79, 0x00, 0x00, 0x00,
    0x13, 0x00, 0x65, 0x00, 0x14, 0x01, 0x7a, 0x7a, 0xff, 0xff, 0x12, 0x02,
    0x14, 0x03, 0xc8, 0x95, 0x8a, 0xff, 0x32, 0x06, 0x3b, 0x00, 0x13, 0x00,
    0x70, 0x00, 0x32, 0x06, 0x2d, 0x00, 0x13, 0x00, 0x72, 0x00, 0x32, 0x06,
    0x25, 0x00, 0x13, 0x00, 0x68, 0x00, 0x32, 0x06, 0x1f, 0x00, 0x13, 0x00,
    0x69, 0x00, 0x32, 0x06, 0x15, 0x00, 0x13, 0x00, 0x77, 0x00, 0x32, 0x06,
    0x0e, 0x00, 0x13, 0x00, 0x78, 0x00, 0x32, 0x06, 0x06, 0x00, 0x14, 0x01,
    0xe8, 0xb0, 0x9f, 0xff, 0x28, 0x1e, 0x1a, 0x02, 0x4b, 0x05, 0x01, 0x13,
    0x28, 0x1d, 0x13, 0x01, 0x5c, 0xb3, 0x28, 0x17, 0x14, 0x01, 0xff, 0xec,
    0xe8, 0xff, 0x1a, 0x02, 0x4c, 0x05, 0x28, 0x11, 0x01, 0x31, 0x28, 0x12,
    0x12, 0xf1, 0x1a, 0x02, 0x4d, 0x05, 0x28, 0x0b, 0x13, 0x01, 0x8a, 0xe0,
    0x1a, 0x02, 0x0f, 0x03, 0x14, 0x06, 0x60, 0xa0, 0xb9, 0xff, 0x01, 0x13,
    0x01, 0x61, 0x28, 0x04, 0x01, 0x35, 0x01, 0x13, 0x01, 0x51, 0x62, 0x06,
    0x6e, 0x01, 0x6e, 0x10, 0x5e, 0x00, 0x06, 0x00, 0x0a, 0x00, 0x13, 0x04,
    0x0a, 0x00, 0x3d, 0x00, 0x05, 0x00, 0x6e, 0x20, 0x59, 0x00, 0x46, 0x00,
    0x38, 0x02, 0x05, 0x00, 0x71, 0x20, 0x8e, 0x02, 0x12, 0x00, 0x71, 0x20,
    0x8e, 0x02, 0x37, 0x00, 0x60, 0x06, 0x6f, 0x01, 0xd8, 0x06, 0x06, 0x01,
    0x67, 0x06, 0x6f, 0x01, 0x12, 0x06, 0x6e, 0x10, 0xa4, 0x02, 0x07, 0x00,
    0x0a, 0x00, 0x35, 0x06, 0x11, 0x00, 0x6e, 0x20, 0xa1, 0x02, 0x67, 0x00,
    0x0a, 0x00, 0x33, 0x40, 0x08, 0x00, 0x60, 0x00, 0x6f, 0x01, 0xd8, 0x00,
    0x00, 0x01, 0x67, 0x00, 0x6f, 0x01, 0xd8, 0x06, 0x06, 0x01, 0x28, 0xec,
    0x0e, 0x00, 0x00, 0x00, 0x02, 0x00, 0x00, 0x00, 0x02, 0x00, 0x00, 0x00,
    0x11, 0xe7, 0x00, 0x00, 0x16, 0x00, 0x00, 0x00, 0x62, 0x00, 0x70, 0x01,
    0x39, 0x00, 0x03, 0x00, 0x0e, 0x00, 0x6e, 0x10, 0x70, 0x00, 0x00, 0x00,
    0x0c, 0x00, 0x1f, 0x00, 0x37, 0x00, 0x38, 0x00, 0x07, 0x00, 0x62, 0x01,
    0x70, 0x01, 0x6e, 0x20, 0x81, 0x00, 0x10, 0x00, 0x12, 0x00, 0x69, 0x00,
    0x70, 0x01, 0x0e, 0x00, 0x0a, 0x00, 0x01, 0x00, 0x05, 0x00, 0x00, 0x00,
    0x19, 0xe7, 0x00, 0x00, 0x27, 0x01, 0x00, 0x00, 0x62, 0x00, 0x70, 0x01,
    0x38, 0x00, 0x03, 0x00, 0x0e, 0x00, 0x71, 0x00, 0xc8, 0x01, 0x00, 0x00,
    0x0a, 0x00, 0x22, 0x01, 0x43, 0x00, 0x70, 0x20, 0xab, 0x00, 0x91, 0x00,
    0x15, 0x02, 0x00, 0xc0, 0x6e, 0x20, 0xaf, 0x00, 0x21, 0x00, 0x12, 0x12,
    0x6e, 0x20, 0xb0, 0x00, 0x21, 0x00, 0x22, 0x03, 0x47, 0x00, 0x70, 0x20,
    0xc5, 0x00, 0x93, 0x00, 0x6e, 0x20, 0xd3, 0x00, 0x23, 0x00, 0x14, 0x04,
    0x97, 0x52, 0x3f, 0xff, 0x14, 0x05, 0x25, 0x16, 0x13, 0xff, 0x71, 0x30,
    0xe5, 0x01, 0x49, 0x05, 0x0c, 0x04, 0x6e, 0x20, 0xcc, 0x00, 0x43, 0x00,
    0x15, 0x04, 0x80, 0x41, 0x71, 0x20, 0xe9, 0x01, 0x49, 0x00, 0x0a, 0x05,
    0x15, 0x06, 0x60, 0x41, 0x71, 0x20, 0xe9, 0x01, 0x69, 0x00, 0x0a, 0x07,
    0x71, 0x20, 0xe9, 0x01, 0x49, 0x00, 0x0a, 0x08, 0x71, 0x20, 0xe9, 0x01,
    0x69, 0x00, 0x0a, 0x06, 0x6e, 0x56, 0xd4, 0x00, 0x53, 0x87, 0x6e, 0x20,
    0xcd, 0x00, 0x23, 0x00, 0x22, 0x02, 0x47, 0x00, 0x70, 0x20, 0xc5, 0x00,
    0x92, 0x00, 0x13, 0x05, 0x10, 0x00, 0x6e, 0x20, 0xcf, 0x00, 0x52, 0x00,
    0x71, 0x10, 0x7f, 0x02, 0x09, 0x00, 0x0c, 0x05, 0x15, 0x06, 0xf0, 0x41,
    0x71, 0x30, 0xba, 0x01, 0x59, 0x06, 0x0c, 0x05, 0x6e, 0x20, 0xc6, 0x00,
    0x52, 0x00, 0x1a, 0x05, 0x36, 0x02, 0x12, 0xf6, 0x71, 0x40, 0x03, 0x02,
    0x59, 0x64, 0x0c, 0x04, 0x15, 0x05, 0x00, 0x41, 0x71, 0x20, 0xe9, 0x01,
    0x59, 0x00, 0x0a, 0x05, 0x12, 0x07, 0x6e, 0x57, 0xf5, 0x00, 0x54, 0x77,
    0x6e, 0x20, 0xc6, 0x00, 0x42, 0x00, 0x6e, 0x20, 0xc6, 0x00, 0x23, 0x00,
    0x38, 0x00, 0x05, 0x00, 0x1a, 0x02, 0xff, 0x01, 0x28, 0x03, 0x1a, 0x02,
    0xfe, 0x01, 0x15, 0x04, 0x30, 0x41, 0x14, 0x05, 0xea, 0xcb, 0xc3, 0xff,
    0x71, 0x40, 0x03, 0x02, 0x29, 0x54, 0x0c, 0x02, 0x15, 0x04, 0x20, 0x41,
    0x71, 0x20, 0xe9, 0x01, 0x49, 0x00, 0x0a, 0x04, 0x15, 0x05, 0x40, 0x41,
    0x71, 0x20, 0xe9, 0x01, 0x59, 0x00, 0x0a, 0x05, 0x6e, 0x55, 0xf5, 0x00,
    0x72, 0x74, 0x6e, 0x20, 0xc6, 0x00, 0x23, 0x00, 0x22, 0x02, 0x47, 0x00,
    0x70, 0x20, 0xc5, 0x00, 0x92, 0x00, 0x14, 0x04, 0x05, 0x00, 0x80, 0x00,
    0x6e, 0x20, 0xcf, 0x00, 0x42, 0x00, 0x12, 0x04, 0x38, 0x00, 0x1a, 0x00,
    0x1a, 0x05, 0x46, 0x02, 0x14, 0x07, 0x51, 0xa8, 0x22, 0xff, 0x71, 0x40,
    0x88, 0x02, 0x49, 0x75, 0x0c, 0x05, 0x22, 0x07, 0x79, 0x00, 0x70, 0x30,
    0x13, 0x02, 0x97, 0x03, 0x6e, 0x20, 0x7c, 0x00, 0x75, 0x00, 0x71, 0x10,
    0x80, 0x02, 0x09, 0x00, 0x0c, 0x07, 0x6e, 0x30, 0xc7, 0x00, 0x52, 0x07,
    0x38, 0x00, 0x05, 0x00, 0x1a, 0x00, 0x55, 0x02, 0x28, 0x03, 0x1a, 0x00,
    0x35, 0x02, 0x14, 0x05, 0xb4, 0x68, 0x54, 0xff, 0x71, 0x40, 0x88, 0x02,
    0x49, 0x50, 0x0c, 0x00, 0x22, 0x05, 0x7a, 0x00, 0x70, 0x30, 0x15, 0x02,
    0x95, 0x03, 0x6e, 0x20, 0x7c, 0x00, 0x50, 0x00, 0x71, 0x10, 0x80, 0x02,
    0x09, 0x00, 0x0c, 0x05, 0x6e, 0x30, 0xc7, 0x00, 0x02, 0x05, 0x1a, 0x00,
    0x5d, 0x00, 0x14, 0x05, 0x6b, 0x3a, 0x2c, 0xff, 0x71, 0x40, 0x88, 0x02,
    0x49, 0x50, 0x0c, 0x00, 0x22, 0x04, 0x7b, 0x00, 0x70, 0x10, 0x17, 0x02,
    0x04, 0x00, 0x6e, 0x20, 0x7c, 0x00, 0x40, 0x00, 0x71, 0x10, 0x80, 0x02,
    0x09, 0x00, 0x0c, 0x04, 0x6e, 0x30, 0xc7, 0x00, 0x02, 0x04, 0x6e, 0x20,
    0xc6, 0x00, 0x23, 0x00, 0x15, 0x00, 0xe6, 0x43, 0x71, 0x20, 0xe9, 0x01,
    0x09, 0x00, 0x0a, 0x00, 0x6e, 0x10, 0x0a, 0x00, 0x09, 0x00, 0x0c, 0x02,
    0x6e, 0x10, 0x2a, 0x00, 0x02, 0x00, 0x0c, 0x02, 0x52, 0x22, 0x09, 0x00,
    0x15, 0x04, 0x20, 0x42, 0x71, 0x20, 0xe9, 0x01, 0x49, 0x00, 0x0a, 0x04,
    0xb1, 0x42, 0x71, 0x20, 0x9c, 0x02, 0x20, 0x00, 0x0a, 0x00, 0x22, 0x02,
    0x42, 0x00, 0x12, 0xe4, 0x70, 0x30, 0xa9, 0x00, 0x02, 0x04, 0x13, 0x00,
    0x11, 0x00, 0x59, 0x20, 0x0c, 0x00, 0x6e, 0x30, 0xad, 0x00, 0x31, 0x02,
    0x22, 0x00, 0x42, 0x00, 0x70, 0x30, 0xa9, 0x00, 0x60, 0x06, 0x6e, 0x30,
    0x07, 0x00, 0x19, 0x00, 0x69, 0x01, 0x70, 0x01, 0x0e, 0x00, 0x00, 0x00,
    0x05, 0x00, 0x01, 0x00, 0x03, 0x00, 0x01, 0x00, 0x4a, 0xe7, 0x00, 0x00,
    0x3a, 0x00, 0x00, 0x00, 0x62, 0x00, 0x6d, 0x01, 0x38, 0x00, 0x03, 0x00,
    0x28, 0x35, 0x22, 0x00, 0xb0, 0x00, 0x70, 0x10, 0xbb, 0x02, 0x00, 0x00,
    0x69, 0x00, 0x6d, 0x01, 0x71, 0x10, 0x8a, 0x02, 0x04, 0x00, 0x0c, 0x04,
    0x1a, 0x00, 0x90, 0x03, 0x1a, 0x01, 0x00, 0x00, 0x72, 0x30, 0x28, 0x00,
    0x04, 0x01, 0x0c, 0x04, 0x6e, 0x10, 0xa4, 0x02, 0x04, 0x00, 0x0a, 0x00,
    0x3d, 0x00, 0x1d, 0x00, 0x1a, 0x00, 0x01, 0x00, 0x12, 0xf1, 0x6e, 0x30,
    0xa5, 0x02, 0x04, 0x01, 0x0c, 0x04, 0x21, 0x40, 0x12, 0x01, 0x35, 0x01,
    0x12, 0x00, 0x46, 0x02, 0x04, 0x01, 0x6e, 0x10, 0xa4, 0x02, 0x02, 0x00,
    0x0a, 0x03, 0x3d, 0x03, 0x07, 0x00, 0x62, 0x03, 0x6d, 0x01, 0x6e, 0x20,
    0xbe, 0x02, 0x23, 0x00, 0xd8, 0x01, 0x01, 0x01, 0x28, 0xef, 0x0e, 0x00,
    0x0c, 0x00, 0x00, 0x00, 0x2a, 0x00, 0x01, 0x00, 0x01, 0x00, 0x39, 0x00,
    0x02, 0x00, 0x01, 0x00, 0x02, 0x00, 0x00, 0x00, 0x54, 0xe7, 0x00, 0x00,
    0x16, 0x00, 0x00, 0x00, 0x62, 0x00, 0x6c, 0x01, 0x38, 0x00, 0x06, 0x00,
    0x6e, 0x10, 0x5f, 0x02, 0x00, 0x00, 0x0e, 0x00, 0x71, 0x10, 0x85, 0x02,
    0x01, 0x00, 0x22, 0x00, 0x93, 0x00, 0x70, 0x20, 0x4b, 0x02, 0x10, 0x00,
    0x69, 0x00, 0x6c, 0x01, 0x6e, 0x10, 0x5f, 0x02, 0x00, 0x00, 0x0e, 0x00,
    0x04, 0x00, 0x01, 0x00, 0x03, 0x00, 0x01, 0x00, 0x5e, 0xe7, 0x00, 0x00,
    0x44, 0x00, 0x00, 0x00, 0x22, 0x00, 0x0f, 0x00, 0x70, 0x10, 0x1e, 0x00,
    0x00, 0x00, 0x6e, 0x10, 0x09, 0x00, 0x03, 0x00, 0x0c, 0x01, 0x1a, 0x02,
    0x2f, 0x03, 0x6e, 0x30, 0x21, 0x00, 0x10, 0x02, 0x1a, 0x01, 0x38, 0x04,
    0x71, 0x00, 0x4e, 0x00, 0x00, 0x00, 0x0a, 0x02, 0x6e, 0x30, 0x20, 0x00,
    0x10, 0x02, 0x15, 0x01, 0x01, 0x10, 0x6e, 0x20, 0x1f, 0x00, 0x10, 0x00,
    0x6e, 0x20, 0x12, 0x00, 0x03, 0x00, 0x12, 0x00, 0x6e, 0x30, 0x10, 0x00,
    0x03, 0x00, 0x71, 0x00, 0x4e, 0x00, 0x00, 0x00, 0x0a, 0x03, 0x71, 0x10,
    0x4d, 0x00, 0x03, 0x00, 0x71, 0x10, 0xb5, 0x02, 0x00, 0x00, 0x0e, 0x00,
    0x0d, 0x00, 0x22, 0x01, 0xab, 0x00, 0x1a, 0x02, 0xfb, 0x01, 0x70, 0x20,
    0xad, 0x02, 0x21, 0x00, 0x6e, 0x20, 0xb1, 0x02, 0x01, 0x00, 0x6e, 0x10,
    0xb4, 0x02, 0x01, 0x00, 0x0c, 0x00, 0x71, 0x20, 0x05, 0x02, 0x03, 0x00,
    0x71, 0x00, 0x82, 0x02, 0x00, 0x00, 0x0e, 0x00, 0x00, 0x00, 0x00, 0x00,
    0x23, 0x00, 0x01, 0x00, 0x01, 0x00, 0x2e, 0x00, 0x02, 0x00, 0x01, 0x00,
    0x01, 0x00, 0x00, 0x00, 0x71, 0xe7, 0x00, 0x00, 0x0b, 0x00, 0x00, 0x00,
    0x62, 0x00, 0x6c, 0x01, 0x38, 0x00, 0x05, 0x00, 0x6e, 0x10, 0x5b, 0x02,
    0x00, 0x00, 0x71, 0x10, 0x8d, 0x02, 0x01, 0x00, 0x0e, 0x00, 0x00, 0x00,
    0x04, 0x00, 0x01, 0x00, 0x03, 0x00, 0x01, 0x00, 0x78, 0xe7, 0x00, 0x00,
    0x3d, 0x00, 0x00, 0x00, 0x62, 0x00, 0x6d, 0x01, 0x39, 0x00, 0x03, 0x00,
    0x28, 0x38, 0x22, 0x00, 0xab, 0x00, 0x70, 0x10, 0xab, 0x02, 0x00, 0x00,
    0x12, 0x01, 0x62, 0x02, 0x6d, 0x01, 0x6e, 0x10, 0xc5, 0x02, 0x02, 0x00,
    0x0a, 0x02, 0x35, 0x21, 0x16, 0x00, 0x3d, 0x01, 0x06, 0x00, 0x12, 0x12,
    0x6e, 0x20, 0xae, 0x02, 0x20, 0x00, 0x62, 0x02, 0x6d, 0x01, 0x6e, 0x20,
    0xc1, 0x02, 0x12, 0x00, 0x0c, 0x02, 0x1f, 0x02, 0xaa, 0x00, 0x6e, 0x20,
    0xb2, 0x02, 0x20, 0x00, 0xd8, 0x01, 0x01, 0x01, 0x28, 0xe5, 0x71, 0x10,
    0x8a, 0x02, 0x03, 0x00, 0x0c, 0x03, 0x72, 0x10, 0x25, 0x00, 0x03, 0x00,
    0x0c, 0x03, 0x1a, 0x01, 0x90, 0x03, 0x6e, 0x10, 0xb4, 0x02, 0x00, 0x00,
    0x0c, 0x00, 0x72, 0x30, 0x24, 0x00, 0x13, 0x00, 0x0c, 0x03, 0x72, 0x10,
    0x22, 0x00, 0x03, 0x00, 0x0e, 0x00, 0x00, 0x00, 0x27, 0x00, 0x00, 0x00,
    0x15, 0x00, 0x01, 0x00, 0x01, 0x00, 0x3c, 0x00, 0x05, 0x00, 0x02, 0x00,
    0x05, 0x00, 0x00, 0x00, 0x83, 0xe7, 0x00, 0x00, 0x18, 0x00, 0x00, 0x00,
    0x62, 0x00, 0x6e, 0x01, 0x6e, 0x10, 0x5e, 0x00, 0x00, 0x00, 0x0a, 0x01,
    0x6e, 0x20, 0x5a, 0x00, 0x30, 0x00, 0x22, 0x03, 0x2b, 0x00, 0x70, 0x20,
    0x64, 0x00, 0x43, 0x00, 0x6e, 0x10, 0x5e, 0x00, 0x00, 0x00, 0x0a, 0x04,
    0x13, 0x02, 0x21, 0x00, 0x6e, 0x52, 0x5f, 0x00, 0x30, 0x41, 0x0e, 0x00,
    0x0c, 0x00, 0x03, 0x00, 0x06, 0x00, 0x00, 0x00, 0x8c, 0xe7, 0x00, 0x00,
    0x4c, 0x00, 0x00, 0x00, 0x6e, 0x10, 0xcb, 0x00, 0x0a, 0x00, 0x12, 0x10,
    0x6e, 0x20, 0xcf, 0x00, 0x0a, 0x00, 0x22, 0x00, 0x74, 0x00, 0x70, 0x20,
    0x79, 0x01, 0x90, 0x00, 0x6e, 0x20, 0xc6, 0x00, 0x0a, 0x00, 0x38, 0x0b,
    0x05, 0x00, 0x1a, 0x00, 0x45, 0x02, 0x28, 0x03, 0x1a, 0x00, 0x34, 0x02,
    0x15, 0x01, 0x40, 0x41, 0x12, 0xf2, 0x71, 0x40, 0x03, 0x02, 0x09, 0x21,
    0x0c, 0x04, 0x13, 0x00, 0x11, 0x00, 0x6e, 0x20, 0xf1, 0x00, 0x04, 0x00,
    0x15, 0x00, 0x00, 0x41, 0x71, 0x20, 0xe9, 0x01, 0x09, 0x00, 0x0a, 0x00,
    0x12, 0x01, 0x6e, 0x51, 0xf5, 0x00, 0x14, 0x10, 0x6e, 0x20, 0xc6, 0x00,
    0x4a, 0x00, 0x71, 0x10, 0x8c, 0x02, 0x09, 0x00, 0x71, 0x10, 0xd7, 0x01,
    0x0b, 0x00, 0x71, 0x00, 0x51, 0x00, 0x00, 0x00, 0x0b, 0x07, 0x22, 0x05,
    0x21, 0x00, 0x71, 0x00, 0x4c, 0x00, 0x00, 0x00, 0x0c, 0x0a, 0x70, 0x20,
    0x48, 0x00, 0xa5, 0x00, 0x22, 0x03, 0x7e, 0x00, 0x07, 0x96, 0x76, 0x06,
    0x1d, 0x02, 0x03, 0x00, 0x6e, 0x20, 0x49, 0x00, 0x35, 0x00, 0x0e, 0x00,
    0xeb, 0x01, 0x02, 0x00, 0x00, 0x0e, 0x00, 0xed, 0x01, 0x00, 0x0e, 0x69,
    0x3c, 0x96, 0x78, 0x00, 0xb9, 0x0d, 0x01, 0x00, 0x0e, 0x00, 0xba, 0x0d,
    0x00, 0x0e, 0x00, 0xb4, 0x0d, 0x03, 0x00, 0x00, 0x00, 0x0e, 0x00, 0xb6,
    0x0d, 0x01, 0x00, 0x0e, 0xe1, 0x5a, 0x01, 0x11, 0x0f, 0x00, 0xc9, 0x0e,
    0x01, 0x00, 0x0e, 0x00, 0xca, 0x0e, 0x01, 0x00, 0x0e, 0x00, 0xeb, 0x0e,
    0x05, 0x00, 0x00, 0x00, 0x00, 0x00, 0x0e, 0x00, 0xed, 0x0e, 0x00, 0x0e,
    0x00, 0x81, 0x0f, 0x04, 0x00, 0x00, 0x00, 0x00, 0x0e, 0x00, 0x83, 0x0f,
    0x00, 0x0e, 0x00, 0x94, 0x0f, 0x04, 0x00, 0x00, 0x00, 0x00, 0x0e, 0x00,
    0x96, 0x0f, 0x00, 0x0e, 0x00, 0xb1, 0x0f, 0x02, 0x00, 0x00, 0x0e, 0x00,
    0xb3, 0x0f, 0x00, 0x0e, 0x00, 0xae, 0x0f, 0x05, 0x00, 0x00, 0x00, 0x00,
    0x00, 0x0e, 0x00, 0xb0, 0x0f, 0x01, 0x00, 0x1d, 0x69, 0x7c, 0x00, 0xf2,
    0x0f, 0x01, 0x00, 0x0e, 0x00, 0xf3, 0x0f, 0x02, 0x00, 0x00, 0x0e, 0x00,
    0x88, 0x10, 0x04, 0x00, 0x00, 0x00, 0x00, 0x0e, 0x00, 0x8a, 0x10, 0x00,
    0x0e, 0xb4, 0x00, 0xb1, 0x10, 0x03, 0x00, 0x00, 0x00, 0x0e, 0x00, 0xad,
    0x10, 0x00, 0x0e, 0x00, 0xac, 0x10, 0x03, 0x00, 0x00, 0x00, 0x0e, 0x00,
    0xbc, 0x10, 0x02, 0x00, 0x00, 0x0e, 0x00, 0xbe, 0x10, 0x00, 0x0e, 0x96,
    0x01, 0x19, 0x0f, 0x01, 0x24, 0x0d, 0x3d, 0x78, 0x00, 0xb8, 0x10, 0x05,
    0x00, 0x00, 0x00, 0x00, 0x00, 0x0e, 0x00, 0xba, 0x10, 0x04, 0x00, 0x00,
    0x00, 0x00, 0x0e, 0xc3, 0x4b, 0x9e, 0x00, 0xe7, 0x01, 0x01, 0x00, 0x0e,
    0x00, 0xe9, 0x01, 0x00, 0x2c, 0x3c, 0x4b, 0x00, 0x8e, 0x11, 0x03, 0x00,
    0x00, 0x00, 0x0e, 0x00, 0x90, 0x11, 0x01, 0x00, 0x0e, 0x96, 0x87, 0x87,
    0x8a, 0x6a, 0x00, 0xb3, 0x11, 0x03, 0x00, 0x00, 0x00, 0x0e, 0x00, 0xb5,
    0x11, 0x01, 0x00, 0x2c, 0x78, 0x96, 0x69, 0x3c, 0xc4, 0x5a, 0x00, 0xd4,
    0x11, 0x04, 0x00, 0x00, 0x00, 0x00, 0x0e, 0x00, 0xd6, 0x11, 0x01, 0x00,
    0x0e, 0x96, 0x5a, 0xa7, 0x87, 0x78, 0xa7, 0x01, 0x1c, 0x0f, 0xb4, 0x96,
    0x5a, 0x00, 0xd5, 0x12, 0x03, 0x00, 0x00, 0x00, 0x0e, 0x00, 0xd7, 0x12,
    0x00, 0x0e, 0x00, 0xeb, 0x12, 0x02, 0x00, 0x00, 0x0e, 0x00, 0xed, 0x12,
    0x00, 0x0e, 0x00, 0x92, 0x13, 0x02, 0x00, 0x00, 0x0e, 0x00, 0x94, 0x13,
    0x01, 0x00, 0x0e, 0x4b, 0x87, 0xb4, 0x00, 0xda, 0x08, 0x01, 0x00, 0x0e,
    0x00, 0xd8, 0x08, 0x03, 0x00, 0x00, 0x00, 0x0e, 0x00, 0xd8, 0x09, 0x03,
    0x00, 0x00, 0x00, 0x0e, 0x00, 0xd9, 0x09, 0x00, 0x0e, 0x00, 0xd1, 0x09,
    0x01, 0x00, 0x0e, 0x00, 0xd3, 0x09, 0x00, 0x2c, 0x3e, 0xa5, 0x69, 0x00,
    0xd0, 0x0a, 0x01, 0x00, 0x0e, 0x00, 0xd2, 0x0a, 0x00, 0x0e, 0x00, 0xe7,
    0x0b, 0x03, 0x00, 0x00, 0x00, 0x0e, 0x00, 0xe9, 0x0b, 0x00, 0x0e, 0x01,
    0x11, 0x10, 0xd3, 0xf2, 0xc3, 0x5b, 0x00, 0x8a, 0x0c, 0x01, 0x00, 0x0e,
    0x00, 0x8b, 0x0c, 0x01, 0x00, 0x0e, 0x00, 0xb5, 0x0c, 0x00, 0x0e, 0x00,
    0xf7, 0x0c, 0x05, 0x00, 0x00, 0x00, 0x00, 0x00, 0x0e, 0x00, 0xf9, 0x0c,
    0x01, 0x00, 0x0e, 0x00, 0x90, 0x0d, 0x00, 0x0e, 0x00, 0x92, 0x0d, 0x01,
    0x00, 0x0e, 0x00, 0xa3, 0x01, 0x00, 0x0e, 0x00, 0xa3, 0x01, 0x01, 0x00,
    0x0e, 0x00, 0xa2, 0x0b, 0x01, 0x00, 0x0e, 0x00, 0xa4, 0x0b, 0x00, 0x0e,
    0x01, 0x11, 0x0f, 0x69, 0x00, 0x9a, 0x0b, 0x01, 0x00, 0x0e, 0x00, 0x9a,
    0x0b, 0x02, 0x00, 0x00, 0x0e, 0x00, 0xb0, 0x0b, 0x02, 0x00, 0x00, 0x0e,
    0x69, 0x02, 0x1c, 0x01, 0x11, 0x0e, 0x5a, 0x02, 0x6e, 0xa4, 0xe1, 0x01,
    0x1b, 0x0f, 0x2d, 0x5a, 0x69, 0x01, 0x13, 0x0f, 0x01, 0x13, 0x0f, 0x4d,
    0x5a, 0x5a, 0xa5, 0xa5, 0x02, 0x69, 0x68, 0x69, 0x69, 0x4b, 0x4b, 0x2d,
    0x2d, 0x00, 0xaa, 0x0b, 0x01, 0x00, 0x0e, 0x02, 0x78, 0x3b, 0x80, 0x2d,
    0x00, 0xf3, 0x07, 0x01, 0x00, 0x0e, 0x5a, 0x99, 0x78, 0x3c, 0x00, 0xfe,
    0x07, 0x01, 0x00, 0x0e, 0xb4, 0x87, 0x4b, 0x4d, 0x5a, 0x01, 0x12, 0x0f,
    0x5b, 0x5a, 0x5a, 0x78, 0x3c, 0x3d, 0x5a, 0x3c, 0x00, 0x85, 0x12, 0x00,
    0x0e, 0x00, 0x85, 0x12, 0x01, 0x00, 0x0e, 0x00, 0x8f, 0x0e, 0x01, 0x00,
    0x0e, 0x02, 0x11, 0xc2, 0x02, 0x73, 0x59, 0xe1, 0x01, 0x1a, 0x10, 0xa5,
    0x4b, 0x2d, 0x3c, 0x7a, 0x00, 0xe3, 0x0d, 0x00, 0x0e, 0x00, 0xdc, 0x0d,
    0x03, 0x00, 0x00, 0x00, 0x0e, 0x02, 0x7a, 0x3b, 0xba, 0x2d, 0x4b, 0x96,
    0x00, 0xeb, 0x0d, 0x01, 0x00, 0x2c, 0x87, 0xd2, 0x01, 0x14, 0x12, 0x78,
    0x87, 0x01, 0x15, 0x0f, 0x87, 0xb5, 0x01, 0x17, 0x11, 0x87, 0x9b, 0xd3,
    0xd2, 0x5a, 0x01, 0x17, 0x0f, 0x69, 0x01, 0x16, 0x11, 0x87, 0x00, 0xe6,
    0x0d, 0x02, 0x00, 0x00, 0x0e, 0x01, 0x1e, 0x0f, 0x01, 0x13, 0x0d, 0x00,
    0xcf, 0x10, 0x00, 0x0e, 0x00, 0xcf, 0x10, 0x01, 0x00, 0x0e, 0x00, 0xaa,
    0x04, 0x00, 0x0e, 0x00, 0xe4, 0x04, 0x00, 0x0e, 0x69, 0x88, 0x78, 0x01,
    0x16, 0x0f, 0xf0, 0xe1, 0xa5, 0x01, 0x17, 0x0f, 0x88, 0x00, 0xa9, 0x04,
    0x00, 0x0e, 0x00, 0xf6, 0x03, 0x02, 0x00, 0x00, 0x0e, 0xf0, 0x3c, 0x00,
    0x83, 0x04, 0x06, 0x00, 0x00, 0x00, 0x00, 0x00, 0x00, 0x0e, 0xe1, 0x2d,
    0x3c, 0x00, 0xe7, 0x03, 0x04, 0x00, 0x00, 0x00, 0x00, 0x0e, 0xf0, 0x00,
    0xe2, 0x03, 0x05, 0x00, 0x00, 0x00, 0x00, 0x00, 0x0e, 0x00, 0x97, 0x04,
    0x04, 0x00, 0x00, 0x00, 0x00, 0x0e, 0xd2, 0xe1, 0xff, 0x00, 0xa0, 0x04,
    0x03, 0x00, 0x00, 0x00, 0x1d, 0x2d, 0x01, 0x12, 0x10, 0xa5, 0x4b, 0x00,
    0xee, 0x03, 0x02, 0x00, 0x00, 0x0e, 0xf0, 0x3c, 0x00, 0x8e, 0x04, 0x04,
    0x00, 0x00, 0x00, 0x00, 0x0e, 0x00, 0x92, 0x04, 0x02, 0x00, 0x00, 0x0e,
    0x00, 0xb2, 0x04, 0x00, 0x0e, 0x00, 0xb3, 0x04, 0x01, 0x00, 0x0e, 0x00,
    0xac, 0x04, 0x00, 0x0e, 0x00, 0xb1, 0x04, 0x00, 0x0e, 0x00, 0xb6, 0x04,
    0x01, 0x00, 0x0e, 0x78, 0x00, 0xbb, 0x04, 0x01, 0x00, 0x0e, 0x4b, 0xa5,
    0x5b, 0x00, 0xdb, 0x03, 0x09, 0x00, 0x00, 0x00, 0x00, 0x00, 0x00, 0x00,
    0x00, 0x00, 0x0e, 0x02, 0x72, 0x4a, 0x3d, 0x02, 0x0d, 0x2c, 0x69, 0x69,
    0x00, 0xcb, 0x04, 0x01, 0x00, 0x0e, 0x87, 0xa6, 0x6a, 0x4b, 0x7a, 0x01,
    0x18, 0x10, 0x97, 0x4b, 0x01, 0x1a, 0x11, 0x00, 0x95, 0x0a, 0x01, 0x00,
    0x0e, 0x02, 0x7b, 0x3b, 0x78, 0xe5, 0x96, 0x00, 0xa0, 0x0a, 0x01, 0x00,
    0x0e, 0x5a, 0x4b, 0x01, 0x12, 0x0f, 0x01, 0x16, 0x0f, 0xb4, 0xa7, 0x00,
    0x9b, 0x0a, 0x02, 0x00, 0x00, 0x0e, 0x87, 0x00, 0x49, 0x02, 0x00, 0x00,
    0x0e, 0x00, 0xeb, 0x08, 0x02, 0x00, 0x00, 0x2c, 0xc3, 0xc7, 0x01, 0x14,
    0x0f, 0x5a, 0x4c, 0x6a, 0x01, 0x19, 0x0f, 0xc8, 0xc3, 0x97, 0xa5, 0xab,
    0x00, 0xba, 0x08, 0x02, 0x00, 0x00, 0x0e, 0x01, 0x10, 0x11, 0x4b, 0xc4,
    0x69, 0x2d, 0x4f, 0x00, 0x93, 0x09, 0x03, 0x00, 0x00, 0x00, 0x0e, 0x4b,
    0xf0, 0x4b, 0x00, 0xa7, 0x08, 0x01, 0x00, 0x0e, 0x4c, 0xd3, 0x4d, 0x00,
    0xce, 0x07, 0x01, 0x00, 0x0e, 0x87, 0x5a, 0x00, 0xdd, 0x07, 0x03, 0x00,
    0x00, 0x00, 0x0e, 0x5a, 0x5a, 0x96, 0x00, 0xd6, 0x07, 0x03, 0x00, 0x00,
    0x00, 0x0e, 0x69, 0x00, 0x49, 0x05, 0x00, 0x00, 0x00, 0x00, 0x00, 0x0e,
    0x00, 0xab, 0x0c, 0x01, 0x00, 0x2c, 0x3c, 0x5d, 0x3d, 0x78, 0x3d, 0x8a,
    0x69, 0x3c, 0x88, 0x01, 0x13, 0x0f, 0x3c, 0x3c, 0x2f, 0x69, 0x96, 0x96,
    0x01, 0x15, 0x11, 0x5a, 0x3c, 0x78, 0x01, 0x13, 0x10, 0x5a, 0x5a, 0x3c,
    0xf0, 0x5a, 0x3c, 0x78, 0xb4, 0xe1, 0x3c, 0x3c, 0x78, 0x79, 0x5a, 0x5a,
    0x3c, 0x3c, 0xa7, 0x79, 0x3c, 0x2d, 0x87, 0x2d, 0x69, 0x01, 0x11, 0x0f,
    0x6b, 0x5a, 0x5a, 0x5a, 0x01, 0x17, 0x0f, 0x78, 0xa5, 0x5a, 0x87, 0x3c,
    0xa9, 0x6b, 0x69, 0x3c, 0x01, 0x12, 0x11, 0x4b, 0x78, 0x69, 0x3c, 0x9b,
    0xe1, 0x01, 0x13, 0x0f, 0x8d, 0xff, 0x4b, 0x87, 0x69, 0x4c, 0x00, 0xae,
    0x0a, 0x02, 0x00, 0x00, 0x0e, 0x69, 0x5a, 0x3c, 0xd2, 0x4b, 0x5a, 0x87,
    0x00, 0x8b, 0x12, 0x02, 0x00, 0x00, 0x0e, 0x69, 0x69, 0x5a, 0x5a, 0x01,
    0x15, 0x0f, 0x69, 0x01, 0x15, 0x0f, 0x5b, 0x69, 0x3c, 0x78, 0x5a, 0x5a,
    0x3c, 0xd2, 0xa5, 0x87, 0x96, 0x5a, 0x5a, 0x3c, 0xf0, 0x5a, 0xb6, 0x3c,
    0x00, 0xda, 0x10, 0x05, 0x00, 0x00, 0x00, 0x00, 0x00, 0x0e, 0xc3, 0x3c,
    0x88, 0x69, 0x69, 0x5a, 0x5a, 0x01, 0x17, 0x10, 0x69, 0x5e, 0x5a, 0x5a,
    0x5a, 0x96, 0xe1, 0x69, 0xf0, 0x5a, 0x5a, 0xb8, 0x78, 0x78, 0x01, 0x15,
    0x0f, 0x01, 0x14, 0x10, 0x89, 0x4d, 0x4b, 0x6b, 0x01, 0x14, 0x10, 0x96,
    0x5a, 0x01, 0x30, 0x0f, 0x01, 0x19, 0x0f, 0x01, 0x14, 0x0f, 0x00, 0xac,
    0x0d, 0x01, 0x00, 0x0e, 0x69, 0x4b, 0x79, 0xc3, 0x96, 0x01, 0x19, 0x0f,
    0x78, 0x90, 0xf0, 0x01, 0x12, 0x0f, 0x6a, 0x97, 0x69, 0x69, 0x00, 0xeb,
    0x09, 0x03, 0x00, 0x00, 0x00, 0x0e, 0x5a, 0x5a, 0x3c, 0x00, 0xfb, 0x09,
    0x03, 0x00, 0x00, 0x00, 0x0e, 0x4b, 0x69, 0x2d, 0x87, 0x5b, 0xb4, 0x85,
    0x00, 0xb8, 0x0e, 0x03, 0x00, 0x00, 0x00, 0x1d, 0x00, 0xbe, 0x0e, 0x04,
    0x00, 0x00, 0x00, 0x00, 0x0e, 0x69, 0x5a, 0x5b, 0x98, 0xc3, 0x79, 0x01,
    0x15, 0x0f, 0x89, 0x5b, 0x78, 0xb4, 0x87, 0x3c, 0x5b, 0x78, 0x00, 0x95,
    0x08, 0x04, 0x00, 0x00, 0x00, 0x00, 0x0e, 0x5a, 0x3c, 0x3c, 0x3c, 0x00,
    0x49, 0x01, 0x00, 0x0e, 0x00, 0xae, 0x06, 0x01, 0x00, 0x0e, 0x00, 0xd5,
    0x06, 0x01, 0x00, 0x0e, 0x00, 0xbd, 0x09, 0x01, 0x00, 0x0e, 0xc4, 0x00,
    0x49, 0x00, 0x0e, 0x00, 0x84, 0x02, 0x00, 0x0e, 0x4c, 0xc3, 0xa5, 0x4b,
    0x69, 0x2d, 0x2d, 0x69, 0x78, 0x78, 0xa5, 0xe1, 0xb4, 0x69, 0x69, 0x87,
    0x4b, 0x87, 0x87, 0xd2, 0x01, 0x11, 0x0f, 0x01, 0x11, 0x0d, 0x00, 0xbd,
    0x05, 0x05, 0x00, 0x00, 0x00, 0x00, 0x00, 0x0e, 0x4b, 0x5a, 0xa5, 0xe1,
    0x96, 0x00, 0x99, 0x05, 0x00, 0x0e, 0x5c, 0xb6, 0x3c, 0xf0, 0xc3, 0xc3,
    0xc3, 0xe1, 0xd2, 0xb4, 0xf0, 0xb4, 0xd2, 0xd2, 0x97, 0x2d, 0x01, 0x12,
    0x0f, 0xff, 0x01, 0x10, 0x10, 0xf0, 0x69, 0x69, 0xff, 0xb4, 0xc3, 0x00,
    0xb7, 0x07, 0x01, 0x00, 0x0e, 0x00, 0xb2, 0x07, 0x01, 0x00, 0x0e, 0x00,
    0x90, 0x07, 0x01, 0x00, 0x0e, 0x78, 0x87, 0x96, 0xf0, 0xa5, 0x6a, 0x00,
    0xa6, 0x07, 0x01, 0x00, 0x0e, 0x87, 0x00, 0x49, 0x03, 0x00, 0x00, 0x00,
    0x0e, 0x00, 0xf6, 0x0a, 0x03, 0x00, 0x00, 0x00, 0xfe, 0x00, 0xe4, 0x08,
    0x01, 0x00, 0x0e, 0x5a, 0xc3, 0x00, 0xbf, 0x07, 0x01, 0x00, 0x0e, 0x00,
    0x9b, 0x07, 0x02, 0x00, 0x00, 0x0e, 0x00, 0xf9, 0x04, 0x01, 0x00, 0x0e,
    0x2d, 0x5b, 0x01, 0x11, 0x0f, 0x69, 0x1e, 0x00, 0xed, 0x02, 0x01, 0x00,
    0x4a, 0xc3, 0x2e, 0x00, 0xa4, 0x02, 0x01, 0x00, 0x3b, 0xa5, 0x00, 0xaf,
    0x02, 0x02, 0x00, 0x00, 0x2c, 0x78, 0xa6, 0x69, 0xc4, 0x4b, 0x96, 0x4c,
    0x69, 0x00, 0xda, 0x02, 0x03, 0x00, 0x00, 0x00, 0x0e, 0x78, 0xa6, 0x69,
    0xc4, 0x4b, 0x96, 0x4c, 0x69, 0x00, 0xc1, 0x02, 0x03, 0x00, 0x00, 0x00,
    0x2c, 0x6a, 0x5a, 0x78, 0x01, 0x11, 0x10, 0xb4, 0x87, 0x88, 0x78, 0xb4,
    0x4c, 0xb4, 0x79, 0x00, 0x85, 0x05, 0x01, 0x00, 0x2c, 0x7b, 0x01, 0x18,
    0x0f, 0x78, 0x69, 0x96, 0x69, 0x4b, 0xd3, 0x00, 0x92, 0x03, 0x02, 0x00,
    0x00, 0x4a, 0xc3, 0x01, 0x13, 0x11, 0x00, 0x94, 0x06, 0x01, 0x00, 0x4a,
    0x00, 0xac, 0x0e, 0x02, 0x00, 0x00, 0x0e, 0x00, 0xdf, 0x08, 0x02, 0x00,
    0x00, 0x0e, 0x00, 0xf5, 0x02, 0x01, 0x00, 0x0e, 0x4b, 0x00, 0xbf, 0x01,
    0x00, 0x2c, 0x4c, 0x01, 0x13, 0x10, 0x01, 0x15, 0x10, 0x01, 0x11, 0x10,
    0x96, 0xd2, 0xf0, 0x01, 0x15, 0x10, 0xd2, 0xff, 0xff, 0x01, 0x10, 0x10,
    0xe2, 0x01, 0x14, 0x13, 0x02, 0xa7, 0x01, 0x86, 0x02, 0x0f, 0x68, 0x02,
    0xbb, 0x02, 0xc2, 0x01, 0x32, 0x15, 0x02, 0x19, 0x01, 0x32, 0x0e, 0x02,
    0x0b, 0x01, 0x86, 0x01, 0x0e, 0x02, 0x2c, 0x77, 0x6a, 0xf3, 0x02, 0x23,
    0x68, 0x02, 0xee, 0x01, 0x59, 0x02, 0x20, 0x77, 0x02, 0xcf, 0x00, 0xc2,
    0x78, 0x5a, 0x6a, 0x02, 0x94, 0x01, 0x95, 0x02, 0xc4, 0x01, 0x86, 0x02,
    0xa0, 0x01, 0x2c, 0xe3, 0x02, 0xb6, 0x01, 0xfe, 0x00, 0x49, 0x04, 0x00,
    0x00, 0x00, 0x00, 0x0e, 0x00, 0xa1, 0x03, 0x01, 0x00, 0x0e, 0x89, 0xe1,
    0x5a, 0x87, 0xf0, 0x3d, 0x4b, 0x4b, 0x2d, 0x87, 0x69, 0x01, 0x1b, 0x0f,
    0x01, 0x11, 0x10, 0x69, 0x00, 0xc9, 0x07, 0x03, 0x00, 0x00, 0x00, 0x4a,
    0x00, 0x82, 0x13, 0x02, 0x00, 0x00, 0x0e, 0x7a, 0x78, 0x4b, 0x78, 0x69,
    0x4b, 0x4b, 0x4f, 0x79, 0x00, 0xe5, 0x0a, 0x01, 0x00, 0x0e, 0xb4, 0x01,
    0x11, 0x0f, 0x01, 0x19, 0x0f, 0x78, 0xc3, 0xa5, 0x3c, 0x2d, 0xe1, 0x2d,
    0x3c, 0x3c, 0x00, 0xe3, 0x09, 0x03, 0x00, 0x00, 0x00, 0x0e, 0x5a, 0x5a,
    0xb5, 0x00, 0xc5, 0x09, 0x00, 0x0e, 0x69, 0x69, 0x69, 0x78, 0x3c, 0x5a,
    0x00, 0x97, 0x0c, 0x02, 0x00, 0x00, 0x0e, 0x5a, 0xf0, 0x87, 0xc3, 0x00,
    0xd0, 0x12, 0x03, 0x00, 0x00, 0x00, 0x0e, 0xc3, 0x78, 0x78, 0x78, 0x69,
    0x00, 0xca, 0x0a, 0x01, 0x00, 0x0e, 0x2d, 0x3d, 0x4b, 0x3d, 0x00, 0x83,
    0x03, 0x00, 0x0e, 0x5a, 0x69, 0x69, 0x69, 0x69, 0x69, 0x00, 0x86, 0x0c,
    0x02, 0x00, 0x00, 0x2c, 0x5a, 0xc3, 0xd3, 0xd5, 0x5a, 0x4b, 0x3c, 0x3c,
    0x00, 0xad, 0x12, 0x03, 0x00, 0x00, 0x00, 0x0e, 0x69, 0xa5, 0x01, 0x16,
    0x10, 0x78, 0x01, 0x14, 0x0f, 0xd2, 0x00, 0xbc, 0x12, 0x04, 0x00, 0x00,
    0x00, 0x00, 0x0e, 0x01, 0x19, 0x11, 0x87, 0x01, 0x19, 0x10, 0x78, 0xc3,
    0xa5, 0x5a, 0xd2, 0xe1, 0x00, 0xc2, 0x0a, 0x01, 0x00, 0x0e, 0x78, 0x96,
    0x87, 0x00, 0xb0, 0x09, 0x04, 0x00, 0x00, 0x00, 0x00, 0x0e, 0x4b, 0x3c,
    0x01, 0x13, 0x0f, 0x3c, 0xa5, 0x96, 0x96, 0x3c, 0xd2, 0x00, 0xff, 0x0a,
    0x02, 0x00, 0x00, 0x0e, 0x87, 0xe2, 0x69, 0x69, 0x7a, 0xc3, 0x00, 0xd9,
    0x06, 0x01, 0x00, 0x0e, 0x97, 0x5a, 0x78, 0x01, 0x14, 0x0f, 0x87, 0x4b,
    0xa6, 0x00, 0xd9, 0x0b, 0x02, 0x00, 0x00, 0x0e, 0xf0, 0x00, 0xe7, 0x06,
    0x01, 0x00, 0x0e, 0xb4, 0x5a, 0x01, 0x1c, 0x10, 0x00, 0xe2, 0x0e, 0x05,
    0x00, 0x00, 0x00, 0x00, 0x00, 0x0e, 0x3c, 0x4f, 0xe2, 0x2d, 0xa9, 0xc3,
    0x96, 0x00, 0xf4, 0x09, 0x03, 0x00, 0x00, 0x00, 0x3b, 0x4b, 0x96, 0x87,
    0x00, 0xe9, 0x12, 0x01, 0x00, 0x0e, 0x5b, 0x00, 0xfb, 0x0e, 0x04, 0x00,
    0x00, 0x00, 0x00, 0x86, 0x3c, 0xd3, 0x78, 0xe2, 0x9d, 0x5a, 0x87, 0x3c,
    0x01, 0x14, 0x10, 0x88, 0x69, 0x87, 0x01, 0x23, 0x0d, 0xb6, 0x5e, 0x5a,
    0x3c, 0x01, 0x11, 0x0f, 0x5a, 0x5a, 0x3c, 0x01, 0x15, 0x0f, 0x78, 0xa5,
    0x78, 0x3c, 0x4b, 0x01, 0x16, 0x0f, 0xff, 0x01, 0x11, 0x0c, 0x4d, 0xd2,
    0xb5, 0xc3, 0x96, 0x87, 0x02, 0x0b, 0x86, 0x88, 0x69, 0x01, 0x10, 0x10,
    0x5a, 0x3c, 0x00, 0xcb, 0x0f, 0x05, 0x00, 0x00, 0x00, 0x00, 0x00, 0x95,
    0x2d, 0x3d, 0xa8, 0x78, 0x01, 0x10, 0x10, 0x4f, 0x01, 0x11, 0x0f, 0x4c,
    0x5a, 0x5a, 0x96, 0x96, 0xb4, 0xf1, 0x69, 0x3c, 0x3c, 0x3c, 0x3c, 0x78,
    0x3c, 0x78, 0x01, 0x16, 0x11, 0x3e, 0x89, 0x98, 0x79, 0x69, 0x69, 0x3d,
    0x01, 0x14, 0x0f, 0xa5, 0x4b, 0x89, 0x01, 0x14, 0x0f, 0x69, 0x3c, 0x5a,
    0x7d, 0x3c, 0x2d, 0xb4, 0x69, 0x3d, 0x5b, 0x69, 0x3d, 0x69, 0x01, 0x15,
    0x0f, 0x3a, 0x02, 0x0b, 0x86, 0x5d, 0xd2, 0xc3, 0x3c, 0x61, 0x3e, 0x4b,
    0x02, 0x12, 0x86, 0x00, 0xa8, 0x11, 0x03, 0x00, 0x00, 0x00, 0x4a, 0x69,
    0x69, 0xd2, 0x4c, 0x5a, 0x5a, 0xc3, 0xf0, 0x78, 0x01, 0x15, 0x0f, 0x02,
    0x0c, 0x86, 0x3d, 0x88, 0x69, 0x3d, 0x4b, 0x5a, 0x5b, 0x78, 0x4b, 0x5a,
    0x3c, 0x8b, 0x4b, 0x02, 0x13, 0x86, 0x2d, 0x5b, 0x01, 0x13, 0x0f, 0x9d,
    0x88, 0x5a, 0x3c, 0x79, 0x01, 0x13, 0x0f, 0x6b, 0x5a, 0x3c, 0xa6, 0x00,
    0x9f, 0x02, 0x01, 0x00, 0x0e, 0x00, 0xd0, 0x09, 0x01, 0x00, 0x0e, 0x5a,
    0x02, 0x0d, 0xef, 0x3c, 0x00, 0xc2, 0x06, 0x02, 0x00, 0x00, 0x1d, 0x00,
    0x9f, 0x0c, 0x01, 0x00, 0x0e, 0x4c, 0xa3, 0x4e, 0x69, 0x6a, 0x00, 0xb3,
    0x06, 0x02, 0x00, 0x00, 0x2c, 0x5a, 0x78, 0x96, 0x3c, 0x88, 0x69, 0x5a,
    0x69, 0x3c, 0x00, 0xde, 0x12, 0x01, 0x00, 0x0e, 0x01, 0x12, 0x0f, 0x00,
    0xe6, 0x0b, 0x02, 0x00, 0x00, 0x0e, 0x96, 0x00, 0xe0, 0x01, 0x02, 0x00,
    0x00, 0x0e, 0x69, 0x6b, 0x5a, 0x69, 0x2d, 0x02, 0x0f, 0xc2, 0x3c, 0x00,
    0x0a, 0x00, 0x0e, 0x01, 0x2e, 0x0f, 0x7a, 0x01, 0x2c, 0x0f, 0x7a, 0x01,
    0x38, 0x0f, 0x00, 0x08, 0x00, 0x0e, 0x00, 0x6c, 0x01, 0x00, 0x0e, 0x00,
    0x6d, 0x01, 0x00, 0x0e, 0x00, 0x70, 0x01, 0x00, 0x0e, 0x00, 0x72, 0x01,
    0x00, 0x0e, 0xb4, 0x00, 0xd3, 0x01, 0x02, 0x00, 0x00, 0x0e, 0x00, 0xd4,
    0x01, 0x01, 0x00, 0x0e, 0x00, 0xd9, 0x01, 0x02, 0x00, 0x00, 0x0e, 0x00,
    0xda, 0x01, 0x01, 0x00, 0x0e, 0x00, 0xde, 0x01, 0x00, 0x0e, 0x00, 0xdf,
    0x01, 0x01, 0x00, 0x0e, 0x00, 0x8d, 0x02, 0x01, 0x00, 0x0e, 0x00, 0x8e,
    0x02, 0x00, 0x0e, 0x00, 0x94, 0x02, 0x01, 0x00, 0x0e, 0x00, 0x95, 0x02,
    0x00, 0x0e, 0x00, 0x89, 0x02, 0x04, 0x00, 0x00, 0x00, 0x00, 0x0e, 0x00,
    0x8c, 0x02, 0x00, 0x0e, 0x87, 0x01, 0x14, 0x11, 0xd4, 0x78, 0xd6, 0x00,
    0x8f, 0x08, 0x01, 0x00, 0x0e, 0x00, 0x90, 0x08, 0x00, 0x0e, 0x00, 0x88,
    0x08, 0x01, 0x00, 0x0e, 0x00, 0xf2, 0x07, 0x00, 0x0e, 0x9f, 0x00, 0x93,
    0x08, 0x01, 0x00, 0x0e, 0x02, 0x79, 0x4a, 0x2f, 0x7c, 0x2d, 0x00, 0xf1,
    0x07, 0x01, 0x00, 0x0e, 0x00, 0xae, 0x08, 0x01, 0x00, 0x0e, 0x5a, 0xf0,
    0x2d, 0x87, 0x3d, 0x3c, 0x2d, 0x78, 0x00, 0xbb, 0x08, 0x00, 0x0e, 0x69,
    0x01, 0x18, 0x0f, 0x96, 0x69, 0x78, 0x5a, 0x96, 0x00, 0x9b, 0x08, 0x04,
    0x00, 0x00, 0x00, 0x00, 0x0e, 0x01, 0x17, 0x10, 0xa6, 0xa5, 0xe2, 0xb5,
    0xff, 0x5b, 0x78, 0x2d, 0x00, 0xa9, 0x04, 0x01, 0x00, 0x0e, 0x00, 0xaa,
    0x04, 0x01, 0x00, 0x0e, 0x00, 0xa2, 0x05, 0x01, 0x00, 0x0e, 0x00, 0xa3,
    0x05, 0x00, 0x0e, 0x00, 0xb2, 0x05, 0x01, 0x00, 0x0e, 0x00, 0xb4, 0x05,
    0x00, 0x0e, 0xe1, 0x00, 0xe7, 0x05, 0x05, 0x00, 0x00, 0x00, 0x00, 0x00,
    0x0e, 0x00, 0xe9, 0x05, 0x01, 0x00, 0x0e, 0xa5, 0x01, 0x13, 0x0f, 0x01,
    0x13, 0x0f, 0x00, 0xf0, 0x05, 0x01, 0x00, 0x0e, 0x00, 0xf1, 0x05, 0x00,
    0x0e, 0x00, 0xb7, 0x06, 0x01, 0x00, 0x0e, 0x00, 0xb9, 0x06, 0x00, 0x0e,
    0x00, 0xc9, 0x06, 0x02, 0x00, 0x00, 0x0e, 0x00, 0xca, 0x06, 0x01, 0x00,
    0x0e, 0x00, 0xd8, 0x06, 0x02, 0x00, 0x00, 0x0e, 0x00, 0xd9, 0x06, 0x01,
    0x00, 0x0e, 0x00, 0xb0, 0x03, 0x01, 0x00, 0x0e, 0x00, 0xb2, 0x03, 0x00,
    0x0e, 0x5a, 0x00, 0xcf, 0x03, 0x01, 0x00, 0x0e, 0x00, 0xd0, 0x03, 0x00,
    0x0e, 0x00, 0xd2, 0x03, 0x01, 0x00, 0x0e, 0x00, 0xd3, 0x03, 0x00, 0x0e,
    0x00, 0xd5, 0x03, 0x01, 0x00, 0x0e, 0x00, 0xd6, 0x03, 0x00, 0x0e, 0x00,
    0xd9, 0x03, 0x01, 0x00, 0x0e, 0x00, 0xda, 0x03, 0x00, 0x0e, 0x00, 0xdd,
    0x03, 0x01, 0x00, 0x0e, 0x00, 0xde, 0x03, 0x00, 0x0e, 0x00, 0xe1, 0x03,
    0x01, 0x00, 0x0e, 0x00, 0xe2, 0x03, 0x00, 0x0e, 0x00, 0xe4, 0x03, 0x01,
    0x00, 0x0e, 0x00, 0xe5, 0x03, 0x00, 0x0e, 0x00, 0x99, 0x04, 0x03, 0x00,
    0x00, 0x00, 0x0e, 0xb5, 0xc3, 0xb7, 0x00, 0x97, 0x04, 0x01, 0x00, 0x0e,
    0x00, 0xc3, 0x06, 0x04, 0x00, 0x00, 0x00, 0x00, 0x0e, 0xb4, 0x78, 0x3c,
    0x01, 0x11, 0x0f, 0x2d, 0x3c, 0x89, 0x01, 0x13, 0x0f, 0x69, 0x00, 0xd3,
    0x06, 0x04, 0x00, 0x00, 0x00, 0x00, 0x3b, 0x69, 0x69, 0x96, 0xe1, 0x78,
    0x89, 0x4b, 0xa5, 0x69, 0x00, 0xc3, 0x05, 0x00, 0x0e, 0x00, 0xc7, 0x05,
    0x00, 0x0e, 0xa5, 0x78, 0x00, 0xb7, 0x03, 0x01, 0x00, 0x4a, 0x02, 0x6d,
    0x3b, 0xc5, 0x30, 0x2d, 0x4e, 0x7f, 0x2d, 0x87, 0x96, 0x96, 0x01, 0x15,
    0x11, 0x3e, 0x69, 0x5a, 0x5a, 0x78, 0x78, 0xb4, 0x4b, 0x85, 0x3d, 0x87,
    0x3c, 0xb4, 0xc4, 0x01, 0x14, 0x11, 0x01, 0x12, 0x11, 0xe3, 0x69, 0x01,
    0x16, 0x12, 0xd4, 0x3c, 0xe3, 0x01, 0x18, 0x11, 0x4b, 0x76, 0x3e, 0x5a,
    0x3c, 0x2f, 0x78, 0x78, 0x69, 0x3c, 0x3c, 0x01, 0x15, 0x0f, 0x78, 0x78,
    0x3c, 0x3c, 0x88, 0x69, 0x3e, 0x5a, 0x3c, 0x78, 0x78, 0x4b, 0x69, 0x3c,
    0x5a, 0x96, 0x01, 0x16, 0x0f, 0x6b, 0x6a, 0x3d, 0x4b, 0x4b, 0x3c, 0x3c,
    0xd2, 0xb4, 0x87, 0x02, 0x0d, 0x86, 0x97, 0x01, 0x14, 0x0f, 0x78, 0x78,
    0x89, 0x97, 0x69, 0x3c, 0x79, 0x69, 0x3d, 0x89, 0xd2, 0x2d, 0xa5, 0x87,
    0xa5, 0x5b, 0xc3, 0x5e, 0x00, 0xaf, 0x06, 0x00, 0x0e, 0x87, 0x3c, 0x00,
    0xf1, 0x04, 0x00, 0x0e, 0x69, 0x2d, 0x3c, 0x3c, 0x5a, 0xa5, 0x78, 0x2d,
    0xc3, 0x87, 0x78, 0x78, 0xf0, 0x78, 0x00, 0xb1, 0x05, 0x00, 0x0e, 0x5a,
    0x00, 0xe5, 0x04, 0x00, 0x0e, 0x3c, 0x00, 0xbb, 0x05, 0x00, 0x0e, 0xc3,
    0x00, 0x8c, 0x06, 0x01, 0x00, 0x0e, 0xb4, 0x79, 0xc3, 0xa6, 0x87, 0x2d,
    0xd2, 0x2d, 0x88, 0x01, 0x11, 0x10, 0x00, 0xeb, 0x04, 0x00, 0x0e, 0x3d,
    0x00, 0xce, 0x05, 0x01, 0x00, 0x0e, 0x3c, 0x00, 0xd3, 0x05, 0x02, 0x00,
    0x00, 0x0e, 0x01, 0x18, 0x0f, 0x01, 0x16, 0x0f, 0xc3, 0xa5, 0x01, 0x15,
    0x0f, 0x01, 0x14, 0x0f, 0x97, 0x4b, 0x4b, 0x78, 0x5f, 0xd2, 0x3c, 0xa5,
    0xbb, 0x5a, 0x00, 0x9f, 0x06, 0x00, 0x0e, 0x69, 0x4b, 0x96, 0x78, 0xf1,
    0x00, 0xa9, 0x06, 0x00, 0x0e, 0x3c, 0x96, 0x00, 0xaa, 0x05, 0x00, 0x0e,
    0x5a, 0x87, 0x69, 0x00, 0xf8, 0x05, 0x00, 0x0e, 0xa5, 0xd2, 0x3c, 0x3c,
    0x01, 0x24, 0x0f, 0x78, 0x01, 0x15, 0x0f, 0x6a, 0x2d, 0x4b, 0x5a, 0x3c,
    0x5a, 0x01, 0x13, 0x0f, 0x00, 0xbf, 0x06, 0x00, 0x0e, 0x00, 0xb7, 0x06,
    0x00, 0x0e, 0x00, 0x84, 0x05, 0x01, 0x00, 0x0e, 0x2d, 0xc3, 0x69, 0x00,
    0xd2, 0x04, 0x00, 0x0e, 0x69, 0x2d, 0x4b, 0x3c, 0x5b, 0xa5, 0x4b, 0xf1,
    0x96, 0x78, 0x3c, 0x3c, 0x00, 0x92, 0x05, 0x00, 0x0e, 0x5a, 0xe1, 0x01,
    0x1d, 0x0f, 0xf0, 0x5a, 0x01, 0x14, 0x0f, 0x2d, 0xa6, 0x01, 0x15, 0x10,
    0xc3, 0xd3, 0xd2, 0xb4, 0xf2, 0x5a, 0x00, 0xcc, 0x04, 0x00, 0x1d, 0x2d,
    0x78, 0x00, 0x8c, 0x05, 0x00, 0x0e, 0x00, 0xff, 0x06, 0x02, 0x00, 0x00,
    0x0e, 0x69, 0x01, 0x11, 0x17, 0xe1, 0x01, 0x1b, 0x0f, 0x2d, 0x69, 0x01,
    0x13, 0x0f, 0x01, 0x13, 0x0f, 0x4e, 0x4c, 0x01, 0x1e, 0x10, 0x69, 0x02,
    0x6a, 0x68, 0x69, 0x69, 0x4b, 0x4b, 0x00, 0xf8, 0x06, 0x02, 0x00, 0x00,
    0x0e, 0x3c, 0x2d, 0x2d, 0x00, 0xcc, 0x07, 0x02, 0x00, 0x00, 0x0e, 0x00,
    0xcf, 0x07, 0x00, 0x0e, 0x00, 0xb8, 0x07, 0x01, 0x00, 0x0e, 0x00, 0xc0,
    0x07, 0x02, 0x00, 0x00, 0x0e, 0x38, 0x87, 0x2f, 0x2d, 0x2d, 0x78, 0xa5,
    0x4c, 0x3c, 0x3c, 0x3c, 0x78, 0x87, 0x00, 0xe3, 0x07, 0x00, 0x0e, 0x96,
    0x00, 0xd6, 0x07, 0x00, 0x0e, 0x78, 0xa5, 0x01, 0x17, 0x0f, 0x6a, 0x5a,
    0x4b, 0x2d, 0x00, 0x4b, 0x01, 0x00, 0x0e, 0x00, 0xd9, 0x02, 0x01, 0x00,
    0x0e, 0x00, 0x56, 0x01, 0x00, 0x0e, 0x4b, 0x87, 0xf0, 0x6b, 0x00, 0x4b,
    0x00, 0x0e, 0x00, 0x4b, 0x02, 0x00, 0x00, 0x0e, 0x00, 0xa3, 0x07, 0x02,
    0x00, 0x00, 0x0e, 0xc3, 0x00, 0x65, 0x01, 0x00, 0x0e, 0x69, 0x3c, 0xa5,
    0x4d, 0x01, 0x15, 0x0f, 0xa7, 0xa5, 0x8c, 0xb4, 0xa5, 0xb4, 0x69, 0x3d,
    0x4b, 0xb4, 0x69, 0x3d, 0x97, 0x69, 0x69, 0x00, 0x4b, 0x04, 0x00, 0x00,
    0x00, 0x00, 0x0e, 0x00, 0x92, 0x01, 0x04, 0x00, 0x00, 0x00, 0x00, 0x2c,
    0x00, 0x96, 0x01, 0x05, 0x00, 0x00, 0x00, 0x00, 0x00, 0x0e, 0x69, 0x5a,
    0x69, 0x01, 0x11, 0x10, 0xd2, 0x79, 0x4b, 0x78, 0x96, 0x3d, 0x00, 0xee,
    0x01, 0x01, 0x00, 0x0e, 0x4b, 0xa5, 0x00, 0x8b, 0x01, 0x02, 0x00, 0x00,
    0x0e, 0xb4, 0x00, 0x90, 0x03, 0x00, 0x0e, 0xe2, 0x87, 0xd4, 0x5a, 0x00,
    0x4b, 0x03, 0x00, 0x00, 0x00, 0x0e, 0x00, 0xe8, 0x06, 0x03, 0x00, 0x00,
    0x00, 0xfe, 0x00, 0xc4, 0x02, 0x00, 0x0e, 0x00, 0x4d, 0x00, 0x0e, 0x00,
    0xf9, 0x02, 0x02, 0x00, 0x00, 0x01, 0x27, 0x0e, 0xa2, 0x69, 0x5b, 0xb9,
    0xf0, 0x3c, 0x3c, 0x78, 0x00, 0xf5, 0x01, 0x00, 0x0e, 0x5a, 0x87, 0x69,
    0x00, 0xb3, 0x01, 0x01, 0x00, 0x0e, 0x5a, 0x4c, 0x78, 0x4b, 0x3d, 0x5a,
    0x96, 0x96, 0x01, 0x15, 0x0f, 0x3d, 0x78, 0x3c, 0xd2, 0x96, 0x87, 0x3c,
    0x5c, 0x3d, 0x74, 0x6c, 0xd2, 0x3d, 0x87, 0x6a, 0x96, 0x89, 0x97, 0xc3,
    0x89, 0x78, 0x96, 0x89, 0x78, 0x5b, 0x01, 0x19, 0x0f, 0x87, 0x2d, 0x3c,
    0x88, 0x00, 0xdd, 0x02, 0x01, 0x00, 0x0e, 0x5a, 0x79, 0xc3, 0x69, 0x00,
    0xca, 0x02, 0x01, 0x00, 0x0e, 0x4b, 0x4d, 0x3c, 0x78, 0x00, 0xa5, 0x02,
    0x01, 0x00, 0x0e, 0x5a, 0x96, 0xb4, 0x3c, 0x4b, 0x41, 0x78, 0x02, 0x7b,
    0x59, 0x01, 0x11, 0x0f, 0x00, 0xd4, 0x02, 0x01, 0x00, 0x0e, 0x78, 0x00,
    0xe8, 0x02, 0x01, 0x00, 0x0e, 0x5a, 0x69, 0xb4, 0x3c, 0xe2, 0x00, 0x88,
    0x03, 0x02, 0x00, 0x00, 0x0e, 0x69, 0x3c, 0x00, 0xfd, 0x01, 0x03, 0x00,
    0x00, 0x00, 0x0e, 0x4b, 0x3c, 0xa5, 0xe1, 0x5a, 0x87, 0x3c, 0x3d, 0x3c,
    0x4b, 0x96, 0x00, 0x00, 0x01, 0x00, 0x00, 0x00, 0xa9, 0x00, 0x00, 0x00,
    0x01, 0x00, 0x00, 0x00, 0x30, 0x00, 0x00, 0x00, 0x01, 0x00, 0x00, 0x00,
    0x31, 0x00, 0x00, 0x00, 0x01, 0x00, 0x00, 0x00, 0x2a, 0x00, 0x00, 0x00,
    0x01, 0x00, 0x00, 0x00, 0x95, 0x00, 0x00, 0x00, 0x01, 0x00, 0x00, 0x00,
    0x33, 0x00, 0x00, 0x00, 0x01, 0x00, 0x00, 0x00, 0x06, 0x00, 0x00, 0x00,
    0x01, 0x00, 0x00, 0x00, 0x32, 0x00, 0x00, 0x00, 0x01, 0x00, 0x00, 0x00,
    0x39, 0x00, 0x00, 0x00, 0x01, 0x00, 0x00, 0x00, 0x03, 0x00, 0x00, 0x00,
    0x01, 0x00, 0x00, 0x00, 0x01, 0x00, 0x00, 0x00, 0x01, 0x00, 0x00, 0x00,
    0x02, 0x00, 0x00, 0x00, 0x02, 0x00, 0x00, 0x00, 0x02, 0x00, 0x02, 0x00,
    0x01, 0x00, 0x00, 0x00, 0x08, 0x00, 0x00, 0x00, 0x01, 0x00, 0x00, 0x00,
    0x00, 0x00, 0x00, 0x00, 0x03, 0x00, 0x00, 0x00, 0x02, 0x00, 0x03, 0x00,
    0x03, 0x00, 0x00, 0x00, 0x02, 0x00, 0x00, 0x00, 0x03, 0x00, 0x03, 0x00,
    0x02, 0x00, 0x00, 0x00, 0x08, 0x00, 0x02, 0x00, 0x01, 0x00, 0x00, 0x00,
    0xaa, 0x00, 0x00, 0x00, 0x02, 0x00, 0x00, 0x00, 0xaa, 0x00, 0x03, 0x00,
    0x02, 0x00, 0x00, 0x00, 0xaa, 0x00, 0xaa, 0x00, 0x03, 0x00, 0x00, 0x00,
    0xaa, 0x00, 0xaa, 0x00, 0xaa, 0x00, 0x00, 0x00, 0x01, 0x00, 0x00, 0x00,
    0x04, 0x00, 0x00, 0x00, 0x01, 0x00, 0x00, 0x00, 0xc2, 0x00, 0x00, 0x00,
    0x01, 0x00, 0x00, 0x00, 0x6e, 0x00, 0x00, 0x00, 0x01, 0x00, 0x00, 0x00,
    0x97, 0x00, 0x00, 0x00, 0x01, 0x00, 0x00, 0x00, 0xa0, 0x00, 0x00, 0x00,
    0x02, 0x00, 0x00, 0x00, 0xa0, 0x00, 0x0e, 0x00, 0x02, 0x00, 0x00, 0x00,
    0xa0, 0x00, 0xa0, 0x00, 0x01, 0x00, 0x00, 0x00, 0x0d, 0x00, 0x00, 0x00,
    0x03, 0x00, 0x00, 0x00, 0x08, 0x00, 0x03, 0x00, 0x03, 0x00, 0x00, 0x00,
    0x02, 0x00, 0x00, 0x00, 0x08, 0x00, 0xaa, 0x00, 0x03, 0x00, 0x00, 0x00,
    0x13, 0x00, 0x03, 0x00, 0x15, 0x00, 0x00, 0x00, 0x05, 0x00, 0x00, 0x00,
    0x14, 0x00, 0x03, 0x00, 0x03, 0x00, 0x03, 0x00, 0x03, 0x00, 0x00, 0x00,
    0x03, 0x00, 0x00, 0x00, 0x9f, 0x00, 0x1b, 0x00, 0x15, 0x00, 0x00, 0x00,
    0x02, 0x00, 0x00, 0x00, 0xaa, 0x00, 0x15, 0x00, 0x02, 0x00, 0x00, 0x00,
    0x12, 0x00, 0xaa, 0x00, 0x02, 0x00, 0x00, 0x00, 0x03, 0x00, 0xa0, 0x00,
    0x03, 0x00, 0x00, 0x00, 0x03, 0x00, 0x34, 0x00, 0x37, 0x00, 0x00, 0x00,
    0x02, 0x00, 0x00, 0x00, 0x08, 0x00, 0x03, 0x00, 0x04, 0x00, 0x00, 0x00,
    0x08, 0x00, 0x34, 0x00, 0xaa, 0x00, 0xa9, 0x00, 0x05, 0x00, 0x00, 0x00,
    0x08, 0x00, 0x73, 0x00, 0x03, 0x00, 0xc3, 0x00, 0x34, 0x00, 0x00, 0x00,
    0x03, 0x00, 0x00, 0x00, 0x08, 0x00, 0x14, 0x00, 0x02, 0x00, 0x00, 0x00,
    0x03, 0x00, 0x00, 0x00, 0x08, 0x00, 0x73, 0x00, 0x02, 0x00, 0x00, 0x00,
    0x04, 0x00, 0x00, 0x00, 0x08, 0x00, 0x34, 0x00, 0xaa, 0x00, 0x03, 0x00,
    0x05, 0x00, 0x00, 0x00, 0x08, 0x00, 0x34, 0x00, 0xaa, 0x00, 0x03, 0x00,
    0x02, 0x00, 0x00, 0x00, 0x03, 0x00, 0x00, 0x00, 0x08, 0x00, 0x73, 0x00,
    0x4c, 0x00, 0x00, 0x00, 0x04, 0x00, 0x00, 0x00, 0x08, 0x00, 0x73, 0x00,
    0x4c, 0x00, 0xa9, 0x00, 0x04, 0x00, 0x00, 0x00, 0x08, 0x00, 0xaa, 0x00,
    0x02, 0x00, 0x03, 0x00, 0x04, 0x00, 0x00, 0x00, 0x08, 0x00, 0xaa, 0x00,
    0x03, 0x00, 0xa9, 0x00, 0x03, 0x00, 0x00, 0x00, 0x0d, 0x00, 0xa0, 0x00,
    0x03, 0x00, 0x00, 0x00, 0x01, 0x00, 0x00, 0x00, 0x6c, 0x00, 0x00, 0x00,
    0x04, 0x00, 0x00, 0x00, 0xaa, 0x00, 0x03, 0x00, 0x03, 0x00, 0x03, 0x00,
    0x05, 0x00, 0x00, 0x00, 0xaa, 0x00, 0x03, 0x00, 0xaa, 0x00, 0x03, 0x00,
    0x03, 0x00, 0x00, 0x00, 0x04, 0x00, 0x00, 0x00, 0xaa, 0x00, 0xaa, 0x00,
    0x03, 0x00, 0xc3, 0x00, 0x06, 0x00, 0x00, 0x00, 0xaa, 0x00, 0xaa, 0x00,
    0xaa, 0x00, 0x03, 0x00, 0x03, 0x00, 0xc5, 0x00, 0x03, 0x00, 0x00, 0x00,
    0xaa, 0x00, 0xaa, 0x00, 0xc5, 0x00, 0x00, 0x00, 0x04, 0x00, 0x00, 0x00,
    0xaa, 0x00, 0xc9, 0x00, 0xc3, 0x00, 0xaa, 0x00, 0x01, 0x00, 0x00, 0x00,
    0xa8, 0x00, 0x00, 0x00, 0x02, 0x00, 0x00, 0x00, 0xa8, 0x00, 0xa8, 0x00,
    0x02, 0x00, 0x00, 0x00, 0x73, 0x00, 0x03, 0x00, 0x02, 0x00, 0x00, 0x00,
    0xa0, 0x00, 0xae, 0x00, 0x01, 0x00, 0x00, 0x00, 0xb7, 0x00, 0x00, 0x00,
    0x01, 0x00, 0x00, 0x00, 0xb9, 0x00, 0x00, 0x00, 0x02, 0x00, 0x00, 0x00,
    0x00, 0x00, 0xaa, 0x00, 0x07, 0x00, 0x00, 0x00, 0x02, 0x00, 0x02, 0x00,
    0x02, 0x00, 0x02, 0x00, 0x02, 0x00, 0x02, 0x00, 0x1a, 0x00, 0x00, 0x00,
    0x05, 0x00, 0x00, 0x00, 0x02, 0x00, 0x02, 0x00, 0x02, 0x00, 0x02, 0x00,
    0x1a, 0x00, 0x00, 0x00, 0x02, 0x00, 0x00, 0x00, 0x03, 0x00, 0x02, 0x00,
    0x03, 0x00, 0x00, 0x00, 0x03, 0x00, 0x02, 0x00, 0xc0, 0x00, 0x00, 0x00,
    0x03, 0x00, 0x00, 0x00, 0x03, 0x00, 0x03, 0x00, 0x02, 0x00, 0x00, 0x00,
    0x04, 0x00, 0x00, 0x00, 0x03, 0x00, 0x03, 0x00, 0x03, 0x00, 0x03, 0x00,
    0x04, 0x00, 0x00, 0x00, 0x03, 0x00, 0x08, 0x00, 0x34, 0x00, 0x4c, 0x00,
    0x04, 0x00, 0x00, 0x00, 0x03, 0x00, 0x08, 0x00, 0x47, 0x00, 0x73, 0x00,
    0x05, 0x00, 0x00, 0x00, 0x03, 0x00, 0x08, 0x00, 0x47, 0x00, 0x73, 0x00,
    0xa9, 0x00, 0x00, 0x00, 0x05, 0x00, 0x00, 0x00, 0x03, 0x00, 0x08, 0x00,
    0x47, 0x00, 0xc5, 0x00, 0xc4, 0x00, 0x00, 0x00, 0x02, 0x00, 0x00, 0x00,
    0x03, 0x00, 0xc0, 0x00, 0x01, 0x00, 0x00, 0x00, 0x05, 0x00, 0x00, 0x00,
    0x01, 0x00, 0x00, 0x00, 0x07, 0x00, 0x00, 0x00, 0x03, 0x00, 0x00, 0x00,
    0x08, 0x00, 0x03, 0x00, 0x45, 0x00, 0x00, 0x00, 0x02, 0x00, 0x00, 0x00,
    0x08, 0x00, 0x34, 0x00, 0x03, 0x00, 0x00, 0x00, 0x08, 0x00, 0x34, 0x00,
    0x03, 0x00, 0x00, 0x00, 0x03, 0x00, 0x00, 0x00, 0x08, 0x00, 0x34, 0x00,
    0x21, 0x00, 0x00, 0x00, 0x04, 0x00, 0x00, 0x00, 0x08, 0x00, 0x34, 0x00,
    0x70, 0x00, 0x03, 0x00, 0x02, 0x00, 0x00, 0x00, 0x08, 0x00, 0x42, 0x00,
    0x04, 0x00, 0x00, 0x00, 0x08, 0x00, 0x45, 0x00, 0x03, 0x00, 0x03, 0x00,
    0x03, 0x00, 0x00, 0x00, 0x08, 0x00, 0x45, 0x00, 0x14, 0x00, 0x00, 0x00,
    0x02, 0x00, 0x00, 0x00, 0x08, 0x00, 0x47, 0x00, 0x03, 0x00, 0x00, 0x00,
    0x08, 0x00, 0x47, 0x00, 0x73, 0x00, 0x00, 0x00, 0x04, 0x00, 0x00, 0x00,
    0x08, 0x00, 0x47, 0x00, 0x73, 0x00, 0x03, 0x00, 0x05, 0x00, 0x00, 0x00,
    0x08, 0x00, 0x47, 0x00, 0x73, 0x00, 0xa9, 0x00, 0xa9, 0x00, 0x00, 0x00,
    0x03, 0x00, 0x00, 0x00, 0x08, 0x00, 0x47, 0x00, 0xc0, 0x00, 0x00, 0x00,
    0x05, 0x00, 0x00, 0x00, 0x08, 0x00, 0x47, 0x00, 0xc5, 0x00, 0xc4, 0x00,
    0x03, 0x00, 0x00, 0x00, 0x03, 0x00, 0x00, 0x00, 0x08, 0x00, 0x4c, 0x00,
    0x02, 0x00, 0x00, 0x00, 0x02, 0x00, 0x00, 0x00, 0x08, 0x00, 0x95, 0x00,
    0x02, 0x00, 0x00, 0x00, 0x08, 0x00, 0xa9, 0x00, 0x03, 0x00, 0x00, 0x00,
    0x08, 0x00, 0xaa, 0x00, 0x14, 0x00, 0x00, 0x00, 0x02, 0x00, 0x00, 0x00,
    0x08, 0x00, 0xc0, 0x00, 0x03, 0x00, 0x00, 0x00, 0x08, 0x00, 0xc4, 0x00,
    0x4c, 0x00, 0x00, 0x00, 0x01, 0x00, 0x00, 0x00, 0x0b, 0x00, 0x00, 0x00,
    0x01, 0x00, 0x00, 0x00, 0x0f, 0x00, 0x00, 0x00, 0x02, 0x00, 0x00, 0x00,
    0x13, 0x00, 0x14, 0x00, 0x04, 0x00, 0x00, 0x00, 0x14, 0x00, 0x1b, 0x00,
    0x1b, 0x00, 0x1a, 0x00, 0x01, 0x00, 0x00, 0x00, 0x17, 0x00, 0x00, 0x00,
    0x01, 0x00, 0x00, 0x00, 0x18, 0x00, 0x00, 0x00, 0x01, 0x00, 0x00, 0x00,
    0x19, 0x00, 0x00, 0x00, 0x01, 0x00, 0x00, 0x00, 0x1b, 0x00, 0x00, 0x00,
    0x01, 0x00, 0x00, 0x00, 0x1c, 0x00, 0x00, 0x00, 0x01, 0x00, 0x00, 0x00,
    0x1f, 0x00, 0x00, 0x00, 0x01, 0x00, 0x00, 0x00, 0x23, 0x00, 0x00, 0x00,
    0x01, 0x00, 0x00, 0x00, 0x26, 0x00, 0x00, 0x00, 0x01, 0x00, 0x00, 0x00,
    0x34, 0x00, 0x00, 0x00, 0x03, 0x00, 0x00, 0x00, 0x34, 0x00, 0x03, 0x00,
    0x03, 0x00, 0x00, 0x00, 0x04, 0x00, 0x00, 0x00, 0x34, 0x00, 0x03, 0x00,
    0x03, 0x00, 0x03, 0x00, 0x02, 0x00, 0x00, 0x00, 0x34, 0x00, 0x36, 0x00,
    0x02, 0x00, 0x00, 0x00, 0x34, 0x00, 0xc0, 0x00, 0x01, 0x00, 0x00, 0x00,
    0x36, 0x00, 0x00, 0x00, 0x01, 0x00, 0x00, 0x00, 0x41, 0x00, 0x00, 0x00,
    0x01, 0x00, 0x00, 0x00, 0x44, 0x00, 0x00, 0x00, 0x01, 0x00, 0x00, 0x00,
    0x48, 0x00, 0x00, 0x00, 0x01, 0x00, 0x00, 0x00, 0x4c, 0x00, 0x00, 0x00,
    0x04, 0x00, 0x00, 0x00, 0x4c, 0x00, 0x21, 0x00, 0x08, 0x00, 0x04, 0x00,
    0x01, 0x00, 0x00, 0x00, 0x50, 0x00, 0x00, 0x00, 0x02, 0x00, 0x00, 0x00,
    0x56, 0x00, 0xc8, 0x00, 0x02, 0x00, 0x00, 0x00, 0x5b, 0x00, 0xaa, 0x00,
    0x01, 0x00, 0x00, 0x00, 0x5c, 0x00, 0x00, 0x00, 0x02, 0x00, 0x00, 0x00,
    0x5c, 0x00, 0x6c, 0x00, 0x03, 0x00, 0x00, 0x00, 0x65, 0x00, 0xaa, 0x00,
    0x14, 0x00, 0x00, 0x00, 0x03, 0x00, 0x00, 0x00, 0x73, 0x00, 0x08, 0x00,
    0xc3, 0x00, 0x00, 0x00, 0x01, 0x00, 0x00, 0x00, 0x7e, 0x00, 0x00, 0x00,
    0x01, 0x00, 0x00, 0x00, 0x81, 0x00, 0x00, 0x00, 0x01, 0x00, 0x00, 0x00,
    0x93, 0x00, 0x00, 0x00, 0x05, 0x00, 0x00, 0x00, 0x93, 0x00, 0x03, 0x00,
    0x03, 0x00, 0x03, 0x00, 0x03, 0x00, 0x00, 0x00, 0x02, 0x00, 0x00, 0x00,
    0x93, 0x00, 0xa9, 0x00, 0x02, 0x00, 0x00, 0x00, 0x97, 0x00, 0x34, 0x00,
    0x04, 0x00, 0x00, 0x00, 0xa0, 0x00, 0x03, 0x00, 0x03, 0x00, 0x03, 0x00,
    0x04, 0x00, 0x00, 0x00, 0xa8, 0x00, 0x03, 0x00, 0x03, 0x00, 0x03, 0x00,
    0x02, 0x00, 0x00, 0x00, 0xa9, 0x00, 0xaa, 0x00, 0x04, 0x00, 0x00, 0x00,
    0xaa, 0x00, 0x02, 0x00, 0x02, 0x00, 0x1a, 0x00, 0x09, 0x00, 0x00, 0x00,
    0xaa, 0x00, 0xaa, 0x00, 0x03, 0x00, 0x03, 0x00, 0xc9, 0x00, 0xc3, 0x00,
    0xaa, 0x00, 0x03, 0x00, 0x03, 0x00, 0x00, 0x00, 0x01, 0x00, 0x00, 0x00,
    0xb0, 0x00, 0x00, 0x00, 0x01, 0x00, 0x00, 0x00, 0xb2, 0x00, 0x00, 0x00,
    0x01, 0x00, 0x00, 0x00, 0xc0, 0x00, 0x00, 0x00, 0x04, 0x00, 0x00, 0x00,
    0xc3, 0x00, 0x71, 0x00, 0x4c, 0x00, 0x73, 0x00, 0x03, 0x00, 0x00, 0x00,
    0xc3, 0x00, 0x73, 0x00, 0x03, 0x00, 0x00, 0x00, 0x05, 0x00, 0x00, 0x00,
    0xc8, 0x00, 0x49, 0x00, 0x73, 0x00, 0x4c, 0x00, 0x3f, 0x00, 0x00, 0x00,
    0x02, 0x00, 0x00, 0x00, 0x22, 0x00, 0x03, 0x00, 0x01, 0x00, 0x00, 0x00,
    0x2f, 0x00, 0x00, 0x00, 0x02, 0x00, 0x00, 0x00, 0x34, 0x00, 0x03, 0x00,
    0x03, 0x00, 0x00, 0x00, 0x34, 0x00, 0x03, 0x00, 0x2e, 0x00, 0x00, 0x00,
    0x02, 0x00, 0x00, 0x00, 0x34, 0x00, 0x2f, 0x00, 0x02, 0x00, 0x00, 0x00,
    0x6e, 0x00, 0xc0, 0x00, 0x02, 0x00, 0x00, 0x00, 0xa9, 0x00, 0x04, 0x00,
    0x02, 0x00, 0x00, 0x00, 0xaa, 0x00, 0xc0, 0x00, 0x01, 0x00, 0x00, 0x00,
    0xb8, 0x00, 0x00, 0x00, 0x02, 0x00, 0x00, 0x00, 0xc3, 0x00, 0x03, 0x00,
    0x01, 0x00, 0x00, 0x00, 0xc9, 0x00, 0x00, 0x00, 0x03, 0x00, 0x00, 0x00,
    0x03, 0x00, 0x03, 0x00, 0xa2, 0x00, 0x00, 0x00, 0x01, 0x00, 0x00, 0x00,
    0xc7, 0x00, 0x00, 0x00, 0x02, 0x00, 0x00, 0x00, 0xc1, 0x00, 0xc9, 0x00,
    0x03, 0x00, 0x00, 0x00, 0xc1, 0x00, 0xc9, 0x00, 0x03, 0x00, 0x00, 0x00,
    0x03, 0x00, 0x00, 0x00, 0xc1, 0x00, 0xc1, 0x00, 0xc9, 0x00, 0x00, 0x00,
    0x01, 0x01, 0x00, 0x02, 0x20, 0x20, 0x00, 0x04, 0x20, 0x4e, 0x50, 0x43,
    0x00, 0x05, 0x20, 0x4e, 0x50, 0x43, 0x73, 0x00, 0x05, 0x20, 0x62, 0x75,
    0x66, 0x66, 0x00, 0x06, 0x20, 0x62, 0x75, 0x66, 0x66, 0x73, 0x00, 0x04,
    0x20, 0x64, 0x65, 0x20, 0x00, 0x05, 0x20, 0x69, 0x74, 0x65, 0x6d, 0x00,
    0x06, 0x20, 0x69, 0x74, 0x65, 0x6e, 0x73, 0x00, 0x08, 0x20, 0x6c, 0x69,
    0x67, 0x61, 0x64, 0x6f, 0x73, 0x00, 0x04, 0x20, 0x6d, 0x69, 0x6e, 0x00,
    0x03, 0x20, 0x6d, 0x73, 0x00, 0x0f, 0x20, 0x6d, 0x73, 0x2c, 0x20, 0x6d,
    0x6f, 0x6e, 0x74, 0x6f, 0x75, 0x20, 0x65, 0x6d, 0x20, 0x00, 0x07, 0x20,
    0x70, 0x61, 0x73, 0x74, 0x61, 0x73, 0x00, 0x1f, 0x20, 0x70, 0x6f, 0x64,
    0x65, 0x72, 0x28, 0x65, 0x73, 0x29, 0x20, 0x73, 0x61, 0x6c, 0x76, 0x6f,
    0x28, 0x73, 0x29, 0x20, 0x72, 0x65, 0x6c, 0x69, 0x67, 0x61, 0x64, 0x6f,
    0x28, 0x73, 0x29, 0x00, 0x01, 0x23, 0x00, 0x01, 0x28, 0x00, 0x03, 0x28,
    0x29, 0x56, 0x00, 0x94, 0x04, 0x28, 0x2f, 0x2f, 0x5b, 0x5e, 0x5c, 0x6e,
    0x5d, 0x2a, 0x7c, 0x2f, 0x5c, 0x2a, 0x5b, 0x5c, 0x73, 0x5c, 0x53, 0x5d,
    0x2a, 0x3f, 0x28, 0x3f, 0x3a, 0x5c, 0x2a, 0x2f, 0x7c, 0x24, 0x29, 0x29,
    0x7c, 0x28, 0x22, 0x28, 0x3f, 0x3a, 0x5c, 0x5c, 0x2e, 0x7c, 0x5b, 0x5e,
    0x22, 0x5c, 0x5c, 0x5c, 0x6e, 0x5d, 0x29, 0x2a, 0x22, 0x3f, 0x7c, 0x27,
    0x28, 0x3f, 0x3a, 0x5c, 0x5c, 0x2e, 0x7c, 0x5b, 0x5e, 0x27, 0x5c, 0x5c,
    0x5c, 0x6e, 0x5d, 0x29, 0x2a, 0x27, 0x3f, 0x7c, 0x60, 0x28, 0x3f, 0x3a,
    0x5c, 0x5c, 0x2e, 0x7c, 0x5b, 0x5e, 0x60, 0x5c, 0x5c, 0x5d, 0x29, 0x2a,
    0x60, 0x3f, 0x29, 0x7c, 0x5c, 0x62, 0x28, 0x5c, 0x64, 0x2b, 0x28, 0x3f,
    0x3a, 0x5c, 0x2e, 0x5c, 0x64, 0x2b, 0x29, 0x3f, 0x29, 0x5c, 0x62, 0x7c,
    0x5c, 0x62, 0x28, 0x63, 0x6f, 0x6e, 0x73, 0x74, 0x7c, 0x6c, 0x65, 0x74,
    0x7c, 0x76, 0x61, 0x72, 0x7c, 0x66, 0x75, 0x6e, 0x63, 0x74, 0x69, 0x6f,
    0x6e, 0x7c, 0x72, 0x65, 0x74, 0x75, 0x72, 0x6e, 0x7c, 0x69, 0x66, 0x7c,
    0x65, 0x6c, 0x73, 0x65, 0x7c, 0x66, 0x6f, 0x72, 0x7c, 0x77, 0x68, 0x69,
    0x6c, 0x65, 0x7c, 0x64, 0x6f, 0x7c, 0x62, 0x72, 0x65, 0x61, 0x6b, 0x7c,
    0x63, 0x6f, 0x6e, 0x74, 0x69, 0x6e, 0x75, 0x65, 0x7c, 0x6e, 0x65, 0x77,
    0x7c, 0x63, 0x6c, 0x61, 0x73, 0x73, 0x7c, 0x65, 0x78, 0x74, 0x65, 0x6e,
    0x64, 0x73, 0x7c, 0x74, 0x68, 0x69, 0x73, 0x7c, 0x73, 0x75, 0x70, 0x65,
    0x72, 0x7c, 0x74, 0x79, 0x70, 0x65, 0x6f, 0x66, 0x7c, 0x69, 0x6e, 0x73,
    0x74, 0x61, 0x6e, 0x63, 0x65, 0x6f, 0x66, 0x7c, 0x6f, 0x66, 0x7c, 0x69,
    0x6e, 0x7c, 0x74, 0x72, 0x79, 0x7c, 0x63, 0x61, 0x74, 0x63, 0x68, 0x7c,
    0x66, 0x69, 0x6e, 0x61, 0x6c, 0x6c, 0x79, 0x7c, 0x74, 0x68, 0x72, 0x6f,
    0x77, 0x7c, 0x73, 0x77, 0x69, 0x74, 0x63, 0x68, 0x7c, 0x63, 0x61, 0x73,
    0x65, 0x7c, 0x64, 0x65, 0x66, 0x61, 0x75, 0x6c, 0x74, 0x7c, 0x6e, 0x75,
    0x6c, 0x6c, 0x7c, 0x75, 0x6e, 0x64, 0x65, 0x66, 0x69, 0x6e, 0x65, 0x64,
    0x7c, 0x74, 0x72, 0x75, 0x65, 0x7c, 0x66, 0x61, 0x6c, 0x73, 0x65, 0x7c,
    0x61, 0x73, 0x79, 0x6e, 0x63, 0x7c, 0x61, 0x77, 0x61, 0x69, 0x74, 0x7c,
    0x64, 0x65, 0x6c, 0x65, 0x74, 0x65, 0x7c, 0x76, 0x6f, 0x69, 0x64, 0x29,
    0x5c, 0x62, 0x7c, 0x5c, 0x62, 0x28, 0x54, 0x65, 0x72, 0x72, 0x61, 0x72,
    0x69, 0x61, 0x7c, 0x4d, 0x69, 0x63, 0x72, 0x6f, 0x73, 0x6f, 0x66, 0x74,
    0x7c, 0x53, 0x79, 0x73, 0x74, 0x65, 0x6d, 0x7c, 0x62, 0x6c, 0x7c, 0x70,
    0x72, 0x69, 0x6e, 0x74, 0x7c, 0x4d, 0x61, 0x69, 0x6e, 0x7c, 0x4d, 0x6f,
    0x64, 0x49, 0x74, 0x65, 0x6d, 0x7c, 0x4d, 0x6f, 0x64, 0x4e, 0x50, 0x43,
    0x7c, 0x4d, 0x6f, 0x64, 0x50, 0x72, 0x6f, 0x6a, 0x65, 0x63, 0x74, 0x69,
    0x6c, 0x65, 0x7c, 0x4d, 0x6f, 0x64, 0x50, 0x6c, 0x61, 0x79, 0x65, 0x72,
    0x7c, 0x4d, 0x6f, 0x64, 0x42, 0x75, 0x66, 0x66, 0x7c, 0x4d, 0x6f, 0x64,
    0x54, 0x69, 0x6c, 0x65, 0x7c, 0x4d, 0x6f, 0x64, 0x53, 0x79, 0x73, 0x74,
    0x65, 0x6d, 0x7c, 0x4d, 0x6f, 0x64, 0x43, 0x6f, 0x6e, 0x74, 0x65, 0x6e,
    0x74, 0x7c, 0x4d, 0x6f, 0x64, 0x4c, 0x6f, 0x61, 0x64, 0x65, 0x72, 0x7c,
    0x56, 0x65, 0x63, 0x74, 0x6f, 0x72, 0x32, 0x7c, 0x43, 0x6f, 0x6c, 0x6f,
    0x72, 0x7c, 0x52, 0x65, 0x63, 0x74, 0x61, 0x6e, 0x67, 0x6c, 0x65, 0x7c,
    0x52, 0x61, 0x6e, 0x64, 0x7c, 0x52, 0x65, 0x66, 0x7c, 0x4d, 0x61, 0x74,
    0x68, 0x48, 0x65, 0x6c, 0x70, 0x65, 0x72, 0x7c, 0x53, 0x6f, 0x75, 0x6e,
    0x64, 0x45, 0x6e, 0x67, 0x69, 0x6e, 0x65, 0x7c, 0x53, 0x6f, 0x75, 0x6e,
    0x64, 0x53, 0x74, 0x79, 0x6c, 0x65, 0x29, 0x5c, 0x62, 0x00, 0x04, 0x2e,
    0x70, 0x6e, 0x67, 0x00, 0x08, 0x31, 0x20, 0x6c, 0x69, 0x67, 0x61, 0x64,
    0x6f, 0x00, 0x07, 0x31, 0x20, 0x70, 0x61, 0x73, 0x74, 0x61, 0x00, 0x03,
    0x3c, 0x2f, 0x3e, 0x00, 0x08, 0x3c, 0x63, 0x6c, 0x69, 0x6e, 0x69, 0x74,
    0x3e, 0x00, 0x06, 0x3c, 0x69, 0x6e, 0x69, 0x74, 0x3e, 0x00, 0x02, 0x3e,
    0x3b, 0x00, 0x04, 0x3e, 0x3b, 0x29, 0x56, 0x00, 0x04, 0x3e, 0x3b, 0x29,
    0x5a, 0x00, 0x04, 0x3e, 0x3b, 0x3e, 0x3b, 0x00, 0x0f, 0x41, 0x43, 0x54,
    0x49, 0x4f, 0x4e, 0x5f, 0x46, 0x4c, 0x41, 0x53, 0x48, 0x5f, 0x4d, 0x53,
    0x00, 0x0b, 0x41, 0x4c, 0x4c, 0x5f, 0x43, 0x4c, 0x41, 0x53, 0x53, 0x45,
    0x53, 0x00, 0x05, 0x41, 0x53, 0x49, 0x44, 0x45, 0x00, 0x0d, 0x41, 0x62,
    0x65, 0x6c, 0x68, 0x61, 0x20, 0x52, 0x61, 0x69, 0x6e, 0x68, 0x61, 0x00,
    0x0a, 0x41, 0x63, 0x65, 0x73, 0x73, 0xc3, 0xb3, 0x72, 0x69, 0x6f, 0x73,
    0x00, 0x08, 0x41, 0x6c, 0x66, 0x61, 0x69, 0x61, 0x74, 0x65, 0x00, 0x09,
    0x41, 0x6d, 0x61, 0x6e, 0x68, 0x65, 0x63, 0x65, 0x72, 0x00, 0x09, 0x41,
    0x6e, 0x6f, 0x69, 0x74, 0x65, 0x63, 0x65, 0x72, 0x00, 0x08, 0x41, 0x6e,
    0x74, 0x65, 0x72, 0x69, 0x6f, 0x72, 0x00, 0x07, 0x41, 0x70, 0x6c, 0x69,
    0x63, 0x61, 0x72, 0x00, 0x05, 0x41, 0x72, 0x63, 0x6f, 0x73, 0x00, 0x09,
    0x41, 0x72, 0x6d, 0x61, 0x64, 0x75, 0x72, 0x61, 0x73, 0x00, 0x0d, 0x41,
    0x72, 0x6d, 0x61, 0x73, 0x20, 0x64, 0x65, 0x20, 0x66, 0x6f, 0x67, 0x6f,
    0x00, 0x0d, 0x41, 0x72, 0x72, 0x65, 0x6d, 0x65, 0x73, 0x73, 0xc3, 0xa1,
    0x76, 0x65, 0x69, 0x73, 0x00, 0x04, 0x41, 0x73, 0x61, 0x73, 0x00, 0x0b,
    0x42, 0x4c, 0x4f, 0x4f, 0x4d, 0x5f, 0x46, 0x52, 0x41, 0x4d, 0x45, 0x00,
    0x08, 0x42, 0x4f, 0x53, 0x53, 0x45, 0x53, 0x5f, 0x49, 0x00, 0x08, 0x42,
    0x4f, 0x53, 0x53, 0x45, 0x53, 0x5f, 0x4e, 0x00, 0x04, 0x42, 0x55, 0x46,
    0x46, 0x00, 0x05, 0x42, 0x55, 0x46, 0x46, 0x53, 0x00, 0x10, 0x42, 0x55,
    0x46, 0x46, 0x5f, 0x43, 0x4c, 0x41, 0x53, 0x53, 0x5f, 0x4e, 0x41, 0x4d,
    0x45, 0x53, 0x00, 0x0c, 0x42, 0x55, 0x4e, 0x4e, 0x59, 0x20, 0x4c, 0x4f,
    0x41, 0x44, 0x45, 0x52, 0x00, 0x0b, 0x42, 0x55, 0x54, 0x54, 0x4f, 0x4e,
    0x5f, 0x53, 0x49, 0x5a, 0x45, 0x00, 0x05, 0x42, 0x61, 0x6c, 0x61, 0x73,
    0x00, 0x0e, 0x42, 0x61, 0x74, 0x65, 0x64, 0x6f, 0x72, 0x20, 0x47, 0x6f,
    0x62, 0x6c, 0x69, 0x6e, 0x00, 0x09, 0x42, 0x65, 0x73, 0x74, 0x69, 0xc3,
    0xa1, 0x72, 0x69, 0x6f, 0x00, 0x06, 0x42, 0x6c, 0x6f, 0x63, 0x6f, 0x73,
    0x00, 0x0f, 0x42, 0x6c, 0x6f, 0x63, 0x6f, 0x73, 0x20, 0x65, 0x20, 0x6d,
    0xc3, 0xb3, 0x76, 0x65, 0x69, 0x73, 0x00, 0x0f, 0x42, 0x6f, 0x6c, 0x73,
    0x61, 0x73, 0x20, 0x65, 0x20, 0x63, 0x61, 0x69, 0x78, 0x61, 0x73, 0x00,
    0x05, 0x42, 0x72, 0x69, 0x73, 0x61, 0x00, 0x0f, 0x42, 0x72, 0x6f, 0x63,
    0x61, 0x73, 0x20, 0x65, 0x20, 0x73, 0x65, 0x72, 0x72, 0x61, 0x73, 0x00,
    0x05, 0x42, 0x75, 0x66, 0x66, 0x73, 0x00, 0x0b, 0x42, 0x75, 0x6d, 0x65,
    0x72, 0x61, 0x6e, 0x67, 0x75, 0x65, 0x73, 0x00, 0x13, 0x42, 0x75, 0x6e,
    0x6e, 0x79, 0x20, 0x4c, 0x6f, 0x61, 0x64, 0x65, 0x72, 0x20, 0xe2, 0x80,
    0x94, 0x20, 0x65, 0x72, 0x72, 0x6f, 0x00, 0x0b, 0x42, 0x75, 0x6e, 0x6e,
    0x79, 0x4c, 0x6f, 0x61, 0x64, 0x65, 0x72, 0x00, 0x01, 0x43, 0x00, 0x0d,
    0x43, 0x41, 0x43, 0x48, 0x45, 0x5f, 0x53, 0x50, 0x52, 0x49, 0x54, 0x45,
    0x53, 0x00, 0x02, 0x43, 0x49, 0x00, 0x0c, 0x43, 0x4c, 0x5f, 0x41, 0x43,
    0x43, 0x45, 0x53, 0x53, 0x4f, 0x52, 0x59, 0x00, 0x07, 0x43, 0x4c, 0x5f,
    0x41, 0x4d, 0x4d, 0x4f, 0x00, 0x08, 0x43, 0x4c, 0x5f, 0x41, 0x52, 0x4d,
    0x4f, 0x52, 0x00, 0x08, 0x43, 0x4c, 0x5f, 0x42, 0x4c, 0x4f, 0x43, 0x4b,
    0x00, 0x08, 0x43, 0x4c, 0x5f, 0x4d, 0x41, 0x47, 0x49, 0x43, 0x00, 0x08,
    0x43, 0x4c, 0x5f, 0x4d, 0x45, 0x4c, 0x45, 0x45, 0x00, 0x08, 0x43, 0x4c,
    0x5f, 0x4f, 0x54, 0x48, 0x45, 0x52, 0x00, 0x09, 0x43, 0x4c, 0x5f, 0x50,
    0x4f, 0x54, 0x49, 0x4f, 0x4e, 0x00, 0x09, 0x43, 0x4c, 0x5f, 0x52, 0x41,
    0x4e, 0x47, 0x45, 0x44, 0x00, 0x09, 0x43, 0x4c, 0x5f, 0x53, 0x55, 0x4d,
    0x4d, 0x4f, 0x4e, 0x00, 0x07, 0x43, 0x4c, 0x5f, 0x54, 0x4f, 0x4f, 0x4c,
    0x00, 0x06, 0x43, 0x4f, 0x4c, 0x4f, 0x52, 0x53, 0x00, 0x07, 0x43, 0x5f,
    0x45, 0x52, 0x52, 0x4f, 0x52, 0x00, 0x06, 0x43, 0x5f, 0x48, 0x49, 0x4e,
    0x54, 0x00, 0x07, 0x43, 0x5f, 0x49, 0x4e, 0x50, 0x55, 0x54, 0x00, 0x05,
    0x43, 0x5f, 0x4c, 0x4f, 0x47, 0x00, 0x07, 0x43, 0x5f, 0x50, 0x52, 0x49,
    0x4e, 0x54, 0x00, 0x08, 0x43, 0x5f, 0x50, 0x52, 0x4f, 0x4d, 0x50, 0x54,
    0x00, 0x08, 0x43, 0x5f, 0x52, 0x45, 0x53, 0x55, 0x4c, 0x54, 0x00, 0x06,
    0x43, 0x5f, 0x57, 0x41, 0x52, 0x4e, 0x00, 0x07, 0x43, 0x61, 0x6a, 0x61,
    0x64, 0x6f, 0x73, 0x00, 0x05, 0x43, 0x61, 0x6c, 0x6d, 0x6f, 0x00, 0x18,
    0x43, 0x61, 0x6c, 0x6d, 0x6f, 0x2c, 0x20, 0x62, 0x72, 0x69, 0x73, 0x61,
    0x20, 0x6f, 0x75, 0x20, 0x76, 0x65, 0x6e, 0x74, 0x61, 0x6e, 0x69, 0x61,
    0x00, 0x08, 0x43, 0x61, 0x6c, 0xc3, 0xa7, 0x61, 0x64, 0x6f, 0x73, 0x00,
    0x06, 0x43, 0x61, 0x6c, 0xc3, 0xa7, 0x61, 0x73, 0x00, 0x08, 0x43, 0x61,
    0x6e, 0x63, 0x65, 0x6c, 0x61, 0x72, 0x00, 0x09, 0x43, 0x61, 0x70, 0x61,
    0x63, 0x65, 0x74, 0x65, 0x73, 0x00, 0x07, 0x43, 0x61, 0x74, 0x61, 0x6c,
    0x6f, 0x67, 0x00, 0x08, 0x43, 0x65, 0x69, 0x66, 0x61, 0x64, 0x6f, 0x72,
    0x00, 0x12, 0x43, 0x65, 0x72, 0x65, 0x62, 0x72, 0x6f, 0x20, 0x64, 0x65,
    0x20, 0x43, 0x74, 0x68, 0x75, 0x6c, 0x68, 0x75, 0x00, 0x10, 0x43, 0x68,
    0x65, 0x61, 0x74, 0x42, 0x72, 0x69, 0x64, 0x67, 0x65, 0x2e, 0x6a, 0x61,
    0x76, 0x61, 0x00, 0x0e, 0x43, 0x68, 0x65, 0x61, 0x74, 0x44, 0x61, 0x74,
    0x61, 0x2e, 0x6a, 0x61, 0x76, 0x61, 0x00, 0x06, 0x43, 0x68, 0x65, 0x66,
    0x65, 0x73, 0x00, 0x08, 0x43, 0x68, 0x69, 0x63, 0x6f, 0x74, 0x65, 0x73,
    0x00, 0x05, 0x43, 0x68, 0x75, 0x76, 0x61, 0x00, 0x08, 0x43, 0x69, 0x62,
    0x6f, 0x72, 0x67, 0x75, 0x65, 0x00, 0x08, 0x43, 0x6c, 0xc3, 0xa1, 0x73,
    0x73, 0x69, 0x63, 0x6f, 0x00, 0x21, 0x43, 0x6c, 0xc3, 0xa1, 0x73, 0x73,
    0x69, 0x63, 0x6f, 0x2c, 0x20, 0x45, 0x78, 0x70, 0x65, 0x72, 0x74, 0x2c,
    0x20, 0x4d, 0x65, 0x73, 0x74, 0x72, 0x65, 0x2c, 0x20, 0x4a, 0x6f, 0x72,
    0x6e, 0x61, 0x64, 0x61, 0x00, 0x08, 0x43, 0x6f, 0x62, 0x72, 0x61, 0x64,
    0x6f, 0x72, 0x00, 0x0b, 0x43, 0x6f, 0x64, 0x65, 0x57, 0x61, 0x74, 0x63,
    0x68, 0x65, 0x72, 0x00, 0x0b, 0x43, 0x6f, 0x6d, 0x65, 0x72, 0x63, 0x69,
    0x61, 0x6e, 0x74, 0x65, 0x00, 0x06, 0x43, 0x6f, 0x6d, 0x69, 0x64, 0x61,
    0x00, 0x1d, 0x43, 0x6f, 0x6d, 0x6f, 0x20, 0x76, 0x65, 0x6e, 0x63, 0x65,
    0x72, 0x20, 0x61, 0x20, 0x50, 0x61, 0x72, 0x65, 0x64, 0x65, 0x20, 0x64,
    0x65, 0x20, 0x43, 0x61, 0x72, 0x6e, 0x65, 0x00, 0x07, 0x43, 0x6f, 0x6e,
    0x73, 0x6f, 0x6c, 0x65, 0x00, 0x06, 0x43, 0x6f, 0x70, 0x69, 0x61, 0x72,
    0x00, 0x0d, 0x43, 0x6f, 0x72, 0x70, 0x6f, 0x20, 0x61, 0x20, 0x63, 0x6f,
    0x72, 0x70, 0x6f, 0x00, 0x17, 0x43, 0x6f, 0x72, 0x72, 0x65, 0x20, 0x6d,
    0x75, 0x69, 0x74, 0x6f, 0x20, 0x6d, 0x61, 0x69, 0x73, 0x20, 0x72, 0xc3,
    0xa1, 0x70, 0x69, 0x64, 0x6f, 0x00, 0x09, 0x43, 0x72, 0x69, 0x61, 0x74,
    0x75, 0x72, 0x61, 0x73, 0x00, 0x08, 0x43, 0x75, 0x6c, 0x74, 0x69, 0x73,
    0x74, 0x61, 0x00, 0x04, 0x43, 0x75, 0x72, 0x61, 0x00, 0x0a, 0x43, 0x75,
    0x72, 0x61, 0x6e, 0x64, 0x65, 0x69, 0x72, 0x6f, 0x00, 0x01, 0x44, 0x00,
    0x02, 0x44, 0x44, 0x00, 0x07, 0x44, 0x45, 0x46, 0x41, 0x55, 0x4c, 0x54,
    0x00, 0x08, 0x44, 0x45, 0x4c, 0x41, 0x59, 0x5f, 0x4d, 0x53, 0x00, 0x0a,
    0x44, 0x61, 0x6e, 0x6f, 0x20, 0x65, 0x78, 0x74, 0x72, 0x61, 0x00, 0x07,
    0x44, 0x65, 0x62, 0x75, 0x66, 0x66, 0x73, 0x00, 0x09, 0x44, 0x65, 0x65,
    0x72, 0x63, 0x6c, 0x6f, 0x70, 0x73, 0x00, 0x09, 0x44, 0x65, 0x6d, 0x6f,
    0x6c, 0x69, 0x64, 0x6f, 0x72, 0x00, 0x0d, 0x44, 0x65, 0x73, 0x6c, 0x69,
    0x67, 0x61, 0x72, 0x20, 0x74, 0x75, 0x64, 0x6f, 0x00, 0x0d, 0x44, 0x65,
    0x76, 0x54, 0x6f, 0x6f, 0x6c, 0x73, 0x2e, 0x6a, 0x61, 0x76, 0x61, 0x00,
    0x13, 0x44, 0x65, 0x76, 0x6f, 0x72, 0x61, 0x64, 0x6f, 0x72, 0x20, 0x64,
    0x65, 0x20, 0x4d, 0x75, 0x6e, 0x64, 0x6f, 0x73, 0x00, 0x0b, 0x44, 0x69,
    0x66, 0x69, 0x63, 0x75, 0x6c, 0x64, 0x61, 0x64, 0x65, 0x00, 0x0e, 0x44,
    0x69, 0x73, 0x63, 0x6f, 0x20, 0x4d, 0x61, 0x72, 0x63, 0x69, 0x61, 0x6e,
    0x6f, 0x00, 0x0b, 0x44, 0x72, 0x61, 0x67, 0x48, 0x61, 0x6e, 0x64, 0x6c,
    0x65, 0x72, 0x00, 0x05, 0x44, 0x72, 0x79, 0x61, 0x64, 0x00, 0x0c, 0x44,
    0x75, 0x6b, 0x65, 0x20, 0x46, 0x69, 0x73, 0x68, 0x72, 0x6f, 0x6e, 0x00,
    0x06, 0x45, 0x64, 0x69, 0x74, 0x6f, 0x72, 0x00, 0x0a, 0x45, 0x6e, 0x66,
    0x65, 0x72, 0x6d, 0x65, 0x69, 0x72, 0x61, 0x00, 0x0f, 0x45, 0x6e, 0x74,
    0x72, 0x65, 0x20, 0x6e, 0x75, 0x6d, 0x20, 0x6d, 0x75, 0x6e, 0x64, 0x6f,
    0x00, 0x18, 0x45, 0x6e, 0x74, 0x72, 0x65, 0x20, 0x6e, 0x75, 0x6d, 0x20,
    0x6d, 0x75, 0x6e, 0x64, 0x6f, 0x20, 0x70, 0x72, 0x69, 0x6d, 0x65, 0x69,
    0x72, 0x6f, 0x00, 0x07, 0x45, 0x73, 0x63, 0x75, 0x64, 0x6f, 0x73, 0x00,
    0x07, 0x45, 0x73, 0x70, 0x61, 0x64, 0x61, 0x73, 0x00, 0x0e, 0x45, 0x73,
    0x70, 0x61, 0x64, 0x61, 0x73, 0x20, 0x63, 0x75, 0x72, 0x74, 0x61, 0x73,
    0x00, 0x08, 0x45, 0x73, 0x70, 0x65, 0x63, 0x74, 0x72, 0x6f, 0x00, 0x09,
    0x45, 0x73, 0x71, 0x75, 0x65, 0x6c, 0x65, 0x74, 0x6f, 0x00, 0x09, 0x45,
    0x73, 0x74, 0x69, 0x6c, 0x69, 0x73, 0x74, 0x61, 0x00, 0x06, 0x45, 0x78,
    0x70, 0x65, 0x72, 0x74, 0x00, 0x01, 0x46, 0x00, 0x02, 0x46, 0x46, 0x00,
    0x03, 0x46, 0x46, 0x46, 0x00, 0x02, 0x46, 0x49, 0x00, 0x04, 0x46, 0x49,
    0x4c, 0x4c, 0x00, 0x0a, 0x46, 0x49, 0x54, 0x5f, 0x43, 0x45, 0x4e, 0x54,
    0x45, 0x52, 0x00, 0x02, 0x46, 0x4c, 0x00, 0x0a, 0x46, 0x4c, 0x4f, 0x41,
    0x54, 0x5f, 0x53, 0x49, 0x5a, 0x45, 0x00, 0x07, 0x46, 0x4f, 0x4c, 0x44,
    0x45, 0x52, 0x53, 0x00, 0x0d, 0x46, 0x4f, 0x4c, 0x44, 0x45, 0x52, 0x5f,
    0x46, 0x49, 0x45, 0x4c, 0x44, 0x53, 0x00, 0x06, 0x46, 0x52, 0x41, 0x4d,
    0x45, 0x53, 0x00, 0x07, 0x46, 0x52, 0x41, 0x4d, 0x45, 0x5f, 0x48, 0x00,
    0x08, 0x46, 0x52, 0x41, 0x4d, 0x45, 0x5f, 0x4d, 0x53, 0x00, 0x07, 0x46,
    0x52, 0x41, 0x4d, 0x45, 0x5f, 0x57, 0x00, 0x06, 0x46, 0x65, 0x63, 0x68,
    0x61, 0x72, 0x00, 0x06, 0x46, 0x65, 0x69, 0x74, 0x6f, 0x21, 0x00, 0x0b,
    0x46, 0x65, 0x72, 0x72, 0x61, 0x6d, 0x65, 0x6e, 0x74, 0x61, 0x73, 0x00,
    0x1e, 0x46, 0x69, 0x63, 0x61, 0x20, 0x66, 0x61, 0x76, 0x6f, 0x72, 0x69,
    0x74, 0x6f, 0x2c, 0x20, 0x6d, 0x6f, 0x65, 0x64, 0x61, 0x20, 0x65, 0x20,
    0x6d, 0x75, 0x6e, 0x69, 0xc3, 0xa7, 0xc3, 0xa3, 0x6f, 0x00, 0x07, 0x46,
    0x6c, 0x65, 0x63, 0x68, 0x61, 0x73, 0x00, 0x09, 0x46, 0x6c, 0x6f, 0x61,
    0x74, 0x44, 0x72, 0x61, 0x67, 0x00, 0x08, 0x46, 0x6f, 0x67, 0x75, 0x65,
    0x74, 0x65, 0x73, 0x00, 0x0c, 0x46, 0x6f, 0x72, 0x6d, 0x69, 0x67, 0x61,
    0x2d, 0x6c, 0x65, 0x61, 0x6f, 0x00, 0x05, 0x46, 0x6f, 0x72, 0x74, 0x65,
    0x00, 0x07, 0x46, 0x72, 0x61, 0x73, 0x63, 0x6f, 0x73, 0x00, 0x10, 0x46,
    0x75, 0x6e, 0x69, 0x6c, 0x65, 0x69, 0x72, 0x6f, 0x20, 0x47, 0x6f, 0x62,
    0x6c, 0x69, 0x6e, 0x00, 0x09, 0x47, 0x41, 0x4d, 0x45, 0x5f, 0x4d, 0x4f,
    0x44, 0x45, 0x00, 0x0e, 0x47, 0x41, 0x4d, 0x45, 0x5f, 0x4d, 0x4f, 0x44,
    0x45, 0x5f, 0x49, 0x43, 0x4f, 0x4e, 0x00, 0x05, 0x47, 0x52, 0x41, 0x53,
    0x53, 0x00, 0x09, 0x47, 0x52, 0x41, 0x53, 0x53, 0x5f, 0x4c, 0x49, 0x54,
    0x00, 0x07, 0x47, 0x61, 0x6e, 0x63, 0x68, 0x6f, 0x73, 0x00, 0x05, 0x47,
    0x61, 0x72, 0x6f, 0x61, 0x00, 0x1a, 0x47, 0x61, 0x72, 0x6f, 0x61, 0x2c,
    0x20, 0x66, 0x6f, 0x72, 0x74, 0x65, 0x20, 0x6f, 0x75, 0x20, 0x74, 0x65,
    0x6d, 0x70, 0x65, 0x73, 0x74, 0x61, 0x64, 0x65, 0x00, 0x0f, 0x47, 0x61,
    0x72, 0x6f, 0x74, 0x61, 0x20, 0x64, 0x61, 0x20, 0x46, 0x65, 0x73, 0x74,
    0x61, 0x00, 0x05, 0x47, 0x6f, 0x6c, 0x65, 0x6d, 0x00, 0x0d, 0x47, 0x6f,
    0x6c, 0x65, 0x6d, 0x20, 0x64, 0x65, 0x20, 0x47, 0x65, 0x6c, 0x6f, 0x00,
    0x08, 0x47, 0x6f, 0x6c, 0x66, 0x69, 0x73, 0x74, 0x61, 0x00, 0x04, 0x47,
    0x75, 0x69, 0x61, 0x00, 0x08, 0x48, 0x61, 0x72, 0x64, 0x6d, 0x6f, 0x64,
    0x65, 0x00, 0x06, 0x48, 0x61, 0x72, 0x70, 0x69, 0x61, 0x00, 0x02, 0x48,
    0x6c, 0x00, 0x01, 0x49, 0x00, 0x02, 0x49, 0x43, 0x00, 0x02, 0x49, 0x46,
    0x00, 0x04, 0x49, 0x46, 0x49, 0x49, 0x00, 0x02, 0x49, 0x49, 0x00, 0x03,
    0x49, 0x49, 0x49, 0x00, 0x02, 0x49, 0x4c, 0x00, 0x03, 0x49, 0x4c, 0x46,
    0x00, 0x03, 0x49, 0x4c, 0x49, 0x00, 0x03, 0x49, 0x4c, 0x4c, 0x00, 0x04,
    0x49, 0x4c, 0x4c, 0x4c, 0x00, 0x03, 0x49, 0x4e, 0x4b, 0x00, 0x07, 0x49,
    0x4e, 0x4b, 0x5f, 0x44, 0x49, 0x4d, 0x00, 0x04, 0x49, 0x54, 0x45, 0x4d,
    0x00, 0x05, 0x49, 0x54, 0x45, 0x4e, 0x53, 0x00, 0x16, 0x49, 0x6c, 0x75,
    0x6d, 0x69, 0x6e, 0x61, 0x20, 0x61, 0x20, 0x74, 0x65, 0x6c, 0x61, 0x20,
    0x69, 0x6e, 0x74, 0x65, 0x69, 0x72, 0x61, 0x00, 0x07, 0x49, 0x6d, 0x6f,
    0x72, 0x74, 0x61, 0x6c, 0x00, 0x11, 0x49, 0x6d, 0x70, 0x65, 0x72, 0x61,
    0x74, 0x72, 0x69, 0x7a, 0x20, 0x64, 0x61, 0x20, 0x4c, 0x75, 0x7a, 0x00,
    0x1f, 0x49, 0x6e, 0x69, 0x6d, 0x69, 0x67, 0x6f, 0x73, 0x2c, 0x20, 0x74,
    0x69, 0x72, 0x6f, 0x73, 0x20, 0x65, 0x20, 0x72, 0x65, 0x6c, 0xc3, 0xb3,
    0x67, 0x69, 0x6f, 0x20, 0x70, 0x61, 0x72, 0x61, 0x6d, 0x00, 0x07, 0x49,
    0x6e, 0x76, 0x6f, 0x63, 0x61, 0x72, 0x00, 0x09, 0x49, 0x6e, 0x76, 0x6f,
    0x63, 0x61, 0xc3, 0xa7, 0xc3, 0xa3, 0x6f, 0x00, 0x16, 0x49, 0x6e, 0x76,
    0x6f, 0x63, 0x61, 0xc3, 0xa7, 0xc3, 0xb5, 0x65, 0x73, 0x20, 0x65, 0x20,
    0x6d, 0x6f, 0x6e, 0x74, 0x61, 0x72, 0x69, 0x61, 0x73, 0x00, 0x16, 0x49,
    0x6e, 0x76, 0x6f, 0x71, 0x75, 0x65, 0x20, 0x71, 0x75, 0x61, 0x6e, 0x74,
    0x6f, 0x73, 0x20, 0x71, 0x75, 0x69, 0x73, 0x65, 0x72, 0x00, 0x05, 0x49,
    0x6f, 0x69, 0xc3, 0xb4, 0x73, 0x00, 0x05, 0x49, 0x73, 0x63, 0x61, 0x73,
    0x00, 0x01, 0x4a, 0x00, 0x02, 0x4a, 0x49, 0x00, 0x06, 0x4a, 0x61, 0x6e,
    0x65, 0x6c, 0x61, 0x00, 0x07, 0x4a, 0x6f, 0x72, 0x6e, 0x61, 0x64, 0x61,
    0x00, 0x0a, 0x4b, 0x45, 0x45, 0x50, 0x5f, 0x4c, 0x49, 0x4e, 0x45, 0x53,
    0x00, 0x10, 0x4b, 0x65, 0x79, 0x62, 0x6f, 0x61, 0x72, 0x64, 0x4c, 0x69,
    0x73, 0x74, 0x65, 0x6e, 0x65, 0x72, 0x00, 0x0f, 0x4b, 0x65, 0x79, 0x62,
    0x6f, 0x61, 0x72, 0x64, 0x57, 0x61, 0x74, 0x63, 0x68, 0x65, 0x72, 0x00,
    0x01, 0x4c, 0x00, 0x02, 0x4c, 0x43, 0x00, 0x02, 0x4c, 0x49, 0x00, 0x03,
    0x4c, 0x49, 0x49, 0x00, 0x04, 0x4c, 0x49, 0x49, 0x4c, 0x00, 0x03, 0x4c,
    0x49, 0x4c, 0x00, 0x04, 0x4c, 0x49, 0x4c, 0x4c, 0x00, 0x02, 0x4c, 0x4a,
    0x00, 0x02, 0x4c, 0x4c, 0x00, 0x03, 0x4c, 0x4c, 0x46, 0x00, 0x03, 0x4c,
    0x4c, 0x49, 0x00, 0x04, 0x4c, 0x4c, 0x49, 0x49, 0x00, 0x05, 0x4c, 0x4c,
    0x49, 0x49, 0x49, 0x00, 0x06, 0x4c, 0x4c, 0x49, 0x49, 0x49, 0x49, 0x00,
    0x04, 0x4c, 0x4c, 0x49, 0x4c, 0x00, 0x06, 0x4c, 0x4c, 0x49, 0x4c, 0x49,
    0x49, 0x00, 0x03, 0x4c, 0x4c, 0x4c, 0x00, 0x04, 0x4c, 0x4c, 0x4c, 0x46,
    0x00, 0x05, 0x4c, 0x4c, 0x4c, 0x46, 0x49, 0x00, 0x04, 0x4c, 0x4c, 0x4c,
    0x49, 0x00, 0x05, 0x4c, 0x4c, 0x4c, 0x49, 0x4c, 0x00, 0x06, 0x4c, 0x4c,
    0x4c, 0x49, 0x4c, 0x4c, 0x00, 0x04, 0x4c, 0x4c, 0x4c, 0x4c, 0x00, 0x05,
    0x4c, 0x4c, 0x4c, 0x4c, 0x49, 0x00, 0x06, 0x4c, 0x4c, 0x4c, 0x4c, 0x49,
    0x46, 0x00, 0x07, 0x4c, 0x4c, 0x4c, 0x4c, 0x49, 0x49, 0x4c, 0x00, 0x05,
    0x4c, 0x4c, 0x4c, 0x4c, 0x4c, 0x00, 0x07, 0x4c, 0x61, 0x63, 0x61, 0x69,
    0x6f, 0x73, 0x00, 0x11, 0x4c, 0x61, 0x63, 0x61, 0x69, 0x6f, 0x73, 0x20,
    0x69, 0x6e, 0x66, 0x69, 0x6e, 0x69, 0x74, 0x6f, 0x73, 0x00, 0x24, 0x4c,
    0x61, 0x6e, 0x64, 0x72, 0x6f, 0x69, 0x64, 0x2f, 0x61, 0x6e, 0x69, 0x6d,
    0x61, 0x74, 0x69, 0x6f, 0x6e, 0x2f, 0x54, 0x69, 0x6d, 0x65, 0x49, 0x6e,
    0x74, 0x65, 0x72, 0x70, 0x6f, 0x6c, 0x61, 0x74, 0x6f, 0x72, 0x3b, 0x00,
    0x38, 0x4c, 0x61, 0x6e, 0x64, 0x72, 0x6f, 0x69, 0x64, 0x2f, 0x61, 0x6e,
    0x69, 0x6d, 0x61, 0x74, 0x69, 0x6f, 0x6e, 0x2f, 0x56, 0x61, 0x6c, 0x75,
    0x65, 0x41, 0x6e, 0x69, 0x6d, 0x61, 0x74, 0x6f, 0x72, 0x24, 0x41, 0x6e,
    0x69, 0x6d, 0x61, 0x74, 0x6f, 0x72, 0x55, 0x70, 0x64, 0x61, 0x74, 0x65,
    0x4c, 0x69, 0x73, 0x74, 0x65, 0x6e, 0x65, 0x72, 0x3b, 0x00, 0x21, 0x4c,
    0x61, 0x6e, 0x64, 0x72, 0x6f, 0x69, 0x64, 0x2f, 0x61, 0x6e, 0x69, 0x6d,
    0x61, 0x74, 0x69, 0x6f, 0x6e, 0x2f, 0x56, 0x61, 0x6c, 0x75, 0x65, 0x41,
    0x6e, 0x69, 0x6d, 0x61, 0x74, 0x6f, 0x72, 0x3b, 0x00, 0x16, 0x4c, 0x61,
    0x6e, 0x64, 0x72, 0x6f, 0x69, 0x64, 0x2f, 0x61, 0x70, 0x70, 0x2f, 0x41,
    0x63, 0x74, 0x69, 0x76, 0x69, 0x74, 0x79, 0x3b, 0x00, 0x21, 0x4c, 0x61,
    0x6e, 0x64, 0x72, 0x6f, 0x69, 0x64, 0x2f, 0x61, 0x70, 0x70, 0x2f, 0x41,
    0x6c, 0x65, 0x72, 0x74, 0x44, 0x69, 0x61, 0x6c, 0x6f, 0x67, 0x24, 0x42,
    0x75, 0x69, 0x6c, 0x64, 0x65, 0x72, 0x3b, 0x00, 0x19, 0x4c, 0x61, 0x6e,
    0x64, 0x72, 0x6f, 0x69, 0x64, 0x2f, 0x61, 0x70, 0x70, 0x2f, 0x41, 0x6c,
    0x65, 0x72, 0x74, 0x44, 0x69, 0x61, 0x6c, 0x6f, 0x67, 0x3b, 0x00, 0x1a,
    0x4c, 0x61, 0x6e, 0x64, 0x72, 0x6f, 0x69, 0x64, 0x2f, 0x63, 0x6f, 0x6e,
    0x74, 0x65, 0x6e, 0x74, 0x2f, 0x43, 0x6c, 0x69, 0x70, 0x44, 0x61, 0x74,
    0x61, 0x3b, 0x00, 0x22, 0x4c, 0x61, 0x6e, 0x64, 0x72, 0x6f, 0x69, 0x64,
    0x2f, 0x63, 0x6f, 0x6e, 0x74, 0x65, 0x6e, 0x74, 0x2f, 0x43, 0x6c, 0x69,
    0x70, 0x62, 0x6f, 0x61, 0x72, 0x64, 0x4d, 0x61, 0x6e, 0x61, 0x67, 0x65,
    0x72, 0x3b, 0x00, 0x19, 0x4c, 0x61, 0x6e, 0x64, 0x72, 0x6f, 0x69, 0x64,
    0x2f, 0x63, 0x6f, 0x6e, 0x74, 0x65, 0x6e, 0x74, 0x2f, 0x43, 0x6f, 0x6e,
    0x74, 0x65, 0x78, 0x74, 0x3b, 0x00, 0x31, 0x4c, 0x61, 0x6e, 0x64, 0x72,
    0x6f, 0x69, 0x64, 0x2f, 0x63, 0x6f, 0x6e, 0x74, 0x65, 0x6e, 0x74, 0x2f,
    0x44, 0x69, 0x61, 0x6c, 0x6f, 0x67, 0x49, 0x6e, 0x74, 0x65, 0x72, 0x66,
    0x61, 0x63, 0x65, 0x24, 0x4f, 0x6e, 0x43, 0x6c, 0x69, 0x63, 0x6b, 0x4c,
    0x69, 0x73, 0x74, 0x65, 0x6e, 0x65, 0x72, 0x3b, 0x00, 0x18, 0x4c, 0x61,
    0x6e, 0x64, 0x72, 0x6f, 0x69, 0x64, 0x2f, 0x63, 0x6f, 0x6e, 0x74, 0x65,
    0x6e, 0x74, 0x2f, 0x49, 0x6e, 0x74, 0x65, 0x6e, 0x74, 0x3b, 0x00, 0x2a,
    0x4c, 0x61, 0x6e, 0x64, 0x72, 0x6f, 0x69, 0x64, 0x2f, 0x63, 0x6f, 0x6e,
    0x74, 0x65, 0x6e, 0x74, 0x2f, 0x53, 0x68, 0x61, 0x72, 0x65, 0x64, 0x50,
    0x72, 0x65, 0x66, 0x65, 0x72, 0x65, 0x6e, 0x63, 0x65, 0x73, 0x24, 0x45,
    0x64, 0x69, 0x74, 0x6f, 0x72, 0x3b, 0x00, 0x23, 0x4c, 0x61, 0x6e, 0x64,
    0x72, 0x6f, 0x69, 0x64, 0x2f, 0x63, 0x6f, 0x6e, 0x74, 0x65, 0x6e, 0x74,
    0x2f, 0x53, 0x68, 0x61, 0x72, 0x65, 0x64, 0x50, 0x72, 0x65, 0x66, 0x65,
    0x72, 0x65, 0x6e, 0x63, 0x65, 0x73, 0x3b, 0x00, 0x22, 0x4c, 0x61, 0x6e,
    0x64, 0x72, 0x6f, 0x69, 0x64, 0x2f, 0x63, 0x6f, 0x6e, 0x74, 0x65, 0x6e,
    0x74, 0x2f, 0x72, 0x65, 0x73, 0x2f, 0x41, 0x73, 0x73, 0x65, 0x74, 0x4d,
    0x61, 0x6e, 0x61, 0x67, 0x65, 0x72, 0x3b, 0x00, 0x1f, 0x4c, 0x61, 0x6e,
    0x64, 0x72, 0x6f, 0x69, 0x64, 0x2f, 0x63, 0x6f, 0x6e, 0x74, 0x65, 0x6e,
    0x74, 0x2f, 0x72, 0x65, 0x73, 0x2f, 0x52, 0x65, 0x73, 0x6f, 0x75, 0x72,
    0x63, 0x65, 0x73, 0x3b, 0x00, 0x19, 0x4c, 0x61, 0x6e, 0x64, 0x72, 0x6f,
    0x69, 0x64, 0x2f, 0x67, 0x72, 0x61, 0x70, 0x68, 0x69, 0x63, 0x73, 0x2f,
    0x42, 0x69, 0x74, 0x6d, 0x61, 0x70, 0x3b, 0x00, 0x28, 0x4c, 0x61, 0x6e,
    0x64, 0x72, 0x6f, 0x69, 0x64, 0x2f, 0x67, 0x72, 0x61, 0x70, 0x68, 0x69,
    0x63, 0x73, 0x2f, 0x42, 0x69, 0x74, 0x6d, 0x61, 0x70, 0x46, 0x61, 0x63,
    0x74, 0x6f, 0x72, 0x79, 0x24, 0x4f, 0x70, 0x74, 0x69, 0x6f, 0x6e, 0x73,
    0x3b, 0x00, 0x20, 0x4c, 0x61, 0x6e, 0x64, 0x72, 0x6f, 0x69, 0x64, 0x2f,
    0x67, 0x72, 0x61, 0x70, 0x68, 0x69, 0x63, 0x73, 0x2f, 0x42, 0x69, 0x74,
    0x6d, 0x61, 0x70, 0x46, 0x61, 0x63, 0x74, 0x6f, 0x72, 0x79, 0x3b, 0x00,
    0x19, 0x4c, 0x61, 0x6e, 0x64, 0x72, 0x6f, 0x69, 0x64, 0x2f, 0x67, 0x72,
    0x61, 0x70, 0x68, 0x69, 0x63, 0x73, 0x2f, 0x43, 0x61, 0x6e, 0x76, 0x61,
    0x73, 0x3b, 0x00, 0x1d, 0x4c, 0x61, 0x6e, 0x64, 0x72, 0x6f, 0x69, 0x64,
    0x2f, 0x67, 0x72, 0x61, 0x70, 0x68, 0x69, 0x63, 0x73, 0x2f, 0x50, 0x61,
    0x69, 0x6e, 0x74, 0x24, 0x4a, 0x6f, 0x69, 0x6e, 0x3b, 0x00, 0x1e, 0x4c,
    0x61, 0x6e, 0x64, 0x72, 0x6f, 0x69, 0x64, 0x2f, 0x67, 0x72, 0x61, 0x70,
    0x68, 0x69, 0x63, 0x73, 0x2f, 0x50, 0x61, 0x69, 0x6e, 0x74, 0x24, 0x53,
    0x74, 0x79, 0x6c, 0x65, 0x3b, 0x00, 0x18, 0x4c, 0x61, 0x6e, 0x64, 0x72,
    0x6f, 0x69, 0x64, 0x2f, 0x67, 0x72, 0x61, 0x70, 0x68, 0x69, 0x63, 0x73,
    0x2f, 0x50, 0x61, 0x69, 0x6e, 0x74, 0x3b, 0x00, 0x17, 0x4c, 0x61, 0x6e,
    0x64, 0x72, 0x6f, 0x69, 0x64, 0x2f, 0x67, 0x72, 0x61, 0x70, 0x68, 0x69,
    0x63, 0x73, 0x2f, 0x52, 0x65, 0x63, 0x74, 0x3b, 0x00, 0x1b, 0x4c, 0x61,
    0x6e, 0x64, 0x72, 0x6f, 0x69, 0x64, 0x2f, 0x67, 0x72, 0x61, 0x70, 0x68,
    0x69, 0x63, 0x73, 0x2f, 0x54, 0x79, 0x70, 0x65, 0x66, 0x61, 0x63, 0x65,
    0x3b, 0x00, 0x2a, 0x4c, 0x61, 0x6e, 0x64, 0x72, 0x6f, 0x69, 0x64, 0x2f,
    0x67, 0x72, 0x61, 0x70, 0x68, 0x69, 0x63, 0x73, 0x2f, 0x64, 0x72, 0x61,
    0x77, 0x61, 0x62, 0x6c, 0x65, 0x2f, 0x42, 0x69, 0x74, 0x6d, 0x61, 0x70,
    0x44, 0x72, 0x61, 0x77, 0x61, 0x62, 0x6c, 0x65, 0x3b, 0x00, 0x29, 0x4c,
    0x61, 0x6e, 0x64, 0x72, 0x6f, 0x69, 0x64, 0x2f, 0x67, 0x72, 0x61, 0x70,
    0x68, 0x69, 0x63, 0x73, 0x2f, 0x64, 0x72, 0x61, 0x77, 0x61, 0x62, 0x6c,
    0x65, 0x2f, 0x43, 0x6f, 0x6c, 0x6f, 0x72, 0x44, 0x72, 0x61, 0x77, 0x61,
    0x62, 0x6c, 0x65, 0x3b, 0x00, 0x24, 0x4c, 0x61, 0x6e, 0x64, 0x72, 0x6f,
    0x69, 0x64, 0x2f, 0x67, 0x72, 0x61, 0x70, 0x68, 0x69, 0x63, 0x73, 0x2f,
    0x64, 0x72, 0x61, 0x77, 0x61, 0x62, 0x6c, 0x65, 0x2f, 0x44, 0x72, 0x61,
    0x77, 0x61, 0x62, 0x6c, 0x65, 0x3b, 0x00, 0x2c, 0x4c, 0x61, 0x6e, 0x64,
    0x72, 0x6f, 0x69, 0x64, 0x2f, 0x67, 0x72, 0x61, 0x70, 0x68, 0x69, 0x63,
    0x73, 0x2f, 0x64, 0x72, 0x61, 0x77, 0x61, 0x62, 0x6c, 0x65, 0x2f, 0x47,
    0x72, 0x61, 0x64, 0x69, 0x65, 0x6e, 0x74, 0x44, 0x72, 0x61, 0x77, 0x61,
    0x62, 0x6c, 0x65, 0x3b, 0x00, 0x14, 0x4c, 0x61, 0x6e, 0x64, 0x72, 0x6f,
    0x69, 0x64, 0x2f, 0x6f, 0x73, 0x2f, 0x48, 0x61, 0x6e, 0x64, 0x6c, 0x65,
    0x72, 0x3b, 0x00, 0x14, 0x4c, 0x61, 0x6e, 0x64, 0x72, 0x6f, 0x69, 0x64,
    0x2f, 0x6f, 0x73, 0x2f, 0x49, 0x42, 0x69, 0x6e, 0x64, 0x65, 0x72, 0x3b,
    0x00, 0x13, 0x4c, 0x61, 0x6e, 0x64, 0x72, 0x6f, 0x69, 0x64, 0x2f, 0x6f,
    0x73, 0x2f, 0x4c, 0x6f, 0x6f, 0x70, 0x65, 0x72, 0x3b, 0x00, 0x14, 0x4c,
    0x61, 0x6e, 0x64, 0x72, 0x6f, 0x69, 0x64, 0x2f, 0x6f, 0x73, 0x2f, 0x50,
    0x72, 0x6f, 0x63, 0x65, 0x73, 0x73, 0x3b, 0x00, 0x18, 0x4c, 0x61, 0x6e,
    0x64, 0x72, 0x6f, 0x69, 0x64, 0x2f, 0x6f, 0x73, 0x2f, 0x53, 0x79, 0x73,
    0x74, 0x65, 0x6d, 0x43, 0x6c, 0x6f, 0x63, 0x6b, 0x3b, 0x00, 0x17, 0x4c,
    0x61, 0x6e, 0x64, 0x72, 0x6f, 0x69, 0x64, 0x2f, 0x74, 0x65, 0x78, 0x74,
    0x2f, 0x45, 0x64, 0x69, 0x74, 0x61, 0x62, 0x6c, 0x65, 0x3b, 0x00, 0x15,
    0x4c, 0x61, 0x6e, 0x64, 0x72, 0x6f, 0x69, 0x64, 0x2f, 0x74, 0x65, 0x78,
    0x74, 0x2f, 0x4c, 0x61, 0x79, 0x6f, 0x75, 0x74, 0x3b, 0x00, 0x25, 0x4c,
    0x61, 0x6e, 0x64, 0x72, 0x6f, 0x69, 0x64, 0x2f, 0x74, 0x65, 0x78, 0x74,
    0x2f, 0x53, 0x70, 0x61, 0x6e, 0x6e, 0x61, 0x62, 0x6c, 0x65, 0x53, 0x74,
    0x72, 0x69, 0x6e, 0x67, 0x42, 0x75, 0x69, 0x6c, 0x64, 0x65, 0x72, 0x3b,
    0x00, 0x18, 0x4c, 0x61, 0x6e, 0x64, 0x72, 0x6f, 0x69, 0x64, 0x2f, 0x74,
    0x65, 0x78, 0x74, 0x2f, 0x54, 0x65, 0x78, 0x74, 0x50, 0x61, 0x69, 0x6e,
    0x74, 0x3b, 0x00, 0x1a, 0x4c, 0x61, 0x6e, 0x64, 0x72, 0x6f, 0x69, 0x64,
    0x2f, 0x74, 0x65, 0x78, 0x74, 0x2f, 0x54, 0x65, 0x78, 0x74, 0x57, 0x61,
    0x74, 0x63, 0x68, 0x65, 0x72, 0x3b, 0x00, 0x28, 0x4c, 0x61, 0x6e, 0x64,
    0x72, 0x6f, 0x69, 0x64, 0x2f, 0x74, 0x65, 0x78, 0x74, 0x2f, 0x73, 0x74,
    0x79, 0x6c, 0x65, 0x2f, 0x46, 0x6f, 0x72, 0x65, 0x67, 0x72, 0x6f, 0x75,
    0x6e, 0x64, 0x43, 0x6f, 0x6c, 0x6f, 0x72, 0x53, 0x70, 0x61, 0x6e, 0x3b,
    0x00, 0x1d, 0x4c, 0x61, 0x6e, 0x64, 0x72, 0x6f, 0x69, 0x64, 0x2f, 0x75,
    0x74, 0x69, 0x6c, 0x2f, 0x44, 0x69, 0x73, 0x70, 0x6c, 0x61, 0x79, 0x4d,
    0x65, 0x74, 0x72, 0x69, 0x63, 0x73, 0x3b, 0x00, 0x12, 0x4c, 0x61, 0x6e,
    0x64, 0x72, 0x6f, 0x69, 0x64, 0x2f, 0x75, 0x74, 0x69, 0x6c, 0x2f, 0x4c,
    0x6f, 0x67, 0x3b, 0x00, 0x17, 0x4c, 0x61, 0x6e, 0x64, 0x72, 0x6f, 0x69,
    0x64, 0x2f, 0x76, 0x69, 0x65, 0x77, 0x2f, 0x4b, 0x65, 0x79, 0x45, 0x76,
    0x65, 0x6e, 0x74, 0x3b, 0x00, 0x1a, 0x4c, 0x61, 0x6e, 0x64, 0x72, 0x6f,
    0x69, 0x64, 0x2f, 0x76, 0x69, 0x65, 0x77, 0x2f, 0x4d, 0x6f, 0x74, 0x69,
    0x6f, 0x6e, 0x45, 0x76, 0x65, 0x6e, 0x74, 0x3b, 0x00, 0x23, 0x4c, 0x61,
    0x6e, 0x64, 0x72, 0x6f, 0x69, 0x64, 0x2f, 0x76, 0x69, 0x65, 0x77, 0x2f,
    0x56, 0x69, 0x65, 0x77, 0x24, 0x4f, 0x6e, 0x43, 0x6c, 0x69, 0x63, 0x6b,
    0x4c, 0x69, 0x73, 0x74, 0x65, 0x6e, 0x65, 0x72, 0x3b, 0x00, 0x29, 0x4c,
    0x61, 0x6e, 0x64, 0x72, 0x6f, 0x69, 0x64, 0x2f, 0x76, 0x69, 0x65, 0x77,
    0x2f, 0x56, 0x69, 0x65, 0x77, 0x24, 0x4f, 0x6e, 0x46, 0x6f, 0x63, 0x75,
    0x73, 0x43, 0x68, 0x61, 0x6e, 0x67, 0x65, 0x4c, 0x69, 0x73, 0x74, 0x65,
    0x6e, 0x65, 0x72, 0x3b, 0x00, 0x21, 0x4c, 0x61, 0x6e, 0x64, 0x72, 0x6f,
    0x69, 0x64, 0x2f, 0x76, 0x69, 0x65, 0x77, 0x2f, 0x56, 0x69, 0x65, 0x77,
    0x24, 0x4f, 0x6e, 0x4b, 0x65, 0x79, 0x4c, 0x69, 0x73, 0x74, 0x65, 0x6e,
    0x65, 0x72, 0x3b, 0x00, 0x23, 0x4c, 0x61, 0x6e, 0x64, 0x72, 0x6f, 0x69,
    0x64, 0x2f, 0x76, 0x69, 0x65, 0x77, 0x2f, 0x56, 0x69, 0x65, 0x77, 0x24,
    0x4f, 0x6e, 0x54, 0x6f, 0x75, 0x63, 0x68, 0x4c, 0x69, 0x73, 0x74, 0x65,
    0x6e, 0x65, 0x72, 0x3b, 0x00, 0x13, 0x4c, 0x61, 0x6e, 0x64, 0x72, 0x6f,
    0x69, 0x64, 0x2f, 0x76, 0x69, 0x65, 0x77, 0x2f, 0x56, 0x69, 0x65, 0x77,
    0x3b, 0x00, 0x20, 0x4c, 0x61, 0x6e, 0x64, 0x72, 0x6f, 0x69, 0x64, 0x2f,
    0x76, 0x69, 0x65, 0x77, 0x2f, 0x56, 0x69, 0x65, 0x77, 0x43, 0x6f, 0x6e,
    0x66, 0x69, 0x67, 0x75, 0x72, 0x61, 0x74, 0x69, 0x6f, 0x6e, 0x3b, 0x00,
    0x25, 0x4c, 0x61, 0x6e, 0x64, 0x72, 0x6f, 0x69, 0x64, 0x2f, 0x76, 0x69,
    0x65, 0x77, 0x2f, 0x56, 0x69, 0x65, 0x77, 0x47, 0x72, 0x6f, 0x75, 0x70,
    0x24, 0x4c, 0x61, 0x79, 0x6f, 0x75, 0x74, 0x50, 0x61, 0x72, 0x61, 0x6d,
    0x73, 0x3b, 0x00, 0x18, 0x4c, 0x61, 0x6e, 0x64, 0x72, 0x6f, 0x69, 0x64,
    0x2f, 0x76, 0x69, 0x65, 0x77, 0x2f, 0x56, 0x69, 0x65, 0x77, 0x47, 0x72,
    0x6f, 0x75, 0x70, 0x3b, 0x00, 0x19, 0x4c, 0x61, 0x6e, 0x64, 0x72, 0x6f,
    0x69, 0x64, 0x2f, 0x76, 0x69, 0x65, 0x77, 0x2f, 0x56, 0x69, 0x65, 0x77,
    0x50, 0x61, 0x72, 0x65, 0x6e, 0x74, 0x3b, 0x00, 0x36, 0x4c, 0x61, 0x6e,
    0x64, 0x72, 0x6f, 0x69, 0x64, 0x2f, 0x76, 0x69, 0x65, 0x77, 0x2f, 0x56,
    0x69, 0x65, 0x77, 0x54, 0x72, 0x65, 0x65, 0x4f, 0x62, 0x73, 0x65, 0x72,
    0x76, 0x65, 0x72, 0x24, 0x4f, 0x6e, 0x47, 0x6c, 0x6f, 0x62, 0x61, 0x6c,
    0x4c, 0x61, 0x79, 0x6f, 0x75, 0x74, 0x4c, 0x69, 0x73, 0x74, 0x65, 0x6e,
    0x65, 0x72, 0x3b, 0x00, 0x1f, 0x4c, 0x61, 0x6e, 0x64, 0x72, 0x6f, 0x69,
    0x64, 0x2f, 0x76, 0x69, 0x65, 0x77, 0x2f, 0x56, 0x69, 0x65, 0x77, 0x54,
    0x72, 0x65, 0x65, 0x4f, 0x62, 0x73, 0x65, 0x72, 0x76, 0x65, 0x72, 0x3b,
    0x00, 0x15, 0x4c, 0x61, 0x6e, 0x64, 0x72, 0x6f, 0x69, 0x64, 0x2f, 0x76,
    0x69, 0x65, 0x77, 0x2f, 0x57, 0x69, 0x6e, 0x64, 0x6f, 0x77, 0x3b, 0x00,
    0x29, 0x4c, 0x61, 0x6e, 0x64, 0x72, 0x6f, 0x69, 0x64, 0x2f, 0x76, 0x69,
    0x65, 0x77, 0x2f, 0x57, 0x69, 0x6e, 0x64, 0x6f, 0x77, 0x4d, 0x61, 0x6e,
    0x61, 0x67, 0x65, 0x72, 0x24, 0x4c, 0x61, 0x79, 0x6f, 0x75, 0x74, 0x50,
    0x61, 0x72, 0x61, 0x6d, 0x73, 0x3b, 0x00, 0x2f, 0x4c, 0x61, 0x6e, 0x64,
    0x72, 0x6f, 0x69, 0x64, 0x2f, 0x76, 0x69, 0x65, 0x77, 0x2f, 0x61, 0x6e,
    0x69, 0x6d, 0x61, 0x74, 0x69, 0x6f, 0x6e, 0x2f, 0x44, 0x65, 0x63, 0x65,
    0x6c, 0x65, 0x72, 0x61, 0x74, 0x65, 0x49, 0x6e, 0x74, 0x65, 0x72, 0x70,
    0x6f, 0x6c, 0x61, 0x74, 0x6f, 0x72, 0x3b, 0x00, 0x2d, 0x4c, 0x61, 0x6e,
    0x64, 0x72, 0x6f, 0x69, 0x64, 0x2f, 0x76, 0x69, 0x65, 0x77, 0x2f, 0x69,
    0x6e, 0x70, 0x75, 0x74, 0x6d, 0x65, 0x74, 0x68, 0x6f, 0x64, 0x2f, 0x49,
    0x6e, 0x70, 0x75, 0x74, 0x4d, 0x65, 0x74, 0x68, 0x6f, 0x64, 0x4d, 0x61,
    0x6e, 0x61, 0x67, 0x65, 0x72, 0x3b, 0x00, 0x1c, 0x4c, 0x61, 0x6e, 0x64,
    0x72, 0x6f, 0x69, 0x64, 0x2f, 0x77, 0x69, 0x64, 0x67, 0x65, 0x74, 0x2f,
    0x42, 0x61, 0x73, 0x65, 0x41, 0x64, 0x61, 0x70, 0x74, 0x65, 0x72, 0x3b,
    0x00, 0x17, 0x4c, 0x61, 0x6e, 0x64, 0x72, 0x6f, 0x69, 0x64, 0x2f, 0x77,
    0x69, 0x64, 0x67, 0x65, 0x74, 0x2f, 0x42, 0x75, 0x74, 0x74, 0x6f, 0x6e,
    0x3b, 0x00, 0x19, 0x4c, 0x61, 0x6e, 0x64, 0x72, 0x6f, 0x69, 0x64, 0x2f,
    0x77, 0x69, 0x64, 0x67, 0x65, 0x74, 0x2f, 0x45, 0x64, 0x69, 0x74, 0x54,
    0x65, 0x78, 0x74, 0x3b, 0x00, 0x29, 0x4c, 0x61, 0x6e, 0x64, 0x72, 0x6f,
    0x69, 0x64, 0x2f, 0x77, 0x69, 0x64, 0x67, 0x65, 0x74, 0x2f, 0x46, 0x72,
    0x61, 0x6d, 0x65, 0x4c, 0x61, 0x79, 0x6f, 0x75, 0x74, 0x24, 0x4c, 0x61,
    0x79, 0x6f, 0x75, 0x74, 0x50, 0x61, 0x72, 0x61, 0x6d, 0x73, 0x3b, 0x00,
    0x1c, 0x4c, 0x61, 0x6e, 0x64, 0x72, 0x6f, 0x69, 0x64, 0x2f, 0x77, 0x69,
    0x64, 0x67, 0x65, 0x74, 0x2f, 0x46, 0x72, 0x61, 0x6d, 0x65, 0x4c, 0x61,
    0x79, 0x6f, 0x75, 0x74, 0x3b, 0x00, 0x24, 0x4c, 0x61, 0x6e, 0x64, 0x72,
    0x6f, 0x69, 0x64, 0x2f, 0x77, 0x69, 0x64, 0x67, 0x65, 0x74, 0x2f, 0x49,
    0x6d, 0x61, 0x67, 0x65, 0x56, 0x69, 0x65, 0x77, 0x24, 0x53, 0x63, 0x61,
    0x6c, 0x65, 0x54, 0x79, 0x70, 0x65, 0x3b, 0x00, 0x1a, 0x4c, 0x61, 0x6e,
    0x64, 0x72, 0x6f, 0x69, 0x64, 0x2f, 0x77, 0x69, 0x64, 0x67, 0x65, 0x74,
    0x2f, 0x49, 0x6d, 0x61, 0x67, 0x65, 0x56, 0x69, 0x65, 0x77, 0x3b, 0x00,
    0x2a, 0x4c, 0x61, 0x6e, 0x64, 0x72, 0x6f, 0x69, 0x64, 0x2f, 0x77, 0x69,
    0x64, 0x67, 0x65, 0x74, 0x2f, 0x4c, 0x69, 0x6e, 0x65, 0x61, 0x72, 0x4c,
    0x61, 0x79, 0x6f, 0x75, 0x74, 0x24, 0x4c, 0x61, 0x79, 0x6f, 0x75, 0x74,
    0x50, 0x61, 0x72, 0x61, 0x6d, 0x73, 0x3b, 0x00, 0x1d, 0x4c, 0x61, 0x6e,
    0x64, 0x72, 0x6f, 0x69, 0x64, 0x2f, 0x77, 0x69, 0x64, 0x67, 0x65, 0x74,
    0x2f, 0x4c, 0x69, 0x6e, 0x65, 0x61, 0x72, 0x4c, 0x61, 0x79, 0x6f, 0x75,
    0x74, 0x3b, 0x00, 0x1c, 0x4c, 0x61, 0x6e, 0x64, 0x72, 0x6f, 0x69, 0x64,
    0x2f, 0x77, 0x69, 0x64, 0x67, 0x65, 0x74, 0x2f, 0x4c, 0x69, 0x73, 0x74,
    0x41, 0x64, 0x61, 0x70, 0x74, 0x65, 0x72, 0x3b, 0x00, 0x19, 0x4c, 0x61,
    0x6e, 0x64, 0x72, 0x6f, 0x69, 0x64, 0x2f, 0x77, 0x69, 0x64, 0x67, 0x65,
    0x74, 0x2f, 0x4c, 0x69, 0x73, 0x74, 0x56, 0x69, 0x65, 0x77, 0x3b, 0x00,
    0x1c, 0x4c, 0x61, 0x6e, 0x64, 0x72, 0x6f, 0x69, 0x64, 0x2f, 0x77, 0x69,
    0x64, 0x67, 0x65, 0x74, 0x2f, 0x50, 0x6f, 0x70, 0x75, 0x70, 0x57, 0x69,
    0x6e, 0x64, 0x6f, 0x77, 0x3b, 0x00, 0x1b, 0x4c, 0x61, 0x6e, 0x64, 0x72,
    0x6f, 0x69, 0x64, 0x2f, 0x77, 0x69, 0x64, 0x67, 0x65, 0x74, 0x2f, 0x53,
    0x63, 0x72, 0x6f, 0x6c, 0x6c, 0x56, 0x69, 0x65, 0x77, 0x3b, 0x00, 0x19,
    0x4c, 0x61, 0x6e, 0x64, 0x72, 0x6f, 0x69, 0x64, 0x2f, 0x77, 0x69, 0x64,
    0x67, 0x65, 0x74, 0x2f, 0x54, 0x65, 0x78, 0x74, 0x56, 0x69, 0x65, 0x77,
    0x3b, 0x00, 0x16, 0x4c, 0x61, 0x6e, 0x64, 0x72, 0x6f, 0x69, 0x64, 0x2f,
    0x77, 0x69, 0x64, 0x67, 0x65, 0x74, 0x2f, 0x54, 0x6f, 0x61, 0x73, 0x74,
    0x3b, 0x00, 0x0e, 0x4c, 0x61, 0x6e, 0xc3, 0xa7, 0x61, 0x2d, 0x66, 0x6f,
    0x67, 0x75, 0x65, 0x74, 0x65, 0x73, 0x00, 0x06, 0x4c, 0x61, 0x6e, 0xc3,
    0xa7, 0x61, 0x73, 0x00, 0x17, 0x4c, 0x62, 0x75, 0x6e, 0x6e, 0x79, 0x2f,
    0x43, 0x68, 0x65, 0x61, 0x74, 0x42, 0x72, 0x69, 0x64, 0x67, 0x65, 0x24,
    0x31, 0x24, 0x31, 0x3b, 0x00, 0x18, 0x4c, 0x62, 0x75, 0x6e, 0x6e, 0x79,
    0x2f, 0x43, 0x68, 0x65, 0x61, 0x74, 0x42, 0x72, 0x69, 0x64, 0x67, 0x65,
    0x24, 0x31, 0x30, 0x24, 0x31, 0x3b, 0x00, 0x16, 0x4c, 0x62, 0x75, 0x6e,
    0x6e, 0x79, 0x2f, 0x43, 0x68, 0x65, 0x61, 0x74, 0x42, 0x72, 0x69, 0x64,
    0x67, 0x65, 0x24, 0x31, 0x30, 0x3b, 0x00, 0x16, 0x4c, 0x62, 0x75, 0x6e,
    0x6e, 0x79, 0x2f, 0x43, 0x68, 0x65, 0x61, 0x74, 0x42, 0x72, 0x69, 0x64,
    0x67, 0x65, 0x24, 0x31, 0x31, 0x3b, 0x00, 0x16, 0x4c, 0x62, 0x75, 0x6e,
    0x6e, 0x79, 0x2f, 0x43, 0x68, 0x65, 0x61, 0x74, 0x42, 0x72, 0x69, 0x64,
    0x67, 0x65, 0x24, 0x31, 0x32, 0x3b, 0x00, 0x16, 0x4c, 0x62, 0x75, 0x6e,
    0x6e, 0x79, 0x2f, 0x43, 0x68, 0x65, 0x61, 0x74, 0x42, 0x72, 0x69, 0x64,
    0x67, 0x65, 0x24, 0x31, 0x33, 0x3b, 0x00, 0x16, 0x4c, 0x62, 0x75, 0x6e,
    0x6e, 0x79, 0x2f, 0x43, 0x68, 0x65, 0x61, 0x74, 0x42, 0x72, 0x69, 0x64,
    0x67, 0x65, 0x24, 0x31, 0x34, 0x3b, 0x00, 0x18, 0x4c, 0x62, 0x75, 0x6e,
    0x6e, 0x79, 0x2f, 0x43, 0x68, 0x65, 0x61, 0x74, 0x42, 0x72, 0x69, 0x64,
    0x67, 0x65, 0x24, 0x31, 0x35, 0x24, 0x31, 0x3b, 0x00, 0x16, 0x4c, 0x62,
    0x75, 0x6e, 0x6e, 0x79, 0x2f, 0x43, 0x68, 0x65, 0x61, 0x74, 0x42, 0x72,
    0x69, 0x64, 0x67, 0x65, 0x24, 0x31, 0x35, 0x3b, 0x00, 0x16, 0x4c, 0x62,
    0x75, 0x6e, 0x6e, 0x79, 0x2f, 0x43, 0x68, 0x65, 0x61, 0x74, 0x42, 0x72,
    0x69, 0x64, 0x67, 0x65, 0x24, 0x31, 0x36, 0x3b, 0x00, 0x16, 0x4c, 0x62,
    0x75, 0x6e, 0x6e, 0x79, 0x2f, 0x43, 0x68, 0x65, 0x61, 0x74, 0x42, 0x72,
    0x69, 0x64, 0x67, 0x65, 0x24, 0x31, 0x37, 0x3b, 0x00, 0x16, 0x4c, 0x62,
    0x75, 0x6e, 0x6e, 0x79, 0x2f, 0x43, 0x68, 0x65, 0x61, 0x74, 0x42, 0x72,
    0x69, 0x64, 0x67, 0x65, 0x24, 0x31, 0x38, 0x3b, 0x00, 0x18, 0x4c, 0x62,
    0x75, 0x6e, 0x6e, 0x79, 0x2f, 0x43, 0x68, 0x65, 0x61, 0x74, 0x42, 0x72,
    0x69, 0x64, 0x67, 0x65, 0x24, 0x31, 0x39, 0x24, 0x31, 0x3b, 0x00, 0x16,
    0x4c, 0x62, 0x75, 0x6e, 0x6e, 0x79, 0x2f, 0x43, 0x68, 0x65, 0x61, 0x74,
    0x42, 0x72, 0x69, 0x64, 0x67, 0x65, 0x24, 0x31, 0x39, 0x3b, 0x00, 0x15,
    0x4c, 0x62, 0x75, 0x6e, 0x6e, 0x79, 0x2f, 0x43, 0x68, 0x65, 0x61, 0x74,
    0x42, 0x72, 0x69, 0x64, 0x67, 0x65, 0x24, 0x31, 0x3b, 0x00, 0x16, 0x4c,
    0x62, 0x75, 0x6e, 0x6e, 0x79, 0x2f, 0x43, 0x68, 0x65, 0x61, 0x74, 0x42,
    0x72, 0x69, 0x64, 0x67, 0x65, 0x24, 0x32, 0x30, 0x3b, 0x00, 0x16, 0x4c,
    0x62, 0x75, 0x6e, 0x6e, 0x79, 0x2f, 0x43, 0x68, 0x65, 0x61, 0x74, 0x42,
    0x72, 0x69, 0x64, 0x67, 0x65, 0x24, 0x32, 0x31, 0x3b, 0x00, 0x16, 0x4c,
    0x62, 0x75, 0x6e, 0x6e, 0x79, 0x2f, 0x43, 0x68, 0x65, 0x61, 0x74, 0x42,
    0x72, 0x69, 0x64, 0x67, 0x65, 0x24, 0x32, 0x32, 0x3b, 0x00, 0x16, 0x4c,
    0x62, 0x75, 0x6e, 0x6e, 0x79, 0x2f, 0x43, 0x68, 0x65, 0x61, 0x74, 0x42,
    0x72, 0x69, 0x64, 0x67, 0x65, 0x24, 0x32, 0x33, 0x3b, 0x00, 0x16, 0x4c,
    0x62, 0x75, 0x6e, 0x6e, 0x79, 0x2f, 0x43, 0x68, 0x65, 0x61, 0x74, 0x42,
    0x72, 0x69, 0x64, 0x67, 0x65, 0x24, 0x32, 0x34, 0x3b, 0x00, 0x16, 0x4c,
    0x62, 0x75, 0x6e, 0x6e, 0x79, 0x2f, 0x43, 0x68, 0x65, 0x61, 0x74, 0x42,
    0x72, 0x69, 0x64, 0x67, 0x65, 0x24, 0x32, 0x35, 0x3b, 0x00, 0x15, 0x4c,
    0x62, 0x75, 0x6e, 0x6e, 0x79, 0x2f, 0x43, 0x68, 0x65, 0x61, 0x74, 0x42,
    0x72, 0x69, 0x64, 0x67, 0x65, 0x24, 0x32, 0x3b, 0x00, 0x17, 0x4c, 0x62,
    0x75, 0x6e, 0x6e, 0x79, 0x2f, 0x43, 0x68, 0x65, 0x61, 0x74, 0x42, 0x72,
    0x69, 0x64, 0x67, 0x65, 0x24, 0x33, 0x24, 0x31, 0x3b, 0x00, 0x15, 0x4c,
    0x62, 0x75, 0x6e, 0x6e, 0x79, 0x2f, 0x43, 0x68, 0x65, 0x61, 0x74, 0x42,
    0x72, 0x69, 0x64, 0x67, 0x65, 0x24, 0x33, 0x3b, 0x00, 0x15, 0x4c, 0x62,
    0x75, 0x6e, 0x6e, 0x79, 0x2f, 0x43, 0x68, 0x65, 0x61, 0x74, 0x42, 0x72,
    0x69, 0x64, 0x67, 0x65, 0x24, 0x34, 0x3b, 0x00, 0x15, 0x4c, 0x62, 0x75,
    0x6e, 0x6e, 0x79, 0x2f, 0x43, 0x68, 0x65, 0x61, 0x74, 0x42, 0x72, 0x69,
    0x64, 0x67, 0x65, 0x24, 0x35, 0x3b, 0x00, 0x15, 0x4c, 0x62, 0x75, 0x6e,
    0x6e, 0x79, 0x2f, 0x43, 0x68, 0x65, 0x61, 0x74, 0x42, 0x72, 0x69, 0x64,
    0x67, 0x65, 0x24, 0x36, 0x3b, 0x00, 0x15, 0x4c, 0x62, 0x75, 0x6e, 0x6e,
    0x79, 0x2f, 0x43, 0x68, 0x65, 0x61, 0x74, 0x42, 0x72, 0x69, 0x64, 0x67,
    0x65, 0x24, 0x37, 0x3b, 0x00, 0x15, 0x4c, 0x62, 0x75, 0x6e, 0x6e, 0x79,
    0x2f, 0x43, 0x68, 0x65, 0x61, 0x74, 0x42, 0x72, 0x69, 0x64, 0x67, 0x65,
    0x24, 0x38, 0x3b, 0x00, 0x15, 0x4c, 0x62, 0x75, 0x6e, 0x6e, 0x79, 0x2f,
    0x43, 0x68, 0x65, 0x61, 0x74, 0x42, 0x72, 0x69, 0x64, 0x67, 0x65, 0x24,
    0x39, 0x3b, 0x00, 0x1b, 0x4c, 0x62, 0x75, 0x6e, 0x6e, 0x79, 0x2f, 0x43,
    0x68, 0x65, 0x61, 0x74, 0x42, 0x72, 0x69, 0x64, 0x67, 0x65, 0x24, 0x43,
    0x61, 0x74, 0x61, 0x6c, 0x6f, 0x67, 0x3b, 0x00, 0x21, 0x4c, 0x62, 0x75,
    0x6e, 0x6e, 0x79, 0x2f, 0x43, 0x68, 0x65, 0x61, 0x74, 0x42, 0x72, 0x69,
    0x64, 0x67, 0x65, 0x24, 0x44, 0x72, 0x61, 0x67, 0x48, 0x61, 0x6e, 0x64,
    0x6c, 0x65, 0x72, 0x24, 0x31, 0x3b, 0x00, 0x1f, 0x4c, 0x62, 0x75, 0x6e,
    0x6e, 0x79, 0x2f, 0x43, 0x68, 0x65, 0x61, 0x74, 0x42, 0x72, 0x69, 0x64,
    0x67, 0x65, 0x24, 0x44, 0x72, 0x61, 0x67, 0x48, 0x61, 0x6e, 0x64, 0x6c,
    0x65, 0x72, 0x3b, 0x00, 0x20, 0x4c, 0x62, 0x75, 0x6e, 0x6e, 0x79, 0x2f,
    0x43, 0x68, 0x65, 0x61, 0x74, 0x42, 0x72, 0x69, 0x64, 0x67, 0x65, 0x24,
    0x4f, 0x75, 0x74, 0x6c, 0x69, 0x6e, 0x65, 0x64, 0x54, 0x65, 0x78, 0x74,
    0x3b, 0x00, 0x22, 0x4c, 0x62, 0x75, 0x6e, 0x6e, 0x79, 0x2f, 0x43, 0x68,
    0x65, 0x61, 0x74, 0x42, 0x72, 0x69, 0x64, 0x67, 0x65, 0x24, 0x50, 0x6f,
    0x77, 0x65, 0x72, 0x43, 0x61, 0x72, 0x64, 0x56, 0x69, 0x65, 0x77, 0x73,
    0x3b, 0x00, 0x19, 0x4c, 0x62, 0x75, 0x6e, 0x6e, 0x79, 0x2f, 0x43, 0x68,
    0x65, 0x61, 0x74, 0x42, 0x72, 0x69, 0x64, 0x67, 0x65, 0x24, 0x52, 0x61,
    0x6e, 0x67, 0x65, 0x3b, 0x00, 0x1c, 0x4c, 0x62, 0x75, 0x6e, 0x6e, 0x79,
    0x2f, 0x43, 0x68, 0x65, 0x61, 0x74, 0x42, 0x72, 0x69, 0x64, 0x67, 0x65,
    0x24, 0x52, 0x6f, 0x77, 0x56, 0x69, 0x65, 0x77, 0x73, 0x3b, 0x00, 0x1b,
    0x4c, 0x62, 0x75, 0x6e, 0x6e, 0x79, 0x2f, 0x43, 0x68, 0x65, 0x61, 0x74,
    0x42, 0x72, 0x69, 0x64, 0x67, 0x65, 0x24, 0x53, 0x65, 0x63, 0x74, 0x69,
    0x6f, 0x6e, 0x3b, 0x00, 0x1d, 0x4c, 0x62, 0x75, 0x6e, 0x6e, 0x79, 0x2f,
    0x43, 0x68, 0x65, 0x61, 0x74, 0x42, 0x72, 0x69, 0x64, 0x67, 0x65, 0x24,
    0x53, 0x75, 0x6e, 0x66, 0x6c, 0x6f, 0x77, 0x65, 0x72, 0x3b, 0x00, 0x13,
    0x4c, 0x62, 0x75, 0x6e, 0x6e, 0x79, 0x2f, 0x43, 0x68, 0x65, 0x61, 0x74,
    0x42, 0x72, 0x69, 0x64, 0x67, 0x65, 0x3b, 0x00, 0x11, 0x4c, 0x62, 0x75,
    0x6e, 0x6e, 0x79, 0x2f, 0x43, 0x68, 0x65, 0x61, 0x74, 0x44, 0x61, 0x74,
    0x61, 0x3b, 0x00, 0x12, 0x4c, 0x62, 0x75, 0x6e, 0x6e, 0x79, 0x2f, 0x44,
    0x65, 0x76, 0x54, 0x6f, 0x6f, 0x6c, 0x73, 0x24, 0x31, 0x3b, 0x00, 0x12,
    0x4c, 0x62, 0x75, 0x6e, 0x6e, 0x79, 0x2f, 0x44, 0x65, 0x76, 0x54, 0x6f,
    0x6f, 0x6c, 0x73, 0x24, 0x32, 0x3b, 0x00, 0x12, 0x4c, 0x62, 0x75, 0x6e,
    0x6e, 0x79, 0x2f, 0x44, 0x65, 0x76, 0x54, 0x6f, 0x6f, 0x6c, 0x73, 0x24,
    0x33, 0x3b, 0x00, 0x12, 0x4c, 0x62, 0x75, 0x6e, 0x6e, 0x79, 0x2f, 0x44,
    0x65, 0x76, 0x54, 0x6f, 0x6f, 0x6c, 0x73, 0x24, 0x34, 0x3b, 0x00, 0x12,
    0x4c, 0x62, 0x75, 0x6e, 0x6e, 0x79, 0x2f, 0x44, 0x65, 0x76, 0x54, 0x6f,
    0x6f, 0x6c, 0x73, 0x24, 0x35, 0x3b, 0x00, 0x14, 0x4c, 0x62, 0x75, 0x6e,
    0x6e, 0x79, 0x2f, 0x44, 0x65, 0x76, 0x54, 0x6f, 0x6f, 0x6c, 0x73, 0x24,
    0x36, 0x24, 0x31, 0x3b, 0x00, 0x14, 0x4c, 0x62, 0x75, 0x6e, 0x6e, 0x79,
    0x2f, 0x44, 0x65, 0x76, 0x54, 0x6f, 0x6f, 0x6c, 0x73, 0x24, 0x36, 0x24,
    0x32, 0x3b, 0x00, 0x12, 0x4c, 0x62, 0x75, 0x6e, 0x6e, 0x79, 0x2f, 0x44,
    0x65, 0x76, 0x54, 0x6f, 0x6f, 0x6c, 0x73, 0x24, 0x36, 0x3b, 0x00, 0x1e,
    0x4c, 0x62, 0x75, 0x6e, 0x6e, 0x79, 0x2f, 0x44, 0x65, 0x76, 0x54, 0x6f,
    0x6f, 0x6c, 0x73, 0x24, 0x43, 0x6f, 0x64, 0x65, 0x57, 0x61, 0x74, 0x63,
    0x68, 0x65, 0x72, 0x24, 0x31, 0x3b, 0x00, 0x1f, 0x4c, 0x62, 0x75, 0x6e,
    0x6e, 0x79, 0x2f, 0x44, 0x65, 0x76, 0x54, 0x6f, 0x6f, 0x6c, 0x73, 0x24,
    0x43, 0x6f, 0x64, 0x65, 0x57, 0x61, 0x74, 0x63, 0x68, 0x65, 0x72, 0x24,
    0x48, 0x6c, 0x3b, 0x00, 0x1c, 0x4c, 0x62, 0x75, 0x6e, 0x6e, 0x79, 0x2f,
    0x44, 0x65, 0x76, 0x54, 0x6f, 0x6f, 0x6c, 0x73, 0x24, 0x43, 0x6f, 0x64,
    0x65, 0x57, 0x61, 0x74, 0x63, 0x68, 0x65, 0x72, 0x3b, 0x00, 0x1b, 0x4c,
    0x62, 0x75, 0x6e, 0x6e, 0x79, 0x2f, 0x44, 0x65, 0x76, 0x54, 0x6f, 0x6f,
    0x6c, 0x73, 0x24, 0x43, 0x6f, 0x6e, 0x73, 0x6f, 0x6c, 0x65, 0x24, 0x31,
    0x30, 0x3b, 0x00, 0x1b, 0x4c, 0x62, 0x75, 0x6e, 0x6e, 0x79, 0x2f, 0x44,
    0x65, 0x76, 0x54, 0x6f, 0x6f, 0x6c, 0x73, 0x24, 0x43, 0x6f, 0x6e, 0x73,
    0x6f, 0x6c, 0x65, 0x24, 0x31, 0x31, 0x3b, 0x00, 0x1b, 0x4c, 0x62, 0x75,
    0x6e, 0x6e, 0x79, 0x2f, 0x44, 0x65, 0x76, 0x54, 0x6f, 0x6f, 0x6c, 0x73,
    0x24, 0x43, 0x6f, 0x6e, 0x73, 0x6f, 0x6c, 0x65, 0x24, 0x31, 0x32, 0x3b,
    0x00, 0x1b, 0x4c, 0x62, 0x75, 0x6e, 0x6e, 0x79, 0x2f, 0x44, 0x65, 0x76,
    0x54, 0x6f, 0x6f, 0x6c, 0x73, 0x24, 0x43, 0x6f, 0x6e, 0x73, 0x6f, 0x6c,
    0x65, 0x24, 0x31, 0x33, 0x3b, 0x00, 0x1b, 0x4c, 0x62, 0x75, 0x6e, 0x6e,
    0x79, 0x2f, 0x44, 0x65, 0x76, 0x54, 0x6f, 0x6f, 0x6c, 0x73, 0x24, 0x43,
    0x6f, 0x6e, 0x73, 0x6f, 0x6c, 0x65, 0x24, 0x31, 0x34, 0x3b, 0x00, 0x1b,
    0x4c, 0x62, 0x75, 0x6e, 0x6e, 0x79, 0x2f, 0x44, 0x65, 0x76, 0x54, 0x6f,
    0x6f, 0x6c, 0x73, 0x24, 0x43, 0x6f, 0x6e, 0x73, 0x6f, 0x6c, 0x65, 0x24,
    0x31, 0x35, 0x3b, 0x00, 0x1b, 0x4c, 0x62, 0x75, 0x6e, 0x6e, 0x79, 0x2f,
    0x44, 0x65, 0x76, 0x54, 0x6f, 0x6f, 0x6c, 0x73, 0x24, 0x43, 0x6f, 0x6e,
    0x73, 0x6f, 0x6c, 0x65, 0x24, 0x31, 0x36, 0x3b, 0x00, 0x1b, 0x4c, 0x62,
    0x75, 0x6e, 0x6e, 0x79, 0x2f, 0x44, 0x65, 0x76, 0x54, 0x6f, 0x6f, 0x6c,
    0x73, 0x24, 0x43, 0x6f, 0x6e, 0x73, 0x6f, 0x6c, 0x65, 0x24, 0x31, 0x37,
    0x3b, 0x00, 0x1a, 0x4c, 0x62, 0x75, 0x6e, 0x6e, 0x79, 0x2f, 0x44, 0x65,
    0x76, 0x54, 0x6f, 0x6f, 0x6c, 0x73, 0x24, 0x43, 0x6f, 0x6e, 0x73, 0x6f,
    0x6c, 0x65, 0x24, 0x31, 0x3b, 0x00, 0x1a, 0x4c, 0x62, 0x75, 0x6e, 0x6e,
    0x79, 0x2f, 0x44, 0x65, 0x76, 0x54, 0x6f, 0x6f, 0x6c, 0x73, 0x24, 0x43,
    0x6f, 0x6e, 0x73, 0x6f, 0x6c, 0x65, 0x24, 0x32, 0x3b, 0x00, 0x1a, 0x4c,
    0x62, 0x75, 0x6e, 0x6e, 0x79, 0x2f, 0x44, 0x65, 0x76, 0x54, 0x6f, 0x6f,
    0x6c, 0x73, 0x24, 0x43, 0x6f, 0x6e, 0x73, 0x6f, 0x6c, 0x65, 0x24, 0x33,
    0x3b, 0x00, 0x1a, 0x4c, 0x62, 0x75, 0x6e, 0x6e, 0x79, 0x2f, 0x44, 0x65,
    0x76, 0x54, 0x6f, 0x6f, 0x6c, 0x73, 0x24, 0x43, 0x6f, 0x6e, 0x73, 0x6f,
    0x6c, 0x65, 0x24, 0x34, 0x3b, 0x00, 0x1a, 0x4c, 0x62, 0x75, 0x6e, 0x6e,
    0x79, 0x2f, 0x44, 0x65, 0x76, 0x54, 0x6f, 0x6f, 0x6c, 0x73, 0x24, 0x43,
    0x6f, 0x6e, 0x73, 0x6f, 0x6c, 0x65, 0x24, 0x35, 0x3b, 0x00, 0x1a, 0x4c,
    0x62, 0x75, 0x6e, 0x6e, 0x79, 0x2f, 0x44, 0x65, 0x76, 0x54, 0x6f, 0x6f,
    0x6c, 0x73, 0x24, 0x43, 0x6f, 0x6e, 0x73, 0x6f, 0x6c, 0x65, 0x24, 0x36,
    0x3b, 0x00, 0x1a, 0x4c, 0x62, 0x75, 0x6e, 0x6e, 0x79, 0x2f, 0x44, 0x65,
    0x76, 0x54, 0x6f, 0x6f, 0x6c, 0x73, 0x24, 0x43, 0x6f, 0x6e, 0x73, 0x6f,
    0x6c, 0x65, 0x24, 0x37, 0x3b, 0x00, 0x1a, 0x4c, 0x62, 0x75, 0x6e, 0x6e,
    0x79, 0x2f, 0x44, 0x65, 0x76, 0x54, 0x6f, 0x6f, 0x6c, 0x73, 0x24, 0x43,
    0x6f, 0x6e, 0x73, 0x6f, 0x6c, 0x65, 0x24, 0x38, 0x3b, 0x00, 0x1a, 0x4c,
    0x62, 0x75, 0x6e, 0x6e, 0x79, 0x2f, 0x44, 0x65, 0x76, 0x54, 0x6f, 0x6f,
    0x6c, 0x73, 0x24, 0x43, 0x6f, 0x6e, 0x73, 0x6f, 0x6c, 0x65, 0x24, 0x39,
    0x3b, 0x00, 0x18, 0x4c, 0x62, 0x75, 0x6e, 0x6e, 0x79, 0x2f, 0x44, 0x65,
    0x76, 0x54, 0x6f, 0x6f, 0x6c, 0x73, 0x24, 0x43, 0x6f, 0x6e, 0x73, 0x6f,
    0x6c, 0x65, 0x3b, 0x00, 0x1a, 0x4c, 0x62, 0x75, 0x6e, 0x6e, 0x79, 0x2f,
    0x44, 0x65, 0x76, 0x54, 0x6f, 0x6f, 0x6c, 0x73, 0x24, 0x46, 0x6c, 0x6f,
    0x61, 0x74, 0x44, 0x72, 0x61, 0x67, 0x3b, 0x00, 0x21, 0x4c, 0x62, 0x75,
    0x6e, 0x6e, 0x79, 0x2f, 0x44, 0x65, 0x76, 0x54, 0x6f, 0x6f, 0x6c, 0x73,
    0x24, 0x4b, 0x65, 0x79, 0x62, 0x6f, 0x61, 0x72, 0x64, 0x4c, 0x69, 0x73,
    0x74, 0x65, 0x6e, 0x65, 0x72, 0x3b, 0x00, 0x22, 0x4c, 0x62, 0x75, 0x6e,
    0x6e, 0x79, 0x2f, 0x44, 0x65, 0x76, 0x54, 0x6f, 0x6f, 0x6c, 0x73, 0x24,
    0x4b, 0x65, 0x79, 0x62, 0x6f, 0x61, 0x72, 0x64, 0x57, 0x61, 0x74, 0x63,
    0x68, 0x65, 0x72, 0x24, 0x31, 0x3b, 0x00, 0x20, 0x4c, 0x62, 0x75, 0x6e,
    0x6e, 0x79, 0x2f, 0x44, 0x65, 0x76, 0x54, 0x6f, 0x6f, 0x6c, 0x73, 0x24,
    0x4b, 0x65, 0x79, 0x62, 0x6f, 0x61, 0x72, 0x64, 0x57, 0x61, 0x74, 0x63,
    0x68, 0x65, 0x72, 0x3b, 0x00, 0x10, 0x4c, 0x62, 0x75, 0x6e, 0x6e, 0x79,
    0x2f, 0x44, 0x65, 0x76, 0x54, 0x6f, 0x6f, 0x6c, 0x73, 0x3b, 0x00, 0x22,
    0x4c, 0x64, 0x61, 0x6c, 0x76, 0x69, 0x6b, 0x2f, 0x61, 0x6e, 0x6e, 0x6f,
    0x74, 0x61, 0x74, 0x69, 0x6f, 0x6e, 0x2f, 0x45, 0x6e, 0x63, 0x6c, 0x6f,
    0x73, 0x69, 0x6e, 0x67, 0x43, 0x6c, 0x61, 0x73, 0x73, 0x3b, 0x00, 0x23,
    0x4c, 0x64, 0x61, 0x6c, 0x76, 0x69, 0x6b, 0x2f, 0x61, 0x6e, 0x6e, 0x6f,
    0x74, 0x61, 0x74, 0x69, 0x6f, 0x6e, 0x2f, 0x45, 0x6e, 0x63, 0x6c, 0x6f,
    0x73, 0x69, 0x6e, 0x67, 0x4d, 0x65, 0x74, 0x68, 0x6f, 0x64, 0x3b, 0x00,
    0x1e, 0x4c, 0x64, 0x61, 0x6c, 0x76, 0x69, 0x6b, 0x2f, 0x61, 0x6e, 0x6e,
    0x6f, 0x74, 0x61, 0x74, 0x69, 0x6f, 0x6e, 0x2f, 0x49, 0x6e, 0x6e, 0x65,
    0x72, 0x43, 0x6c, 0x61, 0x73, 0x73, 0x3b, 0x00, 0x21, 0x4c, 0x64, 0x61,
    0x6c, 0x76, 0x69, 0x6b, 0x2f, 0x61, 0x6e, 0x6e, 0x6f, 0x74, 0x61, 0x74,
    0x69, 0x6f, 0x6e, 0x2f, 0x4d, 0x65, 0x6d, 0x62, 0x65, 0x72, 0x43, 0x6c,
    0x61, 0x73, 0x73, 0x65, 0x73, 0x3b, 0x00, 0x24, 0x4c, 0x64, 0x61, 0x6c,
    0x76, 0x69, 0x6b, 0x2f, 0x61, 0x6e, 0x6e, 0x6f, 0x74, 0x61, 0x74, 0x69,
    0x6f, 0x6e, 0x2f, 0x4d, 0x65, 0x74, 0x68, 0x6f, 0x64, 0x50, 0x61, 0x72,
    0x61, 0x6d, 0x65, 0x74, 0x65, 0x72, 0x73, 0x3b, 0x00, 0x1d, 0x4c, 0x64,
    0x61, 0x6c, 0x76, 0x69, 0x6b, 0x2f, 0x61, 0x6e, 0x6e, 0x6f, 0x74, 0x61,
    0x74, 0x69, 0x6f, 0x6e, 0x2f, 0x53, 0x69, 0x67, 0x6e, 0x61, 0x74, 0x75,
    0x72, 0x65, 0x3b, 0x00, 0x2a, 0x4c, 0x65, 0x6e, 0x64, 0x6f, 0x20, 0x6f,
    0x20, 0x63, 0x61, 0x74, 0xc3, 0xa1, 0x6c, 0x6f, 0x67, 0x6f, 0x20, 0x64,
    0x6f, 0x20, 0x6a, 0x6f, 0x67, 0x6f, 0x2c, 0x20, 0x6e, 0x6f, 0x20, 0x73,
    0x65, 0x75, 0x20, 0x69, 0x64, 0x69, 0x6f, 0x6d, 0x61, 0x2e, 0x2e, 0x2e,
    0x00, 0x19, 0x4c, 0x69, 0x62, 0x65, 0x72, 0x61, 0x20, 0x74, 0x6f, 0x64,
    0x61, 0x73, 0x20, 0x61, 0x73, 0x20, 0x63, 0x72, 0x69, 0x61, 0x74, 0x75,
    0x72, 0x61, 0x73, 0x00, 0x06, 0x4c, 0x69, 0x67, 0x61, 0x64, 0x6f, 0x00,
    0x06, 0x4c, 0x69, 0x6d, 0x70, 0x61, 0x72, 0x00, 0x11, 0x4c, 0x69, 0x6d,
    0x70, 0x61, 0x72, 0x20, 0x69, 0x6e, 0x76, 0x65, 0x6e, 0x74, 0xc3, 0xa1,
    0x72, 0x69, 0x6f, 0x00, 0x15, 0x4c, 0x6a, 0x61, 0x76, 0x61, 0x2f, 0x69,
    0x6f, 0x2f, 0x49, 0x6e, 0x70, 0x75, 0x74, 0x53, 0x74, 0x72, 0x65, 0x61,
    0x6d, 0x3b, 0x00, 0x18, 0x4c, 0x6a, 0x61, 0x76, 0x61, 0x2f, 0x6c, 0x61,
    0x6e, 0x67, 0x2f, 0x43, 0x68, 0x61, 0x72, 0x53, 0x65, 0x71, 0x75, 0x65,
    0x6e, 0x63, 0x65, 0x3b, 0x00, 0x15, 0x4c, 0x6a, 0x61, 0x76, 0x61, 0x2f,
    0x6c, 0x61, 0x6e, 0x67, 0x2f, 0x43, 0x68, 0x61, 0x72, 0x61, 0x63, 0x74,
    0x65, 0x72, 0x3b, 0x00, 0x11, 0x4c, 0x6a, 0x61, 0x76, 0x61, 0x2f, 0x6c,
    0x61, 0x6e, 0x67, 0x2f, 0x43, 0x6c, 0x61, 0x73, 0x73, 0x3b, 0x00, 0x11,
    0x4c, 0x6a, 0x61, 0x76, 0x61, 0x2f, 0x6c, 0x61, 0x6e, 0x67, 0x2f, 0x46,
    0x6c, 0x6f, 0x61, 0x74, 0x3b, 0x00, 0x13, 0x4c, 0x6a, 0x61, 0x76, 0x61,
    0x2f, 0x6c, 0x61, 0x6e, 0x67, 0x2f, 0x49, 0x6e, 0x74, 0x65, 0x67, 0x65,
    0x72, 0x3b, 0x00, 0x20, 0x4c, 0x6a, 0x61, 0x76, 0x61, 0x2f, 0x6c, 0x61,
    0x6e, 0x67, 0x2f, 0x49, 0x6e, 0x74, 0x65, 0x72, 0x72, 0x75, 0x70, 0x74,
    0x65, 0x64, 0x45, 0x78, 0x63, 0x65, 0x70, 0x74, 0x69, 0x6f, 0x6e, 0x3b,
    0x00, 0x10, 0x4c, 0x6a, 0x61, 0x76, 0x61, 0x2f, 0x6c, 0x61, 0x6e, 0x67,
    0x2f, 0x4d, 0x61, 0x74, 0x68, 0x3b, 0x00, 0x21, 0x4c, 0x6a, 0x61, 0x76,
    0x61, 0x2f, 0x6c, 0x61, 0x6e, 0x67, 0x2f, 0x4e, 0x75, 0x6d, 0x62, 0x65,
    0x72, 0x46, 0x6f, 0x72, 0x6d, 0x61, 0x74, 0x45, 0x78, 0x63, 0x65, 0x70,
    0x74, 0x69, 0x6f, 0x6e, 0x3b, 0x00, 0x12, 0x4c, 0x6a, 0x61, 0x76, 0x61,
    0x2f, 0x6c, 0x61, 0x6e, 0x67, 0x2f, 0x4f, 0x62, 0x6a, 0x65, 0x63, 0x74,
    0x3b, 0x00, 0x14, 0x4c, 0x6a, 0x61, 0x76, 0x61, 0x2f, 0x6c, 0x61, 0x6e,
    0x67, 0x2f, 0x52, 0x75, 0x6e, 0x6e, 0x61, 0x62, 0x6c, 0x65, 0x3b, 0x00,
    0x12, 0x4c, 0x6a, 0x61, 0x76, 0x61, 0x2f, 0x6c, 0x61, 0x6e, 0x67, 0x2f,
    0x53, 0x74, 0x72, 0x69, 0x6e, 0x67, 0x3b, 0x00, 0x19, 0x4c, 0x6a, 0x61,
    0x76, 0x61, 0x2f, 0x6c, 0x61, 0x6e, 0x67, 0x2f, 0x53, 0x74, 0x72, 0x69,
    0x6e, 0x67, 0x42, 0x75, 0x69, 0x6c, 0x64, 0x65, 0x72, 0x3b, 0x00, 0x12,
    0x4c, 0x6a, 0x61, 0x76, 0x61, 0x2f, 0x6c, 0x61, 0x6e, 0x67, 0x2f, 0x53,
    0x79, 0x73, 0x74, 0x65, 0x6d, 0x3b, 0x00, 0x12, 0x4c, 0x6a, 0x61, 0x76,
    0x61, 0x2f, 0x6c, 0x61, 0x6e, 0x67, 0x2f, 0x54, 0x68, 0x72, 0x65, 0x61,
    0x64, 0x3b, 0x00, 0x1b, 0x4c, 0x6a, 0x61, 0x76, 0x61, 0x2f, 0x74, 0x65,
    0x78, 0x74, 0x2f, 0x4e, 0x6f, 0x72, 0x6d, 0x61, 0x6c, 0x69, 0x7a, 0x65,
    0x72, 0x24, 0x46, 0x6f, 0x72, 0x6d, 0x3b, 0x00, 0x16, 0x4c, 0x6a, 0x61,
    0x76, 0x61, 0x2f, 0x74, 0x65, 0x78, 0x74, 0x2f, 0x4e, 0x6f, 0x72, 0x6d,
    0x61, 0x6c, 0x69, 0x7a, 0x65, 0x72, 0x3b, 0x00, 0x15, 0x4c, 0x6a, 0x61,
    0x76, 0x61, 0x2f, 0x75, 0x74, 0x69, 0x6c, 0x2f, 0x41, 0x72, 0x72, 0x61,
    0x79, 0x4c, 0x69, 0x73, 0x74, 0x3b, 0x00, 0x15, 0x4c, 0x6a, 0x61, 0x76,
    0x61, 0x2f, 0x75, 0x74, 0x69, 0x6c, 0x2f, 0x41, 0x72, 0x72, 0x61, 0x79,
    0x4c, 0x69, 0x73, 0x74, 0x3c, 0x00, 0x12, 0x4c, 0x6a, 0x61, 0x76, 0x61,
    0x2f, 0x75, 0x74, 0x69, 0x6c, 0x2f, 0x41, 0x72, 0x72, 0x61, 0x79, 0x73,
    0x3b, 0x00, 0x16, 0x4c, 0x6a, 0x61, 0x76, 0x61, 0x2f, 0x75, 0x74, 0x69,
    0x6c, 0x2f, 0x43, 0x6f, 0x6c, 0x6c, 0x65, 0x63, 0x74, 0x69, 0x6f, 0x6e,
    0x3b, 0x00, 0x17, 0x4c, 0x6a, 0x61, 0x76, 0x61, 0x2f, 0x75, 0x74, 0x69,
    0x6c, 0x2f, 0x43, 0x6f, 0x6c, 0x6c, 0x65, 0x63, 0x74, 0x69, 0x6f, 0x6e,
    0x73, 0x3b, 0x00, 0x13, 0x4c, 0x6a, 0x61, 0x76, 0x61, 0x2f, 0x75, 0x74,
    0x69, 0x6c, 0x2f, 0x48, 0x61, 0x73, 0x68, 0x4d, 0x61, 0x70, 0x3b, 0x00,
    0x13, 0x4c, 0x6a, 0x61, 0x76, 0x61, 0x2f, 0x75, 0x74, 0x69, 0x6c, 0x2f,
    0x48, 0x61, 0x73, 0x68, 0x4d, 0x61, 0x70, 0x3c, 0x00, 0x14, 0x4c, 0x6a,
    0x61, 0x76, 0x61, 0x2f, 0x75, 0x74, 0x69, 0x6c, 0x2f, 0x49, 0x74, 0x65,
    0x72, 0x61, 0x74, 0x6f, 0x72, 0x3b, 0x00, 0x19, 0x4c, 0x6a, 0x61, 0x76,
    0x61, 0x2f, 0x75, 0x74, 0x69, 0x6c, 0x2f, 0x4c, 0x69, 0x6e, 0x6b, 0x65,
    0x64, 0x48, 0x61, 0x73, 0x68, 0x4d, 0x61, 0x70, 0x3b, 0x00, 0x19, 0x4c,
    0x6a, 0x61, 0x76, 0x61, 0x2f, 0x75, 0x74, 0x69, 0x6c, 0x2f, 0x4c, 0x69,
    0x6e, 0x6b, 0x65, 0x64, 0x48, 0x61, 0x73, 0x68, 0x4d, 0x61, 0x70, 0x3c,
    0x00, 0x12, 0x4c, 0x6a, 0x61, 0x76, 0x61, 0x2f, 0x75, 0x74, 0x69, 0x6c,
    0x2f, 0x4c, 0x6f, 0x63, 0x61, 0x6c, 0x65, 0x3b, 0x00, 0x15, 0x4c, 0x6a,
    0x61, 0x76, 0x61, 0x2f, 0x75, 0x74, 0x69, 0x6c, 0x2f, 0x4d, 0x61, 0x70,
    0x24, 0x45, 0x6e, 0x74, 0x72, 0x79, 0x3b, 0x00, 0x15, 0x4c, 0x6a, 0x61,
    0x76, 0x61, 0x2f, 0x75, 0x74, 0x69, 0x6c, 0x2f, 0x4d, 0x61, 0x70, 0x24,
    0x45, 0x6e, 0x74, 0x72, 0x79, 0x3c, 0x00, 0x0f, 0x4c, 0x6a, 0x61, 0x76,
    0x61, 0x2f, 0x75, 0x74, 0x69, 0x6c, 0x2f, 0x4d, 0x61, 0x70, 0x3b, 0x00,
    0x0f, 0x4c, 0x6a, 0x61, 0x76, 0x61, 0x2f, 0x75, 0x74, 0x69, 0x6c, 0x2f,
    0x4d, 0x61, 0x70, 0x3c, 0x00, 0x0f, 0x4c, 0x6a, 0x61, 0x76, 0x61, 0x2f,
    0x75, 0x74, 0x69, 0x6c, 0x2f, 0x53, 0x65, 0x74, 0x3b, 0x00, 0x0f, 0x4c,
    0x6a, 0x61, 0x76, 0x61, 0x2f, 0x75, 0x74, 0x69, 0x6c, 0x2f, 0x53, 0x65,
    0x74, 0x3c, 0x00, 0x28, 0x4c, 0x6a, 0x61, 0x76, 0x61, 0x2f, 0x75, 0x74,
    0x69, 0x6c, 0x2f, 0x63, 0x6f, 0x6e, 0x63, 0x75, 0x72, 0x72, 0x65, 0x6e,
    0x74, 0x2f, 0x43, 0x6f, 0x6e, 0x63, 0x75, 0x72, 0x72, 0x65, 0x6e, 0x74,
    0x48, 0x61, 0x73, 0x68, 0x4d, 0x61, 0x70, 0x3b, 0x00, 0x2a, 0x4c, 0x6a,
    0x61, 0x76, 0x61, 0x2f, 0x75, 0x74, 0x69, 0x6c, 0x2f, 0x63, 0x6f, 0x6e,
    0x63, 0x75, 0x72, 0x72, 0x65, 0x6e, 0x74, 0x2f, 0x4c, 0x69, 0x6e, 0x6b,
    0x65, 0x64, 0x42, 0x6c, 0x6f, 0x63, 0x6b, 0x69, 0x6e, 0x67, 0x44, 0x65,
    0x71, 0x75, 0x65, 0x3b, 0x00, 0x2a, 0x4c, 0x6a, 0x61, 0x76, 0x61, 0x2f,
    0x75, 0x74, 0x69, 0x6c, 0x2f, 0x63, 0x6f, 0x6e, 0x63, 0x75, 0x72, 0x72,
    0x65, 0x6e, 0x74, 0x2f, 0x4c, 0x69, 0x6e, 0x6b, 0x65, 0x64, 0x42, 0x6c,
    0x6f, 0x63, 0x6b, 0x69, 0x6e, 0x67, 0x44, 0x65, 0x71, 0x75, 0x65, 0x3c,
    0x00, 0x19, 0x4c, 0x6a, 0x61, 0x76, 0x61, 0x2f, 0x75, 0x74, 0x69, 0x6c,
    0x2f, 0x72, 0x65, 0x67, 0x65, 0x78, 0x2f, 0x4d, 0x61, 0x74, 0x63, 0x68,
    0x65, 0x72, 0x3b, 0x00, 0x19, 0x4c, 0x6a, 0x61, 0x76, 0x61, 0x2f, 0x75,
    0x74, 0x69, 0x6c, 0x2f, 0x72, 0x65, 0x67, 0x65, 0x78, 0x2f, 0x50, 0x61,
    0x74, 0x74, 0x65, 0x72, 0x6e, 0x3b, 0x00, 0x09, 0x4c, 0x6f, 0x62, 0x69,
    0x73, 0x6f, 0x6d, 0x65, 0x6d, 0x00, 0x0b, 0x4c, 0x6f, 0x67, 0x20, 0x63,
    0x6f, 0x70, 0x69, 0x61, 0x64, 0x6f, 0x00, 0x0c, 0x4d, 0x41, 0x58, 0x5f,
    0x42, 0x55, 0x46, 0x46, 0x5f, 0x4d, 0x49, 0x4e, 0x00, 0x0b, 0x4d, 0x41,
    0x58, 0x5f, 0x48, 0x49, 0x53, 0x54, 0x4f, 0x52, 0x59, 0x00, 0x08, 0x4d,
    0x41, 0x58, 0x5f, 0x49, 0x54, 0x45, 0x4d, 0x00, 0x09, 0x4d, 0x41, 0x58,
    0x5f, 0x4c, 0x49, 0x4e, 0x45, 0x53, 0x00, 0x07, 0x4d, 0x41, 0x58, 0x5f,
    0x4e, 0x50, 0x43, 0x00, 0x06, 0x4d, 0x49, 0x4e, 0x5f, 0x44, 0x50, 0x00,
    0x04, 0x4d, 0x4f, 0x44, 0x53, 0x00, 0x09, 0x4d, 0x4f, 0x4e, 0x4f, 0x53,
    0x50, 0x41, 0x43, 0x45, 0x00, 0x0a, 0x4d, 0x4f, 0x4e, 0x53, 0x54, 0x45,
    0x52, 0x53, 0x5f, 0x49, 0x00, 0x0a, 0x4d, 0x4f, 0x4e, 0x53, 0x54, 0x45,
    0x52, 0x53, 0x5f, 0x4e, 0x00, 0x05, 0x4d, 0x55, 0x4e, 0x44, 0x4f, 0x00,
    0x08, 0x4d, 0x61, 0x63, 0x68, 0x61, 0x64, 0x6f, 0x73, 0x00, 0x05, 0x4d,
    0x61, 0x67, 0x69, 0x61, 0x00, 0x1c, 0x4d, 0x61, 0x67, 0x69, 0x61, 0x20,
    0x64, 0x65, 0x20, 0x67, 0x72, 0x61, 0xc3, 0xa7, 0x61, 0x2c, 0x20, 0x73,
    0x65, 0x6d, 0x70, 0x72, 0x65, 0x20, 0x63, 0x68, 0x65, 0x69, 0x61, 0x00,
    0x04, 0x4d, 0x61, 0x67, 0x6f, 0x00, 0x04, 0x4d, 0x61, 0x6e, 0x61, 0x00,
    0x0d, 0x4d, 0x61, 0x6e, 0x61, 0x20, 0x69, 0x6e, 0x66, 0x69, 0x6e, 0x69,
    0x74, 0x61, 0x00, 0x10, 0x4d, 0x61, 0x6e, 0x67, 0x75, 0x61, 0x69, 0x73,
    0x20, 0x65, 0x20, 0x6d, 0x61, 0xc3, 0xa7, 0x61, 0x73, 0x00, 0x08, 0x4d,
    0x61, 0x72, 0x74, 0x65, 0x6c, 0x6f, 0x73, 0x00, 0x09, 0x4d, 0x61, 0x74,
    0x65, 0x72, 0x69, 0x61, 0x69, 0x73, 0x00, 0x08, 0x4d, 0x65, 0x63, 0x61,
    0x6e, 0x69, 0x63, 0x61, 0x00, 0x06, 0x4d, 0x65, 0x64, 0x75, 0x73, 0x61,
    0x00, 0x0a, 0x4d, 0x65, 0x69, 0x61, 0x2d, 0x6e, 0x6f, 0x69, 0x74, 0x65,
    0x00, 0x08, 0x4d, 0x65, 0x69, 0x6f, 0x2d, 0x64, 0x69, 0x61, 0x00, 0x06,
    0x4d, 0x65, 0x73, 0x74, 0x72, 0x65, 0x00, 0x06, 0x4d, 0x69, 0x6d, 0x69,
    0x63, 0x6f, 0x00, 0x0f, 0x4d, 0x69, 0x6e, 0x65, 0x72, 0x61, 0xc3, 0xa7,
    0xc3, 0xa3, 0x6f, 0x20, 0x74, 0x75, 0x72, 0x62, 0x6f, 0x00, 0x19, 0x4d,
    0x69, 0x6e, 0xc3, 0xa9, 0x72, 0x69, 0x6f, 0x2c, 0x20, 0x69, 0x6e, 0x69,
    0x6d, 0x69, 0x67, 0x6f, 0x20, 0x65, 0x20, 0x70, 0x65, 0x72, 0x69, 0x67,
    0x6f, 0x00, 0x08, 0x4d, 0x6f, 0x64, 0x20, 0x4d, 0x65, 0x6e, 0x75, 0x00,
    0x08, 0x4d, 0x6f, 0x6e, 0x73, 0x74, 0x72, 0x6f, 0x73, 0x00, 0x09, 0x4d,
    0x6f, 0x6e, 0x74, 0x61, 0x72, 0x69, 0x61, 0x73, 0x00, 0x09, 0x4d, 0x6f,
    0x72, 0x61, 0x64, 0x6f, 0x72, 0x65, 0x73, 0x00, 0x07, 0x4d, 0x6f, 0x72,
    0x63, 0x65, 0x67, 0x6f, 0x00, 0x15, 0x4d, 0x6f, 0x72, 0x72, 0x65, 0x75,
    0x2c, 0x20, 0x76, 0x6f, 0x6c, 0x74, 0x61, 0x20, 0x6e, 0x61, 0x20, 0x68,
    0x6f, 0x72, 0x61, 0x00, 0x07, 0x4d, 0x75, 0x6e, 0x69, 0xc3, 0xa7, 0xc3,
    0xa3, 0x6f, 0x00, 0x0e, 0x4d, 0x75, 0x72, 0x61, 0x6c, 0x20, 0x64, 0x65,
    0x20, 0x43, 0x61, 0x72, 0x6e, 0x65, 0x00, 0x10, 0x4d, 0xc3, 0xb3, 0x76,
    0x65, 0x69, 0x73, 0x20, 0x65, 0x20, 0x6f, 0x62, 0x6a, 0x65, 0x74, 0x6f,
    0x73, 0x00, 0x03, 0x4e, 0x46, 0x44, 0x00, 0x03, 0x4e, 0x50, 0x43, 0x00,
    0x04, 0x4e, 0x50, 0x43, 0x20, 0x00, 0x08, 0x4e, 0x50, 0x43, 0x5f, 0x42,
    0x4f, 0x53, 0x53, 0x00, 0x0f, 0x4e, 0x50, 0x43, 0x5f, 0x43, 0x4c, 0x41,
    0x53, 0x53, 0x5f, 0x4e, 0x41, 0x4d, 0x45, 0x53, 0x00, 0x0b, 0x4e, 0x50,
    0x43, 0x5f, 0x43, 0x52, 0x49, 0x54, 0x54, 0x45, 0x52, 0x00, 0x0b, 0x4e,
    0x50, 0x43, 0x5f, 0x4d, 0x4f, 0x4e, 0x53, 0x54, 0x45, 0x52, 0x00, 0x09,
    0x4e, 0x50, 0x43, 0x5f, 0x4f, 0x54, 0x48, 0x45, 0x52, 0x00, 0x08, 0x4e,
    0x50, 0x43, 0x5f, 0x54, 0x4f, 0x57, 0x4e, 0x00, 0x04, 0x4e, 0x50, 0x43,
    0x73, 0x00, 0x0e, 0x4e, 0x5f, 0x42, 0x55, 0x46, 0x46, 0x5f, 0x43, 0x4c,
    0x41, 0x53, 0x53, 0x45, 0x53, 0x00, 0x09, 0x4e, 0x5f, 0x43, 0x4c, 0x41,
    0x53, 0x53, 0x45, 0x53, 0x00, 0x0d, 0x4e, 0x5f, 0x4e, 0x50, 0x43, 0x5f,
    0x43, 0x4c, 0x41, 0x53, 0x53, 0x45, 0x53, 0x00, 0x12, 0x4e, 0x61, 0x64,
    0x61, 0x20, 0x74, 0x69, 0x72, 0x61, 0x20, 0x73, 0x75, 0x61, 0x20, 0x76,
    0x69, 0x64, 0x61, 0x00, 0x10, 0x4e, 0x65, 0x6e, 0x68, 0x75, 0x6d, 0x20,
    0x4e, 0x50, 0x43, 0x20, 0x61, 0x71, 0x75, 0x69, 0x2e, 0x00, 0x11, 0x4e,
    0x65, 0x6e, 0x68, 0x75, 0x6d, 0x20, 0x62, 0x75, 0x66, 0x66, 0x20, 0x61,
    0x71, 0x75, 0x69, 0x2e, 0x00, 0x1f, 0x4e, 0x65, 0x6e, 0x68, 0x75, 0x6d,
    0x20, 0x6e, 0x61, 0x73, 0x63, 0x65, 0x2c, 0x20, 0x6f, 0x75, 0x20, 0x73,
    0x6f, 0x6d, 0x65, 0x20, 0x63, 0x6f, 0x6d, 0x20, 0x74, 0x6f, 0x64, 0x6f,
    0x73, 0x00, 0x05, 0x4e, 0x69, 0x6e, 0x66, 0x61, 0x00, 0x0a, 0x4e, 0x6f,
    0x6d, 0x65, 0x20, 0x6f, 0x75, 0x20, 0x69, 0x64, 0x00, 0x06, 0x4e, 0x6f,
    0x72, 0x6d, 0x61, 0x6c, 0x00, 0x05, 0x4e, 0x6f, 0x76, 0x6f, 0x73, 0x00,
    0x18, 0x4e, 0xc3, 0xa3, 0x6f, 0x20, 0x63, 0x6f, 0x6e, 0x73, 0x65, 0x67,
    0x75, 0x69, 0x20, 0x72, 0x65, 0x69, 0x6e, 0x69, 0x63, 0x69, 0x61, 0x72,
    0x3a, 0x20, 0x00, 0x0c, 0x4f, 0x20, 0x44, 0x65, 0x73, 0x74, 0x72, 0x75,
    0x69, 0x64, 0x6f, 0x72, 0x00, 0x83, 0x02, 0x4f, 0x20, 0x63, 0xc3, 0xb3,
    0x64, 0x69, 0x67, 0x6f, 0x20, 0x72, 0x6f, 0x64, 0x61, 0x20, 0x6e, 0x61,
    0x20, 0x74, 0x68, 0x72, 0x65, 0x61, 0x64, 0x20, 0x64, 0x6f, 0x20, 0x6a,
    0x6f, 0x67, 0x6f, 0x2c, 0x20, 0x63, 0x6f, 0x6d, 0x6f, 0x20, 0x6e, 0x75,
    0x6d, 0x20, 0x68, 0x6f, 0x6f, 0x6b, 0x2e, 0x20, 0x4d, 0x61, 0x69, 0x6e,
    0x2c, 0x20, 0x49, 0x44, 0x20, 0x65, 0x20, 0x70, 0x6c, 0x61, 0x79, 0x65,
    0x72, 0x20, 0x28, 0x6f, 0x20, 0x73, 0x65, 0x75, 0x20, 0x6a, 0x6f, 0x67,
    0x61, 0x64, 0x6f, 0x72, 0x29, 0x20, 0x6a, 0xc3, 0xa1, 0x20, 0x65, 0x73,
    0x74, 0xc3, 0xa3, 0x6f, 0x20, 0x70, 0x72, 0x6f, 0x6e, 0x74, 0x6f, 0x73,
    0x2e, 0x20, 0x70, 0x72, 0x69, 0x6e, 0x74, 0x28, 0x2e, 0x2e, 0x2e, 0x29,
    0x20, 0x65, 0x73, 0x63, 0x72, 0x65, 0x76, 0x65, 0x20, 0x6e, 0x6f, 0x20,
    0x63, 0x68, 0x61, 0x74, 0x3b, 0x20, 0x62, 0x6c, 0x2e, 0x6c, 0x6f, 0x67,
    0x28, 0x2e, 0x2e, 0x2e, 0x29, 0x2c, 0x20, 0x6e, 0x6f, 0x20, 0x6c, 0x6f,
    0x67, 0x20, 0x28, 0x71, 0x75, 0x65, 0x20, 0x61, 0x70, 0x61, 0x72, 0x65,
    0x63, 0x65, 0x20, 0x61, 0x71, 0x75, 0x69, 0x20, 0x74, 0x61, 0x6d, 0x62,
    0xc3, 0xa9, 0x6d, 0x29, 0x2e, 0x20, 0x6c, 0x65, 0x74, 0x2f, 0x63, 0x6f,
    0x6e, 0x73, 0x74, 0x20, 0x76, 0x61, 0x6c, 0x65, 0x6d, 0x20, 0x73, 0xc3,
    0xb3, 0x20, 0x6e, 0x61, 0x20, 0x65, 0x78, 0x65, 0x63, 0x75, 0xc3, 0xa7,
    0xc3, 0xa3, 0x6f, 0x3b, 0x20, 0x70, 0x61, 0x72, 0x61, 0x20, 0x67, 0x75,
    0x61, 0x72, 0x64, 0x61, 0x72, 0x20, 0x65, 0x6e, 0x74, 0x72, 0x65, 0x20,
    0x75, 0x6d, 0x61, 0x20, 0x65, 0x20, 0x6f, 0x75, 0x74, 0x72, 0x61, 0x2c,
    0x20, 0x76, 0x61, 0x72, 0x20, 0x6f, 0x75, 0x20, 0x67, 0x6c, 0x6f, 0x62,
    0x61, 0x6c, 0x54, 0x68, 0x69, 0x73, 0x2e, 0x78, 0x2e, 0x00, 0x3e, 0x4f,
    0x20, 0x6a, 0x6f, 0x67, 0x6f, 0x20, 0x66, 0x65, 0x63, 0x68, 0x61, 0x20,
    0x65, 0x20, 0x61, 0x62, 0x72, 0x65, 0x20, 0x64, 0x65, 0x20, 0x6e, 0x6f,
    0x76, 0x6f, 0x2c, 0x20, 0x6c, 0x65, 0x6e, 0x64, 0x6f, 0x20, 0x6f, 0x73,
    0x20, 0x6d, 0x6f, 0x64, 0x73, 0x20, 0x64, 0x61, 0x20, 0x70, 0x61, 0x73,
    0x74, 0x61, 0x20, 0x6f, 0x75, 0x74, 0x72, 0x61, 0x20, 0x76, 0x65, 0x7a,
    0x2e, 0x00, 0x81, 0x01, 0x4f, 0x20, 0x6a, 0x6f, 0x67, 0x6f, 0x20, 0x66,
    0x65, 0x63, 0x68, 0x61, 0x20, 0x65, 0x20, 0x61, 0x62, 0x72, 0x65, 0x20,
    0x64, 0x65, 0x20, 0x6e, 0x6f, 0x76, 0x6f, 0x2c, 0x20, 0x6c, 0x65, 0x6e,
    0x64, 0x6f, 0x20, 0x6f, 0x73, 0x20, 0x6d, 0x6f, 0x64, 0x73, 0x20, 0x64,
    0x61, 0x20, 0x70, 0x61, 0x73, 0x74, 0x61, 0x20, 0x6f, 0x75, 0x74, 0x72,
    0x61, 0x20, 0x76, 0x65, 0x7a, 0x2e, 0x20, 0x4f, 0x20, 0x71, 0x75, 0x65,
    0x20, 0x6e, 0xc3, 0xa3, 0x6f, 0x20, 0x66, 0x6f, 0x69, 0x20, 0x73, 0x61,
    0x6c, 0x76, 0x6f, 0x20, 0x6e, 0x65, 0x73, 0x74, 0x65, 0x20, 0x6d, 0x75,
    0x6e, 0x64, 0x6f, 0x20, 0x73, 0x65, 0x20, 0x70, 0x65, 0x72, 0x64, 0x65,
    0x20, 0x73, 0x65, 0x20, 0x76, 0x6f, 0x63, 0xc3, 0xaa, 0x20, 0x6e, 0xc3,
    0xa3, 0x6f, 0x20, 0x73, 0x61, 0x6c, 0x76, 0x61, 0x72, 0x20, 0x61, 0x67,
    0x6f, 0x72, 0x61, 0x2e, 0x00, 0x56, 0x4f, 0x20, 0x6a, 0x6f, 0x67, 0x6f,
    0x20, 0x6e, 0xc3, 0xa3, 0x6f, 0x20, 0x65, 0x6e, 0x74, 0x72, 0x65, 0x67,
    0x6f, 0x75, 0x20, 0x61, 0x20, 0x63, 0x6c, 0x61, 0x73, 0x73, 0x65, 0x20,
    0x64, 0x6f, 0x73, 0x20, 0x69, 0x74, 0x65, 0x6e, 0x73, 0x2e, 0x20, 0x22,
    0x54, 0x6f, 0x64, 0x6f, 0x73, 0x20, 0x6f, 0x73, 0x20, 0x69, 0x74, 0x65,
    0x6e, 0x73, 0x22, 0x20, 0x63, 0x6f, 0x6e, 0x74, 0x69, 0x6e, 0x75, 0x61,
    0x20, 0x63, 0x6f, 0x6d, 0x20, 0x61, 0x20, 0x6c, 0x69, 0x73, 0x74, 0x61,
    0x20, 0x69, 0x6e, 0x74, 0x65, 0x69, 0x72, 0x61, 0x2e, 0x00, 0x2f, 0x4f,
    0x20, 0x6a, 0x6f, 0x67, 0x6f, 0x20, 0x6e, 0xc3, 0xa3, 0x6f, 0x20, 0x72,
    0x65, 0x73, 0x70, 0x6f, 0x6e, 0x64, 0x65, 0x75, 0x2e, 0x20, 0x52, 0x65,
    0x69, 0x6e, 0x69, 0x63, 0x69, 0x61, 0x6e, 0x64, 0x6f, 0x20, 0x73, 0x65,
    0x6d, 0x20, 0x73, 0x61, 0x6c, 0x76, 0x61, 0x72, 0x2e, 0x2e, 0x2e, 0x00,
    0x17, 0x4f, 0x20, 0x6d, 0x75, 0x6e, 0x64, 0x6f, 0x20, 0x69, 0x6e, 0x74,
    0x65, 0x69, 0x72, 0x6f, 0x20, 0x6e, 0x6f, 0x20, 0x6d, 0x61, 0x70, 0x61,
    0x00, 0x02, 0x4f, 0x4b, 0x00, 0x07, 0x4f, 0x55, 0x54, 0x4c, 0x49, 0x4e,
    0x45, 0x00, 0x0e, 0x4f, 0x6c, 0x68, 0x6f, 0x20, 0x44, 0x65, 0x6d, 0x6f,
    0x6e, 0x69, 0x61, 0x63, 0x6f, 0x00, 0x0f, 0x4f, 0x6c, 0x68, 0x6f, 0x20,
    0x64, 0x65, 0x20, 0x43, 0x74, 0x68, 0x75, 0x6c, 0x68, 0x75, 0x00, 0x0c,
    0x4f, 0x75, 0x74, 0x6c, 0x69, 0x6e, 0x65, 0x64, 0x54, 0x65, 0x78, 0x74,
    0x00, 0x06, 0x4f, 0x75, 0x74, 0x72, 0x61, 0x73, 0x00, 0x06, 0x4f, 0x75,
    0x74, 0x72, 0x6f, 0x73, 0x00, 0x05, 0x50, 0x41, 0x4e, 0x45, 0x4c, 0x00,
    0x0a, 0x50, 0x41, 0x4e, 0x45, 0x4c, 0x5f, 0x44, 0x41, 0x52, 0x4b, 0x00,
    0x09, 0x50, 0x41, 0x4e, 0x45, 0x4c, 0x5f, 0x4c, 0x49, 0x54, 0x00, 0x07,
    0x50, 0x4f, 0x44, 0x45, 0x52, 0x45, 0x53, 0x00, 0x07, 0x50, 0x4f, 0x4c,
    0x4c, 0x5f, 0x4d, 0x53, 0x00, 0x05, 0x50, 0x4f, 0x57, 0x45, 0x52, 0x00,
    0x0a, 0x50, 0x4f, 0x57, 0x45, 0x52, 0x5f, 0x44, 0x45, 0x53, 0x43, 0x00,
    0x0a, 0x50, 0x4f, 0x57, 0x45, 0x52, 0x5f, 0x49, 0x43, 0x4f, 0x4e, 0x00,
    0x0c, 0x50, 0x4f, 0x57, 0x45, 0x52, 0x5f, 0x4c, 0x45, 0x56, 0x45, 0x4c,
    0x53, 0x00, 0x0a, 0x50, 0x4f, 0x57, 0x45, 0x52, 0x5f, 0x4e, 0x41, 0x4d,
    0x45, 0x00, 0x0b, 0x50, 0x4f, 0x57, 0x45, 0x52, 0x5f, 0x50, 0x52, 0x45,
    0x46, 0x53, 0x00, 0x05, 0x50, 0x52, 0x45, 0x46, 0x53, 0x00, 0x0c, 0x50,
    0x5f, 0x44, 0x49, 0x46, 0x46, 0x49, 0x43, 0x55, 0x4c, 0x54, 0x59, 0x00,
    0x0a, 0x50, 0x5f, 0x48, 0x41, 0x52, 0x44, 0x4d, 0x4f, 0x44, 0x45, 0x00,
    0x0b, 0x50, 0x5f, 0x4e, 0x4f, 0x5f, 0x53, 0x50, 0x41, 0x57, 0x4e, 0x53,
    0x00, 0x0a, 0x50, 0x61, 0x70, 0x61, 0x69, 0x20, 0x4e, 0x6f, 0x65, 0x6c,
    0x00, 0x0d, 0x50, 0x61, 0x72, 0x61, 0x72, 0x20, 0x6f, 0x20, 0x74, 0x65,
    0x6d, 0x70, 0x6f, 0x00, 0x07, 0x50, 0x61, 0x72, 0x65, 0x64, 0x65, 0x73,
    0x00, 0x05, 0x50, 0x65, 0x67, 0x61, 0x72, 0x00, 0x09, 0x50, 0x65, 0x69,
    0x74, 0x6f, 0x72, 0x61, 0x69, 0x73, 0x00, 0x08, 0x50, 0x65, 0x73, 0x63,
    0x61, 0x64, 0x6f, 0x72, 0x00, 0x0c, 0x50, 0x65, 0x74, 0x73, 0x20, 0x65,
    0x20, 0x6c, 0x75, 0x7a, 0x65, 0x73, 0x00, 0x15, 0x50, 0x69, 0x63, 0x61,
    0x72, 0x65, 0x74, 0x61, 0x20, 0x65, 0x20, 0x6d, 0x61, 0x63, 0x68, 0x61,
    0x64, 0x6f, 0x20, 0x34, 0x78, 0x00, 0x09, 0x50, 0x69, 0x63, 0x61, 0x72,
    0x65, 0x74, 0x61, 0x73, 0x00, 0x05, 0x50, 0x69, 0x6e, 0x6b, 0x79, 0x00,
    0x06, 0x50, 0x69, 0x6e, 0x74, 0x6f, 0x72, 0x00, 0x06, 0x50, 0x69, 0x72,
    0x61, 0x74, 0x61, 0x00, 0x08, 0x50, 0x6c, 0x61, 0x6e, 0x74, 0x65, 0x72,
    0x61, 0x00, 0x0e, 0x50, 0x6f, 0x77, 0x65, 0x72, 0x43, 0x61, 0x72, 0x64,
    0x56, 0x69, 0x65, 0x77, 0x73, 0x00, 0x0f, 0x50, 0x6f, 0xc3, 0xa7, 0xc3,
    0xb5, 0x65, 0x73, 0x20, 0x65, 0x20, 0x63, 0x6f, 0x6d, 0x69, 0x64, 0x61,
    0x00, 0x08, 0x50, 0x72, 0x69, 0x6e, 0x63, 0x65, 0x73, 0x61, 0x00, 0x07,
    0x50, 0x72, 0xc3, 0xb3, 0x78, 0x69, 0x6d, 0x6f, 0x00, 0x1c, 0x50, 0x75,
    0x6c, 0x61, 0x20, 0x61, 0x6c, 0x74, 0x6f, 0x2c, 0x20, 0x73, 0x65, 0x6d,
    0x20, 0x64, 0x61, 0x6e, 0x6f, 0x20, 0x64, 0x65, 0x20, 0x71, 0x75, 0x65,
    0x64, 0x61, 0x00, 0x0d, 0x50, 0x75, 0x6c, 0x6f, 0x20, 0x69, 0x6e, 0x66,
    0x69, 0x6e, 0x69, 0x74, 0x6f, 0x00, 0x0f, 0x52, 0x45, 0x53, 0x54, 0x41,
    0x52, 0x54, 0x5f, 0x50, 0x4f, 0x4c, 0x4c, 0x5f, 0x4d, 0x53, 0x00, 0x12,
    0x52, 0x45, 0x53, 0x54, 0x41, 0x52, 0x54, 0x5f, 0x54, 0x49, 0x4d, 0x45,
    0x4f, 0x55, 0x54, 0x5f, 0x4d, 0x53, 0x00, 0x04, 0x52, 0x4f, 0x4f, 0x54,
    0x00, 0x05, 0x52, 0x4f, 0x55, 0x4e, 0x44, 0x00, 0x0c, 0x52, 0x61, 0x69,
    0x6e, 0x68, 0x61, 0x20, 0x53, 0x6c, 0x69, 0x6d, 0x65, 0x00, 0x06, 0x52,
    0x61, 0x69, 0x6f, 0x2d, 0x58, 0x00, 0x05, 0x52, 0x61, 0x6e, 0x67, 0x65,
    0x00, 0x09, 0x52, 0x65, 0x69, 0x20, 0x53, 0x6c, 0x69, 0x6d, 0x65, 0x00,
    0x0e, 0x52, 0x65, 0x69, 0x6e, 0x69, 0x63, 0x69, 0x61, 0x6e, 0x64, 0x6f,
    0x2e, 0x2e, 0x2e, 0x00, 0x09, 0x52, 0x65, 0x69, 0x6e, 0x69, 0x63, 0x69,
    0x61, 0x72, 0x00, 0x10, 0x52, 0x65, 0x69, 0x6e, 0x69, 0x63, 0x69, 0x61,
    0x72, 0x20, 0x6f, 0x20, 0x6a, 0x6f, 0x67, 0x6f, 0x00, 0x09, 0x52, 0x65,
    0x74, 0x69, 0x6e, 0x61, 0x7a, 0x65, 0x72, 0x00, 0x0c, 0x52, 0x65, 0x76,
    0x65, 0x6c, 0x61, 0x72, 0x20, 0x6d, 0x61, 0x70, 0x61, 0x00, 0x0e, 0x52,
    0x65, 0x76, 0x69, 0x76, 0x65, 0x72, 0x20, 0x72, 0xc3, 0xa1, 0x70, 0x69,
    0x64, 0x6f, 0x00, 0x05, 0x52, 0x6f, 0x64, 0x61, 0x72, 0x00, 0x08, 0x52,
    0x6f, 0x77, 0x56, 0x69, 0x65, 0x77, 0x73, 0x00, 0x06, 0x52, 0xc3, 0xa1,
    0x70, 0x69, 0x64, 0x6f, 0x00, 0x05, 0x53, 0x43, 0x52, 0x49, 0x4d, 0x00,
    0x0f, 0x53, 0x45, 0x41, 0x52, 0x43, 0x48, 0x5f, 0x44, 0x45, 0x4c, 0x41,
    0x59, 0x5f, 0x4d, 0x53, 0x00, 0x08, 0x53, 0x50, 0x52, 0x5f, 0x42, 0x55,
    0x46, 0x46, 0x00, 0x07, 0x53, 0x50, 0x52, 0x5f, 0x44, 0x49, 0x52, 0x00,
    0x08, 0x53, 0x50, 0x52, 0x5f, 0x49, 0x54, 0x45, 0x4d, 0x00, 0x07, 0x53,
    0x50, 0x52, 0x5f, 0x4e, 0x50, 0x43, 0x00, 0x06, 0x53, 0x54, 0x52, 0x4f,
    0x4b, 0x45, 0x00, 0x09, 0x53, 0x55, 0x42, 0x5f, 0x4e, 0x41, 0x4d, 0x45,
    0x53, 0x00, 0x1f, 0x53, 0x61, 0x6c, 0x76, 0x61, 0x6e, 0x64, 0x6f, 0x20,
    0x6f, 0x20, 0x6a, 0x6f, 0x67, 0x61, 0x64, 0x6f, 0x72, 0x20, 0x65, 0x20,
    0x6f, 0x20, 0x6d, 0x75, 0x6e, 0x64, 0x6f, 0x2e, 0x2e, 0x2e, 0x00, 0x12,
    0x53, 0x61, 0x6c, 0x76, 0x61, 0x72, 0x20, 0x65, 0x20, 0x72, 0x65, 0x69,
    0x6e, 0x69, 0x63, 0x69, 0x61, 0x72, 0x00, 0x07, 0x53, 0x65, 0x63, 0x74,
    0x69, 0x6f, 0x6e, 0x00, 0x19, 0x53, 0x65, 0x67, 0x75, 0x72, 0x65, 0x20,
    0x32, 0x20, 0x73, 0x20, 0x6e, 0x6f, 0x20, 0x6d, 0x61, 0x70, 0x61, 0x20,
    0x67, 0x72, 0x61, 0x6e, 0x64, 0x65, 0x00, 0x0c, 0x53, 0x65, 0x6d, 0x20,
    0x69, 0x6e, 0x69, 0x6d, 0x69, 0x67, 0x6f, 0x73, 0x00, 0x0d, 0x53, 0x65,
    0x6e, 0x68, 0x6f, 0x72, 0x20, 0x64, 0x61, 0x20, 0x4c, 0x75, 0x61, 0x00,
    0x0a, 0x53, 0x65, 0x6e, 0x74, 0x69, 0x6e, 0x65, 0x6c, 0x61, 0x73, 0x00,
    0x09, 0x53, 0x6b, 0x65, 0x6c, 0x65, 0x74, 0x72, 0x6f, 0x6e, 0x00, 0x0f,
    0x53, 0x6b, 0x65, 0x6c, 0x65, 0x74, 0x72, 0x6f, 0x6e, 0x20, 0x50, 0x72,
    0x69, 0x6d, 0x65, 0x00, 0x0a, 0x53, 0x6c, 0x69, 0x6d, 0x65, 0x20, 0x41,
    0x7a, 0x75, 0x6c, 0x00, 0x0a, 0x53, 0x70, 0x61, 0x7a, 0x6d, 0x61, 0x74,
    0x69, 0x73, 0x6d, 0x00, 0x0b, 0x53, 0x74, 0x65, 0x61, 0x6d, 0x70, 0x75,
    0x6e, 0x6b, 0x65, 0x72, 0x00, 0x09, 0x53, 0x75, 0x6e, 0x66, 0x6c, 0x6f,
    0x77, 0x65, 0x72, 0x00, 0x0a, 0x53, 0x75, 0x70, 0x65, 0x72, 0x20, 0x70,
    0x75, 0x6c, 0x6f, 0x00, 0x10, 0x53, 0x75, 0x70, 0x65, 0x72, 0x20, 0x76,
    0x65, 0x6c, 0x6f, 0x63, 0x69, 0x64, 0x61, 0x64, 0x65, 0x00, 0x0c, 0x53,
    0x75, 0x70, 0x65, 0x72, 0x70, 0x6f, 0x64, 0x65, 0x72, 0x65, 0x73, 0x00,
    0x0c, 0x53, 0xc3, 0xb3, 0x20, 0x72, 0x65, 0x69, 0x6e, 0x69, 0x63, 0x69,
    0x61, 0x72, 0x00, 0x0a, 0x54, 0x45, 0x58, 0x54, 0x5f, 0x53, 0x43, 0x41,
    0x4c, 0x45, 0x00, 0x0d, 0x54, 0x49, 0x4d, 0x45, 0x5f, 0x46, 0x4c, 0x41,
    0x53, 0x48, 0x5f, 0x4d, 0x53, 0x00, 0x09, 0x54, 0x49, 0x4d, 0x45, 0x5f,
    0x49, 0x43, 0x4f, 0x4e, 0x00, 0x09, 0x54, 0x49, 0x4d, 0x45, 0x5f, 0x4e,
    0x41, 0x4d, 0x45, 0x00, 0x06, 0x54, 0x4f, 0x4b, 0x45, 0x4e, 0x53, 0x00,
    0x0b, 0x54, 0x4f, 0x57, 0x4e, 0x5f, 0x4e, 0x50, 0x43, 0x53, 0x5f, 0x49,
    0x00, 0x0b, 0x54, 0x4f, 0x57, 0x4e, 0x5f, 0x4e, 0x50, 0x43, 0x53, 0x5f,
    0x4e, 0x00, 0x0a, 0x54, 0x65, 0x6c, 0x61, 0x20, 0x63, 0x68, 0x65, 0x69,
    0x61, 0x00, 0x11, 0x54, 0x65, 0x6c, 0x65, 0x70, 0x6f, 0x72, 0x74, 0x65,
    0x20, 0x6e, 0x6f, 0x20, 0x6d, 0x61, 0x70, 0x61, 0x00, 0x0a, 0x54, 0x65,
    0x6d, 0x70, 0x65, 0x73, 0x74, 0x61, 0x64, 0x65, 0x00, 0x11, 0x54, 0x69,
    0x6e, 0x74, 0x61, 0x73, 0x20, 0x65, 0x20, 0x63, 0x6f, 0x72, 0x61, 0x6e,
    0x74, 0x65, 0x73, 0x00, 0x06, 0x54, 0x6f, 0x63, 0x68, 0x61, 0x73, 0x00,
    0x19, 0x54, 0x6f, 0x64, 0x61, 0x20, 0x61, 0x72, 0x6d, 0x61, 0x20, 0x62,
    0x61, 0x74, 0x65, 0x20, 0x6d, 0x61, 0x69, 0x73, 0x20, 0x66, 0x6f, 0x72,
    0x74, 0x65, 0x00, 0x05, 0x54, 0x6f, 0x64, 0x6f, 0x73, 0x00, 0x0e, 0x54,
    0x6f, 0x64, 0x6f, 0x73, 0x20, 0x6f, 0x73, 0x20, 0x69, 0x74, 0x65, 0x6e,
    0x73, 0x00, 0x1a, 0x54, 0x6f, 0x71, 0x75, 0x65, 0x20, 0x6e, 0x6f, 0x20,
    0x61, 0x72, 0x20, 0x65, 0x20, 0x70, 0x75, 0x6c, 0x65, 0x20, 0x64, 0x65,
    0x20, 0x6e, 0x6f, 0x76, 0x6f, 0x00, 0x05, 0x54, 0x72, 0x75, 0x66, 0x61,
    0x00, 0x0a, 0x55, 0x4e, 0x49, 0x54, 0x53, 0x5f, 0x54, 0x41, 0x4c, 0x4c,
    0x00, 0x0a, 0x55, 0x4e, 0x49, 0x54, 0x53, 0x5f, 0x57, 0x49, 0x44, 0x45,
    0x00, 0x01, 0x56, 0x00, 0x03, 0x56, 0x43, 0x4c, 0x00, 0x02, 0x56, 0x46,
    0x00, 0x08, 0x56, 0x46, 0x46, 0x46, 0x46, 0x46, 0x46, 0x4c, 0x00, 0x06,
    0x56, 0x46, 0x46, 0x46, 0x46, 0x4c, 0x00, 0x02, 0x56, 0x49, 0x00, 0x03,
    0x56, 0x49, 0x46, 0x00, 0x04, 0x56, 0x49, 0x46, 0x5a, 0x00, 0x03, 0x56,
    0x49, 0x49, 0x00, 0x04, 0x56, 0x49, 0x49, 0x46, 0x00, 0x05, 0x56, 0x49,
    0x49, 0x49, 0x49, 0x00, 0x05, 0x56, 0x49, 0x4c, 0x4c, 0x4c, 0x00, 0x06,
    0x56, 0x49, 0x4c, 0x4c, 0x4c, 0x4c, 0x00, 0x03, 0x56, 0x49, 0x5a, 0x00,
    0x02, 0x56, 0x4a, 0x00, 0x02, 0x56, 0x4c, 0x00, 0x05, 0x56, 0x4c, 0x46,
    0x46, 0x4c, 0x00, 0x03, 0x56, 0x4c, 0x49, 0x00, 0x04, 0x56, 0x4c, 0x49,
    0x49, 0x00, 0x05, 0x56, 0x4c, 0x49, 0x49, 0x49, 0x00, 0x06, 0x56, 0x4c,
    0x49, 0x49, 0x49, 0x49, 0x00, 0x04, 0x56, 0x4c, 0x49, 0x4c, 0x00, 0x03,
    0x56, 0x4c, 0x4c, 0x00, 0x04, 0x56, 0x4c, 0x4c, 0x46, 0x00, 0x04, 0x56,
    0x4c, 0x4c, 0x49, 0x00, 0x05, 0x56, 0x4c, 0x4c, 0x49, 0x49, 0x00, 0x0a,
    0x56, 0x4c, 0x4c, 0x49, 0x49, 0x4c, 0x4c, 0x4c, 0x49, 0x49, 0x00, 0x04,
    0x56, 0x4c, 0x4c, 0x4c, 0x00, 0x05, 0x56, 0x4c, 0x4c, 0x4c, 0x49, 0x00,
    0x05, 0x56, 0x4c, 0x4c, 0x4c, 0x4a, 0x00, 0x05, 0x56, 0x4c, 0x4c, 0x4c,
    0x4c, 0x00, 0x06, 0x56, 0x4c, 0x4c, 0x4c, 0x4c, 0x49, 0x00, 0x06, 0x56,
    0x4c, 0x4c, 0x4c, 0x4c, 0x4c, 0x00, 0x04, 0x56, 0x4c, 0x4c, 0x5a, 0x00,
    0x03, 0x56, 0x4c, 0x5a, 0x00, 0x02, 0x56, 0x5a, 0x00, 0x07, 0x56, 0x61,
    0x69, 0x64, 0x61, 0x64, 0x65, 0x00, 0x0e, 0x56, 0x61, 0x72, 0x61, 0x73,
    0x20, 0x64, 0x65, 0x20, 0x70, 0x65, 0x73, 0x63, 0x61, 0x00, 0x11, 0x56,
    0x65, 0x6e, 0x64, 0x65, 0x64, 0x6f, 0x72, 0x20, 0x64, 0x65, 0x20, 0x41,
    0x72, 0x6d, 0x61, 0x73, 0x00, 0x12, 0x56, 0x65, 0x6e, 0x64, 0x65, 0x64,
    0x6f, 0x72, 0x20, 0x64, 0x65, 0x20, 0x54, 0x69, 0x6e, 0x74, 0x61, 0x73,
    0x00, 0x08, 0x56, 0x65, 0x6e, 0x74, 0x61, 0x6e, 0x69, 0x61, 0x00, 0x05,
    0x56, 0x65, 0x6e, 0x74, 0x6f, 0x00, 0x05, 0x56, 0x65, 0x73, 0x70, 0x61,
    0x00, 0x0b, 0x56, 0x69, 0x73, 0xc3, 0xa3, 0x6f, 0x20, 0x74, 0x6f, 0x74,
    0x61, 0x6c, 0x00, 0x17, 0x56, 0x6f, 0x61, 0x20, 0x65, 0x20, 0x61, 0x74,
    0x72, 0x61, 0x76, 0x65, 0x73, 0x73, 0x61, 0x20, 0x70, 0x61, 0x72, 0x65,
    0x64, 0x65, 0x73, 0x00, 0x04, 0x56, 0x6f, 0x61, 0x72, 0x00, 0x06, 0x56,
    0x6f, 0x6c, 0x74, 0x61, 0x72, 0x00, 0x0d, 0x57, 0x4f, 0x52, 0x4c, 0x44,
    0x5f, 0x50, 0x4f, 0x4c, 0x4c, 0x5f, 0x4d, 0x53, 0x00, 0x01, 0x5a, 0x00,
    0x02, 0x5a, 0x49, 0x00, 0x02, 0x5a, 0x4c, 0x00, 0x03, 0x5a, 0x4c, 0x49,
    0x00, 0x04, 0x5a, 0x4c, 0x49, 0x4c, 0x00, 0x03, 0x5a, 0x4c, 0x4a, 0x00,
    0x03, 0x5a, 0x4c, 0x4c, 0x00, 0x03, 0x5a, 0x4c, 0x5a, 0x00, 0x02, 0x5a,
    0x5a, 0x00, 0x05, 0x5a, 0x75, 0x6d, 0x62, 0x69, 0x00, 0x02, 0x5b, 0x42,
    0x00, 0x02, 0x5b, 0x46, 0x00, 0x02, 0x5b, 0x49, 0x00, 0x14, 0x5b, 0x4c,
    0x61, 0x6e, 0x64, 0x72, 0x6f, 0x69, 0x64, 0x2f, 0x76, 0x69, 0x65, 0x77,
    0x2f, 0x56, 0x69, 0x65, 0x77, 0x3b, 0x00, 0x1c, 0x5b, 0x4c, 0x62, 0x75,
    0x6e, 0x6e, 0x79, 0x2f, 0x43, 0x68, 0x65, 0x61, 0x74, 0x42, 0x72, 0x69,
    0x64, 0x67, 0x65, 0x24, 0x53, 0x65, 0x63, 0x74, 0x69, 0x6f, 0x6e, 0x3b,
    0x00, 0x20, 0x5b, 0x4c, 0x62, 0x75, 0x6e, 0x6e, 0x79, 0x2f, 0x44, 0x65,
    0x76, 0x54, 0x6f, 0x6f, 0x6c, 0x73, 0x24, 0x43, 0x6f, 0x64, 0x65, 0x57,
    0x61, 0x74, 0x63, 0x68, 0x65, 0x72, 0x24, 0x48, 0x6c, 0x3b, 0x00, 0x13,
    0x5b, 0x4c, 0x6a, 0x61, 0x76, 0x61, 0x2f, 0x6c, 0x61, 0x6e, 0x67, 0x2f,
    0x4f, 0x62, 0x6a, 0x65, 0x63, 0x74, 0x3b, 0x00, 0x15, 0x5b, 0x4c, 0x6a,
    0x61, 0x76, 0x61, 0x2f, 0x6c, 0x61, 0x6e, 0x67, 0x2f, 0x52, 0x75, 0x6e,
    0x6e, 0x61, 0x62, 0x6c, 0x65, 0x3b, 0x00, 0x13, 0x5b, 0x4c, 0x6a, 0x61,
    0x76, 0x61, 0x2f, 0x6c, 0x61, 0x6e, 0x67, 0x2f, 0x53, 0x74, 0x72, 0x69,
    0x6e, 0x67, 0x3b, 0x00, 0x03, 0x5b, 0x5b, 0x49, 0x00, 0x14, 0x5b, 0x5b,
    0x4c, 0x6a, 0x61, 0x76, 0x61, 0x2f, 0x6c, 0x61, 0x6e, 0x67, 0x2f, 0x53,
    0x74, 0x72, 0x69, 0x6e, 0x67, 0x3b, 0x00, 0x04, 0x5b, 0x5b, 0x5b, 0x49,
    0x00, 0x01, 0x5f, 0x00, 0x03, 0x61, 0x62, 0x73, 0x00, 0x0a, 0x61, 0x63,
    0x63, 0x65, 0x73, 0x73, 0x24, 0x30, 0x30, 0x30, 0x00, 0x0a, 0x61, 0x63,
    0x63, 0x65, 0x73, 0x73, 0x24, 0x31, 0x30, 0x30, 0x00, 0x0b, 0x61, 0x63,
    0x63, 0x65, 0x73, 0x73, 0x24, 0x31, 0x30, 0x30, 0x30, 0x00, 0x0a, 0x61,
    0x63, 0x63, 0x65, 0x73, 0x73, 0x24, 0x31, 0x30, 0x32, 0x00, 0x0b, 0x61,
    0x63, 0x63, 0x65, 0x73, 0x73, 0x24, 0x31, 0x31, 0x30, 0x30, 0x00, 0x0b,
    0x61, 0x63, 0x63, 0x65, 0x73, 0x73, 0x24, 0x31, 0x32, 0x30, 0x30, 0x00,
    0x0b, 0x61, 0x63, 0x63, 0x65, 0x73, 0x73, 0x24, 0x31, 0x32, 0x30, 0x32,
    0x00, 0x0b, 0x61, 0x63, 0x63, 0x65, 0x73, 0x73, 0x24, 0x31, 0x33, 0x30,
    0x30, 0x00, 0x0b, 0x61, 0x63, 0x63, 0x65, 0x73, 0x73, 0x24, 0x31, 0x33,
    0x30, 0x32, 0x00, 0x0b, 0x61, 0x63, 0x63, 0x65, 0x73, 0x73, 0x24, 0x31,
    0x34, 0x30, 0x30, 0x00, 0x0b, 0x61, 0x63, 0x63, 0x65, 0x73, 0x73, 0x24,
    0x31, 0x35, 0x30, 0x30, 0x00, 0x0b, 0x61, 0x63, 0x63, 0x65, 0x73, 0x73,
    0x24, 0x31, 0x36, 0x30, 0x30, 0x00, 0x0b, 0x61, 0x63, 0x63, 0x65, 0x73,
    0x73, 0x24, 0x31, 0x37, 0x30, 0x30, 0x00, 0x0b, 0x61, 0x63, 0x63, 0x65,
    0x73, 0x73, 0x24, 0x31, 0x38, 0x30, 0x30, 0x00, 0x0b, 0x61, 0x63, 0x63,
    0x65, 0x73, 0x73, 0x24, 0x31, 0x39, 0x30, 0x30, 0x00, 0x0a, 0x61, 0x63,
    0x63, 0x65, 0x73, 0x73, 0x24, 0x32, 0x30, 0x30, 0x00, 0x0b, 0x61, 0x63,
    0x63, 0x65, 0x73, 0x73, 0x24, 0x32, 0x30, 0x30, 0x30, 0x00, 0x0a, 0x61,
    0x63, 0x63, 0x65, 0x73, 0x73, 0x24, 0x32, 0x30, 0x32, 0x00, 0x0b, 0x61,
    0x63, 0x63, 0x65, 0x73, 0x73, 0x24, 0x32, 0x31, 0x30, 0x30, 0x00, 0x0b,
    0x61, 0x63, 0x63, 0x65, 0x73, 0x73, 0x24, 0x32, 0x32, 0x30, 0x30, 0x00,
    0x0b, 0x61, 0x63, 0x63, 0x65, 0x73, 0x73, 0x24, 0x32, 0x33, 0x30, 0x30,
    0x00, 0x0b, 0x61, 0x63, 0x63, 0x65, 0x73, 0x73, 0x24, 0x32, 0x34, 0x30,
    0x30, 0x00, 0x0b, 0x61, 0x63, 0x63, 0x65, 0x73, 0x73, 0x24, 0x32, 0x35,
    0x30, 0x30, 0x00, 0x0b, 0x61, 0x63, 0x63, 0x65, 0x73, 0x73, 0x24, 0x32,
    0x37, 0x30, 0x30, 0x00, 0x0b, 0x61, 0x63, 0x63, 0x65, 0x73, 0x73, 0x24,
    0x32, 0x38, 0x30, 0x30, 0x00, 0x0b, 0x61, 0x63, 0x63, 0x65, 0x73, 0x73,
    0x24, 0x32, 0x39, 0x30, 0x30, 0x00, 0x0a, 0x61, 0x63, 0x63, 0x65, 0x73,
    0x73, 0x24, 0x33, 0x30, 0x30, 0x00, 0x0b, 0x61, 0x63, 0x63, 0x65, 0x73,
    0x73, 0x24, 0x33, 0x30, 0x30, 0x30, 0x00, 0x0b, 0x61, 0x63, 0x63, 0x65,
    0x73, 0x73, 0x24, 0x33, 0x31, 0x30, 0x30, 0x00, 0x0b, 0x61, 0x63, 0x63,
    0x65, 0x73, 0x73, 0x24, 0x33, 0x32, 0x30, 0x30, 0x00, 0x0b, 0x61, 0x63,
    0x63, 0x65, 0x73, 0x73, 0x24, 0x33, 0x33, 0x30, 0x30, 0x00, 0x0b, 0x61,
    0x63, 0x63, 0x65, 0x73, 0x73, 0x24, 0x33, 0x34, 0x30, 0x30, 0x00, 0x0b,
    0x61, 0x63, 0x63, 0x65, 0x73, 0x73, 0x24, 0x33, 0x35, 0x30, 0x30, 0x00,
    0x0b, 0x61, 0x63, 0x63, 0x65, 0x73, 0x73, 0x24, 0x33, 0x37, 0x30, 0x30,
    0x00, 0x0a, 0x61, 0x63, 0x63, 0x65, 0x73, 0x73, 0x24, 0x34, 0x30, 0x30,
    0x00, 0x0a, 0x61, 0x63, 0x63, 0x65, 0x73, 0x73, 0x24, 0x35, 0x30, 0x30,
    0x00, 0x0a, 0x61, 0x63, 0x63, 0x65, 0x73, 0x73, 0x24, 0x36, 0x30, 0x30,
    0x00, 0x0a, 0x61, 0x63, 0x63, 0x65, 0x73, 0x73, 0x24, 0x37, 0x30, 0x30,
    0x00, 0x0a, 0x61, 0x63, 0x63, 0x65, 0x73, 0x73, 0x24, 0x38, 0x30, 0x30,
    0x00, 0x0a, 0x61, 0x63, 0x63, 0x65, 0x73, 0x73, 0x24, 0x39, 0x30, 0x30,
    0x00, 0x0b, 0x61, 0x63, 0x63, 0x65, 0x73, 0x73, 0x46, 0x6c, 0x61, 0x67,
    0x73, 0x00, 0x03, 0x61, 0x63, 0x74, 0x00, 0x06, 0x61, 0x63, 0x74, 0x69,
    0x6f, 0x6e, 0x00, 0x03, 0x61, 0x64, 0x64, 0x00, 0x0e, 0x61, 0x64, 0x64,
    0x43, 0x6f, 0x6e, 0x74, 0x65, 0x6e, 0x74, 0x56, 0x69, 0x65, 0x77, 0x00,
    0x08, 0x61, 0x64, 0x64, 0x46, 0x6c, 0x61, 0x67, 0x73, 0x00, 0x0e, 0x61,
    0x64, 0x64, 0x4d, 0x6f, 0x64, 0x53, 0x65, 0x63, 0x74, 0x69, 0x6f, 0x6e,
    0x73, 0x00, 0x19, 0x61, 0x64, 0x64, 0x4f, 0x6e, 0x47, 0x6c, 0x6f, 0x62,
    0x61, 0x6c, 0x4c, 0x61, 0x79, 0x6f, 0x75, 0x74, 0x4c, 0x69, 0x73, 0x74,
    0x65, 0x6e, 0x65, 0x72, 0x00, 0x16, 0x61, 0x64, 0x64, 0x54, 0x65, 0x78,
    0x74, 0x43, 0x68, 0x61, 0x6e, 0x67, 0x65, 0x64, 0x4c, 0x69, 0x73, 0x74,
    0x65, 0x6e, 0x65, 0x72, 0x00, 0x11, 0x61, 0x64, 0x64, 0x55, 0x70, 0x64,
    0x61, 0x74, 0x65, 0x4c, 0x69, 0x73, 0x74, 0x65, 0x6e, 0x65, 0x72, 0x00,
    0x07, 0x61, 0x64, 0x64, 0x56, 0x69, 0x65, 0x77, 0x00, 0x10, 0x61, 0x66,
    0x74, 0x65, 0x72, 0x54, 0x65, 0x78, 0x74, 0x43, 0x68, 0x61, 0x6e, 0x67,
    0x65, 0x64, 0x00, 0x08, 0x61, 0x6c, 0x6c, 0x42, 0x75, 0x66, 0x66, 0x73,
    0x00, 0x08, 0x61, 0x6c, 0x6c, 0x49, 0x74, 0x65, 0x6d, 0x73, 0x00, 0x07,
    0x61, 0x6c, 0x6c, 0x4e, 0x70, 0x63, 0x73, 0x00, 0x06, 0x61, 0x70, 0x70,
    0x65, 0x6e, 0x64, 0x00, 0x0b, 0x61, 0x70, 0x70, 0x65, 0x6e, 0x64, 0x45,
    0x6e, 0x74, 0x72, 0x79, 0x00, 0x05, 0x61, 0x70, 0x70, 0x6c, 0x79, 0x00,
    0x0b, 0x61, 0x70, 0x70, 0x6c, 0x79, 0x46, 0x69, 0x6c, 0x74, 0x65, 0x72,
    0x00, 0x0d, 0x61, 0x70, 0x70, 0x6c, 0x79, 0x54, 0x65, 0x78, 0x74, 0x53,
    0x69, 0x7a, 0x65, 0x00, 0x05, 0x61, 0x72, 0x72, 0x6f, 0x77, 0x00, 0x08,
    0x62, 0x61, 0x72, 0x55, 0x6e, 0x69, 0x74, 0x73, 0x00, 0x11, 0x62, 0x65,
    0x66, 0x6f, 0x72, 0x65, 0x54, 0x65, 0x78, 0x74, 0x43, 0x68, 0x61, 0x6e,
    0x67, 0x65, 0x64, 0x00, 0x05, 0x62, 0x6c, 0x6f, 0x6f, 0x6d, 0x00, 0x04,
    0x62, 0x6f, 0x64, 0x79, 0x00, 0x06, 0x62, 0x6f, 0x72, 0x64, 0x65, 0x72,
    0x00, 0x06, 0x62, 0x6f, 0x73, 0x73, 0x65, 0x73, 0x00, 0x06, 0x62, 0x6f,
    0x74, 0x74, 0x6f, 0x6d, 0x00, 0x0c, 0x62, 0x6f, 0x74, 0x74, 0x6f, 0x6d,
    0x4d, 0x61, 0x72, 0x67, 0x69, 0x6e, 0x00, 0x04, 0x62, 0x75, 0x66, 0x66,
    0x00, 0x05, 0x62, 0x75, 0x66, 0x66, 0x20, 0x00, 0x05, 0x62, 0x75, 0x66,
    0x66, 0x2f, 0x00, 0x0b, 0x62, 0x75, 0x66, 0x66, 0x42, 0x79, 0x43, 0x6c,
    0x61, 0x73, 0x73, 0x00, 0x09, 0x62, 0x75, 0x66, 0x66, 0x43, 0x6c, 0x61,
    0x73, 0x73, 0x00, 0x09, 0x62, 0x75, 0x66, 0x66, 0x4e, 0x61, 0x6d, 0x65,
    0x73, 0x00, 0x0a, 0x62, 0x75, 0x66, 0x66, 0x53, 0x65, 0x61, 0x72, 0x63,
    0x68, 0x00, 0x0c, 0x62, 0x75, 0x69, 0x6c, 0x64, 0x43, 0x61, 0x74, 0x61,
    0x6c, 0x6f, 0x67, 0x00, 0x0a, 0x62, 0x75, 0x69, 0x6c, 0x64, 0x45, 0x72,
    0x72, 0x6f, 0x72, 0x00, 0x0b, 0x62, 0x75, 0x69, 0x6c, 0x64, 0x48, 0x65,
    0x61, 0x64, 0x65, 0x72, 0x00, 0x09, 0x62, 0x75, 0x69, 0x6c, 0x64, 0x4d,
    0x65, 0x6e, 0x75, 0x00, 0x0b, 0x62, 0x75, 0x69, 0x6c, 0x64, 0x54, 0x6f,
    0x67, 0x67, 0x6c, 0x65, 0x00, 0x05, 0x62, 0x75, 0x6e, 0x6e, 0x79, 0x00,
    0x0d, 0x62, 0x75, 0x6e, 0x6e, 0x79, 0x2d, 0x63, 0x61, 0x74, 0x61, 0x6c,
    0x6f, 0x67, 0x00, 0x0d, 0x62, 0x75, 0x6e, 0x6e, 0x79, 0x2d, 0x73, 0x70,
    0x72, 0x69, 0x74, 0x65, 0x73, 0x00, 0x0d, 0x62, 0x75, 0x6e, 0x6e, 0x79,
    0x5f, 0x63, 0x6f, 0x6e, 0x73, 0x6f, 0x6c, 0x65, 0x00, 0x0a, 0x62, 0x75,
    0x6e, 0x6e, 0x79, 0x5f, 0x6d, 0x65, 0x6e, 0x75, 0x00, 0x0c, 0x62, 0x75,
    0x6e, 0x6e, 0x79, 0x5f, 0x70, 0x6f, 0x77, 0x65, 0x72, 0x73, 0x00, 0x04,
    0x62, 0x75, 0x73, 0x79, 0x00, 0x0c, 0x62, 0x75, 0x74, 0x74, 0x6f, 0x6e,
    0x50, 0x61, 0x72, 0x61, 0x6d, 0x73, 0x00, 0x07, 0x62, 0x79, 0x43, 0x6c,
    0x61, 0x73, 0x73, 0x00, 0x05, 0x62, 0x79, 0x53, 0x75, 0x62, 0x00, 0x06,
    0x63, 0x61, 0x6e, 0x63, 0x65, 0x6c, 0x00, 0x04, 0x63, 0x65, 0x69, 0x6c,
    0x00, 0x06, 0x63, 0x68, 0x61, 0x72, 0x41, 0x74, 0x00, 0x06, 0x63, 0x68,
    0x61, 0x74, 0x3a, 0x20, 0x00, 0x08, 0x63, 0x68, 0x69, 0x6c, 0x64, 0x72,
    0x65, 0x6e, 0x00, 0x05, 0x63, 0x6c, 0x61, 0x6d, 0x70, 0x00, 0x0a, 0x63,
    0x6c, 0x61, 0x73, 0x73, 0x47, 0x72, 0x6f, 0x75, 0x70, 0x00, 0x05, 0x63,
    0x6c, 0x65, 0x61, 0x72, 0x00, 0x0a, 0x63, 0x6c, 0x65, 0x61, 0x72, 0x46,
    0x6f, 0x63, 0x75, 0x73, 0x00, 0x0b, 0x63, 0x6c, 0x65, 0x61, 0x72, 0x4f,
    0x75, 0x74, 0x70, 0x75, 0x74, 0x00, 0x09, 0x63, 0x6c, 0x69, 0x70, 0x62,
    0x6f, 0x61, 0x72, 0x64, 0x00, 0x05, 0x63, 0x6c, 0x6f, 0x73, 0x65, 0x00,
    0x12, 0x63, 0x6c, 0x6f, 0x73, 0x65, 0x52, 0x65, 0x73, 0x74, 0x61, 0x72,
    0x74, 0x44, 0x69, 0x61, 0x6c, 0x6f, 0x67, 0x00, 0x08, 0x63, 0x6f, 0x6c,
    0x6f, 0x72, 0x69, 0x7a, 0x65, 0x00, 0x07, 0x63, 0x6f, 0x6d, 0x70, 0x69,
    0x6c, 0x65, 0x00, 0x0e, 0x63, 0x6f, 0x6e, 0x66, 0x69, 0x72, 0x6d, 0x52,
    0x65, 0x73, 0x74, 0x61, 0x72, 0x74, 0x00, 0x0c, 0x63, 0x6f, 0x6e, 0x73,
    0x6f, 0x6c, 0x65, 0x42, 0x61, 0x64, 0x67, 0x65, 0x00, 0x08, 0x63, 0x6f,
    0x6e, 0x74, 0x61, 0x69, 0x6e, 0x73, 0x00, 0x0b, 0x63, 0x6f, 0x6e, 0x74,
    0x61, 0x69, 0x6e, 0x73, 0x4b, 0x65, 0x79, 0x00, 0x0c, 0x63, 0x6f, 0x6e,
    0x74, 0x65, 0x6e, 0x74, 0x55, 0x6e, 0x69, 0x74, 0x73, 0x00, 0x06, 0x63,
    0x6f, 0x70, 0x79, 0x4f, 0x66, 0x00, 0x05, 0x63, 0x6f, 0x75, 0x6e, 0x74,
    0x00, 0x06, 0x63, 0x72, 0x65, 0x61, 0x74, 0x65, 0x00, 0x0c, 0x63, 0x72,
    0x65, 0x61, 0x74, 0x65, 0x42, 0x69, 0x74, 0x6d, 0x61, 0x70, 0x00, 0x0f,
    0x63, 0x72, 0x65, 0x61, 0x74, 0x65, 0x46, 0x72, 0x6f, 0x6d, 0x41, 0x73,
    0x73, 0x65, 0x74, 0x00, 0x06, 0x64, 0x65, 0x63, 0x6f, 0x64, 0x65, 0x00,
    0x0a, 0x64, 0x65, 0x63, 0x6f, 0x64, 0x65, 0x46, 0x69, 0x6c, 0x65, 0x00,
    0x0e, 0x64, 0x65, 0x63, 0x6f, 0x64, 0x65, 0x52, 0x65, 0x73, 0x6f, 0x75,
    0x72, 0x63, 0x65, 0x00, 0x0c, 0x64, 0x65, 0x63, 0x6f, 0x64, 0x65, 0x53,
    0x74, 0x72, 0x65, 0x61, 0x6d, 0x00, 0x0a, 0x64, 0x65, 0x66, 0x61, 0x75,
    0x6c, 0x74, 0x51, 0x74, 0x79, 0x00, 0x06, 0x64, 0x65, 0x6c, 0x65, 0x74,
    0x65, 0x00, 0x07, 0x64, 0x65, 0x6c, 0x69, 0x76, 0x65, 0x72, 0x00, 0x07,
    0x64, 0x65, 0x6e, 0x73, 0x69, 0x74, 0x79, 0x00, 0x04, 0x64, 0x65, 0x73,
    0x63, 0x00, 0x06, 0x64, 0x65, 0x74, 0x61, 0x69, 0x6c, 0x00, 0x1f, 0x64,
    0x65, 0x76, 0x2e, 0x62, 0x75, 0x6e, 0x6e, 0x79, 0x6c, 0x6f, 0x61, 0x64,
    0x65, 0x72, 0x2e, 0x52, 0x65, 0x73, 0x74, 0x61, 0x72, 0x74, 0x41, 0x63,
    0x74, 0x69, 0x76, 0x69, 0x74, 0x79, 0x00, 0x09, 0x64, 0x65, 0x76, 0x45,
    0x64, 0x69, 0x74, 0x6f, 0x72, 0x00, 0x0a, 0x64, 0x65, 0x76, 0x4d, 0x6f,
    0x64, 0x4d, 0x65, 0x6e, 0x75, 0x00, 0x0a, 0x64, 0x65, 0x76, 0x52, 0x65,
    0x73, 0x74, 0x61, 0x72, 0x74, 0x00, 0x07, 0x64, 0x69, 0x73, 0x6d, 0x69,
    0x73, 0x73, 0x00, 0x05, 0x64, 0x72, 0x61, 0x66, 0x74, 0x00, 0x08, 0x64,
    0x72, 0x61, 0x67, 0x67, 0x69, 0x6e, 0x67, 0x00, 0x0a, 0x64, 0x72, 0x61,
    0x77, 0x42, 0x69, 0x74, 0x6d, 0x61, 0x70, 0x00, 0x08, 0x64, 0x72, 0x61,
    0x77, 0x52, 0x65, 0x63, 0x74, 0x00, 0x0d, 0x64, 0x72, 0x61, 0x77, 0x52,
    0x6f, 0x75, 0x6e, 0x64, 0x52, 0x65, 0x63, 0x74, 0x00, 0x08, 0x64, 0x72,
    0x61, 0x77, 0x54, 0x65, 0x78, 0x74, 0x00, 0x08, 0x64, 0x72, 0x61, 0x77,
    0x61, 0x62, 0x6c, 0x65, 0x00, 0x0b, 0x64, 0x72, 0x6f, 0x70, 0x4f, 0x72,
    0x70, 0x68, 0x61, 0x6e, 0x73, 0x00, 0x03, 0x64, 0x73, 0x74, 0x00, 0x04,
    0x65, 0x64, 0x69, 0x74, 0x00, 0x06, 0x65, 0x64, 0x69, 0x74, 0x6f, 0x72,
    0x00, 0x0f, 0x65, 0x6c, 0x61, 0x70, 0x73, 0x65, 0x64, 0x52, 0x65, 0x61,
    0x6c, 0x74, 0x69, 0x6d, 0x65, 0x00, 0x03, 0x65, 0x6e, 0x64, 0x00, 0x06,
    0x65, 0x71, 0x75, 0x61, 0x6c, 0x73, 0x00, 0x04, 0x65, 0x78, 0x69, 0x74,
    0x00, 0x08, 0x66, 0x69, 0x6c, 0x74, 0x65, 0x72, 0x65, 0x64, 0x00, 0x04,
    0x66, 0x69, 0x6e, 0x64, 0x00, 0x0c, 0x66, 0x69, 0x74, 0x4d, 0x65, 0x6e,
    0x75, 0x41, 0x62, 0x6f, 0x76, 0x65, 0x00, 0x08, 0x66, 0x69, 0x78, 0x65,
    0x64, 0x49, 0x64, 0x73, 0x00, 0x0a, 0x66, 0x69, 0x78, 0x65, 0x64, 0x4e,
    0x61, 0x6d, 0x65, 0x73, 0x00, 0x0b, 0x66, 0x69, 0x78, 0x65, 0x64, 0x53,
    0x65, 0x61, 0x72, 0x63, 0x68, 0x00, 0x0f, 0x66, 0x6c, 0x61, 0x73, 0x68,
    0x41, 0x63, 0x74, 0x69, 0x6f, 0x6e, 0x43, 0x61, 0x72, 0x64, 0x00, 0x09,
    0x66, 0x6c, 0x6f, 0x61, 0x74, 0x49, 0x63, 0x6f, 0x6e, 0x00, 0x0a, 0x66,
    0x6c, 0x6f, 0x61, 0x74, 0x56, 0x61, 0x6c, 0x75, 0x65, 0x00, 0x0b, 0x66,
    0x6f, 0x63, 0x75, 0x73, 0x45, 0x64, 0x69, 0x74, 0x6f, 0x72, 0x00, 0x0b,
    0x66, 0x6f, 0x6c, 0x64, 0x41, 0x63, 0x63, 0x65, 0x6e, 0x74, 0x73, 0x00,
    0x04, 0x66, 0x6f, 0x6e, 0x74, 0x00, 0x0f, 0x66, 0x6f, 0x6e, 0x74, 0x65,
    0x2f, 0x62, 0x75, 0x6e, 0x6e, 0x79, 0x2e, 0x74, 0x74, 0x66, 0x00, 0x05,
    0x66, 0x72, 0x61, 0x6d, 0x65, 0x00, 0x08, 0x66, 0x72, 0x61, 0x6d, 0x65,
    0x73, 0x4f, 0x66, 0x00, 0x0b, 0x66, 0x72, 0x6f, 0x6d, 0x43, 0x61, 0x74,
    0x61, 0x6c, 0x6f, 0x67, 0x00, 0x0a, 0x66, 0x75, 0x6c, 0x6c, 0x42, 0x75,
    0x74, 0x74, 0x6f, 0x6e, 0x00, 0x0a, 0x66, 0x75, 0x6c, 0x6c, 0x73, 0x63,
    0x72, 0x65, 0x65, 0x6e, 0x00, 0x03, 0x67, 0x65, 0x74, 0x00, 0x09, 0x67,
    0x65, 0x74, 0x41, 0x63, 0x74, 0x69, 0x6f, 0x6e, 0x00, 0x0f, 0x67, 0x65,
    0x74, 0x41, 0x63, 0x74, 0x69, 0x6f, 0x6e, 0x4d, 0x61, 0x73, 0x6b, 0x65,
    0x64, 0x00, 0x10, 0x67, 0x65, 0x74, 0x41, 0x6e, 0x69, 0x6d, 0x61, 0x74,
    0x65, 0x64, 0x56, 0x61, 0x6c, 0x75, 0x65, 0x00, 0x09, 0x67, 0x65, 0x74,
    0x41, 0x73, 0x73, 0x65, 0x74, 0x73, 0x00, 0x0d, 0x67, 0x65, 0x74, 0x41,
    0x74, 0x74, 0x72, 0x69, 0x62, 0x75, 0x74, 0x65, 0x73, 0x00, 0x0b, 0x67,
    0x65, 0x74, 0x42, 0x61, 0x73, 0x65, 0x6c, 0x69, 0x6e, 0x65, 0x00, 0x0a,
    0x67, 0x65, 0x74, 0x42, 0x6f, 0x6f, 0x6c, 0x65, 0x61, 0x6e, 0x00, 0x09,
    0x67, 0x65, 0x74, 0x42, 0x75, 0x74, 0x74, 0x6f, 0x6e, 0x00, 0x16, 0x67,
    0x65, 0x74, 0x43, 0x6f, 0x6d, 0x70, 0x6f, 0x75, 0x6e, 0x64, 0x50, 0x61,
    0x64, 0x64, 0x69, 0x6e, 0x67, 0x4c, 0x65, 0x66, 0x74, 0x00, 0x0a, 0x67,
    0x65, 0x74, 0x43, 0x6f, 0x6e, 0x74, 0x65, 0x78, 0x74, 0x00, 0x08, 0x67,
    0x65, 0x74, 0x43, 0x6f, 0x75, 0x6e, 0x74, 0x00, 0x13, 0x67, 0x65, 0x74,
    0x43, 0x75, 0x72, 0x72, 0x65, 0x6e, 0x74, 0x54, 0x65, 0x78, 0x74, 0x43,
    0x6f, 0x6c, 0x6f, 0x72, 0x00, 0x0c, 0x67, 0x65, 0x74, 0x44, 0x65, 0x63,
    0x6f, 0x72, 0x56, 0x69, 0x65, 0x77, 0x00, 0x11, 0x67, 0x65, 0x74, 0x44,
    0x69, 0x73, 0x70, 0x6c, 0x61, 0x79, 0x4d, 0x65, 0x74, 0x72, 0x69, 0x63,
    0x73, 0x00, 0x09, 0x67, 0x65, 0x74, 0x48, 0x65, 0x69, 0x67, 0x68, 0x74,
    0x00, 0x0d, 0x67, 0x65, 0x74, 0x49, 0x64, 0x65, 0x6e, 0x74, 0x69, 0x66,
    0x69, 0x65, 0x72, 0x00, 0x06, 0x67, 0x65, 0x74, 0x49, 0x6e, 0x74, 0x00,
    0x07, 0x67, 0x65, 0x74, 0x49, 0x74, 0x65, 0x6d, 0x00, 0x09, 0x67, 0x65,
    0x74, 0x49, 0x74, 0x65, 0x6d, 0x49, 0x64, 0x00, 0x09, 0x67, 0x65, 0x74,
    0x4c, 0x61, 0x79, 0x6f, 0x75, 0x74, 0x00, 0x0f, 0x67, 0x65, 0x74, 0x4c,
    0x61, 0x79, 0x6f, 0x75, 0x74, 0x50, 0x61, 0x72, 0x61, 0x6d, 0x73, 0x00,
    0x0c, 0x67, 0x65, 0x74, 0x4c, 0x69, 0x6e, 0x65, 0x43, 0x6f, 0x75, 0x6e,
    0x74, 0x00, 0x0b, 0x67, 0x65, 0x74, 0x4c, 0x69, 0x6e, 0x65, 0x4c, 0x65,
    0x66, 0x74, 0x00, 0x13, 0x67, 0x65, 0x74, 0x4c, 0x6f, 0x6e, 0x67, 0x50,
    0x72, 0x65, 0x73, 0x73, 0x54, 0x69, 0x6d, 0x65, 0x6f, 0x75, 0x74, 0x00,
    0x0d, 0x67, 0x65, 0x74, 0x4d, 0x61, 0x69, 0x6e, 0x4c, 0x6f, 0x6f, 0x70,
    0x65, 0x72, 0x00, 0x0e, 0x67, 0x65, 0x74, 0x50, 0x61, 0x63, 0x6b, 0x61,
    0x67, 0x65, 0x4e, 0x61, 0x6d, 0x65, 0x00, 0x08, 0x67, 0x65, 0x74, 0x50,
    0x61, 0x69, 0x6e, 0x74, 0x00, 0x09, 0x67, 0x65, 0x74, 0x50, 0x61, 0x72,
    0x65, 0x6e, 0x74, 0x00, 0x07, 0x67, 0x65, 0x74, 0x52, 0x61, 0x77, 0x58,
    0x00, 0x07, 0x67, 0x65, 0x74, 0x52, 0x61, 0x77, 0x59, 0x00, 0x0c, 0x67,
    0x65, 0x74, 0x52, 0x65, 0x73, 0x6f, 0x75, 0x72, 0x63, 0x65, 0x73, 0x00,
    0x12, 0x67, 0x65, 0x74, 0x53, 0x63, 0x61, 0x6c, 0x65, 0x64, 0x54, 0x6f,
    0x75, 0x63, 0x68, 0x53, 0x6c, 0x6f, 0x70, 0x00, 0x14, 0x67, 0x65, 0x74,
    0x53, 0x68, 0x61, 0x72, 0x65, 0x64, 0x50, 0x72, 0x65, 0x66, 0x65, 0x72,
    0x65, 0x6e, 0x63, 0x65, 0x73, 0x00, 0x08, 0x67, 0x65, 0x74, 0x53, 0x70,
    0x61, 0x6e, 0x73, 0x00, 0x09, 0x67, 0x65, 0x74, 0x53, 0x74, 0x72, 0x69,
    0x6e, 0x67, 0x00, 0x10, 0x67, 0x65, 0x74, 0x53, 0x79, 0x73, 0x74, 0x65,
    0x6d, 0x53, 0x65, 0x72, 0x76, 0x69, 0x63, 0x65, 0x00, 0x06, 0x67, 0x65,
    0x74, 0x54, 0x61, 0x67, 0x00, 0x07, 0x67, 0x65, 0x74, 0x54, 0x65, 0x78,
    0x74, 0x00, 0x07, 0x67, 0x65, 0x74, 0x54, 0x79, 0x70, 0x65, 0x00, 0x07,
    0x67, 0x65, 0x74, 0x56, 0x69, 0x65, 0x77, 0x00, 0x13, 0x67, 0x65, 0x74,
    0x56, 0x69, 0x65, 0x77, 0x54, 0x72, 0x65, 0x65, 0x4f, 0x62, 0x73, 0x65,
    0x72, 0x76, 0x65, 0x72, 0x00, 0x0d, 0x67, 0x65, 0x74, 0x56, 0x69, 0x73,
    0x69, 0x62, 0x69, 0x6c, 0x69, 0x74, 0x79, 0x00, 0x08, 0x67, 0x65, 0x74,
    0x57, 0x69, 0x64, 0x74, 0x68, 0x00, 0x09, 0x67, 0x65, 0x74, 0x57, 0x69,
    0x6e, 0x64, 0x6f, 0x77, 0x00, 0x0e, 0x67, 0x65, 0x74, 0x57, 0x69, 0x6e,
    0x64, 0x6f, 0x77, 0x54, 0x6f, 0x6b, 0x65, 0x6e, 0x00, 0x1c, 0x67, 0x65,
    0x74, 0x57, 0x69, 0x6e, 0x64, 0x6f, 0x77, 0x56, 0x69, 0x73, 0x69, 0x62,
    0x6c, 0x65, 0x44, 0x69, 0x73, 0x70, 0x6c, 0x61, 0x79, 0x46, 0x72, 0x61,
    0x6d, 0x65, 0x00, 0x04, 0x67, 0x65, 0x74, 0x58, 0x00, 0x07, 0x67, 0x72,
    0x61, 0x76, 0x69, 0x74, 0x79, 0x00, 0x05, 0x67, 0x72, 0x6f, 0x75, 0x70,
    0x00, 0x06, 0x68, 0x61, 0x6e, 0x64, 0x6c, 0x65, 0x00, 0x07, 0x68, 0x61,
    0x6e, 0x64, 0x6c, 0x65, 0x72, 0x00, 0x07, 0x68, 0x61, 0x73, 0x4e, 0x65,
    0x78, 0x74, 0x00, 0x06, 0x68, 0x65, 0x69, 0x67, 0x68, 0x74, 0x00, 0x0c,
    0x68, 0x65, 0x69, 0x67, 0x68, 0x74, 0x50, 0x69, 0x78, 0x65, 0x6c, 0x73,
    0x00, 0x04, 0x68, 0x69, 0x64, 0x65, 0x00, 0x0c, 0x68, 0x69, 0x64, 0x65,
    0x4b, 0x65, 0x79, 0x62, 0x6f, 0x61, 0x72, 0x64, 0x00, 0x17, 0x68, 0x69,
    0x64, 0x65, 0x53, 0x6f, 0x66, 0x74, 0x49, 0x6e, 0x70, 0x75, 0x74, 0x46,
    0x72, 0x6f, 0x6d, 0x57, 0x69, 0x6e, 0x64, 0x6f, 0x77, 0x00, 0x09, 0x68,
    0x69, 0x67, 0x68, 0x6c, 0x69, 0x67, 0x68, 0x74, 0x00, 0x07, 0x68, 0x69,
    0x73, 0x74, 0x6f, 0x72, 0x79, 0x00, 0x0c, 0x68, 0x69, 0x73, 0x74, 0x6f,
    0x72, 0x79, 0x49, 0x6e, 0x64, 0x65, 0x78, 0x00, 0x01, 0x69, 0x00, 0x0d,
    0x69, 0x63, 0x5f, 0x62, 0x75, 0x6e, 0x6e, 0x79, 0x5f, 0x68, 0x65, 0x61,
    0x64, 0x00, 0x0f, 0x69, 0x63, 0x5f, 0x64, 0x69, 0x66, 0x5f, 0x63, 0x72,
    0x65, 0x61, 0x74, 0x69, 0x76, 0x65, 0x00, 0x0d, 0x69, 0x63, 0x5f, 0x64,
    0x69, 0x66, 0x5f, 0x65, 0x78, 0x70, 0x65, 0x72, 0x74, 0x00, 0x0d, 0x69,
    0x63, 0x5f, 0x64, 0x69, 0x66, 0x5f, 0x6d, 0x61, 0x73, 0x74, 0x65, 0x72,
    0x00, 0x0d, 0x69, 0x63, 0x5f, 0x64, 0x69, 0x66, 0x5f, 0x6e, 0x6f, 0x72,
    0x6d, 0x61, 0x6c, 0x00, 0x09, 0x69, 0x63, 0x5f, 0x66, 0x65, 0x63, 0x68,
    0x61, 0x72, 0x00, 0x11, 0x69, 0x63, 0x5f, 0x68, 0x6f, 0x72, 0x61, 0x5f,
    0x61, 0x6d, 0x61, 0x6e, 0x68, 0x65, 0x63, 0x65, 0x72, 0x00, 0x11, 0x69,
    0x63, 0x5f, 0x68, 0x6f, 0x72, 0x61, 0x5f, 0x61, 0x6e, 0x6f, 0x69, 0x74,
    0x65, 0x63, 0x65, 0x72, 0x00, 0x11, 0x69, 0x63, 0x5f, 0x68, 0x6f, 0x72,
    0x61, 0x5f, 0x6d, 0x65, 0x69, 0x61, 0x6e, 0x6f, 0x69, 0x74, 0x65, 0x00,
    0x0f, 0x69, 0x63, 0x5f, 0x68, 0x6f, 0x72, 0x61, 0x5f, 0x6d, 0x65, 0x69,
    0x6f, 0x64, 0x69, 0x61, 0x00, 0x0a, 0x69, 0x63, 0x5f, 0x69, 0x6e, 0x76,
    0x6f, 0x63, 0x61, 0x72, 0x00, 0x05, 0x69, 0x63, 0x5f, 0x6a, 0x73, 0x00,
    0x07, 0x69, 0x63, 0x5f, 0x6c, 0x75, 0x70, 0x61, 0x00, 0x08, 0x69, 0x63,
    0x5f, 0x70, 0x65, 0x67, 0x61, 0x72, 0x00, 0x0e, 0x69, 0x63, 0x5f, 0x70,
    0x6f, 0x64, 0x65, 0x72, 0x5f, 0x73, 0x70, 0x61, 0x77, 0x6e, 0x00, 0x0c,
    0x69, 0x63, 0x5f, 0x73, 0x65, 0x63, 0x5f, 0x61, 0x63, 0x65, 0x73, 0x73,
    0x00, 0x0d, 0x69, 0x63, 0x5f, 0x73, 0x65, 0x63, 0x5f, 0x62, 0x6c, 0x6f,
    0x63, 0x6f, 0x73, 0x00, 0x0c, 0x69, 0x63, 0x5f, 0x73, 0x65, 0x63, 0x5f,
    0x69, 0x6e, 0x76, 0x6f, 0x63, 0x00, 0x0c, 0x69, 0x63, 0x5f, 0x73, 0x65,
    0x63, 0x5f, 0x6d, 0x61, 0x67, 0x69, 0x61, 0x00, 0x0c, 0x69, 0x63, 0x5f,
    0x73, 0x65, 0x63, 0x5f, 0x6d, 0x65, 0x6c, 0x65, 0x65, 0x00, 0x0d, 0x69,
    0x63, 0x5f, 0x73, 0x65, 0x63, 0x5f, 0x72, 0x61, 0x6e, 0x67, 0x65, 0x64,
    0x00, 0x10, 0x69, 0x63, 0x5f, 0x73, 0x65, 0x63, 0x5f, 0x74, 0x75, 0x64,
    0x6f, 0x5f, 0x69, 0x74, 0x65, 0x6d, 0x00, 0x0f, 0x69, 0x63, 0x5f, 0x73,
    0x65, 0x63, 0x5f, 0x74, 0x75, 0x64, 0x6f, 0x5f, 0x6e, 0x70, 0x63, 0x00,
    0x0b, 0x69, 0x63, 0x5f, 0x73, 0x65, 0x63, 0x5f, 0x75, 0x74, 0x69, 0x6c,
    0x00, 0x0b, 0x69, 0x63, 0x5f, 0x73, 0x65, 0x74, 0x61, 0x5f, 0x64, 0x69,
    0x72, 0x00, 0x0b, 0x69, 0x63, 0x5f, 0x73, 0x65, 0x74, 0x61, 0x5f, 0x65,
    0x73, 0x71, 0x00, 0x08, 0x69, 0x63, 0x5f, 0x73, 0x74, 0x61, 0x72, 0x74,
    0x00, 0x04, 0x69, 0x63, 0x6f, 0x6e, 0x00, 0x0a, 0x69, 0x63, 0x6f, 0x6e,
    0x42, 0x75, 0x74, 0x74, 0x6f, 0x6e, 0x00, 0x08, 0x69, 0x63, 0x6f, 0x6e,
    0x46, 0x69, 0x6c, 0x65, 0x00, 0x08, 0x69, 0x63, 0x6f, 0x6e, 0x49, 0x74,
    0x65, 0x6d, 0x00, 0x08, 0x69, 0x63, 0x6f, 0x6e, 0x4b, 0x69, 0x6e, 0x64,
    0x00, 0x05, 0x69, 0x63, 0x6f, 0x6e, 0x58, 0x00, 0x05, 0x69, 0x63, 0x6f,
    0x6e, 0x59, 0x00, 0x03, 0x69, 0x64, 0x20, 0x00, 0x03, 0x69, 0x64, 0x73,
    0x00, 0x08, 0x69, 0x6e, 0x53, 0x63, 0x61, 0x6c, 0x65, 0x64, 0x00, 0x06,
    0x69, 0x6e, 0x64, 0x65, 0x6e, 0x74, 0x00, 0x08, 0x69, 0x6e, 0x64, 0x65,
    0x6e, 0x74, 0x41, 0x74, 0x00, 0x07, 0x69, 0x6e, 0x64, 0x65, 0x78, 0x41,
    0x74, 0x00, 0x0c, 0x69, 0x6e, 0x70, 0x75, 0x74, 0x5f, 0x6d, 0x65, 0x74,
    0x68, 0x6f, 0x64, 0x00, 0x06, 0x69, 0x6e, 0x73, 0x65, 0x72, 0x74, 0x00,
    0x07, 0x69, 0x6e, 0x73, 0x74, 0x61, 0x6c, 0x6c, 0x00, 0x0a, 0x69, 0x6e,
    0x76, 0x61, 0x6c, 0x69, 0x64, 0x61, 0x74, 0x65, 0x00, 0x08, 0x69, 0x73,
    0x41, 0x63, 0x74, 0x69, 0x6f, 0x6e, 0x00, 0x0d, 0x69, 0x73, 0x43, 0x74,
    0x72, 0x6c, 0x50, 0x72, 0x65, 0x73, 0x73, 0x65, 0x64, 0x00, 0x0b, 0x69,
    0x73, 0x44, 0x65, 0x73, 0x74, 0x72, 0x6f, 0x79, 0x65, 0x64, 0x00, 0x07,
    0x69, 0x73, 0x45, 0x6d, 0x70, 0x74, 0x79, 0x00, 0x0b, 0x69, 0x73, 0x46,
    0x69, 0x6e, 0x69, 0x73, 0x68, 0x69, 0x6e, 0x67, 0x00, 0x07, 0x69, 0x73,
    0x53, 0x61, 0x76, 0x65, 0x64, 0x00, 0x08, 0x69, 0x73, 0x57, 0x61, 0x6e,
    0x74, 0x65, 0x64, 0x00, 0x0c, 0x69, 0x73, 0x57, 0x6f, 0x72, 0x6c, 0x64,
    0x53, 0x74, 0x61, 0x74, 0x65, 0x00, 0x05, 0x69, 0x74, 0x65, 0x6d, 0x2f,
    0x00, 0x09, 0x69, 0x74, 0x65, 0x6d, 0x43, 0x6c, 0x61, 0x73, 0x73, 0x00,
    0x09, 0x69, 0x74, 0x65, 0x6d, 0x4e, 0x61, 0x6d, 0x65, 0x73, 0x00, 0x0a,
    0x69, 0x74, 0x65, 0x6d, 0x53, 0x65, 0x61, 0x72, 0x63, 0x68, 0x00, 0x07,
    0x69, 0x74, 0x65, 0x6d, 0x53, 0x75, 0x62, 0x00, 0x05, 0x69, 0x74, 0x65,
    0x6d, 0x73, 0x00, 0x08, 0x69, 0x74, 0x65, 0x72, 0x61, 0x74, 0x6f, 0x72,
    0x00, 0x08, 0x6b, 0x65, 0x79, 0x62, 0x6f, 0x61, 0x72, 0x64, 0x00, 0x0e,
    0x6b, 0x65, 0x79, 0x62, 0x6f, 0x61, 0x72, 0x64, 0x48, 0x65, 0x69, 0x67,
    0x68, 0x74, 0x00, 0x0b, 0x6b, 0x69, 0x6c, 0x6c, 0x50, 0x72, 0x6f, 0x63,
    0x65, 0x73, 0x73, 0x00, 0x04, 0x6b, 0x69, 0x6e, 0x64, 0x00, 0x04, 0x6c,
    0x61, 0x73, 0x74, 0x00, 0x06, 0x6c, 0x61, 0x79, 0x6f, 0x75, 0x74, 0x00,
    0x0a, 0x6c, 0x65, 0x66, 0x74, 0x4d, 0x61, 0x72, 0x67, 0x69, 0x6e, 0x00,
    0x06, 0x6c, 0x65, 0x6e, 0x67, 0x74, 0x68, 0x00, 0x0a, 0x6c, 0x65, 0x76,
    0x65, 0x6c, 0x4c, 0x61, 0x62, 0x65, 0x6c, 0x00, 0x08, 0x6c, 0x69, 0x73,
    0x74, 0x65, 0x6e, 0x65, 0x72, 0x00, 0x04, 0x6c, 0x6f, 0x61, 0x64, 0x00,
    0x0b, 0x6c, 0x6f, 0x61, 0x64, 0x48, 0x69, 0x73, 0x74, 0x6f, 0x72, 0x79,
    0x00, 0x0c, 0x6c, 0x6f, 0x61, 0x64, 0x4d, 0x6f, 0x64, 0x49, 0x74, 0x65,
    0x6d, 0x73, 0x00, 0x0b, 0x6c, 0x6f, 0x61, 0x64, 0x69, 0x6e, 0x67, 0x56,
    0x69, 0x65, 0x77, 0x00, 0x09, 0x6c, 0x6f, 0x6e, 0x67, 0x46, 0x69, 0x72,
    0x65, 0x64, 0x00, 0x09, 0x6c, 0x6f, 0x6e, 0x67, 0x50, 0x72, 0x65, 0x73,
    0x73, 0x00, 0x03, 0x6d, 0x30, 0x78, 0x00, 0x03, 0x6d, 0x30, 0x79, 0x00,
    0x08, 0x6d, 0x61, 0x6b, 0x65, 0x54, 0x65, 0x78, 0x74, 0x00, 0x07, 0x6d,
    0x61, 0x74, 0x63, 0x68, 0x65, 0x72, 0x00, 0x03, 0x6d, 0x61, 0x78, 0x00,
    0x06, 0x6d, 0x65, 0x6e, 0x75, 0x3a, 0x20, 0x00, 0x28, 0x6d, 0x65, 0x6e,
    0x75, 0x3a, 0x20, 0x63, 0x61, 0x74, 0x61, 0x6c, 0x6f, 0x67, 0x6f, 0x20,
    0x70, 0x72, 0x6f, 0x6e, 0x74, 0x6f, 0x3b, 0x20, 0x65, 0x73, 0x70, 0x65,
    0x72, 0x6f, 0x75, 0x20, 0x6f, 0x20, 0x6e, 0x61, 0x74, 0x69, 0x76, 0x6f,
    0x20, 0x00, 0x0b, 0x6d, 0x65, 0x6e, 0x75, 0x42, 0x75, 0x74, 0x74, 0x6f,
    0x6e, 0x73, 0x00, 0x0c, 0x6d, 0x65, 0x6e, 0x75, 0x4b, 0x65, 0x79, 0x62,
    0x6f, 0x61, 0x72, 0x64, 0x00, 0x03, 0x6d, 0x69, 0x6e, 0x00, 0x08, 0x6d,
    0x69, 0x6e, 0x69, 0x6d, 0x69, 0x7a, 0x65, 0x00, 0x09, 0x6d, 0x6f, 0x64,
    0x46, 0x6f, 0x6c, 0x64, 0x65, 0x72, 0x00, 0x08, 0x6d, 0x6f, 0x64, 0x47,
    0x72, 0x6f, 0x75, 0x70, 0x00, 0x0a, 0x6d, 0x6f, 0x64, 0x54, 0x65, 0x78,
    0x74, 0x75, 0x72, 0x65, 0x00, 0x05, 0x6d, 0x79, 0x50, 0x69, 0x64, 0x00,
    0x0c, 0x6e, 0x42, 0x75, 0x66, 0x66, 0x43, 0x6c, 0x61, 0x73, 0x73, 0x65,
    0x73, 0x00, 0x0a, 0x6e, 0x42, 0x75, 0x66, 0x66, 0x4e, 0x61, 0x6d, 0x65,
    0x73, 0x00, 0x0b, 0x6e, 0x43, 0x6f, 0x6e, 0x73, 0x6f, 0x6c, 0x65, 0x52,
    0x75, 0x6e, 0x00, 0x0c, 0x6e, 0x43, 0x6f, 0x6e, 0x73, 0x6f, 0x6c, 0x65,
    0x54, 0x61, 0x6b, 0x65, 0x00, 0x08, 0x6e, 0x49, 0x6e, 0x57, 0x6f, 0x72,
    0x6c, 0x64, 0x00, 0x0c, 0x6e, 0x49, 0x74, 0x65, 0x6d, 0x43, 0x6c, 0x61,
    0x73, 0x73, 0x65, 0x73, 0x00, 0x0a, 0x6e, 0x49, 0x74, 0x65, 0x6d, 0x4e,
    0x61, 0x6d, 0x65, 0x73, 0x00, 0x0f, 0x6e, 0x49, 0x74, 0x65, 0x6d, 0x53,
    0x75, 0x62, 0x43, 0x6c, 0x61, 0x73, 0x73, 0x65, 0x73, 0x00, 0x10, 0x6e,
    0x4d, 0x6f, 0x64, 0x42, 0x75, 0x66, 0x66, 0x54, 0x65, 0x78, 0x74, 0x75,
    0x72, 0x65, 0x73, 0x00, 0x0e, 0x6e, 0x4d, 0x6f, 0x64, 0x43, 0x61, 0x74,
    0x65, 0x67, 0x6f, 0x72, 0x69, 0x65, 0x73, 0x00, 0x11, 0x6e, 0x4d, 0x6f,
    0x64, 0x43, 0x61, 0x74, 0x65, 0x67, 0x6f, 0x72, 0x79, 0x49, 0x74, 0x65,
    0x6d, 0x73, 0x00, 0x10, 0x6e, 0x4d, 0x6f, 0x64, 0x49, 0x74, 0x65, 0x6d,
    0x54, 0x65, 0x78, 0x74, 0x75, 0x72, 0x65, 0x73, 0x00, 0x0f, 0x6e, 0x4d,
    0x6f, 0x64, 0x4e, 0x70, 0x63, 0x54, 0x65, 0x78, 0x74, 0x75, 0x72, 0x65,
    0x73, 0x00, 0x0b, 0x6e, 0x4e, 0x70, 0x63, 0x43, 0x6c, 0x61, 0x73, 0x73,
    0x65, 0x73, 0x00, 0x0a, 0x6e, 0x4e, 0x70, 0x63, 0x46, 0x72, 0x61, 0x6d,
    0x65, 0x73, 0x00, 0x09, 0x6e, 0x4e, 0x70, 0x63, 0x4e, 0x61, 0x6d, 0x65,
    0x73, 0x00, 0x07, 0x6e, 0x4f, 0x6e, 0x42, 0x75, 0x66, 0x66, 0x00, 0x07,
    0x6e, 0x4f, 0x6e, 0x47, 0x69, 0x76, 0x65, 0x00, 0x08, 0x6e, 0x4f, 0x6e,
    0x53, 0x70, 0x61, 0x77, 0x6e, 0x00, 0x0f, 0x6e, 0x52, 0x65, 0x71, 0x75,
    0x65, 0x73, 0x74, 0x52, 0x65, 0x73, 0x74, 0x61, 0x72, 0x74, 0x00, 0x0d,
    0x6e, 0x52, 0x65, 0x73, 0x74, 0x61, 0x72, 0x74, 0x52, 0x65, 0x61, 0x64,
    0x79, 0x00, 0x0e, 0x6e, 0x53, 0x65, 0x74, 0x47, 0x61, 0x6d, 0x65, 0x46,
    0x72, 0x6f, 0x7a, 0x65, 0x6e, 0x00, 0x09, 0x6e, 0x53, 0x65, 0x74, 0x50,
    0x6f, 0x77, 0x65, 0x72, 0x00, 0x0d, 0x6e, 0x53, 0x65, 0x74, 0x54, 0x69,
    0x6d, 0x65, 0x4f, 0x66, 0x44, 0x61, 0x79, 0x00, 0x11, 0x6e, 0x56, 0x61,
    0x6e, 0x69, 0x6c, 0x6c, 0x61, 0x42, 0x75, 0x66, 0x66, 0x43, 0x6f, 0x75,
    0x6e, 0x74, 0x00, 0x11, 0x6e, 0x56, 0x61, 0x6e, 0x69, 0x6c, 0x6c, 0x61,
    0x49, 0x74, 0x65, 0x6d, 0x43, 0x6f, 0x75, 0x6e, 0x74, 0x00, 0x10, 0x6e,
    0x56, 0x61, 0x6e, 0x69, 0x6c, 0x6c, 0x61, 0x4e, 0x70, 0x63, 0x43, 0x6f,
    0x75, 0x6e, 0x74, 0x00, 0x0b, 0x6e, 0x57, 0x6f, 0x72, 0x6c, 0x64, 0x53,
    0x74, 0x61, 0x74, 0x65, 0x00, 0x04, 0x6e, 0x61, 0x6d, 0x65, 0x00, 0x06,
    0x6e, 0x61, 0x6d, 0x65, 0x41, 0x74, 0x00, 0x09, 0x6e, 0x61, 0x6d, 0x65,
    0x4c, 0x61, 0x62, 0x65, 0x6c, 0x00, 0x05, 0x6e, 0x61, 0x6d, 0x65, 0x64,
    0x00, 0x05, 0x6e, 0x61, 0x6d, 0x65, 0x73, 0x00, 0x0c, 0x6e, 0x65, 0x77,
    0x50, 0x6c, 0x61, 0x69, 0x6e, 0x54, 0x65, 0x78, 0x74, 0x00, 0x0d, 0x6e,
    0x65, 0x77, 0x53, 0x65, 0x74, 0x46, 0x72, 0x6f, 0x6d, 0x4d, 0x61, 0x70,
    0x00, 0x04, 0x6e, 0x65, 0x78, 0x74, 0x00, 0x09, 0x6e, 0x6f, 0x72, 0x6d,
    0x61, 0x6c, 0x69, 0x7a, 0x65, 0x00, 0x0c, 0x6e, 0x6f, 0x72, 0x6d, 0x61,
    0x6c, 0x69, 0x7a, 0x65, 0x41, 0x6c, 0x6c, 0x00, 0x14, 0x6e, 0x6f, 0x74,
    0x69, 0x66, 0x79, 0x44, 0x61, 0x74, 0x61, 0x53, 0x65, 0x74, 0x43, 0x68,
    0x61, 0x6e, 0x67, 0x65, 0x64, 0x00, 0x03, 0x6e, 0x70, 0x63, 0x00, 0x04,
    0x6e, 0x70, 0x63, 0x2f, 0x00, 0x0a, 0x6e, 0x70, 0x63, 0x42, 0x79, 0x43,
    0x6c, 0x61, 0x73, 0x73, 0x00, 0x08, 0x6e, 0x70, 0x63, 0x43, 0x6c, 0x61,
    0x73, 0x73, 0x00, 0x09, 0x6e, 0x70, 0x63, 0x46, 0x72, 0x61, 0x6d, 0x65,
    0x73, 0x00, 0x08, 0x6e, 0x70, 0x63, 0x4e, 0x61, 0x6d, 0x65, 0x73, 0x00,
    0x09, 0x6e, 0x70, 0x63, 0x53, 0x65, 0x61, 0x72, 0x63, 0x68, 0x00, 0x04,
    0x6e, 0x70, 0x63, 0x73, 0x00, 0x1f, 0x6f, 0x20, 0x6e, 0xc3, 0xba, 0x63,
    0x6c, 0x65, 0x6f, 0x20, 0x6e, 0x61, 0x74, 0x69, 0x76, 0x6f, 0x20, 0x6e,
    0xc3, 0xa3, 0x6f, 0x20, 0x72, 0x65, 0x73, 0x70, 0x6f, 0x6e, 0x64, 0x65,
    0x75, 0x3a, 0x20, 0x00, 0x07, 0x6f, 0x66, 0x46, 0x6c, 0x6f, 0x61, 0x74,
    0x00, 0x09, 0x6f, 0x66, 0x66, 0x65, 0x72, 0x4c, 0x61, 0x73, 0x74, 0x00,
    0x11, 0x6f, 0x6e, 0x41, 0x6e, 0x69, 0x6d, 0x61, 0x74, 0x69, 0x6f, 0x6e,
    0x55, 0x70, 0x64, 0x61, 0x74, 0x65, 0x00, 0x08, 0x6f, 0x6e, 0x43, 0x68,
    0x61, 0x6e, 0x67, 0x65, 0x00, 0x07, 0x6f, 0x6e, 0x43, 0x6c, 0x69, 0x63,
    0x6b, 0x00, 0x06, 0x6f, 0x6e, 0x44, 0x72, 0x61, 0x77, 0x00, 0x0d, 0x6f,
    0x6e, 0x46, 0x6f, 0x63, 0x75, 0x73, 0x43, 0x68, 0x61, 0x6e, 0x67, 0x65,
    0x00, 0x0e, 0x6f, 0x6e, 0x47, 0x6c, 0x6f, 0x62, 0x61, 0x6c, 0x4c, 0x61,
    0x79, 0x6f, 0x75, 0x74, 0x00, 0x05, 0x6f, 0x6e, 0x4b, 0x65, 0x79, 0x00,
    0x0a, 0x6f, 0x6e, 0x4b, 0x65, 0x79, 0x62, 0x6f, 0x61, 0x72, 0x64, 0x00,
    0x09, 0x6f, 0x6e, 0x4d, 0x65, 0x61, 0x73, 0x75, 0x72, 0x65, 0x00, 0x05,
    0x6f, 0x6e, 0x54, 0x61, 0x70, 0x00, 0x0d, 0x6f, 0x6e, 0x54, 0x65, 0x78,
    0x74, 0x43, 0x68, 0x61, 0x6e, 0x67, 0x65, 0x64, 0x00, 0x07, 0x6f, 0x6e,
    0x54, 0x6f, 0x75, 0x63, 0x68, 0x00, 0x0c, 0x6f, 0x6e, 0x54, 0x6f, 0x75,
    0x63, 0x68, 0x45, 0x76, 0x65, 0x6e, 0x74, 0x00, 0x04, 0x6f, 0x70, 0x65,
    0x6e, 0x00, 0x0b, 0x6f, 0x70, 0x65, 0x6e, 0x43, 0x6f, 0x6e, 0x73, 0x6f,
    0x6c, 0x65, 0x00, 0x06, 0x6f, 0x75, 0x74, 0x70, 0x75, 0x74, 0x00, 0x0c,
    0x6f, 0x75, 0x74, 0x70, 0x75, 0x74, 0x53, 0x63, 0x72, 0x6f, 0x6c, 0x6c,
    0x00, 0x19, 0x6f, 0x76, 0x65, 0x72, 0x72, 0x69, 0x64, 0x65, 0x50, 0x65,
    0x6e, 0x64, 0x69, 0x6e, 0x67, 0x54, 0x72, 0x61, 0x6e, 0x73, 0x69, 0x74,
    0x69, 0x6f, 0x6e, 0x00, 0x01, 0x70, 0x00, 0x05, 0x70, 0x61, 0x69, 0x6e,
    0x74, 0x00, 0x0e, 0x70, 0x61, 0x69, 0x6e, 0x74, 0x50, 0x6f, 0x77, 0x65,
    0x72, 0x43, 0x61, 0x72, 0x64, 0x00, 0x0e, 0x70, 0x61, 0x69, 0x6e, 0x74,
    0x57, 0x6f, 0x72, 0x6c, 0x64, 0x43, 0x61, 0x72, 0x64, 0x00, 0x05, 0x70,
    0x61, 0x6e, 0x65, 0x6c, 0x00, 0x08, 0x70, 0x61, 0x6e, 0x65, 0x6c, 0x42,
    0x69, 0x67, 0x00, 0x08, 0x70, 0x61, 0x72, 0x73, 0x65, 0x49, 0x6e, 0x74,
    0x00, 0x03, 0x70, 0x69, 0x64, 0x00, 0x04, 0x70, 0x69, 0x6c, 0x6c, 0x00,
    0x05, 0x70, 0x6c, 0x61, 0x63, 0x65, 0x00, 0x15, 0x70, 0x6c, 0x61, 0x79,
    0x65, 0x72, 0x2e, 0x73, 0x74, 0x61, 0x74, 0x4c, 0x69, 0x66, 0x65, 0x20,
    0x3d, 0x20, 0x35, 0x30, 0x30, 0x00, 0x04, 0x70, 0x6f, 0x6c, 0x6c, 0x00,
    0x05, 0x70, 0x6f, 0x70, 0x75, 0x70, 0x00, 0x04, 0x70, 0x6f, 0x73, 0x74,
    0x00, 0x0b, 0x70, 0x6f, 0x73, 0x74, 0x44, 0x65, 0x6c, 0x61, 0x79, 0x65,
    0x64, 0x00, 0x15, 0x70, 0x6f, 0x73, 0x74, 0x49, 0x6e, 0x76, 0x61, 0x6c,
    0x69, 0x64, 0x61, 0x74, 0x65, 0x44, 0x65, 0x6c, 0x61, 0x79, 0x65, 0x64,
    0x00, 0x09, 0x70, 0x6f, 0x77, 0x65, 0x72, 0x43, 0x61, 0x72, 0x64, 0x00,
    0x0c, 0x70, 0x6f, 0x77, 0x65, 0x72, 0x43, 0x6f, 0x6c, 0x75, 0x6d, 0x6e,
    0x73, 0x00, 0x08, 0x70, 0x6f, 0x77, 0x65, 0x72, 0x52, 0x65, 0x73, 0x00,
    0x06, 0x70, 0x6f, 0x77, 0x65, 0x72, 0x73, 0x00, 0x05, 0x70, 0x72, 0x65,
    0x66, 0x73, 0x00, 0x05, 0x70, 0x72, 0x6f, 0x62, 0x65, 0x00, 0x0a, 0x70,
    0x75, 0x6c, 0x6c, 0x4f, 0x75, 0x74, 0x70, 0x75, 0x74, 0x00, 0x03, 0x70,
    0x75, 0x74, 0x00, 0x08, 0x70, 0x75, 0x74, 0x45, 0x78, 0x74, 0x72, 0x61,
    0x00, 0x06, 0x70, 0x75, 0x74, 0x49, 0x6e, 0x74, 0x00, 0x09, 0x70, 0x75,
    0x74, 0x53, 0x74, 0x72, 0x69, 0x6e, 0x67, 0x00, 0x02, 0x70, 0x78, 0x00,
    0x07, 0x71, 0x74, 0x79, 0x54, 0x65, 0x78, 0x74, 0x00, 0x0f, 0x72, 0x65,
    0x61, 0x64, 0x44, 0x65, 0x76, 0x53, 0x65, 0x74, 0x74, 0x69, 0x6e, 0x67,
    0x73, 0x00, 0x07, 0x72, 0x65, 0x63, 0x79, 0x63, 0x6c, 0x65, 0x00, 0x0d,
    0x72, 0x65, 0x66, 0x72, 0x65, 0x73, 0x68, 0x4f, 0x75, 0x74, 0x70, 0x75,
    0x74, 0x00, 0x08, 0x72, 0x65, 0x6c, 0x61, 0x75, 0x6e, 0x63, 0x68, 0x00,
    0x06, 0x72, 0x65, 0x6d, 0x6f, 0x76, 0x65, 0x00, 0x0e, 0x72, 0x65, 0x6d,
    0x6f, 0x76, 0x65, 0x41, 0x6c, 0x6c, 0x56, 0x69, 0x65, 0x77, 0x73, 0x00,
    0x0f, 0x72, 0x65, 0x6d, 0x6f, 0x76, 0x65, 0x43, 0x61, 0x6c, 0x6c, 0x62,
    0x61, 0x63, 0x6b, 0x73, 0x00, 0x11, 0x72, 0x65, 0x6d, 0x6f, 0x76, 0x65,
    0x45, 0x6c, 0x64, 0x65, 0x73, 0x74, 0x45, 0x6e, 0x74, 0x72, 0x79, 0x00,
    0x0f, 0x72, 0x65, 0x6d, 0x6f, 0x76, 0x65, 0x46, 0x6c, 0x6f, 0x61, 0x74,
    0x49, 0x63, 0x6f, 0x6e, 0x00, 0x1c, 0x72, 0x65, 0x6d, 0x6f, 0x76, 0x65,
    0x4f, 0x6e, 0x47, 0x6c, 0x6f, 0x62, 0x61, 0x6c, 0x4c, 0x61, 0x79, 0x6f,
    0x75, 0x74, 0x4c, 0x69, 0x73, 0x74, 0x65, 0x6e, 0x65, 0x72, 0x00, 0x0a,
    0x72, 0x65, 0x6d, 0x6f, 0x76, 0x65, 0x53, 0x70, 0x61, 0x6e, 0x00, 0x0a,
    0x72, 0x65, 0x6d, 0x6f, 0x76, 0x65, 0x56, 0x69, 0x65, 0x77, 0x00, 0x22,
    0x72, 0x65, 0x71, 0x75, 0x65, 0x73, 0x74, 0x44, 0x69, 0x73, 0x61, 0x6c,
    0x6c, 0x6f, 0x77, 0x49, 0x6e, 0x74, 0x65, 0x72, 0x63, 0x65, 0x70, 0x74,
    0x54, 0x6f, 0x75, 0x63, 0x68, 0x45, 0x76, 0x65, 0x6e, 0x74, 0x00, 0x0c,
    0x72, 0x65, 0x71, 0x75, 0x65, 0x73, 0x74, 0x46, 0x6f, 0x63, 0x75, 0x73,
    0x00, 0x0d, 0x72, 0x65, 0x71, 0x75, 0x65, 0x73, 0x74, 0x53, 0x70, 0x72,
    0x69, 0x74, 0x65, 0x00, 0x0b, 0x72, 0x65, 0x73, 0x6f, 0x6c, 0x76, 0x65,
    0x53, 0x69, 0x7a, 0x65, 0x00, 0x0d, 0x72, 0x65, 0x73, 0x74, 0x69, 0x6e,
    0x67, 0x48, 0x65, 0x69, 0x67, 0x68, 0x74, 0x00, 0x0f, 0x72, 0x65, 0x73,
    0x74, 0x6f, 0x72, 0x65, 0x50, 0x6f, 0x73, 0x69, 0x74, 0x69, 0x6f, 0x6e,
    0x00, 0x0d, 0x72, 0x65, 0x73, 0x74, 0x6f, 0x72, 0x65, 0x50, 0x6f, 0x77,
    0x65, 0x72, 0x73, 0x00, 0x0b, 0x72, 0x69, 0x67, 0x68, 0x74, 0x4d, 0x61,
    0x72, 0x67, 0x69, 0x6e, 0x00, 0x05, 0x72, 0x6f, 0x75, 0x6e, 0x64, 0x00,
    0x03, 0x72, 0x6f, 0x77, 0x00, 0x03, 0x72, 0x75, 0x6e, 0x00, 0x0d, 0x72,
    0x75, 0x6e, 0x4f, 0x6e, 0x55, 0x69, 0x54, 0x68, 0x72, 0x65, 0x61, 0x64,
    0x00, 0x09, 0x73, 0x41, 0x63, 0x74, 0x69, 0x76, 0x69, 0x74, 0x79, 0x00,
    0x06, 0x73, 0x42, 0x6c, 0x6f, 0x6f, 0x6d, 0x00, 0x06, 0x73, 0x43, 0x61,
    0x63, 0x68, 0x65, 0x00, 0x08, 0x73, 0x43, 0x61, 0x74, 0x61, 0x6c, 0x6f,
    0x67, 0x00, 0x0f, 0x73, 0x43, 0x61, 0x74, 0x61, 0x6c, 0x6f, 0x67, 0x4c,
    0x6f, 0x61, 0x64, 0x69, 0x6e, 0x67, 0x00, 0x08, 0x73, 0x43, 0x6f, 0x6e,
    0x73, 0x6f, 0x6c, 0x65, 0x00, 0x0f, 0x73, 0x43, 0x75, 0x72, 0x72, 0x65,
    0x6e, 0x74, 0x53, 0x65, 0x63, 0x74, 0x69, 0x6f, 0x6e, 0x00, 0x08, 0x73,
    0x44, 0x65, 0x63, 0x6f, 0x64, 0x65, 0x72, 0x00, 0x09, 0x73, 0x45, 0x64,
    0x69, 0x74, 0x6f, 0x72, 0x4f, 0x6e, 0x00, 0x05, 0x73, 0x46, 0x6f, 0x6e,
    0x74, 0x00, 0x08, 0x73, 0x48, 0x69, 0x73, 0x74, 0x6f, 0x72, 0x79, 0x00,
    0x09, 0x73, 0x4d, 0x65, 0x6e, 0x75, 0x42, 0x6f, 0x64, 0x79, 0x00, 0x0d,
    0x73, 0x4d, 0x65, 0x6e, 0x75, 0x4b, 0x65, 0x79, 0x62, 0x6f, 0x61, 0x72,
    0x64, 0x00, 0x07, 0x73, 0x4d, 0x65, 0x6e, 0x75, 0x4f, 0x6e, 0x00, 0x0e,
    0x73, 0x4d, 0x65, 0x6e, 0x75, 0x53, 0x6f, 0x66, 0x74, 0x49, 0x6e, 0x70,
    0x75, 0x74, 0x00, 0x10, 0x73, 0x4d, 0x6f, 0x64, 0x42, 0x75, 0x66, 0x66,
    0x54, 0x65, 0x78, 0x74, 0x75, 0x72, 0x65, 0x73, 0x00, 0x0f, 0x73, 0x4d,
    0x6f, 0x64, 0x4e, 0x70, 0x63, 0x54, 0x65, 0x78, 0x74, 0x75, 0x72, 0x65,
    0x73, 0x00, 0x0c, 0x73, 0x4d, 0x6f, 0x64, 0x54, 0x65, 0x78, 0x74, 0x75,
    0x72, 0x65, 0x73, 0x00, 0x0f, 0x73, 0x4f, 0x6e, 0x43, 0x61, 0x74, 0x61,
    0x6c, 0x6f, 0x67, 0x52, 0x65, 0x61, 0x64, 0x79, 0x00, 0x07, 0x73, 0x4f,
    0x75, 0x74, 0x70, 0x75, 0x74, 0x00, 0x0c, 0x73, 0x4f, 0x75, 0x74, 0x70,
    0x75, 0x74, 0x4c, 0x69, 0x6e, 0x65, 0x73, 0x00, 0x08, 0x73, 0x4f, 0x76,
    0x65, 0x72, 0x6c, 0x61, 0x79, 0x00, 0x0c, 0x73, 0x50, 0x6f, 0x77, 0x65,
    0x72, 0x4c, 0x65, 0x76, 0x65, 0x6c, 0x73, 0x00, 0x06, 0x73, 0x51, 0x75,
    0x65, 0x75, 0x65, 0x00, 0x07, 0x73, 0x51, 0x75, 0x65, 0x75, 0x65, 0x64,
    0x00, 0x04, 0x73, 0x52, 0x65, 0x73, 0x00, 0x0e, 0x73, 0x52, 0x65, 0x73,
    0x74, 0x61, 0x72, 0x74, 0x44, 0x69, 0x61, 0x6c, 0x6f, 0x67, 0x00, 0x0a,
    0x73, 0x52, 0x65, 0x73, 0x74, 0x61, 0x72, 0x74, 0x4f, 0x6e, 0x00, 0x05,
    0x73, 0x55, 0x6e, 0x69, 0x74, 0x00, 0x08, 0x73, 0x56, 0x61, 0x6e, 0x69,
    0x6c, 0x6c, 0x61, 0x00, 0x0c, 0x73, 0x56, 0x61, 0x6e, 0x69, 0x6c, 0x6c,
    0x61, 0x42, 0x75, 0x66, 0x66, 0x00, 0x0b, 0x73, 0x56, 0x61, 0x6e, 0x69,
    0x6c, 0x6c, 0x61, 0x4e, 0x70, 0x63, 0x00, 0x08, 0x73, 0x57, 0x61, 0x69,
    0x74, 0x69, 0x6e, 0x67, 0x00, 0x06, 0x73, 0x57, 0x6f, 0x72, 0x6c, 0x64,
    0x00, 0x10, 0x73, 0x61, 0x76, 0x65, 0x43, 0x6f, 0x6e, 0x73, 0x6f, 0x6c,
    0x65, 0x53, 0x74, 0x61, 0x74, 0x65, 0x00, 0x09, 0x73, 0x61, 0x76, 0x65,
    0x44, 0x72, 0x61, 0x66, 0x74, 0x00, 0x0b, 0x73, 0x61, 0x76, 0x65, 0x48,
    0x69, 0x73, 0x74, 0x6f, 0x72, 0x79, 0x00, 0x0c, 0x73, 0x61, 0x76, 0x65,
    0x50, 0x6f, 0x73, 0x69, 0x74, 0x69, 0x6f, 0x6e, 0x00, 0x0a, 0x73, 0x61,
    0x76, 0x65, 0x50, 0x6f, 0x77, 0x65, 0x72, 0x73, 0x00, 0x0e, 0x73, 0x61,
    0x76, 0x65, 0x64, 0x53, 0x6f, 0x66, 0x74, 0x49, 0x6e, 0x70, 0x75, 0x74,
    0x00, 0x07, 0x73, 0x63, 0x72, 0x61, 0x74, 0x63, 0x68, 0x00, 0x0c, 0x73,
    0x63, 0x72, 0x65, 0x65, 0x6e, 0x48, 0x65, 0x69, 0x67, 0x68, 0x74, 0x00,
    0x08, 0x73, 0x63, 0x72, 0x6f, 0x6c, 0x6c, 0x54, 0x6f, 0x00, 0x0b, 0x73,
    0x63, 0x72, 0x6f, 0x6c, 0x6c, 0x54, 0x6f, 0x45, 0x6e, 0x64, 0x00, 0x0a,
    0x73, 0x65, 0x61, 0x72, 0x63, 0x68, 0x54, 0x65, 0x78, 0x74, 0x00, 0x0b,
    0x73, 0x65, 0x63, 0x74, 0x69, 0x6f, 0x6e, 0x49, 0x63, 0x6f, 0x6e, 0x00,
    0x08, 0x73, 0x65, 0x63, 0x74, 0x69, 0x6f, 0x6e, 0x73, 0x00, 0x06, 0x73,
    0x65, 0x6c, 0x65, 0x63, 0x74, 0x00, 0x08, 0x73, 0x65, 0x71, 0x75, 0x65,
    0x6e, 0x63, 0x65, 0x00, 0x03, 0x73, 0x65, 0x74, 0x00, 0x0a, 0x73, 0x65,
    0x74, 0x41, 0x64, 0x61, 0x70, 0x74, 0x65, 0x72, 0x00, 0x0d, 0x73, 0x65,
    0x74, 0x42, 0x61, 0x63, 0x6b, 0x67, 0x72, 0x6f, 0x75, 0x6e, 0x64, 0x00,
    0x12, 0x73, 0x65, 0x74, 0x42, 0x61, 0x63, 0x6b, 0x67, 0x72, 0x6f, 0x75,
    0x6e, 0x64, 0x43, 0x6f, 0x6c, 0x6f, 0x72, 0x00, 0x09, 0x73, 0x65, 0x74,
    0x42, 0x69, 0x74, 0x6d, 0x61, 0x70, 0x00, 0x11, 0x73, 0x65, 0x74, 0x43,
    0x61, 0x63, 0x68, 0x65, 0x43, 0x6f, 0x6c, 0x6f, 0x72, 0x48, 0x69, 0x6e,
    0x74, 0x00, 0x0c, 0x73, 0x65, 0x74, 0x43, 0x6c, 0x61, 0x73, 0x73, 0x4e,
    0x61, 0x6d, 0x65, 0x00, 0x0c, 0x73, 0x65, 0x74, 0x43, 0x6c, 0x69, 0x63,
    0x6b, 0x61, 0x62, 0x6c, 0x65, 0x00, 0x08, 0x73, 0x65, 0x74, 0x43, 0x6f,
    0x6c, 0x6f, 0x72, 0x00, 0x15, 0x73, 0x65, 0x74, 0x43, 0x6f, 0x6e, 0x74,
    0x65, 0x6e, 0x74, 0x44, 0x65, 0x73, 0x63, 0x72, 0x69, 0x70, 0x74, 0x69,
    0x6f, 0x6e, 0x00, 0x0f, 0x73, 0x65, 0x74, 0x43, 0x6f, 0x72, 0x6e, 0x65,
    0x72, 0x52, 0x61, 0x64, 0x69, 0x75, 0x73, 0x00, 0x09, 0x73, 0x65, 0x74,
    0x44, 0x61, 0x65, 0x6d, 0x6f, 0x6e, 0x00, 0x0a, 0x73, 0x65, 0x74, 0x44,
    0x69, 0x76, 0x69, 0x64, 0x65, 0x72, 0x00, 0x10, 0x73, 0x65, 0x74, 0x44,
    0x69, 0x76, 0x69, 0x64, 0x65, 0x72, 0x48, 0x65, 0x69, 0x67, 0x68, 0x74,
    0x00, 0x0b, 0x73, 0x65, 0x74, 0x44, 0x75, 0x72, 0x61, 0x74, 0x69, 0x6f,
    0x6e, 0x00, 0x0f, 0x73, 0x65, 0x74, 0x46, 0x69, 0x6c, 0x6c, 0x56, 0x69,
    0x65, 0x77, 0x70, 0x6f, 0x72, 0x74, 0x00, 0x0f, 0x73, 0x65, 0x74, 0x46,
    0x69, 0x6c, 0x74, 0x65, 0x72, 0x42, 0x69, 0x74, 0x6d, 0x61, 0x70, 0x00,
    0x0c, 0x73, 0x65, 0x74, 0x46, 0x6f, 0x63, 0x75, 0x73, 0x61, 0x62, 0x6c,
    0x65, 0x00, 0x0d, 0x73, 0x65, 0x74, 0x46, 0x75, 0x6c, 0x6c, 0x73, 0x63,
    0x72, 0x65, 0x65, 0x6e, 0x00, 0x0a, 0x73, 0x65, 0x74, 0x47, 0x72, 0x61,
    0x76, 0x69, 0x74, 0x79, 0x00, 0x07, 0x73, 0x65, 0x74, 0x48, 0x69, 0x6e,
    0x74, 0x00, 0x10, 0x73, 0x65, 0x74, 0x48, 0x69, 0x6e, 0x74, 0x54, 0x65,
    0x78, 0x74, 0x43, 0x6f, 0x6c, 0x6f, 0x72, 0x00, 0x18, 0x73, 0x65, 0x74,
    0x48, 0x6f, 0x72, 0x69, 0x7a, 0x6f, 0x6e, 0x74, 0x61, 0x6c, 0x6c, 0x79,
    0x53, 0x63, 0x72, 0x6f, 0x6c, 0x6c, 0x69, 0x6e, 0x67, 0x00, 0x10, 0x73,
    0x65, 0x74, 0x49, 0x6d, 0x61, 0x67, 0x65, 0x44, 0x72, 0x61, 0x77, 0x61,
    0x62, 0x6c, 0x65, 0x00, 0x0d, 0x73, 0x65, 0x74, 0x49, 0x6d, 0x65, 0x4f,
    0x70, 0x74, 0x69, 0x6f, 0x6e, 0x73, 0x00, 0x15, 0x73, 0x65, 0x74, 0x49,
    0x6e, 0x63, 0x6c, 0x75, 0x64, 0x65, 0x46, 0x6f, 0x6e, 0x74, 0x50, 0x61,
    0x64, 0x64, 0x69, 0x6e, 0x67, 0x00, 0x12, 0x73, 0x65, 0x74, 0x49, 0x6e,
    0x70, 0x75, 0x74, 0x4d, 0x65, 0x74, 0x68, 0x6f, 0x64, 0x4d, 0x6f, 0x64,
    0x65, 0x00, 0x0c, 0x73, 0x65, 0x74, 0x49, 0x6e, 0x70, 0x75, 0x74, 0x54,
    0x79, 0x70, 0x65, 0x00, 0x0f, 0x73, 0x65, 0x74, 0x49, 0x6e, 0x74, 0x65,
    0x72, 0x70, 0x6f, 0x6c, 0x61, 0x74, 0x6f, 0x72, 0x00, 0x0f, 0x73, 0x65,
    0x74, 0x4c, 0x61, 0x79, 0x6f, 0x75, 0x74, 0x50, 0x61, 0x72, 0x61, 0x6d,
    0x73, 0x00, 0x0a, 0x73, 0x65, 0x74, 0x4d, 0x61, 0x72, 0x67, 0x69, 0x6e,
    0x73, 0x00, 0x0b, 0x73, 0x65, 0x74, 0x4d, 0x61, 0x78, 0x4c, 0x69, 0x6e,
    0x65, 0x73, 0x00, 0x14, 0x73, 0x65, 0x74, 0x4d, 0x65, 0x61, 0x73, 0x75,
    0x72, 0x65, 0x64, 0x44, 0x69, 0x6d, 0x65, 0x6e, 0x73, 0x69, 0x6f, 0x6e,
    0x00, 0x0a, 0x73, 0x65, 0x74, 0x4d, 0x65, 0x73, 0x73, 0x61, 0x67, 0x65,
    0x00, 0x0b, 0x73, 0x65, 0x74, 0x4d, 0x69, 0x6e, 0x4c, 0x69, 0x6e, 0x65,
    0x73, 0x00, 0x0b, 0x73, 0x65, 0x74, 0x4d, 0x69, 0x6e, 0x57, 0x69, 0x64,
    0x74, 0x68, 0x00, 0x0f, 0x73, 0x65, 0x74, 0x4d, 0x69, 0x6e, 0x69, 0x6d,
    0x75, 0x6d, 0x57, 0x69, 0x64, 0x74, 0x68, 0x00, 0x10, 0x73, 0x65, 0x74,
    0x4e, 0x65, 0x75, 0x74, 0x72, 0x61, 0x6c, 0x42, 0x75, 0x74, 0x74, 0x6f,
    0x6e, 0x00, 0x12, 0x73, 0x65, 0x74, 0x4f, 0x6e, 0x43, 0x6c, 0x69, 0x63,
    0x6b, 0x4c, 0x69, 0x73, 0x74, 0x65, 0x6e, 0x65, 0x72, 0x00, 0x18, 0x73,
    0x65, 0x74, 0x4f, 0x6e, 0x46, 0x6f, 0x63, 0x75, 0x73, 0x43, 0x68, 0x61,
    0x6e, 0x67, 0x65, 0x4c, 0x69, 0x73, 0x74, 0x65, 0x6e, 0x65, 0x72, 0x00,
    0x10, 0x73, 0x65, 0x74, 0x4f, 0x6e, 0x4b, 0x65, 0x79, 0x4c, 0x69, 0x73,
    0x74, 0x65, 0x6e, 0x65, 0x72, 0x00, 0x12, 0x73, 0x65, 0x74, 0x4f, 0x6e,
    0x54, 0x6f, 0x75, 0x63, 0x68, 0x4c, 0x69, 0x73, 0x74, 0x65, 0x6e, 0x65,
    0x72, 0x00, 0x0e, 0x73, 0x65, 0x74, 0x4f, 0x72, 0x69, 0x65, 0x6e, 0x74,
    0x61, 0x74, 0x69, 0x6f, 0x6e, 0x00, 0x0a, 0x73, 0x65, 0x74, 0x50, 0x61,
    0x64, 0x64, 0x69, 0x6e, 0x67, 0x00, 0x11, 0x73, 0x65, 0x74, 0x50, 0x6f,
    0x73, 0x69, 0x74, 0x69, 0x76, 0x65, 0x42, 0x75, 0x74, 0x74, 0x6f, 0x6e,
    0x00, 0x0e, 0x73, 0x65, 0x74, 0x50, 0x72, 0x69, 0x6d, 0x61, 0x72, 0x79,
    0x43, 0x6c, 0x69, 0x70, 0x00, 0x0b, 0x73, 0x65, 0x74, 0x52, 0x6f, 0x74,
    0x61, 0x74, 0x69, 0x6f, 0x6e, 0x00, 0x0c, 0x73, 0x65, 0x74, 0x53, 0x63,
    0x61, 0x6c, 0x65, 0x54, 0x79, 0x70, 0x65, 0x00, 0x0c, 0x73, 0x65, 0x74,
    0x53, 0x65, 0x6c, 0x65, 0x63, 0x74, 0x69, 0x6f, 0x6e, 0x00, 0x0d, 0x73,
    0x65, 0x74, 0x53, 0x69, 0x6e, 0x67, 0x6c, 0x65, 0x4c, 0x69, 0x6e, 0x65,
    0x00, 0x10, 0x73, 0x65, 0x74, 0x53, 0x6f, 0x66, 0x74, 0x49, 0x6e, 0x70,
    0x75, 0x74, 0x4d, 0x6f, 0x64, 0x65, 0x00, 0x07, 0x73, 0x65, 0x74, 0x53,
    0x70, 0x61, 0x6e, 0x00, 0x09, 0x73, 0x65, 0x74, 0x53, 0x74, 0x72, 0x6f,
    0x6b, 0x65, 0x00, 0x0d, 0x73, 0x65, 0x74, 0x53, 0x74, 0x72, 0x6f, 0x6b,
    0x65, 0x4a, 0x6f, 0x69, 0x6e, 0x00, 0x0e, 0x73, 0x65, 0x74, 0x53, 0x74,
    0x72, 0x6f, 0x6b, 0x65, 0x57, 0x69, 0x64, 0x74, 0x68, 0x00, 0x08, 0x73,
    0x65, 0x74, 0x53, 0x74, 0x79, 0x6c, 0x65, 0x00, 0x06, 0x73, 0x65, 0x74,
    0x54, 0x61, 0x67, 0x00, 0x07, 0x73, 0x65, 0x74, 0x54, 0x65, 0x78, 0x74,
    0x00, 0x0c, 0x73, 0x65, 0x74, 0x54, 0x65, 0x78, 0x74, 0x43, 0x6f, 0x6c,
    0x6f, 0x72, 0x00, 0x13, 0x73, 0x65, 0x74, 0x54, 0x65, 0x78, 0x74, 0x49,
    0x73, 0x53, 0x65, 0x6c, 0x65, 0x63, 0x74, 0x61, 0x62, 0x6c, 0x65, 0x00,
    0x0b, 0x73, 0x65, 0x74, 0x54, 0x65, 0x78, 0x74, 0x53, 0x69, 0x7a, 0x65,
    0x00, 0x11, 0x73, 0x65, 0x74, 0x54, 0x68, 0x72, 0x65, 0x61, 0x64, 0x50,
    0x72, 0x69, 0x6f, 0x72, 0x69, 0x74, 0x79, 0x00, 0x08, 0x73, 0x65, 0x74,
    0x54, 0x69, 0x74, 0x6c, 0x65, 0x00, 0x0c, 0x73, 0x65, 0x74, 0x54, 0x6f,
    0x75, 0x63, 0x68, 0x61, 0x62, 0x6c, 0x65, 0x00, 0x0b, 0x73, 0x65, 0x74,
    0x54, 0x79, 0x70, 0x65, 0x66, 0x61, 0x63, 0x65, 0x00, 0x1b, 0x73, 0x65,
    0x74, 0x56, 0x65, 0x72, 0x74, 0x69, 0x63, 0x61, 0x6c, 0x53, 0x63, 0x72,
    0x6f, 0x6c, 0x6c, 0x42, 0x61, 0x72, 0x45, 0x6e, 0x61, 0x62, 0x6c, 0x65,
    0x64, 0x00, 0x0d, 0x73, 0x65, 0x74, 0x56, 0x69, 0x73, 0x69, 0x62, 0x69,
    0x6c, 0x69, 0x74, 0x79, 0x00, 0x08, 0x73, 0x65, 0x74, 0x57, 0x69, 0x64,
    0x74, 0x68, 0x00, 0x08, 0x73, 0x65, 0x74, 0x74, 0x69, 0x6e, 0x67, 0x73,
    0x00, 0x04, 0x73, 0x68, 0x6f, 0x77, 0x00, 0x0e, 0x73, 0x68, 0x6f, 0x77,
    0x41, 0x74, 0x4c, 0x6f, 0x63, 0x61, 0x74, 0x69, 0x6f, 0x6e, 0x00, 0x09,
    0x73, 0x68, 0x6f, 0x77, 0x45, 0x72, 0x72, 0x6f, 0x72, 0x00, 0x0d, 0x73,
    0x68, 0x6f, 0x77, 0x46, 0x6c, 0x6f, 0x61, 0x74, 0x49, 0x63, 0x6f, 0x6e,
    0x00, 0x0b, 0x73, 0x68, 0x6f, 0x77, 0x46, 0x6f, 0x6c, 0x64, 0x65, 0x72,
    0x73, 0x00, 0x0e, 0x73, 0x68, 0x6f, 0x77, 0x46, 0x75, 0x6c, 0x6c, 0x73,
    0x63, 0x72, 0x65, 0x65, 0x6e, 0x00, 0x08, 0x73, 0x68, 0x6f, 0x77, 0x4c,
    0x69, 0x73, 0x74, 0x00, 0x0a, 0x73, 0x68, 0x6f, 0x77, 0x50, 0x6f, 0x77,
    0x65, 0x72, 0x73, 0x00, 0x0d, 0x73, 0x68, 0x6f, 0x77, 0x53, 0x6f, 0x66,
    0x74, 0x49, 0x6e, 0x70, 0x75, 0x74, 0x00, 0x07, 0x73, 0x68, 0x6f, 0x77,
    0x69, 0x6e, 0x67, 0x00, 0x04, 0x73, 0x69, 0x7a, 0x65, 0x00, 0x05, 0x73,
    0x6c, 0x65, 0x65, 0x70, 0x00, 0x0c, 0x73, 0x6c, 0x65, 0x65, 0x70, 0x51,
    0x75, 0x69, 0x65, 0x74, 0x6c, 0x79, 0x00, 0x05, 0x73, 0x6c, 0x69, 0x64,
    0x65, 0x00, 0x0d, 0x73, 0x6f, 0x66, 0x74, 0x49, 0x6e, 0x70, 0x75, 0x74,
    0x4d, 0x6f, 0x64, 0x65, 0x00, 0x04, 0x73, 0x70, 0x61, 0x6e, 0x00, 0x05,
    0x73, 0x70, 0x6c, 0x69, 0x74, 0x00, 0x0c, 0x73, 0x70, 0x6c, 0x69, 0x74,
    0x42, 0x79, 0x43, 0x6c, 0x61, 0x73, 0x73, 0x00, 0x0a, 0x73, 0x70, 0x6c,
    0x69, 0x74, 0x42, 0x79, 0x53, 0x75, 0x62, 0x00, 0x0b, 0x73, 0x70, 0x6c,
    0x69, 0x74, 0x47, 0x72, 0x6f, 0x75, 0x70, 0x73, 0x00, 0x0b, 0x73, 0x70,
    0x72, 0x5f, 0x6c, 0x6f, 0x61, 0x64, 0x69, 0x6e, 0x67, 0x00, 0x06, 0x73,
    0x70, 0x72, 0x69, 0x74, 0x65, 0x00, 0x08, 0x73, 0x70, 0x72, 0x69, 0x74,
    0x65, 0x4a, 0x61, 0x00, 0x09, 0x73, 0x70, 0x72, 0x69, 0x74, 0x65, 0x4b,
    0x65, 0x79, 0x00, 0x0a, 0x73, 0x70, 0x72, 0x69, 0x74, 0x65, 0x4b, 0x69,
    0x6e, 0x64, 0x00, 0x08, 0x73, 0x70, 0x72, 0x69, 0x74, 0x65, 0x73, 0x2f,
    0x00, 0x03, 0x73, 0x72, 0x63, 0x00, 0x05, 0x73, 0x74, 0x61, 0x72, 0x74,
    0x00, 0x0d, 0x73, 0x74, 0x61, 0x72, 0x74, 0x41, 0x63, 0x74, 0x69, 0x76,
    0x69, 0x74, 0x79, 0x00, 0x0c, 0x73, 0x74, 0x61, 0x72, 0x74, 0x44, 0x65,
    0x63, 0x6f, 0x64, 0x65, 0x72, 0x00, 0x0c, 0x73, 0x74, 0x61, 0x72, 0x74,
    0x52, 0x65, 0x73, 0x74, 0x61, 0x72, 0x74, 0x00, 0x0a, 0x73, 0x74, 0x61,
    0x72, 0x74, 0x73, 0x57, 0x69, 0x74, 0x68, 0x00, 0x05, 0x73, 0x74, 0x72,
    0x69, 0x70, 0x00, 0x0b, 0x73, 0x74, 0x72, 0x6f, 0x6b, 0x65, 0x57, 0x69,
    0x64, 0x74, 0x68, 0x00, 0x08, 0x73, 0x75, 0x62, 0x43, 0x6c, 0x61, 0x73,
    0x73, 0x00, 0x09, 0x73, 0x75, 0x62, 0x73, 0x74, 0x72, 0x69, 0x6e, 0x67,
    0x00, 0x08, 0x74, 0x61, 0x6b, 0x65, 0x4c, 0x61, 0x73, 0x74, 0x00, 0x04,
    0x74, 0x65, 0x78, 0x74, 0x00, 0x0a, 0x74, 0x65, 0x78, 0x74, 0x42, 0x75,
    0x74, 0x74, 0x6f, 0x6e, 0x00, 0x06, 0x74, 0x68, 0x69, 0x73, 0x24, 0x30,
    0x00, 0x0b, 0x74, 0x69, 0x6d, 0x65, 0x42, 0x75, 0x74, 0x74, 0x6f, 0x6e,
    0x73, 0x00, 0x05, 0x74, 0x69, 0x74, 0x6c, 0x65, 0x00, 0x07, 0x74, 0x6f,
    0x41, 0x72, 0x72, 0x61, 0x79, 0x00, 0x0b, 0x74, 0x6f, 0x4c, 0x6f, 0x77,
    0x65, 0x72, 0x43, 0x61, 0x73, 0x65, 0x00, 0x08, 0x74, 0x6f, 0x53, 0x74,
    0x72, 0x69, 0x6e, 0x67, 0x00, 0x05, 0x74, 0x6f, 0x61, 0x73, 0x74, 0x00,
    0x0a, 0x74, 0x6f, 0x67, 0x67, 0x6c, 0x65, 0x4d, 0x65, 0x6e, 0x75, 0x00,
    0x10, 0x74, 0x6f, 0x67, 0x67, 0x6c, 0x65, 0x57, 0x6f, 0x72, 0x6c, 0x64,
    0x53, 0x74, 0x61, 0x74, 0x65, 0x00, 0x09, 0x74, 0x6f, 0x70, 0x4d, 0x61,
    0x72, 0x67, 0x69, 0x6e, 0x00, 0x05, 0x74, 0x6f, 0x74, 0x61, 0x6c, 0x00,
    0x09, 0x74, 0x6f, 0x75, 0x63, 0x68, 0x53, 0x6c, 0x6f, 0x70, 0x00, 0x04,
    0x74, 0x72, 0x69, 0x6d, 0x00, 0x0a, 0x74, 0x72, 0x69, 0x6d, 0x4f, 0x75,
    0x74, 0x70, 0x75, 0x74, 0x00, 0x04, 0x75, 0x6e, 0x69, 0x74, 0x00, 0x11,
    0x75, 0x70, 0x64, 0x61, 0x74, 0x65, 0x41, 0x63, 0x74, 0x69, 0x76, 0x65,
    0x43, 0x6f, 0x75, 0x6e, 0x74, 0x00, 0x0c, 0x75, 0x70, 0x64, 0x61, 0x74,
    0x65, 0x46, 0x72, 0x65, 0x65, 0x7a, 0x65, 0x00, 0x0c, 0x75, 0x70, 0x74,
    0x69, 0x6d, 0x65, 0x4d, 0x69, 0x6c, 0x6c, 0x69, 0x73, 0x00, 0x07, 0x76,
    0x61, 0x6c, 0x24, 0x61, 0x63, 0x74, 0x00, 0x0a, 0x76, 0x61, 0x6c, 0x24,
    0x61, 0x63, 0x74, 0x69, 0x6f, 0x6e, 0x00, 0x0f, 0x76, 0x61, 0x6c, 0x24,
    0x61, 0x63, 0x74, 0x69, 0x76, 0x65, 0x4c, 0x61, 0x62, 0x65, 0x6c, 0x00,
    0x0b, 0x76, 0x61, 0x6c, 0x24, 0x61, 0x64, 0x61, 0x70, 0x74, 0x65, 0x72,
    0x00, 0x07, 0x76, 0x61, 0x6c, 0x24, 0x61, 0x6c, 0x6c, 0x00, 0x05, 0x76,
    0x61, 0x6c, 0x24, 0x62, 0x00, 0x08, 0x76, 0x61, 0x6c, 0x24, 0x62, 0x61,
    0x63, 0x6b, 0x00, 0x08, 0x76, 0x61, 0x6c, 0x24, 0x62, 0x6f, 0x64, 0x79,
    0x00, 0x0b, 0x76, 0x61, 0x6c, 0x24, 0x62, 0x75, 0x74, 0x74, 0x6f, 0x6e,
    0x73, 0x00, 0x05, 0x76, 0x61, 0x6c, 0x24, 0x63, 0x00, 0x08, 0x76, 0x61,
    0x6c, 0x24, 0x63, 0x61, 0x72, 0x64, 0x00, 0x09, 0x76, 0x61, 0x6c, 0x24,
    0x63, 0x61, 0x72, 0x64, 0x73, 0x00, 0x0b, 0x76, 0x61, 0x6c, 0x24, 0x63,
    0x6f, 0x6e, 0x74, 0x65, 0x6e, 0x74, 0x00, 0x0e, 0x76, 0x61, 0x6c, 0x24,
    0x63, 0x6f, 0x75, 0x6e, 0x74, 0x4c, 0x61, 0x62, 0x65, 0x6c, 0x00, 0x09,
    0x76, 0x61, 0x6c, 0x24, 0x64, 0x65, 0x63, 0x6f, 0x72, 0x00, 0x0a, 0x76,
    0x61, 0x6c, 0x24, 0x66, 0x6f, 0x6c, 0x64, 0x65, 0x72, 0x00, 0x0e, 0x76,
    0x61, 0x6c, 0x24, 0x66, 0x72, 0x6f, 0x6d, 0x42, 0x6f, 0x74, 0x74, 0x6f,
    0x6d, 0x00, 0x0e, 0x76, 0x61, 0x6c, 0x24, 0x66, 0x72, 0x6f, 0x6d, 0x48,
    0x65, 0x69, 0x67, 0x68, 0x74, 0x00, 0x05, 0x76, 0x61, 0x6c, 0x24, 0x68,
    0x00, 0x06, 0x76, 0x61, 0x6c, 0x24, 0x69, 0x64, 0x00, 0x09, 0x76, 0x61,
    0x6c, 0x24, 0x69, 0x6e, 0x64, 0x65, 0x78, 0x00, 0x05, 0x76, 0x61, 0x6c,
    0x24, 0x6b, 0x00, 0x08, 0x76, 0x61, 0x6c, 0x24, 0x6c, 0x69, 0x73, 0x74,
    0x00, 0x07, 0x76, 0x61, 0x6c, 0x24, 0x6d, 0x6f, 0x64, 0x00, 0x0b, 0x76,
    0x61, 0x6c, 0x24, 0x70, 0x65, 0x6e, 0x64, 0x69, 0x6e, 0x67, 0x00, 0x07,
    0x76, 0x61, 0x6c, 0x24, 0x71, 0x74, 0x79, 0x00, 0x0a, 0x76, 0x61, 0x6c,
    0x24, 0x71, 0x74, 0x79, 0x42, 0x61, 0x72, 0x00, 0x0c, 0x76, 0x61, 0x6c,
    0x24, 0x71, 0x74, 0x79, 0x4c, 0x61, 0x62, 0x65, 0x6c, 0x00, 0x0a, 0x76,
    0x61, 0x6c, 0x24, 0x72, 0x65, 0x64, 0x72, 0x61, 0x77, 0x00, 0x05, 0x76,
    0x61, 0x6c, 0x24, 0x73, 0x00, 0x09, 0x76, 0x61, 0x6c, 0x24, 0x73, 0x74,
    0x61, 0x72, 0x74, 0x00, 0x0a, 0x76, 0x61, 0x6c, 0x24, 0x73, 0x74, 0x61,
    0x74, 0x75, 0x73, 0x00, 0x08, 0x76, 0x61, 0x6c, 0x24, 0x74, 0x65, 0x72,
    0x6d, 0x00, 0x08, 0x76, 0x61, 0x6c, 0x24, 0x74, 0x65, 0x78, 0x74, 0x00,
    0x0c, 0x76, 0x61, 0x6c, 0x24, 0x74, 0x6f, 0x42, 0x6f, 0x74, 0x74, 0x6f,
    0x6d, 0x00, 0x0c, 0x76, 0x61, 0x6c, 0x24, 0x74, 0x6f, 0x48, 0x65, 0x69,
    0x67, 0x68, 0x74, 0x00, 0x09, 0x76, 0x61, 0x6c, 0x24, 0x77, 0x68, 0x69,
    0x63, 0x68, 0x00, 0x05, 0x76, 0x61, 0x6c, 0x75, 0x65, 0x00, 0x07, 0x76,
    0x61, 0x6c, 0x75, 0x65, 0x4f, 0x66, 0x00, 0x0a, 0x77, 0x61, 0x74, 0x63,
    0x68, 0x57, 0x6f, 0x72, 0x6c, 0x64, 0x00, 0x05, 0x77, 0x69, 0x64, 0x74,
    0x68, 0x00, 0x0b, 0x77, 0x69, 0x64, 0x74, 0x68, 0x50, 0x69, 0x78, 0x65,
    0x6c, 0x73, 0x00, 0x0a, 0x77, 0x69, 0x64, 0x74, 0x68, 0x55, 0x6e, 0x69,
    0x74, 0x73, 0x00, 0x0b, 0x77, 0x69, 0x74, 0x68, 0x43, 0x61, 0x74, 0x61,
    0x6c, 0x6f, 0x67, 0x00, 0x01, 0x78, 0x00, 0x02, 0x78, 0x30, 0x00, 0x03,
    0x78, 0x31, 0x30, 0x00, 0x02, 0x78, 0x32, 0x00, 0x02, 0x78, 0x33, 0x00,
    0x02, 0x78, 0x35, 0x00, 0x01, 0x79, 0x00, 0x02, 0x79, 0x30, 0x00, 0x9e,
    0x01, 0x7e, 0x7e, 0x44, 0x38, 0x7b, 0x22, 0x62, 0x61, 0x63, 0x6b, 0x65,
    0x6e, 0x64, 0x22, 0x3a, 0x22, 0x64, 0x65, 0x78, 0x22, 0x2c, 0x22, 0x63,
    0x6f, 0x6d, 0x70, 0x69, 0x6c, 0x61, 0x74, 0x69, 0x6f, 0x6e, 0x2d, 0x6d,
    0x6f, 0x64, 0x65, 0x22, 0x3a, 0x22, 0x72, 0x65, 0x6c, 0x65, 0x61, 0x73,
    0x65, 0x22, 0x2c, 0x22, 0x68, 0x61, 0x73, 0x2d, 0x63, 0x68, 0x65, 0x63,
    0x6b, 0x73, 0x75, 0x6d, 0x73, 0x22, 0x3a, 0x66, 0x61, 0x6c, 0x73, 0x65,
    0x2c, 0x22, 0x6d, 0x69, 0x6e, 0x2d, 0x61, 0x70, 0x69, 0x22, 0x3a, 0x32,
    0x36, 0x2c, 0x22, 0x73, 0x68, 0x61, 0x2d, 0x31, 0x22, 0x3a, 0x22, 0x37,
    0x35, 0x30, 0x61, 0x32, 0x31, 0x62, 0x34, 0x66, 0x34, 0x32, 0x38, 0x31,
    0x62, 0x31, 0x66, 0x34, 0x35, 0x33, 0x62, 0x36, 0x34, 0x39, 0x65, 0x30,
    0x62, 0x38, 0x34, 0x66, 0x31, 0x62, 0x61, 0x39, 0x63, 0x30, 0x34, 0x66,
    0x34, 0x66, 0x63, 0x22, 0x2c, 0x22, 0x76, 0x65, 0x72, 0x73, 0x69, 0x6f,
    0x6e, 0x22, 0x3a, 0x22, 0x39, 0x2e, 0x30, 0x2e, 0x33, 0x2d, 0x64, 0x65,
    0x76, 0x22, 0x7d, 0x00, 0x0b, 0xc3, 0x80, 0x20, 0x64, 0x69, 0x73, 0x74,
    0xc3, 0xa2, 0x6e, 0x63, 0x69, 0x61, 0x00, 0x02, 0xc3, 0x97, 0x20, 0x00,
    0x02, 0xe2, 0x80, 0xba, 0x20, 0x00, 0x02, 0xe2, 0x86, 0x90, 0x20, 0x00,
    0x02, 0x9d, 0x01, 0x02, 0xd9, 0x05, 0x1c, 0x02, 0x44, 0x10, 0x80, 0x00,
    0x24, 0x10, 0x10, 0x8d, 0x08, 0x1c, 0x02, 0x1e, 0x1e, 0x02, 0x9e, 0x01,
    0x01, 0xba, 0x0a, 0x1c, 0x01, 0x17, 0x12, 0x02, 0x9a, 0x01, 0x01, 0xba,
    0x0a, 0x3a, 0x21, 0x01, 0x02, 0x9b, 0x01, 0x02, 0xd9, 0x05, 0x04, 0x00,
    0x89, 0x08, 0x1e, 0x02, 0x9d, 0x01, 0x02, 0xd9, 0x05, 0x1c, 0x01, 0x44,
    0x10, 0x80, 0x00, 0x8d, 0x08, 0x1c, 0x01, 0x1e, 0x02, 0x9a, 0x01, 0x01,
    0xba, 0x0a, 0x3a, 0x04, 0x01, 0x02, 0x9a, 0x01, 0x01, 0xba, 0x0a, 0x3a,
    0x04, 0x02, 0x02, 0x9a, 0x01, 0x01, 0xba, 0x0a, 0x3a, 0xab, 0x01, 0x02,
    0x9a, 0x01, 0x01, 0xba, 0x0a, 0x3a, 0xf4, 0x01, 0x02, 0x9a, 0x01, 0x01,
    0xba, 0x0a, 0x3a, 0xf8, 0x01, 0x02, 0x9a, 0x01, 0x01, 0xba, 0x0a, 0x3a,
    0x10, 0x01, 0x02, 0x9a, 0x01, 0x01, 0xba, 0x0a, 0x3a, 0xf9, 0x01, 0x02,
    0x9a, 0x01, 0x01, 0xba, 0x0a, 0x3a, 0x1f, 0x01, 0x02, 0x9a, 0x01, 0x01,
    0xba, 0x0a, 0x3a, 0x0c, 0x02, 0x02, 0x9a, 0x01, 0x01, 0xba, 0x0a, 0x3a,
    0xef, 0x01, 0x02, 0x9a, 0x01, 0x01, 0xba, 0x0a, 0x3a, 0xfa, 0x01, 0x02,
    0x9a, 0x01, 0x01, 0xba, 0x0a, 0x3a, 0xb5, 0x01, 0x02, 0x9a, 0x01, 0x01,
    0xba, 0x0a, 0x3a, 0xf7, 0x01, 0x02, 0x9a, 0x01, 0x01, 0xba, 0x0a, 0x3a,
    0xa9, 0x01, 0x02, 0x9e, 0x01, 0x01, 0xba, 0x0a, 0x1c, 0x05, 0x17, 0x11,
    0x37, 0xb5, 0x01, 0x37, 0xa3, 0x01, 0x37, 0x06, 0x01, 0x17, 0x1c, 0x02,
    0x99, 0x01, 0x01, 0xba, 0x0a, 0x18, 0x75, 0x02, 0x9e, 0x01, 0x01, 0xba,
    0x0a, 0x1c, 0x04, 0x37, 0xb2, 0x01, 0x37, 0xa3, 0x01, 0x37, 0x06, 0x01,
    0x17, 0x1a, 0x02, 0x9d, 0x01, 0x02, 0xd9, 0x05, 0x1c, 0x03, 0x44, 0x10,
    0x80, 0x00, 0x24, 0x10, 0x10, 0x24, 0x10, 0x10, 0x8d, 0x08, 0x1c, 0x03,
    0x1e, 0x1e, 0x1e, 0x02, 0x9a, 0x01, 0x01, 0xba, 0x0a, 0x3a, 0x34, 0x01,
    0x02, 0x9a, 0x01, 0x01, 0xba, 0x0a, 0x3a, 0x02, 0x02, 0x02, 0x9a, 0x01,
    0x01, 0xba, 0x0a, 0x3a, 0xbb, 0x01, 0x02, 0x9a, 0x01, 0x01, 0xba, 0x0a,
    0x3a, 0x0a, 0x02, 0x02, 0x9b, 0x01, 0x02, 0xd9, 0x05, 0x24, 0x08, 0x06,
    0x89, 0x08, 0x17, 0xd8, 0x02, 0x99, 0x01, 0x01, 0xba, 0x0a, 0x18, 0x98,
    0x02, 0x9a, 0x01, 0x01, 0xba, 0x0a, 0x3a, 0xc2, 0x01, 0x02, 0x9a, 0x01,
    0x01, 0xba, 0x0a, 0x3a, 0xac, 0x01, 0x02, 0x9b, 0x01, 0x02, 0xd9, 0x05,
    0x04, 0x1a, 0x89, 0x08, 0x17, 0x5f, 0x02, 0x99, 0x01, 0x01, 0xba, 0x0a,
    0x18, 0x6e, 0x02, 0x9b, 0x01, 0x02, 0xd9, 0x05, 0x04, 0x1a, 0x89, 0x08,
    0x17, 0x84, 0x02, 0x9b, 0x01, 0x02, 0xd9, 0x05, 0x04, 0x1a, 0x89, 0x08,
    0x37, 0x07, 0x02, 0x02, 0x9b, 0x01, 0x02, 0xd9, 0x05, 0x04, 0x1a, 0x89,
    0x08, 0x37, 0x26, 0x02, 0x02, 0x9b, 0x01, 0x02, 0xd9, 0x05, 0x04, 0x1a,
    0x89, 0x08, 0x37, 0x32, 0x02, 0x02, 0x9b, 0x01, 0x02, 0xd9, 0x05, 0x04,
    0x1a, 0x89, 0x08, 0x37, 0x3b, 0x02, 0x02, 0x9b, 0x01, 0x02, 0xd9, 0x05,
    0x04, 0x1a, 0x89, 0x08, 0x37, 0x47, 0x02, 0x02, 0x9b, 0x01, 0x02, 0xd9,
    0x05, 0x04, 0x18, 0x89, 0x08, 0x37, 0x51, 0x02, 0x02, 0x9e, 0x01, 0x01,
    0xba, 0x0a, 0x1c, 0x04, 0x17, 0x11, 0x37, 0xaa, 0x01, 0x37, 0x67, 0x01,
    0x17, 0x1b, 0x02, 0x9e, 0x01, 0x01, 0xba, 0x0a, 0x1c, 0x03, 0x37, 0xaa,
    0x01, 0x37, 0xa2, 0x01, 0x17, 0x1a, 0x02, 0x9e, 0x01, 0x01, 0xba, 0x0a,
    0x1c, 0x04, 0x37, 0xaf, 0x01, 0x37, 0xa3, 0x01, 0x37, 0x06, 0x01, 0x17,
    0x1a, 0x02, 0x9e, 0x01, 0x01, 0xba, 0x0a, 0x1c, 0x04, 0x37, 0xb7, 0x01,
    0x37, 0xa3, 0x01, 0x37, 0x06, 0x01, 0x17, 0x1a, 0x02, 0x9e, 0x01, 0x01,
    0xba, 0x0a, 0x1c, 0x03, 0x37, 0xbc, 0x01, 0x37, 0xa3, 0x01, 0x17, 0x1a,
    0x02, 0x9e, 0x01, 0x01, 0xba, 0x0a, 0x1c, 0x03, 0x37, 0xb9, 0x01, 0x37,
    0xa3, 0x01, 0x17, 0x1a, 0x02, 0x9e, 0x01, 0x01, 0xba, 0x0a, 0x1c, 0x05,
    0x37, 0xaf, 0x01, 0x37, 0xa3, 0x01, 0x37, 0xaa, 0x01, 0x37, 0x37, 0x01,
    0x17, 0x1d, 0x02, 0x9c, 0x01, 0x01, 0xba, 0x0a, 0x1c, 0x08, 0x18, 0x73,
    0x18, 0x6c, 0x18, 0x6f, 0x18, 0x74, 0x18, 0x6e, 0x18, 0x71, 0x18, 0x72,
    0x18, 0x70, 0x02, 0x9a, 0x01, 0x01, 0xba, 0x0a, 0x3a, 0x86, 0x02, 0x02,
    0x9a, 0x01, 0x01, 0xba, 0x0a, 0x3a, 0x83, 0x02, 0x02, 0x9a, 0x01, 0x01,
    0xba, 0x0a, 0x3a, 0x1e, 0x02, 0x02, 0x9a, 0x01, 0x01, 0xba, 0x0a, 0x3a,
    0x8f, 0x02, 0x02, 0x99, 0x01, 0x01, 0xba, 0x0a, 0x18, 0x81, 0x02, 0x9b,
    0x01, 0x02, 0xd9, 0x05, 0x04, 0x1a, 0x89, 0x08, 0x17, 0xb9, 0x02, 0x9b,
    0x01, 0x02, 0xd9, 0x05, 0x04, 0x1a, 0x89, 0x08, 0x17, 0x6b, 0x02, 0x9c,
    0x01, 0x01, 0xba, 0x0a, 0x1c, 0x01, 0x18, 0x80, 0x02, 0x9a, 0x01, 0x01,
    0xba, 0x0a, 0x3a, 0x4b, 0x02, 0x02, 0x9a, 0x01, 0x01, 0xba, 0x0a, 0x3a,
    0x60, 0x02, 0x02, 0x9a, 0x01, 0x01, 0xba, 0x0a, 0x3a, 0x4e, 0x02, 0x02,
    0x9d, 0x01, 0x02, 0xd9, 0x05, 0x1c, 0x05, 0x44, 0x10, 0x80, 0x00, 0x24,
    0x10, 0x10, 0x24, 0x10, 0x10, 0x24, 0x10, 0x10, 0x24, 0x10, 0x10, 0x8d,
    0x08, 0x1c, 0x05, 0x1e, 0x1e, 0x1e, 0x1e, 0x1e, 0x02, 0x9a, 0x01, 0x01,
    0xba, 0x0a, 0x3a, 0x55, 0x02, 0x02, 0x9a, 0x01, 0x01, 0xba, 0x0a, 0x3a,
    0x5d, 0x02, 0x02, 0x9a, 0x01, 0x01, 0xba, 0x0a, 0x3a, 0x52, 0x02, 0x02,
    0x9a, 0x01, 0x01, 0xba, 0x0a, 0x3a, 0x62, 0x02, 0x02, 0x99, 0x01, 0x01,
    0xba, 0x0a, 0x18, 0x93, 0x02, 0x9b, 0x01, 0x02, 0xd9, 0x05, 0x04, 0x1a,
    0x89, 0x08, 0x17, 0x6f, 0x02, 0x9b, 0x01, 0x02, 0xd9, 0x05, 0x04, 0x1a,
    0x89, 0x08, 0x17, 0xa5, 0x02, 0x9a, 0x01, 0x01, 0xba, 0x0a, 0x3a, 0x69,
    0x02, 0x02, 0x9b, 0x01, 0x02, 0xd9, 0x05, 0x04, 0x18, 0x89, 0x08, 0x17,
    0xd9, 0x02, 0x9e, 0x01, 0x01, 0xba, 0x0a, 0x1c, 0x03, 0x37, 0xaa, 0x01,
    0x37, 0xa3, 0x01, 0x17, 0x1a, 0x02, 0x9c, 0x01, 0x01, 0xba, 0x0a, 0x1c,
    0x05, 0x18, 0x93, 0x18, 0x81, 0x18, 0x97, 0x18, 0x95, 0x18, 0x94, 0x00,
    0x02, 0x01, 0x01, 0x17, 0x90, 0x20, 0x01, 0x90, 0x20, 0xff, 0x01, 0x80,
    0x80, 0x04, 0xa4, 0xa2, 0x01, 0x80, 0x02, 0x01, 0xc4, 0xa2, 0x01, 0x00,
    0x01, 0x01, 0x01, 0x19, 0x90, 0x20, 0x81, 0x02, 0x80, 0x80, 0x04, 0xb0,
    0xa3, 0x01, 0x82, 0x02, 0x01, 0xcc, 0xa3, 0x01, 0x00, 0x03, 0x01, 0x01,
    0x1a, 0x90, 0x20, 0x01, 0x90, 0x20, 0x01, 0x90, 0x20, 0x83, 0x02, 0x80,
    0x80, 0x04, 0x88, 0xa4, 0x01, 0x84, 0x02, 0x01, 0xac, 0xa4, 0x01, 0x00,
    0x01, 0x01, 0x01, 0x1d, 0x90, 0x20, 0x85, 0x02, 0x80, 0x80, 0x04, 0xa0,
    0xa5, 0x01, 0x86, 0x02, 0x01, 0xbc, 0xa5, 0x01, 0x00, 0x05, 0x01, 0x01,
    0x1e, 0x90, 0x20, 0x01, 0x90, 0x20, 0x01, 0x90, 0x20, 0x01, 0x90, 0x20,
    0x01, 0x90, 0x20, 0x87, 0x02, 0x80, 0x80, 0x04, 0xd8, 0xa5, 0x01, 0x88,
    0x02, 0x01, 0x84, 0xa6, 0x01, 0x00, 0x04, 0x01, 0x01, 0x23, 0x90, 0x20,
    0x01, 0x90, 0x20, 0x01, 0x90, 0x20, 0x01, 0x90, 0x20, 0x89, 0x02, 0x80,
    0x80, 0x04, 0xbc, 0xa6, 0x01, 0x8a, 0x02, 0x01, 0xe4, 0xa6, 0x01, 0x00,
    0x04, 0x01, 0x01, 0x27, 0x90, 0x20, 0x01, 0x90, 0x20, 0x01, 0x90, 0x20,
    0x01, 0x90, 0x20, 0x8b, 0x02, 0x80, 0x80, 0x04, 0x98, 0xa7, 0x01, 0x8c,
    0x02, 0x01, 0xc0, 0xa7, 0x01, 0x00, 0x02, 0x01, 0x01, 0x2b, 0x90, 0x20,
    0x01, 0x90, 0x20, 0x8d, 0x02, 0x80, 0x80, 0x04, 0xf4, 0xa7, 0x01, 0x8e,
    0x02, 0x01, 0x94, 0xa8, 0x01, 0x00, 0x05, 0x01, 0x01, 0x2d, 0x90, 0x20,
    0x01, 0x90, 0x20, 0x01, 0x90, 0x20, 0x01, 0x90, 0x20, 0x01, 0x90, 0x20,
    0x8f, 0x02, 0x80, 0x80, 0x04, 0xec, 0xa8, 0x01, 0x90, 0x02, 0x01, 0x98,
    0xa9, 0x01, 0x00, 0x01, 0x01, 0x01, 0x32, 0x90, 0x20, 0x91, 0x02, 0x80,
    0x80, 0x04, 0xe0, 0xa9, 0x01, 0x92, 0x02, 0x01, 0xfc, 0xa9, 0x01, 0x00,
    0x04, 0x01, 0x01, 0x33, 0x90, 0x20, 0x01, 0x90, 0x20, 0x01, 0x90, 0x20,
    0x01, 0x90, 0x20, 0x93, 0x02, 0x80, 0x80, 0x04, 0x98, 0xaa, 0x01, 0x94,
    0x02, 0x01, 0xc0, 0xaa, 0x01, 0x00, 0x03, 0x01, 0x04, 0x37, 0x90, 0x20,
    0x01, 0x90, 0x20, 0x01, 0x90, 0x20, 0x95, 0x02, 0x80, 0x80, 0x04, 0x80,
    0xac, 0x01, 0x96, 0x02, 0x01, 0xb8, 0xab, 0x01, 0x01, 0x01, 0xd8, 0xab,
    0x01, 0x01, 0x01, 0xec, 0xab, 0x01, 0x01, 0x01, 0x88, 0xab, 0x01, 0x00,
    0x02, 0x01, 0x01, 0x3a, 0x90, 0x20, 0x01, 0x90, 0x20, 0x9a, 0x02, 0x80,
    0x80, 0x04, 0xa4, 0xac, 0x01, 0x9b, 0x02, 0x01, 0xc4, 0xac, 0x01, 0x00,
    0x05, 0x01, 0x03, 0x3c, 0x90, 0x20, 0x01, 0x90, 0x20, 0x01, 0x90, 0x20,
    0x01, 0x90, 0x20, 0x01, 0x90, 0x20, 0x9c, 0x02, 0x80, 0x80, 0x04, 0x88,
    0xae, 0x01, 0x9d, 0x02, 0x01, 0xb4, 0xae, 0x01, 0x01, 0x01, 0xc8, 0xae,
    0x01, 0x01, 0x01, 0xdc, 0xae, 0x01, 0x00, 0x01, 0x01, 0x01, 0x41, 0x90,
    0x20, 0xa0, 0x02, 0x80, 0x80, 0x04, 0xb8, 0xaf, 0x01, 0xa1, 0x02, 0x01,
    0xd4, 0xaf, 0x01, 0x00, 0x03, 0x01, 0x01, 0x42, 0x90, 0x20, 0x01, 0x90,
    0x20, 0x01, 0x90, 0x20, 0xa2, 0x02, 0x80, 0x80, 0x04, 0x8c, 0xb0, 0x01,
    0xa3, 0x02, 0x01, 0xb0, 0xb0, 0x01, 0x00, 0x03, 0x01, 0x01, 0x45, 0x90,
    0x20, 0x01, 0x90, 0x20, 0x01, 0x90, 0x20, 0xa4, 0x02, 0x80, 0x80, 0x04,
    0x9c, 0xb1, 0x01, 0xa5, 0x02, 0x01, 0xc0, 0xb1, 0x01, 0x00, 0x04, 0x01,
    0x01, 0x48, 0x90, 0x20, 0x01, 0x90, 0x20, 0x01, 0x90, 0x20, 0x01, 0x90,
    0x20, 0xa6, 0x02, 0x80, 0x80, 0x04, 0xb4, 0xb2, 0x01, 0xa7, 0x02, 0x01,
    0xdc, 0xb2, 0x01, 0x00, 0x03, 0x01, 0x01, 0x4c, 0x90, 0x20, 0x01, 0x90,
    0x20, 0x01, 0x90, 0x20, 0xa8, 0x02, 0x80, 0x80, 0x04, 0xc4, 0xb4, 0x01,
    0xa9, 0x02, 0x01, 0xe8, 0xb4, 0x01, 0x00, 0x02, 0x01, 0x01, 0x4f, 0x90,
    0x20, 0x01, 0x90, 0x20, 0xaa, 0x02, 0x80, 0x80, 0x04, 0x8c, 0xb5, 0x01,
    0xab, 0x02, 0x01, 0xac, 0xb5, 0x01, 0x00, 0x02, 0x01, 0x01, 0x51, 0x90,
    0x20, 0x01, 0x90, 0x20, 0xac, 0x02, 0x80, 0x80, 0x04, 0xd8, 0xb5, 0x01,
    0xad, 0x02, 0x01, 0xf8, 0xb5, 0x01, 0x00, 0x00, 0x01, 0x01, 0xae, 0x02,
    0x80, 0x80, 0x04, 0xf8, 0xb6, 0x01, 0xaf, 0x02, 0x04, 0xd0, 0xb6, 0x01,
    0x00, 0x03, 0x01, 0x01, 0x53, 0x90, 0x20, 0x01, 0x90, 0x20, 0x01, 0x90,
    0x20, 0xb1, 0x02, 0x80, 0x80, 0x04, 0x90, 0xb7, 0x01, 0xb2, 0x02, 0x01,
    0xb4, 0xb7, 0x01, 0x00, 0x01, 0x01, 0x01, 0x56, 0x90, 0x20, 0xb3, 0x02,
    0x80, 0x80, 0x04, 0xdc, 0xb7, 0x01, 0xb4, 0x02, 0x01, 0xf8, 0xb7, 0x01,
    0x00, 0x01, 0x01, 0x01, 0x57, 0x90, 0x20, 0xb5, 0x02, 0x80, 0x80, 0x04,
    0xdc, 0xb8, 0x01, 0xb6, 0x02, 0x01, 0xf8, 0xb8, 0x01, 0x00, 0x03, 0x01,
    0x01, 0x58, 0x90, 0x20, 0x01, 0x90, 0x20, 0x01, 0x90, 0x20, 0xb7, 0x02,
    0x80, 0x80, 0x04, 0xa0, 0xb9, 0x01, 0xb8, 0x02, 0x01, 0xc4, 0xb9, 0x01,
    0x00, 0x00, 0x00, 0x01, 0xe6, 0x04, 0x81, 0x08, 0x00, 0x00, 0x01, 0x01,
    0x01, 0x5b, 0x90, 0x20, 0xb9, 0x02, 0x80, 0x80, 0x04, 0xec, 0xba, 0x01,
    0xba, 0x02, 0x01, 0x88, 0xbb, 0x01, 0x00, 0x00, 0x01, 0x01, 0xbb, 0x02,
    0x80, 0x80, 0x04, 0xa4, 0xbb, 0x01, 0xbc, 0x02, 0x01, 0xbc, 0xbb, 0x01,
    0x00, 0x05, 0x01, 0x01, 0x5c, 0x90, 0x20, 0x01, 0x90, 0x20, 0x01, 0x90,
    0x20, 0x01, 0x90, 0x20, 0x01, 0x90, 0x20, 0xbd, 0x02, 0x80, 0x80, 0x04,
    0xd0, 0xbb, 0x01, 0xbe, 0x02, 0x01, 0xfc, 0xbb, 0x01, 0x00, 0x00, 0x01,
    0x01, 0xbf, 0x02, 0x80, 0x80, 0x04, 0xa8, 0xbc, 0x01, 0xc0, 0x02, 0x01,
    0xc0, 0xbc, 0x01, 0x00, 0x0e, 0x02, 0x00, 0x61, 0x00, 0x01, 0x00, 0x01,
    0x00, 0x01, 0x00, 0x01, 0x00, 0x01, 0x00, 0x01, 0x00, 0x01, 0x00, 0x01,
    0x00, 0x01, 0x00, 0x01, 0x00, 0x01, 0x00, 0x01, 0x00, 0x01, 0x00, 0xc1,
    0x02, 0x82, 0x80, 0x04, 0xe8, 0xbc, 0x01, 0x01, 0x80, 0xa0, 0x04, 0x80,
    0xbd, 0x01, 0x00, 0x01, 0x01, 0x01, 0x6f, 0x90, 0x20, 0xc3, 0x02, 0x80,
    0x80, 0x04, 0x98, 0xbd, 0x01, 0xc4, 0x02, 0x01, 0xb4, 0xbd, 0x01, 0x00,
    0x09, 0x04, 0x01, 0x70, 0x12, 0x01, 0x02, 0x01, 0x02, 0x01, 0x12, 0x01,
    0x02, 0x01, 0x02, 0x01, 0x12, 0x01, 0x02, 0x01, 0x02, 0xc5, 0x02, 0x80,
    0x80, 0x04, 0xfc, 0xc1, 0x01, 0x01, 0x88, 0x20, 0xa0, 0xbe, 0x01, 0x01,
    0x88, 0x20, 0xb8, 0xbe, 0x01, 0x01, 0x88, 0x20, 0x88, 0xbe, 0x01, 0xc9,
    0x02, 0x01, 0xd0, 0xbe, 0x01, 0x00, 0x01, 0x01, 0x01, 0x79, 0x12, 0xca,
    0x02, 0x80, 0x80, 0x04, 0xbc, 0xc2, 0x01, 0xd2, 0x02, 0x04, 0x84, 0xc3,
    0x01, 0x00, 0x04, 0x02, 0x00, 0x7a, 0x00, 0x01, 0x00, 0x01, 0x00, 0x01,
    0x00, 0xd5, 0x02, 0x82, 0x80, 0x04, 0xc8, 0xc4, 0x01, 0x01, 0x80, 0xa0,
    0x04, 0xe0, 0xc4, 0x01, 0x00, 0x06, 0x01, 0x04, 0x7e, 0x12, 0x01, 0x12,
    0x01, 0x12, 0x01, 0x00, 0x01, 0x12, 0x01, 0x02, 0xd7, 0x02, 0x80, 0x80,
    0x04, 0xd8, 0xc6, 0x01, 0xdd, 0x02, 0x04, 0xb4, 0xc7, 0x01, 0x01, 0x04,
    0xbc, 0xcb, 0x01, 0x01, 0x01, 0xf8, 0xc4, 0x01, 0x03, 0x00, 0xc0, 0xc6,
    0x01, 0x00, 0x04, 0x02, 0x00, 0x84, 0x01, 0x00, 0x01, 0x00, 0x01, 0x00,
    0x01, 0x00, 0xe3, 0x02, 0x82, 0x80, 0x04, 0xb8, 0xcc, 0x01, 0x01, 0x80,
    0xa0, 0x04, 0xd0, 0xcc, 0x01, 0x05, 0x11, 0x0a, 0x0a, 0x88, 0x01, 0x18,
    0x01, 0x18, 0x01, 0x18, 0x01, 0x18, 0x01, 0x18, 0x8d, 0x01, 0x00, 0x01,
    0x10, 0x01, 0x00, 0x01, 0x10, 0x01, 0x10, 0x01, 0x02, 0x01, 0x00, 0x01,
    0x10, 0x01, 0x10, 0x01, 0x00, 0x01, 0x00, 0x01, 0x00, 0x01, 0x00, 0x01,
    0x10, 0x01, 0x10, 0x01, 0x00, 0x01, 0x10, 0xe5, 0x02, 0x82, 0x80, 0x04,
    0x98, 0xd7, 0x01, 0x03, 0x08, 0xcc, 0xcf, 0x01, 0x02, 0x08, 0x88, 0xd0,
    0x01, 0x02, 0x08, 0xc4, 0xd0, 0x01, 0x01, 0x08, 0xf8, 0xd0, 0x01, 0x02,
    0x08, 0xa8, 0xd1, 0x01, 0x01, 0x08, 0x94, 0xd2, 0x01, 0x03, 0x08, 0xf0,
    0xd2, 0x01, 0x01, 0x08, 0xac, 0xd3, 0x01, 0x01, 0x08, 0xdc, 0xd3, 0x01,
    0xe6, 0x02, 0x00, 0xe0, 0xd7, 0x01, 0x01, 0x00, 0xe8, 0xcc, 0x01, 0x02,
    0x00, 0x8c, 0xd4, 0x01, 0x02, 0x00, 0xb4, 0xd4, 0x01, 0x03, 0x00, 0x8c,
    0xcd, 0x01, 0x03, 0x00, 0xa8, 0xd5, 0x01, 0x01, 0x00, 0xac, 0xcf, 0x01,
    0x04, 0x00, 0x94, 0xd6, 0x01, 0x01, 0x00, 0xd4, 0xd4, 0x01, 0x01, 0x00,
    0x88, 0xd5, 0x01, 0x04, 0x05, 0x01, 0x02, 0x9e, 0x01, 0x1a, 0x01, 0x1a,
    0x01, 0x1a, 0x01, 0x1a, 0xa2, 0x01, 0x12, 0x01, 0x02, 0x01, 0x12, 0x01,
    0x12, 0x01, 0x12, 0xf9, 0x02, 0x80, 0x80, 0x04, 0xd4, 0xd9, 0x01, 0xfd,
    0x02, 0x04, 0xb0, 0xda, 0x01, 0x01, 0x04, 0xd4, 0xdb, 0x01, 0x5c, 0x00,
    0x8c, 0x01, 0x00, 0xa7, 0x01, 0x1a, 0x01, 0x1a, 0x01, 0x1a, 0x01, 0x1a,
    0x01, 0x1a, 0x01, 0x1a, 0x01, 0x1a, 0x01, 0x1a, 0x01, 0x1a, 0x01, 0x1a,
    0x01, 0x1a, 0x01, 0x1a, 0x01, 0x1a, 0x01, 0x1a, 0x01, 0x1a, 0x01, 0x1a,
    0x01, 0x1a, 0x01, 0x1a, 0x01, 0x1a, 0x01, 0x1a, 0x01, 0x18, 0x01, 0x18,
    0x01, 0x18, 0x01, 0x18, 0x01, 0x1a, 0x01, 0x1a, 0x01, 0x1a, 0x01, 0x1a,
    0x01, 0x1a, 0x01, 0x1a, 0x01, 0x1a, 0x01, 0x1a, 0x01, 0x1a, 0x01, 0x1a,
    0x01, 0x1a, 0x01, 0x1a, 0x01, 0x1a, 0x01, 0x18, 0x01, 0x18, 0x01, 0x18,
    0x01, 0x18, 0x01, 0x1a, 0x01, 0x1a, 0x01, 0x1a, 0x01, 0x1a, 0x01, 0x1a,
    0x01, 0x1a, 0x01, 0x1a, 0x01, 0x1a, 0x01, 0x1a, 0x01, 0x18, 0x01, 0x1a,
    0x01, 0x1a, 0x01, 0x1a, 0x01, 0x1a, 0x01, 0x1a, 0x01, 0x1a, 0x01, 0x1a,
    0x01, 0x1a, 0x01, 0x1a, 0x01, 0x1a, 0x01, 0x1a, 0x01, 0x1a, 0x01, 0x1a,
    0x01, 0x0a, 0x01, 0x1a, 0x01, 0x4a, 0x01, 0x0a, 0x01, 0x0a, 0x01, 0x0a,
    0x01, 0x08, 0x01, 0x0a, 0x01, 0x0a, 0x01, 0x0a, 0x01, 0x08, 0x01, 0x0a,
    0x01, 0x0a, 0x01, 0x0a, 0x01, 0x0a, 0x01, 0x1a, 0x01, 0x08, 0x01, 0x1a,
    0x01, 0x1a, 0x01, 0x1a, 0x01, 0x1a, 0x01, 0x08, 0x01, 0x0a, 0x01, 0x0a,
    0x01, 0x0a, 0x01, 0x0a, 0x01, 0x1a, 0x01, 0x0a, 0x81, 0x03, 0x88, 0x80,
    0x04, 0x90, 0x99, 0x02, 0x01, 0x81, 0x80, 0x04, 0xb8, 0xa3, 0x02, 0x01,
    0x88, 0x20, 0xd8, 0xfe, 0x01, 0x01, 0x88, 0x20, 0xf4, 0xfe, 0x01, 0x01,
    0x88, 0x20, 0xd0, 0xa3, 0x02, 0x01, 0x88, 0x20, 0x8c, 0xff, 0x01, 0x01,
    0x88, 0x20, 0xe8, 0xa3, 0x02, 0x01, 0x88, 0x20, 0xc0, 0x8a, 0x02, 0x01,
    0x88, 0x20, 0x80, 0xa4, 0x02, 0x01, 0x88, 0x20, 0x98, 0xa4, 0x02, 0x01,
    0x88, 0x20, 0xb0, 0xa4, 0x02, 0x01, 0x88, 0x20, 0xc8, 0xa4, 0x02, 0x01,
    0x88, 0x20, 0x88, 0x88, 0x02, 0x01, 0x88, 0x20, 0xa0, 0xfc, 0x01, 0x01,
    0x88, 0x20, 0xdc, 0x8a, 0x02, 0x01, 0x88, 0x20, 0xe0, 0xa4, 0x02, 0x01,
    0x88, 0x20, 0xf8, 0xa4, 0x02, 0x01, 0x88, 0x20, 0xe0, 0x93, 0x02, 0x01,
    0x88, 0x20, 0xe0, 0xe2, 0x01, 0x01, 0x88, 0x20, 0xd4, 0x8c, 0x02, 0x01,
    0x88, 0x20, 0x90, 0xa5, 0x02, 0x01, 0x88, 0x20, 0xa8, 0xa5, 0x02, 0x01,
    0x88, 0x20, 0xe0, 0x98, 0x02, 0x01, 0x88, 0x20, 0xc0, 0xa5, 0x02, 0x01,
    0x88, 0x20, 0xb8, 0xfc, 0x01, 0x01, 0x88, 0x20, 0xd8, 0xa5, 0x02, 0x01,
    0x88, 0x20, 0xd4, 0xfc, 0x01, 0x01, 0x88, 0x20, 0xf0, 0xa5, 0x02, 0x01,
    0x88, 0x20, 0xc8, 0x98, 0x02, 0x01, 0x88, 0x20, 0x88, 0xa6, 0x02, 0x01,
    0x88, 0x20, 0xf4, 0x97, 0x02, 0x01, 0x88, 0x20, 0xfc, 0x93, 0x02, 0x01,
    0x88, 0x20, 0xec, 0x8c, 0x02, 0x01, 0x88, 0x20, 0xf8, 0x98, 0x02, 0x01,
    0x88, 0x20, 0x90, 0xdc, 0x01, 0x01, 0x0a, 0xa0, 0xa6, 0x02, 0x01, 0x08,
    0xd0, 0xa8, 0x02, 0x01, 0x0a, 0xa4, 0x88, 0x02, 0x01, 0x0a, 0x88, 0x8d,
    0x02, 0x01, 0x0a, 0xa4, 0xff, 0x01, 0x01, 0x0a, 0xfc, 0xa8, 0x02, 0x01,
    0x0a, 0xc0, 0xf9, 0x01, 0x01, 0x0a, 0xdc, 0xf9, 0x01, 0x01, 0x0a, 0xfc,
    0xe2, 0x01, 0x01, 0x0a, 0x84, 0xaa, 0x02, 0x01, 0x0a, 0xf4, 0x8a, 0x02,
    0x01, 0x0a, 0xac, 0x82, 0x02, 0x01, 0x0a, 0xd4, 0x88, 0x02, 0x01, 0x0a,
    0xac, 0xdc, 0x01, 0x01, 0x0a, 0xf8, 0xab, 0x02, 0x01, 0x0a, 0xf0, 0xac,
    0x02, 0x01, 0x0a, 0xd0, 0xad, 0x02, 0x01, 0x0a, 0xbc, 0xae, 0x02, 0x01,
    0x0a, 0x98, 0x94, 0x02, 0x01, 0x08, 0xe0, 0xe0, 0x01, 0x01, 0x0a, 0xb0,
    0x8b, 0x02, 0x01, 0x0a, 0xac, 0xe1, 0x01, 0x01, 0x08, 0x80, 0xf8, 0x01,
    0x01, 0x09, 0xb0, 0xaf, 0x02, 0x01, 0x0a, 0xf0, 0xfc, 0x01, 0x01, 0x0a,
    0x98, 0xfd, 0x01, 0x01, 0x0a, 0xc8, 0xfd, 0x01, 0x01, 0x0a, 0xac, 0xfe,
    0x01, 0x01, 0x0a, 0xf8, 0xaf, 0x02, 0x01, 0x0a, 0xd0, 0xeb, 0x01, 0x01,
    0x08, 0xdc, 0xb0, 0x02, 0x01, 0x0a, 0xdc, 0x95, 0x02, 0x01, 0x89, 0x02,
    0x00, 0x01, 0x89, 0x02, 0x00, 0x01, 0x89, 0x02, 0x00, 0x01, 0x89, 0x02,
    0x00, 0x01, 0x89, 0x02, 0x00, 0x01, 0x89, 0x02, 0x00, 0x01, 0x89, 0x02,
    0x00, 0x01, 0x89, 0x02, 0x00, 0x01, 0x89, 0x02, 0x00, 0x01, 0x89, 0x02,
    0x00, 0x01, 0x89, 0x02, 0x00, 0x01, 0x89, 0x02, 0x00, 0x01, 0x89, 0x02,
    0x00, 0x01, 0x89, 0x02, 0x00, 0x01, 0x89, 0x02, 0x00, 0x01, 0x89, 0x02,
    0x00, 0x01, 0x89, 0x02, 0x00, 0x01, 0x89, 0x02, 0x00, 0x01, 0x89, 0x02,
    0x00, 0x01, 0x89, 0x02, 0x00, 0x01, 0x89, 0x02, 0x00, 0x01, 0x89, 0x02,
    0x00, 0x01, 0x89, 0x02, 0x00, 0x01, 0x89, 0x02, 0x00, 0x01, 0x89, 0x02,
    0x00, 0x01, 0x89, 0x02, 0x00, 0x01, 0x89, 0x02, 0x00, 0x01, 0x89, 0x02,
    0x00, 0x01, 0x0a, 0xfc, 0x8d, 0x02, 0x01, 0x0a, 0x90, 0x98, 0x02, 0x01,
    0x0a, 0x80, 0xb2, 0x02, 0x01, 0x0a, 0xc8, 0xb3, 0x02, 0x01, 0x08, 0xe8,
    0xe1, 0x01, 0x01, 0x08, 0xb0, 0xe2, 0x01, 0x01, 0x0a, 0xc0, 0xec, 0x01,
    0x01, 0x0a, 0xfc, 0x8b, 0x02, 0x01, 0x0a, 0xc0, 0x96, 0x02, 0x01, 0x08,
    0xb0, 0x8c, 0x02, 0x01, 0x0a, 0xe4, 0x96, 0x02, 0x01, 0x0a, 0xe0, 0xb5,
    0x02, 0x01, 0x0a, 0xc0, 0xb6, 0x02, 0x01, 0x0a, 0xec, 0xb7, 0x02, 0x01,
    0x0a, 0x8c, 0xb9, 0x02, 0x01, 0x0a, 0xd8, 0xef, 0x01, 0x01, 0x0a, 0xcc,
    0xba, 0x02, 0x01, 0x0a, 0xa8, 0xbb, 0x02, 0x01, 0x0a, 0xcc, 0xf8, 0x01,
    0x01, 0x0a, 0xa8, 0x83, 0x02, 0x01, 0x0a, 0x98, 0xbc, 0x02, 0x01, 0x0a,
    0xd0, 0x8e, 0x02, 0x01, 0x08, 0x9c, 0xbd, 0x02, 0x01, 0x09, 0xe4, 0xbd,
    0x02, 0x01, 0x0a, 0x90, 0xbe, 0x02, 0x01, 0x0a, 0xec, 0xc4, 0x02, 0x01,
    0x0a, 0x80, 0xcc, 0x02, 0x01, 0x0a, 0xc8, 0xd0, 0x02, 0x01, 0x0a, 0x84,
    0x8f, 0x02, 0x01, 0x0a, 0xd8, 0x91, 0x02, 0x01, 0x0a, 0xb0, 0x90, 0x02,
    0x01, 0x08, 0x98, 0xdf, 0x01, 0x01, 0x0a, 0x98, 0xe0, 0x01, 0x01, 0x0a,
    0xbc, 0x97, 0x02, 0x01, 0x0a, 0xf0, 0xd0, 0x02, 0x01, 0x08, 0xe4, 0xfb,
    0x01, 0x01, 0x0a, 0xd4, 0xf5, 0x01, 0x01, 0x08, 0xbc, 0xd1, 0x02, 0x01,
    0x0a, 0xe0, 0xd1, 0x02, 0x01, 0x0a, 0xb8, 0xd2, 0x02, 0x01, 0x08, 0xfc,
    0x88, 0x02, 0x01, 0x0a, 0xc0, 0xd3, 0x02, 0x01, 0x0a, 0xb0, 0xd4, 0x02,
    0x01, 0x0a, 0x80, 0x8a, 0x02, 0x01, 0x0a, 0xe4, 0xd4, 0x02, 0x06, 0x00,
    0x02, 0x00, 0x83, 0x02, 0x18, 0x01, 0x18, 0x01, 0x18, 0x01, 0x18, 0x01,
    0x18, 0x01, 0x18, 0x8d, 0x04, 0x88, 0x80, 0x04, 0xcc, 0xd5, 0x02, 0x01,
    0x80, 0x80, 0x04, 0xb8, 0xda, 0x02, 0x00, 0x01, 0x01, 0x01, 0x89, 0x02,
    0x90, 0x20, 0x8f, 0x04, 0x80, 0x80, 0x04, 0xd0, 0xda, 0x02, 0x90, 0x04,
    0x01, 0xec, 0xda, 0x02, 0x00, 0x01, 0x01, 0x01, 0x8a, 0x02, 0x90, 0x20,
    0x91, 0x04, 0x80, 0x80, 0x04, 0x88, 0xdb, 0x02, 0x92, 0x04, 0x01, 0xa4,
    0xdb, 0x02, 0x00, 0x02, 0x01, 0x01, 0x8b, 0x02, 0x90, 0x20, 0x01, 0x90,
    0x20, 0x93, 0x04, 0x80, 0x80, 0x04, 0xd8, 0xdb, 0x02, 0x94, 0x04, 0x01,
    0xf8, 0xdb, 0x02, 0x00, 0x02, 0x01, 0x01, 0x8d, 0x02, 0x90, 0x20, 0x01,
    0x90, 0x20, 0x95, 0x04, 0x80, 0x80, 0x04, 0x9c, 0xdc, 0x02, 0x96, 0x04,
    0x01, 0xbc, 0xdc, 0x02, 0x00, 0x00, 0x01, 0x01, 0x97, 0x04, 0x80, 0x80,
    0x04, 0xe0, 0xdc, 0x02, 0x98, 0x04, 0x01, 0xf8, 0xdc, 0x02, 0x00, 0x01,
    0x01, 0x01, 0x8f, 0x02, 0x90, 0x20, 0x99, 0x04, 0x80, 0x80, 0x04, 0x90,
    0xdd, 0x02, 0x9a, 0x04, 0x01, 0xac, 0xdd, 0x02, 0x00, 0x01, 0x01, 0x01,
    0x90, 0x02, 0x90, 0x20, 0x9b, 0x04, 0x80, 0x80, 0x04, 0xcc, 0xdd, 0x02,
    0x9c, 0x04, 0x01, 0xe8, 0xdd, 0x02, 0x00, 0x04, 0x01, 0x01, 0x91, 0x02,
    0x90, 0x20, 0x01, 0x90, 0x20, 0x01, 0x90, 0x20, 0x01, 0x90, 0x20, 0x9d,
    0x04, 0x80, 0x80, 0x04, 0x88, 0xde, 0x02, 0x9e, 0x04, 0x01, 0xb0, 0xde,
    0x02, 0x00, 0x01, 0x01, 0x01, 0x95, 0x02, 0x90, 0x20, 0x9f, 0x04, 0x80,
    0x80, 0x04, 0xd8, 0xdf, 0x02, 0xa0, 0x04, 0x01, 0xf4, 0xdf, 0x02, 0x00,
    0x00, 0x01, 0x00, 0xa1, 0x04, 0x80, 0x80, 0x04, 0x90, 0xe0, 0x02, 0x03,
    0x05, 0x04, 0x03, 0x96, 0x02, 0x1a, 0x01, 0x1a, 0x01, 0x1a, 0x99, 0x02,
    0x02, 0x01, 0x12, 0x01, 0x02, 0x01, 0x02, 0x01, 0x12, 0xa2, 0x04, 0x88,
    0x80, 0x04, 0xa8, 0xe0, 0x02, 0x01, 0x80, 0x80, 0x04, 0xfc, 0xe0, 0x02,
    0x01, 0x88, 0x20, 0xb4, 0xe1, 0x02, 0x03, 0x02, 0xe0, 0xe2, 0x02, 0xa5,
    0x04, 0x01, 0xcc, 0xe1, 0x02, 0x01, 0x01, 0xcc, 0xe2, 0x02, 0x02, 0x01,
    0xa0, 0xe4, 0x02, 0x00, 0x01, 0x01, 0x01, 0x9e, 0x02, 0x90, 0x20, 0xa9,
    0x04, 0x80, 0x80, 0x04, 0x84, 0xe6, 0x02, 0xaa, 0x04, 0x01, 0xa0, 0xe6,
    0x02, 0x00, 0x01, 0x01, 0x01, 0x9f, 0x02, 0x90, 0x20, 0xab, 0x04, 0x80,
    0x80, 0x04, 0xbc, 0xe6, 0x02, 0xac, 0x04, 0x01, 0xd8, 0xe6, 0x02, 0x00,
    0x01, 0x01, 0x01, 0xa0, 0x02, 0x90, 0x20, 0xad, 0x04, 0x80, 0x80, 0x04,
    0xf4, 0xe6, 0x02, 0xae, 0x04, 0x01, 0x90, 0xe7, 0x02, 0x00, 0x05, 0x01,
    0x01, 0xa1, 0x02, 0x90, 0x20, 0x01, 0x90, 0x20, 0x01, 0x90, 0x20, 0x01,
    0x90, 0x20, 0x01, 0x90, 0x20, 0xaf, 0x04, 0x80, 0x80, 0x04, 0xd0, 0xe7,
    0x02, 0xb0, 0x04, 0x01, 0xfc, 0xe7, 0x02, 0x00, 0x01, 0x01, 0x01, 0xa6,
    0x02, 0x90, 0x20, 0xb1, 0x04, 0x80, 0x80, 0x04, 0x84, 0xe9, 0x02, 0xb2,
    0x04, 0x01, 0xa0, 0xe9, 0x02, 0x00, 0x01, 0x01, 0x01, 0xa7, 0x02, 0x90,
    0x20, 0xb3, 0x04, 0x80, 0x80, 0x04, 0xbc, 0xe9, 0x02, 0xb4, 0x04, 0x01,
    0xd8, 0xe9, 0x02, 0x00, 0x02, 0x01, 0x01, 0xa8, 0x02, 0x90, 0x20, 0x01,
    0x90, 0x20, 0xb5, 0x04, 0x80, 0x80, 0x04, 0xa4, 0xea, 0x02, 0xb6, 0x04,
    0x01, 0xc4, 0xea, 0x02, 0x00, 0x02, 0x01, 0x01, 0xaa, 0x02, 0x90, 0x20,
    0x01, 0x90, 0x20, 0xb7, 0x04, 0x80, 0x80, 0x04, 0xe0, 0xea, 0x02, 0xb8,
    0x04, 0x01, 0x80, 0xeb, 0x02, 0x00, 0x01, 0x01, 0x01, 0xac, 0x02, 0x90,
    0x20, 0xb9, 0x04, 0x80, 0x80, 0x04, 0x9c, 0xeb, 0x02, 0xba, 0x04, 0x01,
    0xb8, 0xeb, 0x02, 0x00, 0x01, 0x01, 0x01, 0xad, 0x02, 0x90, 0x20, 0xbb,
    0x04, 0x80, 0x80, 0x04, 0xf4, 0xeb, 0x02, 0xbc, 0x04, 0x01, 0x90, 0xec,
    0x02, 0x00, 0x01, 0x01, 0x01, 0xae, 0x02, 0x90, 0x20, 0xbd, 0x04, 0x80,
    0x80, 0x04, 0xb0, 0xec, 0x02, 0xbe, 0x04, 0x01, 0xcc, 0xec, 0x02, 0x00,
    0x01, 0x01, 0x01, 0xaf, 0x02, 0x90, 0x20, 0xbf, 0x04, 0x80, 0x80, 0x04,
    0xec, 0xec, 0x02, 0xc0, 0x04, 0x01, 0x88, 0xed, 0x02, 0x00, 0x01, 0x01,
    0x01, 0xb0, 0x02, 0x90, 0x20, 0xc1, 0x04, 0x80, 0x80, 0x04, 0xa4, 0xed,
    0x02, 0xc2, 0x04, 0x01, 0xc0, 0xed, 0x02, 0x00, 0x01, 0x01, 0x01, 0xb1,
    0x02, 0x90, 0x20, 0xc3, 0x04, 0x80, 0x80, 0x04, 0xf4, 0xed, 0x02, 0xc4,
    0x04, 0x01, 0x90, 0xee, 0x02, 0x00, 0x01, 0x01, 0x01, 0xb2, 0x02, 0x90,
    0x20, 0xc5, 0x04, 0x80, 0x80, 0x04, 0xb4, 0xee, 0x02, 0xc6, 0x04, 0x01,
    0xd0, 0xee, 0x02, 0x00, 0x01, 0x01, 0x01, 0xb3, 0x02, 0x90, 0x20, 0xc7,
    0x04, 0x80, 0x80, 0x04, 0xec, 0xee, 0x02, 0xc8, 0x04, 0x01, 0x88, 0xef,
    0x02, 0x00, 0x01, 0x01, 0x01, 0xb4, 0x02, 0x90, 0x20, 0xc9, 0x04, 0x80,
    0x80, 0x04, 0x94, 0xf0, 0x02, 0xca, 0x04, 0x01, 0xa4, 0xef, 0x02, 0x00,
    0x13, 0x04, 0x15, 0xb5, 0x02, 0x10, 0x01, 0x10, 0x01, 0x10, 0x01, 0x00,
    0x01, 0x10, 0x01, 0x00, 0x01, 0x10, 0x01, 0x00, 0x01, 0x00, 0x01, 0x00,
    0x01, 0x00, 0x01, 0x10, 0x01, 0x10, 0x01, 0x10, 0x01, 0x12, 0x01, 0x00,
    0x01, 0x00, 0x01, 0x00, 0x01, 0x00, 0xcb, 0x04, 0x80, 0x80, 0x04, 0x84,
    0xf4, 0x02, 0x02, 0x02, 0xf8, 0xff, 0x02, 0x05, 0x02, 0xb0, 0xf0, 0x02,
    0x10, 0x02, 0xe0, 0xf1, 0x02, 0xcc, 0x04, 0x00, 0xbc, 0xff, 0x02, 0x02,
    0x00, 0xcc, 0x81, 0x03, 0x01, 0x00, 0x80, 0x82, 0x03, 0x01, 0x00, 0xa0,
    0x82, 0x03, 0x01, 0x00, 0xe0, 0x82, 0x03, 0x02, 0x00, 0xc0, 0x84, 0x03,
    0x01, 0x01, 0xe8, 0x84, 0x03, 0x01, 0x00, 0x88, 0x85, 0x03, 0x01, 0x00,
    0xac, 0x88, 0x03, 0x01, 0x00, 0xa4, 0x89, 0x03, 0x01, 0x00, 0xd4, 0x89,
    0x03, 0x01, 0x00, 0x8c, 0xf3, 0x02, 0x01, 0x00, 0x90, 0x8a, 0x03, 0x01,
    0x00, 0xc8, 0x8c, 0x03, 0x01, 0x00, 0xb8, 0xf3, 0x02, 0x01, 0x00, 0xa0,
    0x8d, 0x03, 0x01, 0x00, 0xc8, 0x8d, 0x03, 0x01, 0x00, 0x88, 0x8e, 0x03,
    0x01, 0x00, 0xb0, 0x8f, 0x03, 0x01, 0x00, 0xd0, 0x92, 0x03, 0x02, 0x00,
    0xfc, 0x92, 0x03, 0x00, 0x08, 0x01, 0x01, 0xc8, 0x02, 0x12, 0x01, 0x02,
    0x01, 0x02, 0x01, 0x02, 0x01, 0x12, 0x01, 0x12, 0x01, 0x02, 0x01, 0x02,
    0xe4, 0x04, 0x80, 0x80, 0x04, 0xc4, 0x96, 0x03, 0xe5, 0x04, 0x01, 0xb8,
    0x93, 0x03, 0x00, 0x02, 0x01, 0x01, 0xd0, 0x02, 0x90, 0x20, 0x01, 0x90,
    0x20, 0xe7, 0x04, 0x80, 0x80, 0x04, 0xf8, 0x96, 0x03, 0xe8, 0x04, 0x01,
    0x98, 0x97, 0x03, 0x00, 0x06, 0x03, 0x02, 0xd2, 0x02, 0x12, 0x01, 0x12,
    0x01, 0x02, 0x01, 0x12, 0x01, 0x12, 0x01, 0x12, 0xe9, 0x04, 0x80, 0x80,
    0x04, 0x98, 0x98, 0x03, 0x01, 0x88, 0x20, 0xe8, 0x97, 0x03, 0x01, 0x88,
    0x20, 0x80, 0x98, 0x03, 0xec, 0x04, 0x00, 0xb8, 0x99, 0x03, 0x01, 0x01,
    0xf4, 0x99, 0x03, 0x19, 0x00, 0x23, 0x00, 0xd8, 0x02, 0x1a, 0x01, 0x1a,
    0x01, 0x1a, 0x01, 0x1a, 0x01, 0x1a, 0x01, 0x1a, 0x01, 0x1a, 0x01, 0x1a,
    0x01, 0x1a, 0x01, 0x1a, 0x01, 0x1a, 0x01, 0x1a, 0x01, 0x1a, 0x01, 0x1a,
    0x01, 0x1a, 0x01, 0x1a, 0x01, 0x1a, 0x01, 0x1a, 0x01, 0x1a, 0x01, 0x0a,
    0x01, 0x0a, 0x01, 0x0a, 0x01, 0x1a, 0x01, 0x0a, 0x01, 0x0a, 0xee, 0x04,
    0x88, 0x80, 0x04, 0xd4, 0xa4, 0x03, 0x01, 0x82, 0x80, 0x04, 0xf4, 0xa4,
    0x03, 0x01, 0x88, 0x20, 0x8c, 0xa5, 0x03, 0x01, 0x88, 0x20, 0xa4, 0xa5,
    0x03, 0x01, 0x88, 0x20, 0xbc, 0xa5, 0x03, 0x01, 0x88, 0x20, 0xc8, 0xa2,
    0x03, 0x01, 0x88, 0x20, 0xcc, 0xa3, 0x03, 0x01, 0x88, 0x20, 0xfc, 0xa1,
    0x03, 0x01, 0x88, 0x20, 0xb0, 0x9c, 0x03, 0x01, 0x88, 0x20, 0x84, 0x9b,
    0x03, 0x01, 0x88, 0x20, 0xd0, 0x9f, 0x03, 0x01, 0x88, 0x20, 0x98, 0x9c,
    0x03, 0x01, 0x88, 0x20, 0xd4, 0xa5, 0x03, 0x01, 0x88, 0x20, 0xe4, 0xa3,
    0x03, 0x01, 0x88, 0x20, 0xbc, 0xa4, 0x03, 0x01, 0x0a, 0xec, 0xa5, 0x03,
    0x01, 0x0a, 0xcc, 0x9c, 0x03, 0x01, 0x08, 0xc0, 0x9b, 0x03, 0x01, 0x0a,
    0xc0, 0xa1, 0x03, 0x01, 0x0a, 0x80, 0xa4, 0x03, 0x01, 0x0a, 0xf0, 0xa7,
    0x03, 0x01, 0x08, 0xac, 0xa8, 0x03, 0x01, 0x0a, 0x98, 0xa2, 0x03, 0x01,
    0x0a, 0x8c, 0xad, 0x03, 0x01, 0x08, 0xfc, 0x9c, 0x03, 0x01, 0x08, 0x9c,
    0xae, 0x03, 0x01, 0x0a, 0xec, 0x9f, 0x03, 0x01, 0x0a, 0x8c, 0xa0, 0x03,
    0x01, 0x0a, 0xa0, 0x9b, 0x03, 0x01, 0x08, 0xd8, 0xae, 0x03, 0x01, 0x0a,
    0xfc, 0xaf, 0x03, 0x01, 0x0a, 0xa4, 0xb0, 0x03, 0x01, 0x0a, 0xbc, 0xb1,
    0x03, 0x01, 0x0a, 0xfc, 0xb1, 0x03, 0x01, 0x0a, 0xe4, 0xa2, 0x03, 0x05,
    0x04, 0x04, 0x04, 0x03, 0x04, 0x00, 0x04, 0x01, 0x04, 0x02, 0x04, 0x04,
    0x13, 0x04, 0x36, 0x04, 0x3c, 0x04, 0x34, 0x40, 0x26, 0xdc, 0x05, 0x04,
    0xff, 0x30, 0x48, 0x43, 0x1e, 0x30, 0x20, 0x42, 0x24, 0xc0, 0x00, 0x04,
    0x07, 0x04, 0x05, 0x04, 0x08, 0x04, 0x0a, 0x04, 0x03, 0x04, 0x01, 0x04,
    0x00, 0x04, 0x09, 0x04, 0x02, 0x04, 0x04, 0x04, 0x06, 0x04, 0x06, 0x1e,
    0x1e, 0x64, 0x51, 0xa8, 0x22, 0xff, 0x64, 0x52, 0xed, 0x2e, 0xff, 0x04,
    0xff, 0x44, 0xea, 0xcb, 0xc3, 0x04, 0x3c, 0x24, 0xe7, 0x03, 0x04, 0x0a,
    0x70, 0x33, 0x33, 0x73, 0x3f, 0x04, 0x01, 0x1e, 0x04, 0x04, 0x04, 0x02,
    0x04, 0x00, 0x04, 0x03, 0x04, 0x07, 0x04, 0x0b, 0x04, 0x05, 0x64, 0x25,
    0x16, 0x13, 0xff, 0x64, 0x97, 0x52, 0x3f, 0xff, 0x64, 0x6b, 0x3a, 0x2c,
    0xff, 0x64, 0xb4, 0x68, 0x54, 0xff, 0x1e, 0x1e, 0x1e, 0x1e, 0x37, 0x07,
    0x03, 0x37, 0x06, 0x03, 0x04, 0x14, 0x04, 0x13, 0x04, 0x0f, 0x64, 0x00,
    0x00, 0x00, 0xc0, 0x24, 0x96, 0x00, 0x04, 0x02, 0x1e, 0x04, 0x00, 0x04,
    0x01, 0x1e, 0x70, 0x48, 0xe1, 0xba, 0x3f, 0x26, 0x90, 0x01, 0x1e, 0x1e,
    0x30, 0x0c, 0x44, 0x30, 0x3e, 0x44, 0x24, 0x90, 0x01, 0x02, 0x1e, 0x06,
    0x78, 0x13, 0x04, 0x09, 0x44, 0x7a, 0x7a, 0xff, 0x44, 0xc8, 0x95, 0x8a,
    0x44, 0xff, 0xec, 0xe8, 0x44, 0xe8, 0xb0, 0x9f, 0x24, 0x8a, 0xe0, 0x44,
    0xc8, 0x95, 0x8a, 0x04, 0xff, 0x24, 0x5c, 0xb3, 0x30, 0x20, 0x42, 0x04,
    0x36, 0x04, 0x34, 0x24, 0xc2, 0x01, 0x04, 0x3c, 0x24, 0xbc, 0x02, 0x06,
    0x78, 0x37, 0x05, 0x03, 0x06, 0x64, 0x26, 0x30, 0x75, 0x00, 0x00, 0x00,
    0x02, 0x00, 0x00, 0x00, 0xec, 0x3c, 0x01, 0x00, 0x01, 0x3d, 0x01, 0x00,
    0x02, 0x00, 0x00, 0x00, 0x0b, 0x3d, 0x01, 0x00, 0x14, 0x3d, 0x01, 0x00,
    0x01, 0x00, 0x00, 0x00, 0x1f, 0x3d, 0x01, 0x00, 0x02, 0x00, 0x00, 0x00,
    0x30, 0x3d, 0x01, 0x00, 0x14, 0x3d, 0x01, 0x00, 0x01, 0x00, 0x00, 0x00,
    0x01, 0x3d, 0x01, 0x00, 0x02, 0x00, 0x00, 0x00, 0x39, 0x3d, 0x01, 0x00,
    0x14, 0x3d, 0x01, 0x00, 0x02, 0x00, 0x00, 0x00, 0x42, 0x3d, 0x01, 0x00,
    0x14, 0x3d, 0x01, 0x00, 0x02, 0x00, 0x00, 0x00, 0x4b, 0x3d, 0x01, 0x00,
    0x14, 0x3d, 0x01, 0x00, 0x02, 0x00, 0x00, 0x00, 0x54, 0x3d, 0x01, 0x00,
    0x14, 0x3d, 0x01, 0x00, 0x02, 0x00, 0x00, 0x00, 0x5d, 0x3d, 0x01, 0x00,
    0x14, 0x3d, 0x01, 0x00, 0x02, 0x00, 0x00, 0x00, 0x66, 0x3d, 0x01, 0x00,
    0x14, 0x3d, 0x01, 0x00, 0x02, 0x00, 0x00, 0x00, 0x6f, 0x3d, 0x01, 0x00,
    0x14, 0x3d, 0x01, 0x00, 0x02, 0x00, 0x00, 0x00, 0x78, 0x3d, 0x01, 0x00,
    0x14, 0x3d, 0x01, 0x00, 0x02, 0x00, 0x00, 0x00, 0x81, 0x3d, 0x01, 0x00,
    0x14, 0x3d, 0x01, 0x00, 0x02, 0x00, 0x00, 0x00, 0x8a, 0x3d, 0x01, 0x00,
    0x14, 0x3d, 0x01, 0x00, 0x02, 0x00, 0x00, 0x00, 0x93, 0x3d, 0x01, 0x00,
    0x14, 0x3d, 0x01, 0x00, 0x02, 0x00, 0x00, 0x00, 0x9c, 0x3d, 0x01, 0x00,
    0x14, 0x3d, 0x01, 0x00, 0x02, 0x00, 0x00, 0x00, 0xa5, 0x3d, 0x01, 0x00,
    0x14, 0x3d, 0x01, 0x00, 0x01, 0x00, 0x00, 0x00, 0xae, 0x3d, 0x01, 0x00,
    0x03, 0x00, 0x00, 0x00, 0xc3, 0x3d, 0x01, 0x00, 0x14, 0x3d, 0x01, 0x00,
    0xcb, 0x3d, 0x01, 0x00, 0x02, 0x00, 0x00, 0x00, 0xde, 0x3d, 0x01, 0x00,
    0x01, 0x3d, 0x01, 0x00, 0x02, 0x00, 0x00, 0x00, 0xf7, 0x3d, 0x01, 0x00,
    0x14, 0x3d, 0x01, 0x00, 0x02, 0x00, 0x00, 0x00, 0x00, 0x3e, 0x01, 0x00,
    0x14, 0x3d, 0x01, 0x00, 0x02, 0x00, 0x00, 0x00, 0x09, 0x3e, 0x01, 0x00,
    0x14, 0x3d, 0x01, 0x00, 0x02, 0x00, 0x00, 0x00, 0x12, 0x3e, 0x01, 0x00,
    0x14, 0x3d, 0x01, 0x00, 0x02, 0x00, 0x00, 0x00, 0x28, 0x3e, 0x01, 0x00,
    0x1b, 0x3e, 0x01, 0x00, 0x02, 0x00, 0x00, 0x00, 0x30, 0x3e, 0x01, 0x00,
    0x14, 0x3d, 0x01, 0x00, 0x02, 0x00, 0x00, 0x00, 0x39, 0x3e, 0x01, 0x00,
    0x14, 0x3d, 0x01, 0x00, 0x02, 0x00, 0x00, 0x00, 0xc3, 0x3d, 0x01, 0x00,
    0x42, 0x3e, 0x01, 0x00, 0x02, 0x00, 0x00, 0x00, 0x4e, 0x3e, 0x01, 0x00,
    0x14, 0x3d, 0x01, 0x00, 0x02, 0x00, 0x00, 0x00, 0xc3, 0x3d, 0x01, 0x00,
    0x56, 0x3e, 0x01, 0x00, 0x02, 0x00, 0x00, 0x00, 0xc3, 0x3d, 0x01, 0x00,
    0x62, 0x3e, 0x01, 0x00, 0x02, 0x00, 0x00, 0x00, 0xc3, 0x3d, 0x01, 0x00,
    0x6f, 0x3e, 0x01, 0x00, 0x02, 0x00, 0x00, 0x00, 0xc3, 0x3d, 0x01, 0x00,
    0x7c, 0x3e, 0x01, 0x00, 0x02, 0x00, 0x00, 0x00, 0xc3, 0x3d, 0x01, 0x00,
    0x89, 0x3e, 0x01, 0x00, 0x02, 0x00, 0x00, 0x00, 0xc3, 0x3d, 0x01, 0x00,
    0x96, 0x3e, 0x01, 0x00, 0x02, 0x00, 0x00, 0x00, 0xc3, 0x3d, 0x01, 0x00,
    0xa3, 0x3e, 0x01, 0x00, 0x01, 0x00, 0x00, 0x00, 0xb0, 0x3e, 0x01, 0x00,
    0x01, 0x00, 0x00, 0x00, 0xc2, 0x3e, 0x01, 0x00, 0x01, 0x00, 0x00, 0x00,
    0xd2, 0x3e, 0x01, 0x00, 0x01, 0x00, 0x00, 0x00, 0xe5, 0x3e, 0x01, 0x00,
    0x01, 0x00, 0x00, 0x00, 0xf8, 0x3e, 0x01, 0x00, 0x01, 0x00, 0x00, 0x00,
    0x08, 0x3f, 0x01, 0x00, 0x01, 0x00, 0x00, 0x00, 0x18, 0x3f, 0x01, 0x00,
    0x01, 0x00, 0x00, 0x00, 0x2e, 0x3f, 0x01, 0x00, 0x02, 0x00, 0x00, 0x00,
    0x46, 0x3f, 0x01, 0x00, 0x14, 0x3d, 0x01, 0x00, 0x02, 0x00, 0x00, 0x00,
    0x4f, 0x3f, 0x01, 0x00, 0x14, 0x3d, 0x01, 0x00, 0x02, 0x00, 0x00, 0x00,
    0x58, 0x3f, 0x01, 0x00, 0x14, 0x3d, 0x01, 0x00, 0x02, 0x00, 0x00, 0x00,
    0x61, 0x3f, 0x01, 0x00, 0x14, 0x3d, 0x01, 0x00, 0x02, 0x00, 0x00, 0x00,
    0x6a, 0x3f, 0x01, 0x00, 0x14, 0x3d, 0x01, 0x00, 0x02, 0x00, 0x00, 0x00,
    0x6a, 0x3f, 0x01, 0x00, 0x72, 0x3f, 0x01, 0x00, 0x03, 0x00, 0x00, 0x00,
    0x28, 0x3e, 0x01, 0x00, 0x7e, 0x3f, 0x01, 0x00, 0x8a, 0x3f, 0x01, 0x00,
    0x02, 0x00, 0x00, 0x00, 0x94, 0x3f, 0x01, 0x00, 0x14, 0x3d, 0x01, 0x00,
    0x02, 0x00, 0x00, 0x00, 0x9d, 0x3f, 0x01, 0x00, 0x14, 0x3d, 0x01, 0x00,
    0x02, 0x00, 0x00, 0x00, 0xa6, 0x3f, 0x01, 0x00, 0x14, 0x3d, 0x01, 0x00,
    0x02, 0x00, 0x00, 0x00, 0xaf, 0x3f, 0x01, 0x00, 0x01, 0x3d, 0x01, 0x00,
    0x02, 0x00, 0x00, 0x00, 0xd0, 0x3f, 0x01, 0x00, 0x14, 0x3d, 0x01, 0x00,
    0x02, 0x00, 0x00, 0x00, 0xd9, 0x3f, 0x01, 0x00, 0x14, 0x3d, 0x01, 0x00,
    0x02, 0x00, 0x00, 0x00, 0xe2, 0x3f, 0x01, 0x00, 0x14, 0x3d, 0x01, 0x00,
    0x02, 0x00, 0x00, 0x00, 0xeb, 0x3f, 0x01, 0x00, 0x14, 0x3d, 0x01, 0x00,
    0x02, 0x00, 0x00, 0x00, 0xf4, 0x3f, 0x01, 0x00, 0x14, 0x3d, 0x01, 0x00,
    0x02, 0x00, 0x00, 0x00, 0x28, 0x3e, 0x01, 0x00, 0xfc, 0x3f, 0x01, 0x00,
    0x02, 0x00, 0x00, 0x00, 0x28, 0x3e, 0x01, 0x00, 0x08, 0x40, 0x01, 0x00,
    0x02, 0x00, 0x00, 0x00, 0x14, 0x40, 0x01, 0x00, 0x14, 0x3d, 0x01, 0x00,
    0x02, 0x00, 0x00, 0x00, 0x28, 0x3e, 0x01, 0x00, 0x1d, 0x40, 0x01, 0x00,
    0x01, 0x00, 0x00, 0x00, 0x29, 0x40, 0x01, 0x00, 0x01, 0x00, 0x00, 0x00,
    0x39, 0x40, 0x01, 0x00, 0x74, 0x4e, 0x01, 0x00, 0x00, 0x00, 0x00, 0x00,
    0x01, 0x00, 0x00, 0x00, 0x00, 0x00, 0x00, 0x00, 0xff, 0x00, 0x00, 0x00,
    0x68, 0x4e, 0x01, 0x00, 0x88, 0x4e, 0x01, 0x00, 0x00, 0x00, 0x00, 0x00,
    0x01, 0x00, 0x00, 0x00, 0x00, 0x00, 0x00, 0x00, 0x01, 0x01, 0x00, 0x00,
    0x80, 0x4e, 0x01, 0x00, 0x9c, 0x4e, 0x01, 0x00, 0x00, 0x00, 0x00, 0x00,
    0x01, 0x00, 0x00, 0x00, 0x00, 0x00, 0x00, 0x00, 0x03, 0x01, 0x00, 0x00,
    0x94, 0x4e, 0x01, 0x00, 0xa8, 0x4e, 0x01, 0x00, 0x00, 0x00, 0x00, 0x00,
    0x01, 0x00, 0x00, 0x00, 0x00, 0x00, 0x00, 0x00, 0x05, 0x01, 0x00, 0x00,
    0x94, 0x4e, 0x01, 0x00, 0xb4, 0x4e, 0x01, 0x00, 0x00, 0x00, 0x00, 0x00,
    0x01, 0x00, 0x00, 0x00, 0x00, 0x00, 0x00, 0x00, 0x07, 0x01, 0x00, 0x00,
    0x94, 0x4e, 0x01, 0x00, 0xc0, 0x4e, 0x01, 0x00, 0x00, 0x00, 0x00, 0x00,
    0x01, 0x00, 0x00, 0x00, 0x00, 0x00, 0x00, 0x00, 0x09, 0x01, 0x00, 0x00,
    0x94, 0x4e, 0x01, 0x00, 0xc0, 0x4e, 0x01, 0x00, 0x00, 0x00, 0x00, 0x00,
    0x01, 0x00, 0x00, 0x00, 0x00, 0x00, 0x00, 0x00, 0x0b, 0x01, 0x00, 0x00,
    0x94, 0x4e, 0x01, 0x00, 0xcc, 0x4e, 0x01, 0x00, 0x00, 0x00, 0x00, 0x00,
    0x01, 0x00, 0x00, 0x00, 0x00, 0x00, 0x00, 0x00, 0x0d, 0x01, 0x00, 0x00,
    0x68, 0x4e, 0x01, 0x00, 0xc0, 0x4e, 0x01, 0x00, 0x00, 0x00, 0x00, 0x00,
    0x01, 0x00, 0x00, 0x00, 0x00, 0x00, 0x00, 0x00, 0x0f, 0x01, 0x00, 0x00,
    0x94, 0x4e, 0x01, 0x00, 0xd8, 0x4e, 0x01, 0x00, 0x00, 0x00, 0x00, 0x00,
    0x01, 0x00, 0x00, 0x00, 0x00, 0x00, 0x00, 0x00, 0x11, 0x01, 0x00, 0x00,
    0x94, 0x4e, 0x01, 0x00, 0xd8, 0x4e, 0x01, 0x00, 0x00, 0x00, 0x00, 0x00,
    0x01, 0x00, 0x00, 0x00, 0x00, 0x00, 0x00, 0x00, 0x13, 0x01, 0x00, 0x00,
    0x94, 0x4e, 0x01, 0x00, 0xd8, 0x4e, 0x01, 0x00, 0x00, 0x00, 0x00, 0x00,
    0x00, 0x00, 0x00, 0x00, 0x00, 0x00, 0x00, 0x00, 0xe4, 0x4e, 0x01, 0x00,
    0x00, 0x00, 0x00, 0x00, 0x01, 0x00, 0x00, 0x00, 0x00, 0x00, 0x00, 0x00,
    0x1a, 0x01, 0x00, 0x00, 0x68, 0x4e, 0x01, 0x00, 0xd8, 0x4e, 0x01, 0x00,
    0x00, 0x00, 0x00, 0x00, 0x01, 0x00, 0x00, 0x00, 0x00, 0x00, 0x00, 0x00,
    0x1c, 0x01, 0x00, 0x00, 0x94, 0x4e, 0x01, 0x00, 0xf0, 0x4e, 0x01, 0x00,
    0x00, 0x00, 0x00, 0x00, 0x01, 0x00, 0x00, 0x00, 0x00, 0x00, 0x00, 0x00,
    0x20, 0x01, 0x00, 0x00, 0x94, 0x4e, 0x01, 0x00, 0xfc, 0x4e, 0x01, 0x00,
    0x00, 0x00, 0x00, 0x00, 0x01, 0x00, 0x00, 0x00, 0x00, 0x00, 0x00, 0x00,
    0x22, 0x01, 0x00, 0x00, 0x94, 0x4e, 0x01, 0x00, 0x08, 0x4f, 0x01, 0x00,
    0x00, 0x00, 0x00, 0x00, 0x01, 0x00, 0x00, 0x00, 0x00, 0x00, 0x00, 0x00,
    0x24, 0x01, 0x00, 0x00, 0x94, 0x4e, 0x01, 0x00, 0x08, 0x4f, 0x01, 0x00,
    0x00, 0x00, 0x00, 0x00, 0x01, 0x00, 0x00, 0x00, 0x00, 0x00, 0x00, 0x00,
    0x26, 0x01, 0x00, 0x00, 0x94, 0x4e, 0x01, 0x00, 0x14, 0x4f, 0x01, 0x00,
    0x00, 0x00, 0x00, 0x00, 0x01, 0x00, 0x00, 0x00, 0x00, 0x00, 0x00, 0x00,
    0x28, 0x01, 0x00, 0x00, 0x94, 0x4e, 0x01, 0x00, 0x20, 0x4f, 0x01, 0x00,
    0x00, 0x00, 0x00, 0x00, 0x01, 0x00, 0x00, 0x00, 0x00, 0x00, 0x00, 0x00,
    0x2a, 0x01, 0x00, 0x00, 0x94, 0x4e, 0x01, 0x00, 0x2c, 0x4f, 0x01, 0x00,
    0x00, 0x00, 0x00, 0x00, 0x01, 0x00, 0x00, 0x00, 0x00, 0x00, 0x00, 0x00,
    0x2c, 0x01, 0x00, 0x00, 0x94, 0x4e, 0x01, 0x00, 0x40, 0x4f, 0x01, 0x00,
    0x00, 0x00, 0x00, 0x00, 0x01, 0x00, 0x00, 0x00, 0x00, 0x00, 0x00, 0x00,
    0x2f, 0x01, 0x00, 0x00, 0x38, 0x4f, 0x01, 0x00, 0x5c, 0x4f, 0x01, 0x00,
    0x00, 0x00, 0x00, 0x00, 0x01, 0x00, 0x00, 0x00, 0x00, 0x00, 0x00, 0x00,
    0x31, 0x01, 0x00, 0x00, 0x50, 0x4f, 0x01, 0x00, 0x68, 0x4f, 0x01, 0x00,
    0x00, 0x00, 0x00, 0x00, 0x01, 0x00, 0x00, 0x00, 0x00, 0x00, 0x00, 0x00,
    0x33, 0x01, 0x00, 0x00, 0x94, 0x4e, 0x01, 0x00, 0x74, 0x4f, 0x01, 0x00,
    0x00, 0x00, 0x00, 0x00, 0x01, 0x00, 0x00, 0x00, 0x00, 0x00, 0x00, 0x00,
    0x35, 0x01, 0x00, 0x00, 0x94, 0x4e, 0x01, 0x00, 0x80, 0x4f, 0x01, 0x00,
    0x00, 0x00, 0x00, 0x00, 0x01, 0x00, 0x00, 0x00, 0x00, 0x00, 0x00, 0x00,
    0x37, 0x01, 0x00, 0x00, 0x94, 0x4e, 0x01, 0x00, 0x8c, 0x4f, 0x01, 0x00,
    0x00, 0x00, 0x00, 0x00, 0x00, 0x00, 0x00, 0x00, 0x00, 0x00, 0x00, 0x00,
    0x98, 0x4f, 0x01, 0x00, 0x00, 0x00, 0x00, 0x00, 0x01, 0x00, 0x00, 0x00,
    0x00, 0x00, 0x00, 0x00, 0x39, 0x01, 0x00, 0x00, 0x94, 0x4e, 0x01, 0x00,
    0xa4, 0x4f, 0x01, 0x00, 0x00, 0x00, 0x00, 0x00, 0x00, 0x00, 0x00, 0x00,
    0x00, 0x00, 0x00, 0x00, 0xa4, 0x4f, 0x01, 0x00, 0x00, 0x00, 0x00, 0x00,
    0x01, 0x00, 0x00, 0x00, 0x00, 0x00, 0x00, 0x00, 0x3d, 0x01, 0x00, 0x00,
    0x94, 0x4e, 0x01, 0x00, 0xb0, 0x4f, 0x01, 0x00, 0x00, 0x00, 0x00, 0x00,
    0x00, 0x00, 0x00, 0x00, 0x00, 0x00, 0x00, 0x00, 0xbc, 0x4f, 0x01, 0x00,
    0x00, 0x00, 0x00, 0x00, 0x01, 0x00, 0x00, 0x00, 0x00, 0x00, 0x00, 0x00,
    0x43, 0x01, 0x00, 0x00, 0x80, 0x4e, 0x01, 0x00, 0xc8, 0x4f, 0x01, 0x00,
    0x00, 0x00, 0x00, 0x00, 0x00, 0x00, 0x00, 0x00, 0x00, 0x00, 0x00, 0x00,
    0xd4, 0x4f, 0x01, 0x00, 0x00, 0x00, 0x00, 0x00, 0x00, 0x00, 0x00, 0x00,
    0x00, 0x00, 0x00, 0x00, 0xe0, 0x4f, 0x01, 0x00, 0x00, 0x00, 0x00, 0x00,
    0x00, 0x00, 0x00, 0x00, 0x00, 0x00, 0x00, 0x00, 0xec, 0x4f, 0x01, 0x00,
    0x00, 0x00, 0x00, 0x00, 0x00, 0x00, 0x00, 0x00, 0x00, 0x00, 0x00, 0x00,
    0xf8, 0x4f, 0x01, 0x00, 0x00, 0x00, 0x00, 0x00, 0x00, 0x00, 0x00, 0x00,
    0x00, 0x00, 0x00, 0x00, 0x04, 0x50, 0x01, 0x00, 0x00, 0x00, 0x00, 0x00,
    0x00, 0x00, 0x00, 0x00, 0x00, 0x00, 0x00, 0x00, 0x10, 0x50, 0x01, 0x00,
    0x00, 0x00, 0x00, 0x00, 0x00, 0x00, 0x00, 0x00, 0x00, 0x00, 0x00, 0x00,
    0x54, 0x50, 0x01, 0x00, 0x06, 0x00, 0x00, 0x00, 0x01, 0x00, 0x00, 0x00,
    0x00, 0x00, 0x00, 0x00, 0xe8, 0x00, 0x00, 0x00, 0x34, 0x50, 0x01, 0x00,
    0xf6, 0x00, 0x00, 0x00, 0x24, 0x50, 0x01, 0x00, 0xf9, 0x00, 0x00, 0x00,
    0x3c, 0x50, 0x01, 0x00, 0xfa, 0x00, 0x00, 0x00, 0x44, 0x50, 0x01, 0x00,
    0xfb, 0x00, 0x00, 0x00, 0x2c, 0x50, 0x01, 0x00, 0x01, 0x01, 0x00, 0x00,
    0x4c, 0x50, 0x01, 0x00, 0xa4, 0x01, 0x00, 0x00, 0x1c, 0x50, 0x01, 0x00,
    0x5c, 0x50, 0x01, 0x00, 0x00, 0x00, 0x00, 0x00, 0x01, 0x00, 0x00, 0x00,
    0x00, 0x00, 0x00, 0x00, 0x0f, 0x02, 0x00, 0x00, 0x94, 0x4e, 0x01, 0x00,
    0x5c, 0x50, 0x01, 0x00, 0x00, 0x00, 0x00, 0x00, 0x01, 0x00, 0x00, 0x00,
    0x00, 0x00, 0x00, 0x00, 0x11, 0x02, 0x00, 0x00, 0x94, 0x4e, 0x01, 0x00,
    0x68, 0x50, 0x01, 0x00, 0x00, 0x00, 0x00, 0x00, 0x01, 0x00, 0x00, 0x00,
    0x00, 0x00, 0x00, 0x00, 0x13, 0x02, 0x00, 0x00, 0x94, 0x4e, 0x01, 0x00,
    0x68, 0x50, 0x01, 0x00, 0x00, 0x00, 0x00, 0x00, 0x01, 0x00, 0x00, 0x00,
    0x00, 0x00, 0x00, 0x00, 0x15, 0x02, 0x00, 0x00, 0x94, 0x4e, 0x01, 0x00,
    0x68, 0x50, 0x01, 0x00, 0x00, 0x00, 0x00, 0x00, 0x00, 0x00, 0x00, 0x00,
    0x00, 0x00, 0x00, 0x00, 0x74, 0x50, 0x01, 0x00, 0x00, 0x00, 0x00, 0x00,
    0x01, 0x00, 0x00, 0x00, 0x00, 0x00, 0x00, 0x00, 0x19, 0x02, 0x00, 0x00,
    0x80, 0x4e, 0x01, 0x00, 0x74, 0x50, 0x01, 0x00, 0x00, 0x00, 0x00, 0x00,
    0x01, 0x00, 0x00, 0x00, 0x00, 0x00, 0x00, 0x00, 0x1b, 0x02, 0x00, 0x00,
    0x80, 0x4e, 0x01, 0x00, 0x80, 0x50, 0x01, 0x00, 0x00, 0x00, 0x00, 0x00,
    0x01, 0x00, 0x00, 0x00, 0x00, 0x00, 0x00, 0x00, 0x1d, 0x02, 0x00, 0x00,
    0x94, 0x4e, 0x01, 0x00, 0x8c, 0x50, 0x01, 0x00, 0x00, 0x00, 0x00, 0x00,
    0x01, 0x00, 0x00, 0x00, 0x00, 0x00, 0x00, 0x00, 0x1f, 0x02, 0x00, 0x00,
    0x80, 0x4e, 0x01, 0x00, 0x98, 0x50, 0x01, 0x00, 0x00, 0x00, 0x00, 0x00,
    0x00, 0x00, 0x00, 0x00, 0x00, 0x00, 0x00, 0x00, 0xa4, 0x50, 0x01, 0x00,
    0x00, 0x00, 0x00, 0x00, 0x00, 0x00, 0x00, 0x00, 0x00, 0x00, 0x00, 0x00,
    0xb4, 0x50, 0x01, 0x00, 0x00, 0x00, 0x00, 0x00, 0x01, 0x00, 0x00, 0x00,
    0x00, 0x00, 0x00, 0x00, 0x29, 0x02, 0x00, 0x00, 0x80, 0x4e, 0x01, 0x00,
    0xc0, 0x50, 0x01, 0x00, 0x00, 0x00, 0x00, 0x00, 0x01, 0x00, 0x00, 0x00,
    0x00, 0x00, 0x00, 0x00, 0x2b, 0x02, 0x00, 0x00, 0x80, 0x4e, 0x01, 0x00,
    0xcc, 0x50, 0x01, 0x00, 0x00, 0x00, 0x00, 0x00, 0x01, 0x00, 0x00, 0x00,
    0x00, 0x00, 0x00, 0x00, 0x2d, 0x02, 0x00, 0x00, 0x80, 0x4e, 0x01, 0x00,
    0xe4, 0x50, 0x01, 0x00, 0x00, 0x00, 0x00, 0x00, 0x01, 0x00, 0x00, 0x00,
    0x00, 0x00, 0x00, 0x00, 0x2f, 0x02, 0x00, 0x00, 0xd8, 0x50, 0x01, 0x00,
    0xe4, 0x50, 0x01, 0x00, 0x00, 0x00, 0x00, 0x00, 0x01, 0x00, 0x00, 0x00,
    0x00, 0x00, 0x00, 0x00, 0x31, 0x02, 0x00, 0x00, 0x80, 0x4e, 0x01, 0x00,
    0xf0, 0x50, 0x01, 0x00, 0x00, 0x00, 0x00, 0x00, 0x01, 0x00, 0x00, 0x00,
    0x00, 0x00, 0x00, 0x00, 0x33, 0x02, 0x00, 0x00, 0x80, 0x4e, 0x01, 0x00,
    0xfc, 0x50, 0x01, 0x00, 0x00, 0x00, 0x00, 0x00, 0x01, 0x00, 0x00, 0x00,
    0x00, 0x00, 0x00, 0x00, 0x35, 0x02, 0x00, 0x00, 0x68, 0x4e, 0x01, 0x00,
    0x08, 0x51, 0x01, 0x00, 0x00, 0x00, 0x00, 0x00, 0x01, 0x00, 0x00, 0x00,
    0x00, 0x00, 0x00, 0x00, 0x37, 0x02, 0x00, 0x00, 0x68, 0x4e, 0x01, 0x00,
    0x14, 0x51, 0x01, 0x00, 0x00, 0x00, 0x00, 0x00, 0x01, 0x00, 0x00, 0x00,
    0x00, 0x00, 0x00, 0x00, 0x39, 0x02, 0x00, 0x00, 0x80, 0x4e, 0x01, 0x00,
    0xb4, 0x50, 0x01, 0x00, 0x00, 0x00, 0x00, 0x00, 0x01, 0x00, 0x00, 0x00,
    0x00, 0x00, 0x00, 0x00, 0x3b, 0x02, 0x00, 0x00, 0x80, 0x4e, 0x01, 0x00,
    0xb4, 0x50, 0x01, 0x00, 0x00, 0x00, 0x00, 0x00, 0x01, 0x00, 0x00, 0x00,
    0x00, 0x00, 0x00, 0x00, 0x3d, 0x02, 0x00, 0x00, 0x80, 0x4e, 0x01, 0x00,
    0xb4, 0x50, 0x01, 0x00, 0x00, 0x00, 0x00, 0x00, 0x01, 0x00, 0x00, 0x00,
    0x00, 0x00, 0x00, 0x00, 0x3f, 0x02, 0x00, 0x00, 0x80, 0x4e, 0x01, 0x00,
    0xb4, 0x50, 0x01, 0x00, 0x00, 0x00, 0x00, 0x00, 0x01, 0x00, 0x00, 0x00,
    0x00, 0x00, 0x00, 0x00, 0x41, 0x02, 0x00, 0x00, 0x80, 0x4e, 0x01, 0x00,
    0xb4, 0x50, 0x01, 0x00, 0x00, 0x00, 0x00, 0x00, 0x01, 0x00, 0x00, 0x00,
    0x00, 0x00, 0x00, 0x00, 0x43, 0x02, 0x00, 0x00, 0x80, 0x4e, 0x01, 0x00,
    0xb4, 0x50, 0x01, 0x00, 0x00, 0x00, 0x00, 0x00, 0x01, 0x00, 0x00, 0x00,
    0x00, 0x00, 0x00, 0x00, 0x45, 0x02, 0x00, 0x00, 0x80, 0x4e, 0x01, 0x00,
    0xb4, 0x50, 0x01, 0x00, 0x00, 0x00, 0x00, 0x00, 0x01, 0x00, 0x00, 0x00,
    0x00, 0x00, 0x00, 0x00, 0x47, 0x02, 0x00, 0x00, 0x80, 0x4e, 0x01, 0x00,
    0xb4, 0x50, 0x01, 0x00, 0x00, 0x00, 0x00, 0x00, 0x01, 0x00, 0x00, 0x00,
    0x00, 0x00, 0x00, 0x00, 0x49, 0x02, 0x00, 0x00, 0x80, 0x4e, 0x01, 0x00,
    0x20, 0x51, 0x01, 0x00, 0x00, 0x00, 0x00, 0x00, 0x00, 0x00, 0x00, 0x00,
    0x00, 0x00, 0x00, 0x00, 0x2c, 0x51, 0x01, 0x00, 0x00, 0x00, 0x00, 0x00,
    0x00, 0x00, 0x00, 0x00, 0x00, 0x00, 0x00, 0x00, 0x38, 0x51, 0x01, 0x00,
    0x00, 0x00, 0x00, 0x00, 0x01, 0x00, 0x00, 0x00, 0x00, 0x00, 0x00, 0x00,
    0x67, 0x02, 0x00, 0x00, 0x68, 0x4e, 0x01, 0x00, 0x44, 0x51, 0x01, 0x00,
    0x00, 0x00, 0x00, 0x00, 0x00, 0x00, 0x00, 0x00, 0x00, 0x00, 0x00, 0x00,
    0x58, 0x51, 0x01, 0x00, 0x01, 0x00, 0x00, 0x00, 0x00, 0x00, 0x00, 0x00,
    0x00, 0x00, 0x00, 0x00, 0x6d, 0x01, 0x00, 0x00, 0x50, 0x51, 0x01, 0x00,
    0x11, 0x00, 0x00, 0x00, 0x00, 0x00, 0x00, 0x00, 0x01, 0x00, 0x00, 0x00,
    0x00, 0x00, 0x00, 0x00, 0x01, 0x00, 0x00, 0x00, 0x4e, 0x05, 0x00, 0x00,
    0x70, 0x00, 0x00, 0x00, 0x02, 0x00, 0x00, 0x00, 0xcd, 0x00, 0x00, 0x00,
    0xa8, 0x15, 0x00, 0x00, 0x03, 0x00, 0x00, 0x00, 0x06, 0x01, 0x00, 0x00,
    0xdc, 0x18, 0x00, 0x00, 0x04, 0x00, 0x00, 0x00, 0x73, 0x01, 0x00, 0x00,
    0x24, 0x25, 0x00, 0x00, 0x05, 0x00, 0x00, 0x00, 0xe1, 0x02, 0x00, 0x00,
    0xbc, 0x30, 0x00, 0x00, 0x06, 0x00, 0x00, 0x00, 0x4b, 0x00, 0x00, 0x00,
    0xc4, 0x47, 0x00, 0x00, 0x01, 0x20, 0x00, 0x00, 0x5f, 0x01, 0x00, 0x00,
    0x24, 0x51, 0x00, 0x00, 0x03, 0x20, 0x00, 0x00, 0x32, 0x01, 0x00, 0x00,
    0xa4, 0xd9, 0x00, 0x00, 0x01, 0x10, 0x00, 0x00, 0xa1, 0x00, 0x00, 0x00,
    0xa0, 0xe7, 0x00, 0x00, 0x02, 0x20, 0x00, 0x00, 0x4e, 0x05, 0x00, 0x00,
    0xee, 0xed, 0x00, 0x00, 0x04, 0x20, 0x00, 0x00, 0x47, 0x00, 0x00, 0x00,
    0xec, 0x3c, 0x01, 0x00, 0x00, 0x20, 0x00, 0x00, 0x4b, 0x00, 0x00, 0x00,
    0x4b, 0x40, 0x01, 0x00, 0x05, 0x20, 0x00, 0x00, 0x05, 0x00, 0x00, 0x00,
    0x77, 0x4d, 0x01, 0x00, 0x03, 0x10, 0x00, 0x00, 0x43, 0x00, 0x00, 0x00,
    0x68, 0x4e, 0x01, 0x00, 0x06, 0x20, 0x00, 0x00, 0x49, 0x00, 0x00, 0x00,
    0x60, 0x51, 0x01, 0x00, 0x00, 0x10, 0x00, 0x00, 0x01, 0x00, 0x00, 0x00,
    0xe0, 0x57, 0x01, 0x00,
};
static const size_t bl_cheatbridge_dex_len = 88240;
