"Classe","Método","Tipo","Assinatura","Declarado em","Herdado","Status","Retorno base","Contrato / limite","Método nativo / etapa","Fonte"
"BackgroundTextureLoader","AddBackgroundTexture","Estático","AddBackgroundTexture(mod, texture)","BackgroundTextureLoader","Não","Declarado","Consultar fonte","Um fundo fora de uma pasta Backgrounds/; só durante a carga do mod.","","https://github.com/JonataOliveiraa/Bunny-Loader/blob/main/app/src/main/cpp/script/js/mod/Loaders/BackgroundTextureLoader.js#L32"
"BackgroundTextureLoader","Autoload","Estático","Autoload()","BackgroundTextureLoader","Não","Declarado","Consultar fonte","Na carga de cada mod, com o mod na pilha.","","https://github.com/JonataOliveiraa/Bunny-Loader/blob/main/app/src/main/cpp/script/js/mod/Loaders/BackgroundTextureLoader.js#L21"
"BackgroundTextureLoader","GetBackgroundSlot","Estático","GetBackgroundSlot(modOrKey, path)","BackgroundTextureLoader","Não","Declarado","Consultar fonte","GetBackgroundSlot(mod, 'Assets/Textures/Backgrounds/Nome') ou GetBackgroundSlot('examplemod/Assets/Textures/Backgrounds/Nome'). Lança se não existe, como no tModLoader.","","https://github.com/JonataOliveiraa/Bunny-Loader/blob/main/app/src/main/cpp/script/js/mod/Loaders/BackgroundTextureLoader.js#L52"
"BackgroundTextureLoader","TotalCount","Getter estático","get TotalCount","BackgroundTextureLoader","Não","Declarado","BackgroundTextureLoader.VanillaCount + BackgroundTextureLoader.#count","Consulte a implementação na fonte.","","https://github.com/JonataOliveiraa/Bunny-Loader/blob/main/app/src/main/cpp/script/js/mod/Loaders/BackgroundTextureLoader.js#L18"
"BackgroundTextureLoader","TryGetBackgroundSlot","Estático","TryGetBackgroundSlot(modOrKey, path, result)","BackgroundTextureLoader","Não","Declarado","Consultar fonte","TryGetBackgroundSlot(chave, ref) ou (mod, caminho, ref): o número em ref.value.","","https://github.com/JonataOliveiraa/Bunny-Loader/blob/main/app/src/main/cpp/script/js/mod/Loaders/BackgroundTextureLoader.js#L61"
"BackgroundTextureLoader","VanillaCount","Getter estático","get VanillaCount","BackgroundTextureLoader","Não","Declarado","Terraria.Main.maxBackgrounds","Consulte a implementação na fonte.","","https://github.com/JonataOliveiraa/Bunny-Loader/blob/main/app/src/main/cpp/script/js/mod/Loaders/BackgroundTextureLoader.js#L17"
"CloudLoader","Add","Estático","Add(inst)","CloudLoader","Não","Declarado","Consultar fonte","Consulte a implementação na fonte.","","https://github.com/JonataOliveiraa/Bunny-Loader/blob/main/app/src/main/cpp/script/js/mod/Loaders/CloudLoader.js#L15"
"CloudLoader","AddCloudFromTexture","Estático","AddCloudFromTexture(texture, spawnChance = 1, rareCloud = false)","CloudLoader","Não","Declarado","Consultar fonte","Uma nuvem só de textura (o caminho no mod, sem extensão), no Mod.Load.","","https://github.com/JonataOliveiraa/Bunny-Loader/blob/main/app/src/main/cpp/script/js/mod/Loaders/CloudLoader.js#L27"
"CloudLoader","Autoload","Estático","Autoload()","CloudLoader","Não","Declarado","Consultar fonte","Todo PNG numa pasta Clouds/ do mod sem nuvem com o mesmo nome (classe ou AddCloudFromTexture) vira nuvem comum de peso 1, como no tModLoader.","","https://github.com/JonataOliveiraa/Bunny-Loader/blob/main/app/src/main/cpp/script/js/mod/Loaders/CloudLoader.js#L39"
"CloudLoader","ChooseCloud","Estático","ChooseCloud(vanillaPool, rare)","CloudLoader","Não","Declarado","Consultar fonte","O ChooseCloud do tModLoader: 0 é ""uma do jogo"".","","https://github.com/JonataOliveiraa/Bunny-Loader/blob/main/app/src/main/cpp/script/js/mod/Loaders/CloudLoader.js#L101"
"CommandLoader","Add","Estático","Add(cmd)","CommandLoader","Não","Declarado","Consultar fonte","Consulte a implementação na fonte.","","https://github.com/JonataOliveiraa/Bunny-Loader/blob/main/app/src/main/cpp/script/js/mod/Loaders/CommandLoader.js#L10"
"CommandLoader","GetHelp","Estático","GetHelp(callerType)","CommandLoader","Não","Declarado","Consultar fonte","""/nome descrição"" de cada comando que vale para este tipo de chamada (o GetHelp do tModLoader); o mod na frente quando o nome se repete.","","https://github.com/JonataOliveiraa/Bunny-Loader/blob/main/app/src/main/cpp/script/js/mod/Loaders/CommandLoader.js#L120"
"CommandLoader","Handle","Estático","Handle(input, caller)","CommandLoader","Não","Declarado","Consultar fonte","true: era um comando de mod (rodou, ou respondeu o erro).","","https://github.com/JonataOliveiraa/Bunny-Loader/blob/main/app/src/main/cpp/script/js/mod/Loaders/CommandLoader.js#L92"
"CommandLoader","Matches","Estático","Matches(commandType, callerType)","CommandLoader","Não","Declarado","Consultar fonte","O CommandType.World vale como Chat sozinho e como Server no servidor.","","https://github.com/JonataOliveiraa/Bunny-Loader/blob/main/app/src/main/cpp/script/js/mod/Loaders/CommandLoader.js#L27"
"DamageClass","CountsAsClass","Instância","CountsAsClass(damageClass)","DamageClass","Não","Declarado","DamageClassLoader.CountsAs(this, DamageClassLoader.Resolve(damageClass))","Consultam as relações entre classes registradas.","","https://github.com/JonataOliveiraa/Bunny-Loader/blob/main/app/src/main/cpp/script/js/mod/DamageClass.js#L38"
"DamageClass","Default","Getter estático","get Default","DamageClass","Não","Declarado","DamageClassLoader.Vanilla.Default","Consulte a implementação na fonte.","","https://github.com/JonataOliveiraa/Bunny-Loader/blob/main/app/src/main/cpp/script/js/mod/DamageClass.js#L10"
"DamageClass","Generic","Getter estático","get Generic","DamageClass","Não","Declarado","DamageClassLoader.Vanilla.Generic","Consulte a implementação na fonte.","","https://github.com/JonataOliveiraa/Bunny-Loader/blob/main/app/src/main/cpp/script/js/mod/DamageClass.js#L11"
"DamageClass","GetEffectInheritance","Instância","GetEffectInheritance(damageClass)","DamageClass","Não","Declarado","false","Define se herda os efeitos da outra classe; padrão false.","","https://github.com/JonataOliveiraa/Bunny-Loader/blob/main/app/src/main/cpp/script/js/mod/DamageClass.js#L25"
"DamageClass","GetModifierInheritance","Instância","GetModifierInheritance(damageClass)","DamageClass","Não","Declarado","damageClass === DamageClass.Generic ? StatInheritanceData.Full : StatInheritanceData.None","Retorna StatInheritanceData; por padrão, herda todos os bônus de Generic e nenhum dos demais.","","https://github.com/JonataOliveiraa/Bunny-Loader/blob/main/app/src/main/cpp/script/js/mod/DamageClass.js#L21"
"DamageClass","GetPrefixInheritance","Instância","GetPrefixInheritance(damageClass)","DamageClass","Não","Declarado","this.GetEffectInheritance(damageClass)","Define a herança de prefixos; padrão delega a GetEffectInheritance.","","https://github.com/JonataOliveiraa/Bunny-Loader/blob/main/app/src/main/cpp/script/js/mod/DamageClass.js#L27"
"DamageClass","GetsPrefixesFor","Instância","GetsPrefixesFor(damageClass)","DamageClass","Não","Declarado","Consultar fonte","Consultam as relações entre classes registradas.","","https://github.com/JonataOliveiraa/Bunny-Loader/blob/main/app/src/main/cpp/script/js/mod/DamageClass.js#L42"
"DamageClass","Magic","Getter estático","get Magic","DamageClass","Não","Declarado","DamageClassLoader.Vanilla.Magic","Consulte a implementação na fonte.","","https://github.com/JonataOliveiraa/Bunny-Loader/blob/main/app/src/main/cpp/script/js/mod/DamageClass.js#L15"
"DamageClass","MagicSummonHybrid","Getter estático","get MagicSummonHybrid","DamageClass","Não","Declarado","DamageClassLoader.Vanilla.MagicSummonHybrid","Consulte a implementação na fonte.","","https://github.com/JonataOliveiraa/Bunny-Loader/blob/main/app/src/main/cpp/script/js/mod/DamageClass.js#L18"
"DamageClass","Melee","Getter estático","get Melee","DamageClass","Não","Declarado","DamageClassLoader.Vanilla.Melee","Consulte a implementação na fonte.","","https://github.com/JonataOliveiraa/Bunny-Loader/blob/main/app/src/main/cpp/script/js/mod/DamageClass.js#L12"
"DamageClass","MeleeNoSpeed","Getter estático","get MeleeNoSpeed","DamageClass","Não","Declarado","DamageClassLoader.Vanilla.MeleeNoSpeed","Consulte a implementação na fonte.","","https://github.com/JonataOliveiraa/Bunny-Loader/blob/main/app/src/main/cpp/script/js/mod/DamageClass.js#L13"
"DamageClass","Ranged","Getter estático","get Ranged","DamageClass","Não","Declarado","DamageClassLoader.Vanilla.Ranged","Consulte a implementação na fonte.","","https://github.com/JonataOliveiraa/Bunny-Loader/blob/main/app/src/main/cpp/script/js/mod/DamageClass.js#L14"
"DamageClass","register","Estático","register(cls)","DamageClass","Não","Declarado","Consultar fonte","Registra manualmente e retorna o tipo.","","https://github.com/JonataOliveiraa/Bunny-Loader/blob/main/app/src/main/cpp/script/js/mod/DamageClass.js#L47"
"DamageClass","SetDefaultStats","Instância","SetDefaultStats(player)","DamageClass","Não","Declarado","undefined","Inicialização do tipo e dos atributos do jogador.","","https://github.com/JonataOliveiraa/Bunny-Loader/blob/main/app/src/main/cpp/script/js/mod/DamageClass.js#L31"
"DamageClass","SetStaticDefaults","Instância","SetStaticDefaults()","DamageClass","Não","Declarado","undefined","Inicialização do tipo e dos atributos do jogador.","","https://github.com/JonataOliveiraa/Bunny-Loader/blob/main/app/src/main/cpp/script/js/mod/DamageClass.js#L29"
"DamageClass","ShowStatTooltipLine","Instância","ShowStatTooltipLine(player, lineName)","DamageClass","Não","Declarado","true","Controla a linha de atributo no tooltip; padrão true.","","https://github.com/JonataOliveiraa/Bunny-Loader/blob/main/app/src/main/cpp/script/js/mod/DamageClass.js#L36"
"DamageClass","Summon","Getter estático","get Summon","DamageClass","Não","Declarado","DamageClassLoader.Vanilla.Summon","Consulte a implementação na fonte.","","https://github.com/JonataOliveiraa/Bunny-Loader/blob/main/app/src/main/cpp/script/js/mod/DamageClass.js#L16"
"DamageClass","SummonMeleeSpeed","Getter estático","get SummonMeleeSpeed","DamageClass","Não","Declarado","DamageClassLoader.Vanilla.SummonMeleeSpeed","Consulte a implementação na fonte.","","https://github.com/JonataOliveiraa/Bunny-Loader/blob/main/app/src/main/cpp/script/js/mod/DamageClass.js#L17"
"DamageClass","Throwing","Getter estático","get Throwing","DamageClass","Não","Declarado","DamageClassLoader.Vanilla.Throwing","Consulte a implementação na fonte.","","https://github.com/JonataOliveiraa/Bunny-Loader/blob/main/app/src/main/cpp/script/js/mod/DamageClass.js#L19"
"DamageClass","UseStandardCritCalcs","Getter","get UseStandardCritCalcs","DamageClass","Não","Declarado","true","Getter com padrão true.","","https://github.com/JonataOliveiraa/Bunny-Loader/blob/main/app/src/main/cpp/script/js/mod/DamageClass.js#L33"
"DamageClassLoader","Activate","Estático","Activate()","DamageClassLoader","Não","Declarado","Consultar fonte","Consulte a implementação na fonte.","","https://github.com/JonataOliveiraa/Bunny-Loader/blob/main/app/src/main/cpp/script/js/mod/Loaders/DamageClassLoader.js#L319"
"DamageClassLoader","Add","Estático","Add(inst)","DamageClassLoader","Não","Declarado","Consultar fonte","Consulte a implementação na fonte.","","https://github.com/JonataOliveiraa/Bunny-Loader/blob/main/app/src/main/cpp/script/js/mod/Loaders/DamageClassLoader.js#L37"
"DamageClassLoader","CountsAs","Estático","CountsAs(cls, other)","DamageClassLoader","Não","Declarado","Consultar fonte","Consulte a implementação na fonte.","","https://github.com/JonataOliveiraa/Bunny-Loader/blob/main/app/src/main/cpp/script/js/mod/Loaders/DamageClassLoader.js#L64"
"DamageClassLoader","DamageClassCount","Getter estático","get DamageClassCount","DamageClassLoader","Não","Declarado","DamageClassLoader.Vanilla && DamageClassLoader.#classes.length","Consulte a implementação na fonte.","","https://github.com/JonataOliveiraa/Bunny-Loader/blob/main/app/src/main/cpp/script/js/mod/Loaders/DamageClassLoader.js#L31"
"DamageClassLoader","Data","Estático","Data(player)","DamageClassLoader","Não","Declarado","Consultar fonte","Os bônus por classe deste jogador, zerados todo quadro (ResetEffects).","","https://github.com/JonataOliveiraa/Bunny-Loader/blob/main/app/src/main/cpp/script/js/mod/Loaders/DamageClassLoader.js#L174"
"DamageClassLoader","Defaulting","Estático","Defaulting(entity, fn)","DamageClassLoader","Não","Declarado","Consultar fonte","O SetDefaults de um item ou projétil: o DamageType escrito nele vale para o tipo inteiro (sobrevive ao Clone, ao NewItem e à rede).","","https://github.com/JonataOliveiraa/Bunny-Loader/blob/main/app/src/main/cpp/script/js/mod/Loaders/DamageClassLoader.js#L78"
"DamageClassLoader","GetDamageClass","Estático","GetDamageClass(type)","DamageClassLoader","Não","Declarado","(DamageClassLoader.Vanilla && DamageClassLoader.#classes[type]) || null","Consulte a implementação na fonte.","","https://github.com/JonataOliveiraa/Bunny-Loader/blob/main/app/src/main/cpp/script/js/mod/Loaders/DamageClassLoader.js#L33"
"DamageClassLoader","Install","Estático","Install()","DamageClassLoader","Não","Declarado","Consultar fonte","Consulte a implementação na fonte.","","https://github.com/JonataOliveiraa/Bunny-Loader/blob/main/app/src/main/cpp/script/js/mod/Loaders/DamageClassLoader.js#L549"
"DamageClassLoader","IsHooked","Estático","IsHooked(cls)","DamageClassLoader","Não","Declarado","!DamageClassLoader.#native.has(cls)","De gancho: o jogo não a entende pelas flags.","","https://github.com/JonataOliveiraa/Bunny-Loader/blob/main/app/src/main/cpp/script/js/mod/Loaders/DamageClassLoader.js#L62"
"DamageClassLoader","ItemClass","Estático","ItemClass(item)","DamageClassLoader","Não","Declarado","Consultar fonte","Consulte a implementação na fonte.","","https://github.com/JonataOliveiraa/Bunny-Loader/blob/main/app/src/main/cpp/script/js/mod/Loaders/DamageClassLoader.js#L88"
"DamageClassLoader","NameOf","Estático","NameOf(cls)","DamageClassLoader","Não","Declarado","cls.Name || cls.constructor.name","Consulte a implementação na fonte.","","https://github.com/JonataOliveiraa/Bunny-Loader/blob/main/app/src/main/cpp/script/js/mod/Loaders/DamageClassLoader.js#L35"
"DamageClassLoader","ProjectileClass","Estático","ProjectileClass(proj)","DamageClassLoader","Não","Declarado","Consultar fonte","Consulte a implementação na fonte.","","https://github.com/JonataOliveiraa/Bunny-Loader/blob/main/app/src/main/cpp/script/js/mod/Loaders/DamageClassLoader.js#L113"
"DamageClassLoader","Resolve","Estático","Resolve(which)","DamageClassLoader","Não","Declarado","Consultar fonte","A classe pedida como instância, classe registrada ou Type.","","https://github.com/JonataOliveiraa/Bunny-Loader/blob/main/app/src/main/cpp/script/js/mod/Loaders/DamageClassLoader.js#L50"
"DamageClassLoader","SetItemClass","Estático","SetItemClass(item, which)","DamageClassLoader","Não","Declarado","Consultar fonte","Consulte a implementação na fonte.","","https://github.com/JonataOliveiraa/Bunny-Loader/blob/main/app/src/main/cpp/script/js/mod/Loaders/DamageClassLoader.js#L94"
"DamageClassLoader","SetProjectileClass","Estático","SetProjectileClass(proj, which)","DamageClassLoader","Não","Declarado","Consultar fonte","Consulte a implementação na fonte.","","https://github.com/JonataOliveiraa/Bunny-Loader/blob/main/app/src/main/cpp/script/js/mod/Loaders/DamageClassLoader.js#L119"
"DamageClassLoader","Stats","Estático","Stats(player, which)","DamageClassLoader","Não","Declarado","Consultar fonte","Consulte a implementação na fonte.","","https://github.com/JonataOliveiraa/Bunny-Loader/blob/main/app/src/main/cpp/script/js/mod/Loaders/DamageClassLoader.js#L184"
"DamageClassLoader","Total","Estático","Total(player, which)","DamageClassLoader","Não","Declarado","Consultar fonte","O total de uma classe: o dela mais o de cada classe herdada, como o GetTotalDamage do tModLoader. As do jogo são lidas dos campos do jogador.","","https://github.com/JonataOliveiraa/Bunny-Loader/blob/main/app/src/main/cpp/script/js/mod/Loaders/DamageClassLoader.js#L193"
"DamageClassLoader","UsesCrit","Estático","UsesCrit(cls)","DamageClassLoader","Não","Declarado","!!Safe.Run(DamageClassLoader.NameOf(cls) + '.UseStandardCritCalcs', () => cls.UseStandardCritCalcs)","Consulte a implementação na fonte.","","https://github.com/JonataOliveiraa/Bunny-Loader/blob/main/app/src/main/cpp/script/js/mod/Loaders/DamageClassLoader.js#L460"
"DamageClassLoader","Vanilla","Getter estático","get Vanilla","DamageClassLoader","Não","Declarado","Consultar fonte","Consulte a implementação na fonte.","","https://github.com/JonataOliveiraa/Bunny-Loader/blob/main/app/src/main/cpp/script/js/mod/Loaders/DamageClassLoader.js#L26"
"DrawableTooltipLine","colorTag","Estático","colorTag(text, color)","TooltipLine","Sim","Declarado","'[c/' + TooltipLoader.Hex(color) + ':' + text + ']'","'[c/RRGGBB:texto]' para pintar um trecho.","","https://github.com/JonataOliveiraa/Bunny-Loader/blob/main/app/src/main/cpp/script/js/mod/TooltipLine.js#L20"
"DrawableTooltipLine","constructor","Construtor","constructor(parent, index, x, y, color)","DrawableTooltipLine","Não","Declarado","instância","Consulte a implementação na fonte.","","https://github.com/JonataOliveiraa/Bunny-Loader/blob/main/app/src/main/cpp/script/js/mod/DrawableTooltipLine.js#L7"
"DrawableTooltipLine","Hide","Instância","Hide()","TooltipLine","Sim","Declarado","Consultar fonte","Hide() tira a linha do tooltip.","","https://github.com/JonataOliveiraa/Bunny-Loader/blob/main/app/src/main/cpp/script/js/mod/TooltipLine.js#L18"
"EquipLoader","AddEquipTexture","Estático","AddEquipTexture(...args)","EquipLoader","Não","Declarado","Consultar fonte","Registra à mão, no Load().","","https://github.com/JonataOliveiraa/Bunny-Loader/blob/main/app/src/main/cpp/script/js/mod/Loaders/EquipLoader.js#L59"
"EquipLoader","Apply","Estático","Apply(item, type)","EquipLoader","Não","Declarado","Consultar fonte","No SetDefaults de cada Item, antes do do mod (que pode trocar).","","https://github.com/JonataOliveiraa/Bunny-Loader/blob/main/app/src/main/cpp/script/js/mod/Loaders/EquipLoader.js#L89"
"EquipLoader","Autoload","Estático","Autoload(inst, cls, name)","EquipLoader","Não","Declarado","Consultar fonte","No registro do item (bl.mod ainda é o dele): as texturas <Texture>_<tipo>, ou só as de static AutoloadEquip = [EquipType.Head, ...] (o atributo do tModLoader; [] desliga, para quem registra à mão com AddEquipTexture).","","https://github.com/JonataOliveiraa/Bunny-Loader/blob/main/app/src/main/cpp/script/js/mod/Loaders/EquipLoader.js#L46"
"EquipLoader","GetEquipSlot","Estático","GetEquipSlot(...args)","EquipLoader","Não","Declarado","Consultar fonte","O slot; -1 se não há. Do SetStaticDefaults em diante.","","https://github.com/JonataOliveiraa/Bunny-Loader/blob/main/app/src/main/cpp/script/js/mod/Loaders/EquipLoader.js#L76"
"EquipLoader","GetEquipTexture","Estático","GetEquipTexture(kind, slot)","EquipLoader","Não","Declarado","EquipLoader.#textures.get(kind + ':' + slot)","A EquipTexture do slot.","","https://github.com/JonataOliveiraa/Bunny-Loader/blob/main/app/src/main/cpp/script/js/mod/Loaders/EquipLoader.js#L73"
"EquipLoader","Install","Estático","Install()","EquipLoader","Não","Declarado","Consultar fonte","Uma vez, na primeira vez que um item de mod precisa do slot (a amostra do jogo ou o SetStaticDefaults): nessa hora o jogo já carregou as texturas dele. Antes disso, subir o Count faria o jogo procurar Armor_Head_293.","","https://github.com/JonataOliveiraa/Bunny-Loader/blob/main/app/src/main/cpp/script/js/mod/Loaders/EquipLoader.js#L99"
"EquipLoader","InstalledKinds","Estático","InstalledKinds()","EquipLoader","Não","Declarado","EquipLoader.#kinds","Os tipos de equipamento que ganharam textura de mod.","","https://github.com/JonataOliveiraa/Bunny-Loader/blob/main/app/src/main/cpp/script/js/mod/Loaders/EquipLoader.js#L85"
"EquipLoader","VanillaCount","Estático","VanillaCount(kind)","EquipLoader","Não","Declarado","EquipLoader.#vanilla.get(kind) || 0","Consulte a implementação na fonte.","","https://github.com/JonataOliveiraa/Bunny-Loader/blob/main/app/src/main/cpp/script/js/mod/Loaders/EquipLoader.js#L82"
"EquipTexture","ArmorSetShadows","Instância","ArmorSetShadows(player)","EquipTexture","Não","Declarado","Consultar fonte","Consulte a implementação na fonte.","","https://github.com/JonataOliveiraa/Bunny-Loader/blob/main/app/src/main/cpp/script/js/mod/EquipTexture.js#L28"
"EquipTexture","FrameEffects","Instância","FrameEffects(player, type)","EquipTexture","Não","Declarado","Consultar fonte","Consulte a implementação na fonte.","","https://github.com/JonataOliveiraa/Bunny-Loader/blob/main/app/src/main/cpp/script/js/mod/EquipTexture.js#L11"
"EquipTexture","HorizontalWingSpeeds","Instância","HorizontalWingSpeeds(player, speed, acceleration)","EquipTexture","Não","Declarado","Consultar fonte","Consulte a implementação na fonte.","","https://github.com/JonataOliveiraa/Bunny-Loader/blob/main/app/src/main/cpp/script/js/mod/EquipTexture.js#L45"
"EquipTexture","IsVanitySet","Instância","IsVanitySet(head, body, legs)","EquipTexture","Não","Declarado","this.Item ? this.Item.IsVanitySet(head, body, legs) : false","head, body, legs: os SLOTS vestidos (player.head...), não itens.","","https://github.com/JonataOliveiraa/Bunny-Loader/blob/main/app/src/main/cpp/script/js/mod/EquipTexture.js#L16"
"EquipTexture","PreUpdateVanitySet","Instância","PreUpdateVanitySet(player)","EquipTexture","Não","Declarado","Consultar fonte","Consulte a implementação na fonte.","","https://github.com/JonataOliveiraa/Bunny-Loader/blob/main/app/src/main/cpp/script/js/mod/EquipTexture.js#L20"
"EquipTexture","SetMatch","Instância","SetMatch(male, equipSlot, robes)","EquipTexture","Não","Declarado","Consultar fonte","equipSlot e robes são Ref (.value).","","https://github.com/JonataOliveiraa/Bunny-Loader/blob/main/app/src/main/cpp/script/js/mod/EquipTexture.js#L33"
"EquipTexture","UpdateVanitySet","Instância","UpdateVanitySet(player)","EquipTexture","Não","Declarado","Consultar fonte","Consulte a implementação na fonte.","","https://github.com/JonataOliveiraa/Bunny-Loader/blob/main/app/src/main/cpp/script/js/mod/EquipTexture.js#L24"
"EquipTexture","VerticalWingSpeeds","Instância","VerticalWingSpeeds(player, ascentWhenFalling, ascentWhenRising, maxCanAscendMultiplier, maxAscentMultiplier, constantAscend)","EquipTexture","Não","Declarado","Consultar fonte","Para asas sem item vestido (a textura posta pelo FrameEffects).","","https://github.com/JonataOliveiraa/Bunny-Loader/blob/main/app/src/main/cpp/script/js/mod/EquipTexture.js#L38"
"EquipTexture","WingUpdate","Instância","WingUpdate(player, inUse)","EquipTexture","Não","Declarado","this.Item ? this.Item.WingUpdate(player, inUse) === true : false","true: o mod anima as asas (o WingFrame do jogo não roda).","","https://github.com/JonataOliveiraa/Bunny-Loader/blob/main/app/src/main/cpp/script/js/mod/EquipTexture.js#L50"
"ExtraJump","constructor","Construtor","constructor(name, field)","ExtraJump","Não","Declarado","instância","Consulte a implementação na fonte. Descritor dos saltos nativos. Registrar novos tipos de salto não faz parte da API atual.","","https://github.com/JonataOliveiraa/Bunny-Loader/blob/main/app/src/main/cpp/script/js/mod/Loaders/PlayerJumpHooks.js#L2"
"GlobalItem","AddRecipeGroups","Instância","AddRecipeGroups()","GlobalType","Sim","Declarado","undefined","Uma vez, com o conteúdo pronto.","","https://github.com/JonataOliveiraa/Bunny-Loader/blob/main/app/src/main/cpp/script/js/mod/Core/GlobalType.js#L14"
"GlobalItem","AddRecipes","Instância","AddRecipes()","GlobalType","Sim","Declarado","undefined","Uma vez, com o conteúdo pronto.","","https://github.com/JonataOliveiraa/Bunny-Loader/blob/main/app/src/main/cpp/script/js/mod/Core/GlobalType.js#L15"
"GlobalItem","AllowPrefix","Instância","AllowPrefix(item, pre)","GlobalItem","Não","Declarado","true","Os de prefixo do ModItem, para qualquer item (o global vem antes no ChoosePrefix).","Item.RollAPrefix, Prefix, GetRollablePrefixes","https://github.com/JonataOliveiraa/Bunny-Loader/blob/main/app/src/main/cpp/script/js/mod/GlobalItem.js#L31"
"GlobalItem","AppliesToEntity","Instância","AppliesToEntity(entity, lateInstantiation)","GlobalType","Sim","Declarado","true","false: os métodos do Global não rodam para ela. lateInstantiation é false na amostra do ModifyNPCLoot.","","https://github.com/JonataOliveiraa/Bunny-Loader/blob/main/app/src/main/cpp/script/js/mod/Core/GlobalType.js#L8"
"GlobalItem","ApplyPrefix","Instância","ApplyPrefix(item, pre)","GlobalItem","Não","Declarado","undefined","Os de prefixo do ModItem, para qualquer item (o global vem antes no ChoosePrefix).","Item.RollAPrefix, Prefix, GetRollablePrefixes","https://github.com/JonataOliveiraa/Bunny-Loader/blob/main/app/src/main/cpp/script/js/mod/GlobalItem.js#L32"
"GlobalItem","ArmorSetShadows","Instância","ArmorSetShadows(player, set)","GlobalItem","Não","Declarado","undefined","Vaidade pelos slots desenhados.","Player.PlayerFrame, SetArmorEffectVisuals","https://github.com/JonataOliveiraa/Bunny-Loader/blob/main/app/src/main/cpp/script/js/mod/GlobalItem.js#L47"
"GlobalItem","CanAccessoryBeEquippedWith","Instância","CanAccessoryBeEquippedWith(equippedItem, incomingItem, player)","GlobalItem","Não","Declarado","true","Conjuntos de qualquer item: o nome do conjunto ('' = nenhum), e o efeito por ele.","","https://github.com/JonataOliveiraa/Bunny-Loader/blob/main/app/src/main/cpp/script/js/mod/GlobalItem.js#L35"
"GlobalItem","CanShoot","Instância","CanShoot(item, player)","GlobalItem","Não","Declarado","true","Antes do tiro; false não atira.","Player.ItemCheck_Shoot","https://github.com/JonataOliveiraa/Bunny-Loader/blob/main/app/src/main/cpp/script/js/mod/GlobalItem.js#L10"
"GlobalItem","CanUseItem","Instância","CanUseItem(item, player)","GlobalItem","Não","Declarado","true","Antes de usar; false impede.","Player.ItemCheck_CheckCanUse_Inner","https://github.com/JonataOliveiraa/Bunny-Loader/blob/main/app/src/main/cpp/script/js/mod/GlobalItem.js#L3"
"GlobalItem","ChoosePrefix","Instância","ChoosePrefix(item, rand)","GlobalItem","Não","Declarado","-1","Os de prefixo do ModItem, para qualquer item (o global vem antes no ChoosePrefix).","Item.RollAPrefix, Prefix, GetRollablePrefixes","https://github.com/JonataOliveiraa/Bunny-Loader/blob/main/app/src/main/cpp/script/js/mod/GlobalItem.js#L29"
"GlobalItem","Clone","Instância","Clone(from, to)","GlobalType","Sim","Declarado","Entities.Clone(this)","Retorna uma cópia dos campos da instância global. No fluxo de itens, é chamado por Item.Clone.","","https://github.com/JonataOliveiraa/Bunny-Loader/blob/main/app/src/main/cpp/script/js/mod/Core/GlobalType.js#L9"
"GlobalItem","HoldItem","Instância","HoldItem(item, player)","GlobalItem","Não","Declarado","undefined","A cada quadro com o item na mão.","Player.ItemCheck_ApplyUseStyle/ApplyHoldStyle","https://github.com/JonataOliveiraa/Bunny-Loader/blob/main/app/src/main/cpp/script/js/mod/GlobalItem.js#L8"
"GlobalItem","HoldStyle","Instância","HoldStyle(item, player, mountOffset, heldItemFrame)","GlobalItem","Não","Declarado","undefined","A cada quadro com o item na mão.","Player.ItemCheck_ApplyUseStyle/ApplyHoldStyle","https://github.com/JonataOliveiraa/Bunny-Loader/blob/main/app/src/main/cpp/script/js/mod/GlobalItem.js#L7"
"GlobalItem","HorizontalWingSpeeds","Instância","HorizontalWingSpeeds(item, player, speed, acceleration)","GlobalItem","Não","Declarado","undefined","Asas, também as do jogo.","Player.WingMovement, WingAirLogicTweaks, WingFrame","https://github.com/JonataOliveiraa/Bunny-Loader/blob/main/app/src/main/cpp/script/js/mod/GlobalItem.js#L52"
"GlobalItem","InstancePerEntity","Getter","get InstancePerEntity","GlobalType","Sim","Declarado","false","true (campo ou getter): cada entidade ganha a própria cópia, nascida no SetDefaults.","","https://github.com/JonataOliveiraa/Bunny-Loader/blob/main/app/src/main/cpp/script/js/mod/Core/GlobalType.js#L5"
"GlobalItem","IsArmorSet","Instância","IsArmorSet(head, body, legs)","GlobalItem","Não","Declarado","''","Conjunto de qualquer item ('' = nenhum).","Player.UpdateArmorSets","https://github.com/JonataOliveiraa/Bunny-Loader/blob/main/app/src/main/cpp/script/js/mod/GlobalItem.js#L36"
"GlobalItem","IsVanitySet","Instância","IsVanitySet(head, body, legs)","GlobalItem","Não","Declarado","Consultar fonte","Vaidade pelos slots desenhados.","Player.PlayerFrame, SetArmorEffectVisuals","https://github.com/JonataOliveiraa/Bunny-Loader/blob/main/app/src/main/cpp/script/js/mod/GlobalItem.js#L40"
"GlobalItem","ModifyShootStats","Instância","ModifyShootStats(item, player, stats)","GlobalItem","Não","Declarado","undefined","stats = { position, velocity, type, damage, knockBack }.","Projectile.NewProjectile do tiro","https://github.com/JonataOliveiraa/Bunny-Loader/blob/main/app/src/main/cpp/script/js/mod/GlobalItem.js#L11"
"GlobalItem","ModifyTooltips","Instância","ModifyTooltips(item, tooltips)","GlobalItem","Não","Declarado","undefined","O tooltip; depois do ModItem.","Main.MouseText_DrawItemTooltip (porte em JS)","https://github.com/JonataOliveiraa/Bunny-Loader/blob/main/app/src/main/cpp/script/js/mod/GlobalItem.js#L21"
"GlobalItem","ModifyWeaponDamage","Instância","ModifyWeaponDamage(item, player, damage)","GlobalItem","Não","Declarado","damage","O dano da arma; devolva o novo.","Player.GetWeaponDamage","https://github.com/JonataOliveiraa/Bunny-Loader/blob/main/app/src/main/cpp/script/js/mod/GlobalItem.js#L9"
"GlobalItem","NewInstance","Instância","NewInstance(target)","GlobalType","Sim","Declarado","Entities.Clone(this)","A cópia de uma entidade nova. Padrão: os campos do modelo.","","https://github.com/JonataOliveiraa/Bunny-Loader/blob/main/app/src/main/cpp/script/js/mod/Core/GlobalType.js#L10"
"GlobalItem","OnCraft","Instância","OnCraft(item, player, recipe)","GlobalItem","Não","Declarado","undefined","Criado numa receita.","Main.CraftItem_GrantItem","https://github.com/JonataOliveiraa/Bunny-Loader/blob/main/app/src/main/cpp/script/js/mod/GlobalItem.js#L20"
"GlobalItem","OnHitNPC","Instância","OnHitNPC(item, player, target, damageDone, knockBack, crit)","GlobalItem","Não","Declarado","undefined","Golpe corpo a corpo acertou.","Player.ApplyNPCOnHitEffects","https://github.com/JonataOliveiraa/Bunny-Loader/blob/main/app/src/main/cpp/script/js/mod/GlobalItem.js#L13"
"GlobalItem","PostDrawTooltip","Instância","PostDrawTooltip(item, lines)","GlobalItem","Não","Declarado","undefined","Os do ModItem, com item na frente, para qualquer item; depois do ModItem.","Main.MouseText_DrawItemTooltip (porte em JS)","https://github.com/JonataOliveiraa/Bunny-Loader/blob/main/app/src/main/cpp/script/js/mod/GlobalItem.js#L25"
"GlobalItem","PostDrawTooltipLine","Instância","PostDrawTooltipLine(item, line)","GlobalItem","Não","Declarado","undefined","Os do ModItem, com item na frente, para qualquer item; depois do ModItem.","Main.MouseText_DrawItemTooltip (porte em JS)","https://github.com/JonataOliveiraa/Bunny-Loader/blob/main/app/src/main/cpp/script/js/mod/GlobalItem.js#L27"
"GlobalItem","PostSetupContent","Instância","PostSetupContent()","GlobalType","Sim","Declarado","undefined","Uma vez, com o conteúdo pronto.","","https://github.com/JonataOliveiraa/Bunny-Loader/blob/main/app/src/main/cpp/script/js/mod/Core/GlobalType.js#L16"
"GlobalItem","PostUpdateInWorld","Instância","PostUpdateInWorld(item, worldItem)","GlobalItem","Não","Declarado","undefined","A implementação base não executa ações.","","https://github.com/JonataOliveiraa/Bunny-Loader/blob/main/app/src/main/cpp/script/js/mod/GlobalItem.js#L19"
"GlobalItem","PreDrawTooltip","Instância","PreDrawTooltip(item, lines, x, y)","GlobalItem","Não","Declarado","true","Os do ModItem, com item na frente, para qualquer item; depois do ModItem.","Main.MouseText_DrawItemTooltip (porte em JS)","https://github.com/JonataOliveiraa/Bunny-Loader/blob/main/app/src/main/cpp/script/js/mod/GlobalItem.js#L24"
"GlobalItem","PreDrawTooltipLine","Instância","PreDrawTooltipLine(item, line, yOffset)","GlobalItem","Não","Declarado","true","Os do ModItem, com item na frente, para qualquer item; depois do ModItem.","Main.MouseText_DrawItemTooltip (porte em JS)","https://github.com/JonataOliveiraa/Bunny-Loader/blob/main/app/src/main/cpp/script/js/mod/GlobalItem.js#L26"
"GlobalItem","PrefixChance","Instância","PrefixChance(item, pre, rand)","GlobalItem","Não","Declarado","null","Os de prefixo do ModItem, para qualquer item (o global vem antes no ChoosePrefix).","Item.RollAPrefix, Prefix, GetRollablePrefixes","https://github.com/JonataOliveiraa/Bunny-Loader/blob/main/app/src/main/cpp/script/js/mod/GlobalItem.js#L30"
"GlobalItem","PreUpdateInWorld","Instância","PreUpdateInWorld(item, worldItem)","GlobalItem","Não","Declarado","true","O item no chão, todo quadro (ver ModItem.PreUpdateInWorld).","","https://github.com/JonataOliveiraa/Bunny-Loader/blob/main/app/src/main/cpp/script/js/mod/GlobalItem.js#L18"
"GlobalItem","PreUpdateVanitySet","Instância","PreUpdateVanitySet(player, set)","GlobalItem","Não","Declarado","undefined","Vaidade pelos slots desenhados.","Player.PlayerFrame, SetArmorEffectVisuals","https://github.com/JonataOliveiraa/Bunny-Loader/blob/main/app/src/main/cpp/script/js/mod/GlobalItem.js#L45"
"GlobalItem","register","Estático","register(cls)","GlobalItem","Não","Declarado","Consultar fonte","Consulte a implementação na fonte.","","https://github.com/JonataOliveiraa/Bunny-Loader/blob/main/app/src/main/cpp/script/js/mod/GlobalItem.js#L55"
"GlobalItem","SetDefaults","Instância","SetDefaults(item)","GlobalItem","Não","Declarado","undefined","O item nasce ou troca de tipo.","Item.SetDefaults","https://github.com/JonataOliveiraa/Bunny-Loader/blob/main/app/src/main/cpp/script/js/mod/GlobalItem.js#L2"
"GlobalItem","SetMatch","Instância","SetMatch(armorSlot, type, male, equipSlot, robes)","GlobalItem","Não","Declarado","undefined","O slot desenhado de uma parte (0 cabeça, 1 corpo, 2 pernas).","Player.SetMatch","https://github.com/JonataOliveiraa/Bunny-Loader/blob/main/app/src/main/cpp/script/js/mod/GlobalItem.js#L49"
"GlobalItem","SetStaticDefaults","Instância","SetStaticDefaults()","GlobalType","Sim","Declarado","undefined","Uma vez, com o conteúdo pronto.","","https://github.com/JonataOliveiraa/Bunny-Loader/blob/main/app/src/main/cpp/script/js/mod/Core/GlobalType.js#L12"
"GlobalItem","Shoot","Instância","Shoot(item, player, position, velocity, type, damage, knockBack, source)","GlobalItem","Não","Declarado","true","false: o projétil do jogo não sai.","Projectile.NewProjectile do tiro","https://github.com/JonataOliveiraa/Bunny-Loader/blob/main/app/src/main/cpp/script/js/mod/GlobalItem.js#L12"
"GlobalItem","UpdateAccessory","Instância","UpdateAccessory(item, player, vanity, hideVisual)","GlobalItem","Não","Declarado","undefined","Acessório equipado (também de vaidade).","Player.ApplyEquipFunctional/ApplyEquipVanity","https://github.com/JonataOliveiraa/Bunny-Loader/blob/main/app/src/main/cpp/script/js/mod/GlobalItem.js#L16"
"GlobalItem","UpdateArmorSet","Instância","UpdateArmorSet(player, set)","GlobalItem","Não","Declarado","undefined","Conjunto de qualquer item ('' = nenhum).","Player.UpdateArmorSets","https://github.com/JonataOliveiraa/Bunny-Loader/blob/main/app/src/main/cpp/script/js/mod/GlobalItem.js#L37"
"GlobalItem","UpdateEquip","Instância","UpdateEquip(item, player)","GlobalItem","Não","Declarado","undefined","Equipado (acessório ou armadura).","Player.ApplyEquipFunctional, GrantArmorBenefits","https://github.com/JonataOliveiraa/Bunny-Loader/blob/main/app/src/main/cpp/script/js/mod/GlobalItem.js#L15"
"GlobalItem","UpdateInventory","Instância","UpdateInventory(item, player)","GlobalItem","Não","Declarado","undefined","A cada quadro, para as 58 casas do inventário.","Player.UpdateEquips","https://github.com/JonataOliveiraa/Bunny-Loader/blob/main/app/src/main/cpp/script/js/mod/GlobalItem.js#L14"
"GlobalItem","UpdateVanitySet","Instância","UpdateVanitySet(player, set)","GlobalItem","Não","Declarado","undefined","Vaidade pelos slots desenhados.","Player.PlayerFrame, SetArmorEffectVisuals","https://github.com/JonataOliveiraa/Bunny-Loader/blob/main/app/src/main/cpp/script/js/mod/GlobalItem.js#L46"
"GlobalItem","UseItem","Instância","UseItem(item, player)","GlobalItem","Não","Declarado","undefined","O uso começa; true como no ModItem.","Player.ItemCheck_StartActualUse","https://github.com/JonataOliveiraa/Bunny-Loader/blob/main/app/src/main/cpp/script/js/mod/GlobalItem.js#L5"
"GlobalItem","UseStyle","Instância","UseStyle(item, player, mountOffset, heldItemFrame)","GlobalItem","Não","Declarado","undefined","A cada quadro com o item na mão.","Player.ItemCheck_ApplyUseStyle/ApplyHoldStyle","https://github.com/JonataOliveiraa/Bunny-Loader/blob/main/app/src/main/cpp/script/js/mod/GlobalItem.js#L6"
"GlobalItem","VerticalWingSpeeds","Instância","VerticalWingSpeeds(item, player, ascentWhenFalling, ascentWhenRising, maxCanAscendMultiplier, maxAscentMultiplier, constantAscend)","GlobalItem","Não","Declarado","undefined","Asas, também as do jogo.","Player.WingMovement, WingAirLogicTweaks, WingFrame","https://github.com/JonataOliveiraa/Bunny-Loader/blob/main/app/src/main/cpp/script/js/mod/GlobalItem.js#L51"
"GlobalItem","WingUpdate","Instância","WingUpdate(wings, player, inUse)","GlobalItem","Não","Declarado","false","Asas, também as do jogo.","Player.WingMovement, WingAirLogicTweaks, WingFrame","https://github.com/JonataOliveiraa/Bunny-Loader/blob/main/app/src/main/cpp/script/js/mod/GlobalItem.js#L53"
"GlobalLoot","Add","Instância","Add(rule)","GlobalLoot","Não","Declarado","Consultar fonte","Pôr ou tirar uma regra global.","","https://github.com/JonataOliveiraa/Bunny-Loader/blob/main/app/src/main/cpp/script/js/mod/GlobalLoot.js#L15"
"GlobalLoot","constructor","Construtor","constructor()","GlobalLoot","Não","Declarado","instância","Consulte a implementação na fonte.","","https://github.com/JonataOliveiraa/Bunny-Loader/blob/main/app/src/main/cpp/script/js/mod/GlobalLoot.js#L5"
"GlobalLoot","Get","Instância","Get()","GlobalLoot","Não","Declarado","NPCLoader.Rules(Terraria.Main.ItemDropsDB._globalEntries)","As regras globais, num array.","","https://github.com/JonataOliveiraa/Bunny-Loader/blob/main/app/src/main/cpp/script/js/mod/GlobalLoot.js#L11"
"GlobalLoot","GetRulesForNPCID","Instância","GetRulesForNPCID(id)","GlobalLoot","Não","Declarado","Terraria.Main.ItemDropsDB['GetRulesForNPCID(int npcNetId, bool includeGlobalDrops)'](id, false)","Consulte a implementação na fonte.","","https://github.com/JonataOliveiraa/Bunny-Loader/blob/main/app/src/main/cpp/script/js/mod/GlobalLoot.js#L38"
"GlobalLoot","itemDropDatabase","Getter","get itemDropDatabase","GlobalLoot","Não","Declarado","Terraria.Main.ItemDropsDB","Consulte a implementação na fonte.","","https://github.com/JonataOliveiraa/Bunny-Loader/blob/main/app/src/main/cpp/script/js/mod/GlobalLoot.js#L9"
"GlobalLoot","ModifyGlobalLoot","Instância","ModifyGlobalLoot()","GlobalLoot","Não","Declarado","undefined","A implementação base não executa ações.","","https://github.com/JonataOliveiraa/Bunny-Loader/blob/main/app/src/main/cpp/script/js/mod/GlobalLoot.js#L36"
"GlobalLoot","register","Estático","register(cls)","GlobalLoot","Não","Declarado","Consultar fonte","Consulte a implementação na fonte.","","https://github.com/JonataOliveiraa/Bunny-Loader/blob/main/app/src/main/cpp/script/js/mod/GlobalLoot.js#L54"
"GlobalLoot","RegisterToNPC","Instância","RegisterToNPC(id, rule)","GlobalLoot","Não","Declarado","Consultar fonte","Consulte a implementação na fonte.","","https://github.com/JonataOliveiraa/Bunny-Loader/blob/main/app/src/main/cpp/script/js/mod/GlobalLoot.js#L42"
"GlobalLoot","Remove","Instância","Remove(rule)","GlobalLoot","Não","Declarado","Consultar fonte","Pôr ou tirar uma regra global.","","https://github.com/JonataOliveiraa/Bunny-Loader/blob/main/app/src/main/cpp/script/js/mod/GlobalLoot.js#L20"
"GlobalLoot","RemoveFromNPC","Instância","RemoveFromNPC(id, rule)","GlobalLoot","Não","Declarado","Consultar fonte","Consulte a implementação na fonte.","","https://github.com/JonataOliveiraa/Bunny-Loader/blob/main/app/src/main/cpp/script/js/mod/GlobalLoot.js#L48"
"GlobalLoot","RemoveWhere","Instância","RemoveWhere(predicate)","GlobalLoot","Não","Declarado","Consultar fonte","Tira as que casam; devolve quantas.","","https://github.com/JonataOliveiraa/Bunny-Loader/blob/main/app/src/main/cpp/script/js/mod/GlobalLoot.js#L25"
"GlobalNPC","AddRecipeGroups","Instância","AddRecipeGroups()","GlobalType","Sim","Declarado","undefined","Uma vez, com o conteúdo pronto.","","https://github.com/JonataOliveiraa/Bunny-Loader/blob/main/app/src/main/cpp/script/js/mod/Core/GlobalType.js#L14"
"GlobalNPC","AddRecipes","Instância","AddRecipes()","GlobalType","Sim","Declarado","undefined","Uma vez, com o conteúdo pronto.","","https://github.com/JonataOliveiraa/Bunny-Loader/blob/main/app/src/main/cpp/script/js/mod/Core/GlobalType.js#L15"
"GlobalNPC","AI","Instância","AI(npc)","GlobalNPC","Não","Declarado","undefined","A cada quadro. PreAI false pula a IA do jogo e o AI dos outros.","NPC.AI","https://github.com/JonataOliveiraa/Bunny-Loader/blob/main/app/src/main/cpp/script/js/mod/GlobalNPC.js#L6"
"GlobalNPC","AppliesToEntity","Instância","AppliesToEntity(entity, lateInstantiation)","GlobalType","Sim","Declarado","true","false: os métodos do Global não rodam para ela. lateInstantiation é false na amostra do ModifyNPCLoot.","","https://github.com/JonataOliveiraa/Bunny-Loader/blob/main/app/src/main/cpp/script/js/mod/Core/GlobalType.js#L8"
"GlobalNPC","Clone","Instância","Clone(from, to)","GlobalType","Sim","Declarado","Entities.Clone(this)","Retorna uma cópia dos campos da instância global. No fluxo de itens, é chamado por Item.Clone.","","https://github.com/JonataOliveiraa/Bunny-Loader/blob/main/app/src/main/cpp/script/js/mod/Core/GlobalType.js#L9"
"GlobalNPC","EditSpawnFlags","Instância","EditSpawnFlags(spawnInfo)","GlobalNPC","Não","Declarado","undefined","Antes da taxa, da área e do ponto: os campos do jogador no spawnInfo (noWorms, invaders, ZoneCorrupt...). O ponto ainda não existe (SpawnTileX = -1).","NPC.Spawner.SetSpawnFlags","https://github.com/JonataOliveiraa/Bunny-Loader/blob/main/app/src/main/cpp/script/js/mod/GlobalNPC.js#L24"
"GlobalNPC","EditSpawnInfo","Instância","EditSpawnInfo(spawnInfo)","GlobalNPC","Não","Declarado","undefined","Com o ponto escolhido, antes do sorteio: os campos do spawnInfo (waterTile, nearGranite...) mudam o que o jogo e o SpawnChance leem.","NPC.Spawner.SetSpawnFlagsForChosenTile","https://github.com/JonataOliveiraa/Bunny-Loader/blob/main/app/src/main/cpp/script/js/mod/GlobalNPC.js#L33"
"GlobalNPC","EditSpawnPool","Instância","EditSpawnPool(pool, spawnInfo)","GlobalNPC","Não","Declarado","undefined","O sorteio (SpawnPool): pool[tipo] = peso; o 0 é o spawn do jogo.","NPC.Spawner.SpawnAnNPC","https://github.com/JonataOliveiraa/Bunny-Loader/blob/main/app/src/main/cpp/script/js/mod/GlobalNPC.js#L35"
"GlobalNPC","EditSpawnRange","Instância","EditSpawnRange(player, spawnRangeX, spawnRangeY, safeRangeX, safeRangeY)","GlobalNPC","Não","Declarado","undefined","Ref, em blocos: até onde nasce e a distância mínima do jogador.","NPC.Spawner.GetSpawnArea","https://github.com/JonataOliveiraa/Bunny-Loader/blob/main/app/src/main/cpp/script/js/mod/GlobalNPC.js#L30"
"GlobalNPC","EditSpawnRate","Instância","EditSpawnRate(player, spawnRate, maxSpawns)","GlobalNPC","Não","Declarado","undefined","A cada tentativa de spawn para o jogador. Ref: spawnRate menor = mais spawn; maxSpawns, quantos inimigos por perto.","NPC.Spawner.GetSpawnRate","https://github.com/JonataOliveiraa/Bunny-Loader/blob/main/app/src/main/cpp/script/js/mod/GlobalNPC.js#L27"
"GlobalNPC","GetChat","Instância","GetChat(npc, chat)","GlobalNPC","Não","Declarado","undefined","A fala; chat é um Ref.","NPC.GetChat","https://github.com/JonataOliveiraa/Bunny-Loader/blob/main/app/src/main/cpp/script/js/mod/GlobalNPC.js#L14"
"GlobalNPC","HitEffect","Instância","HitEffect(npc, hitDirection, damage)","GlobalNPC","Não","Declarado","undefined","Levou golpe (sangue, gore).","NPC.HitEffect","https://github.com/JonataOliveiraa/Bunny-Loader/blob/main/app/src/main/cpp/script/js/mod/GlobalNPC.js#L8"
"GlobalNPC","InstancePerEntity","Getter","get InstancePerEntity","GlobalType","Sim","Declarado","false","true (campo ou getter): cada entidade ganha a própria cópia, nascida no SetDefaults.","","https://github.com/JonataOliveiraa/Bunny-Loader/blob/main/app/src/main/cpp/script/js/mod/Core/GlobalType.js#L5"
"GlobalNPC","ModifyGlobalLoot","Instância","ModifyGlobalLoot(globalLoot)","GlobalNPC","Não","Declarado","undefined","Uma vez.","nativo (ao terminar de carregar)","https://github.com/JonataOliveiraa/Bunny-Loader/blob/main/app/src/main/cpp/script/js/mod/GlobalNPC.js#L17"
"GlobalNPC","ModifyNPCLoot","Instância","ModifyNPCLoot(npc, npcLoot)","GlobalNPC","Não","Declarado","undefined","Uma vez por tipo de NPC, com a amostra do jogo.","nativo (ao terminar de carregar)","https://github.com/JonataOliveiraa/Bunny-Loader/blob/main/app/src/main/cpp/script/js/mod/GlobalNPC.js#L16"
"GlobalNPC","NetReceive","Instância","NetReceive(npc, reader)","GlobalNPC","Não","Declarado","undefined","Rede: junto com cada NPC que o servidor sincroniza.","NetMessage.SendData (23)","https://github.com/JonataOliveiraa/Bunny-Loader/blob/main/app/src/main/cpp/script/js/mod/GlobalNPC.js#L19"
"GlobalNPC","NetSend","Instância","NetSend(npc, writer)","GlobalNPC","Não","Declarado","undefined","Rede: junto com cada NPC que o servidor sincroniza.","NetMessage.SendData (23)","https://github.com/JonataOliveiraa/Bunny-Loader/blob/main/app/src/main/cpp/script/js/mod/GlobalNPC.js#L18"
"GlobalNPC","NewInstance","Instância","NewInstance(target)","GlobalType","Sim","Declarado","Entities.Clone(this)","A cópia de uma entidade nova. Padrão: os campos do modelo.","","https://github.com/JonataOliveiraa/Bunny-Loader/blob/main/app/src/main/cpp/script/js/mod/Core/GlobalType.js#L10"
"GlobalNPC","OnHitByItem","Instância","OnHitByItem(npc, player, item, damageDone, knockBack, crit)","GlobalNPC","Não","Declarado","undefined","Golpe corpo a corpo.","Player.ApplyNPCOnHitEffects","https://github.com/JonataOliveiraa/Bunny-Loader/blob/main/app/src/main/cpp/script/js/mod/GlobalNPC.js#L9"
"GlobalNPC","OnHitByProjectile","Instância","OnHitByProjectile(npc, projectile)","GlobalNPC","Não","Declarado","undefined","Acertado por projétil.","Projectile.StatusNPC","https://github.com/JonataOliveiraa/Bunny-Loader/blob/main/app/src/main/cpp/script/js/mod/GlobalNPC.js#L10"
"GlobalNPC","OnKill","Instância","OnKill(npc)","GlobalNPC","Não","Declarado","undefined","A morte com drop, só no servidor ou sozinho. PreKill false: sem drop e sem OnKill.","NPC.NPCLoot","https://github.com/JonataOliveiraa/Bunny-Loader/blob/main/app/src/main/cpp/script/js/mod/GlobalNPC.js#L12"
"GlobalNPC","OnSpawn","Instância","OnSpawn(npc, source)","GlobalNPC","Não","Declarado","undefined","Criado por NewNPC (no servidor ou sozinho).","NPC.NewNPC","https://github.com/JonataOliveiraa/Bunny-Loader/blob/main/app/src/main/cpp/script/js/mod/GlobalNPC.js#L3"
"GlobalNPC","PostAI","Instância","PostAI(npc)","GlobalNPC","Não","Declarado","undefined","A cada quadro. PreAI false pula a IA do jogo e o AI dos outros.","NPC.AI","https://github.com/JonataOliveiraa/Bunny-Loader/blob/main/app/src/main/cpp/script/js/mod/GlobalNPC.js#L7"
"GlobalNPC","PostSetupContent","Instância","PostSetupContent()","GlobalType","Sim","Declarado","undefined","Uma vez, com o conteúdo pronto.","","https://github.com/JonataOliveiraa/Bunny-Loader/blob/main/app/src/main/cpp/script/js/mod/Core/GlobalType.js#L16"
"GlobalNPC","PreAI","Instância","PreAI(npc)","GlobalNPC","Não","Declarado","true","A cada quadro. PreAI false pula a IA do jogo e o AI dos outros.","NPC.AI","https://github.com/JonataOliveiraa/Bunny-Loader/blob/main/app/src/main/cpp/script/js/mod/GlobalNPC.js#L5"
"GlobalNPC","PreKill","Instância","PreKill(npc)","GlobalNPC","Não","Declarado","true","A morte com drop, só no servidor ou sozinho. PreKill false: sem drop e sem OnKill.","NPC.NPCLoot","https://github.com/JonataOliveiraa/Bunny-Loader/blob/main/app/src/main/cpp/script/js/mod/GlobalNPC.js#L11"
"GlobalNPC","register","Estático","register(cls)","GlobalNPC","Não","Declarado","Consultar fonte","Consulte a implementação na fonte.","","https://github.com/JonataOliveiraa/Bunny-Loader/blob/main/app/src/main/cpp/script/js/mod/GlobalNPC.js#L39"
"GlobalNPC","ResetEffects","Instância","ResetEffects(npc)","GlobalNPC","Não","Declarado","undefined","Começo da atualização do NPC.","NPC.UpdateNPC","https://github.com/JonataOliveiraa/Bunny-Loader/blob/main/app/src/main/cpp/script/js/mod/GlobalNPC.js#L4"
"GlobalNPC","SetDefaults","Instância","SetDefaults(npc)","GlobalNPC","Não","Declarado","undefined","O NPC nasce (também no cliente, ao chegar pela rede).","NPC.SetDefaults","https://github.com/JonataOliveiraa/Bunny-Loader/blob/main/app/src/main/cpp/script/js/mod/GlobalNPC.js#L2"
"GlobalNPC","SetStaticDefaults","Instância","SetStaticDefaults()","GlobalType","Sim","Declarado","undefined","Uma vez, com o conteúdo pronto.","","https://github.com/JonataOliveiraa/Bunny-Loader/blob/main/app/src/main/cpp/script/js/mod/Core/GlobalType.js#L12"
"GlobalNPC","SpawnNPC","Instância","SpawnNPC(npc, tileX, tileY)","GlobalNPC","Não","Declarado","undefined","Nasceu um NPC sorteado que não é o do jogo (npc, o índice).","NPC.Spawner.SpawnAnNPC","https://github.com/JonataOliveiraa/Bunny-Loader/blob/main/app/src/main/cpp/script/js/mod/GlobalNPC.js#L37"
"GlobalProjectile","AddRecipeGroups","Instância","AddRecipeGroups()","GlobalType","Sim","Declarado","undefined","Uma vez, com o conteúdo pronto.","","https://github.com/JonataOliveiraa/Bunny-Loader/blob/main/app/src/main/cpp/script/js/mod/Core/GlobalType.js#L14"
"GlobalProjectile","AddRecipes","Instância","AddRecipes()","GlobalType","Sim","Declarado","undefined","Uma vez, com o conteúdo pronto.","","https://github.com/JonataOliveiraa/Bunny-Loader/blob/main/app/src/main/cpp/script/js/mod/Core/GlobalType.js#L15"
"GlobalProjectile","AI","Instância","AI(projectile)","GlobalProjectile","Não","Declarado","undefined","A cada quadro.","Projectile.AI","https://github.com/JonataOliveiraa/Bunny-Loader/blob/main/app/src/main/cpp/script/js/mod/GlobalProjectile.js#L5"
"GlobalProjectile","AppliesToEntity","Instância","AppliesToEntity(entity, lateInstantiation)","GlobalType","Sim","Declarado","true","false: os métodos do Global não rodam para ela. lateInstantiation é false na amostra do ModifyNPCLoot.","","https://github.com/JonataOliveiraa/Bunny-Loader/blob/main/app/src/main/cpp/script/js/mod/Core/GlobalType.js#L8"
"GlobalProjectile","CanCutTiles","Instância","CanCutTiles(projectile)","GlobalProjectile","Não","Declarado","undefined","Primeiro booleano global decide; false impede corte padrão e personalizado.","Projectile.CanCutTiles","https://github.com/JonataOliveiraa/Bunny-Loader/blob/main/app/src/main/cpp/script/js/mod/GlobalProjectile.js#L20"
"GlobalProjectile","CanDamage","Instância","CanDamage(projectile)","GlobalProjectile","Não","Declarado","undefined","false global veta; true global prevalece sobre o método local. Condições nativas continuam valendo.","Projectile.Damage","https://github.com/JonataOliveiraa/Bunny-Loader/blob/main/app/src/main/cpp/script/js/mod/GlobalProjectile.js#L15"
"GlobalProjectile","CanUseGrapple","Instância","CanUseGrapple(type, player)","GlobalProjectile","Não","Declarado","undefined","No template, filtrado por amostra do tipo; última resposta booleana global decide.","Player.FireGrapple","https://github.com/JonataOliveiraa/Bunny-Loader/blob/main/app/src/main/cpp/script/js/mod/GlobalProjectile.js#L22"
"GlobalProjectile","Clone","Instância","Clone(from, to)","GlobalType","Sim","Declarado","Entities.Clone(this)","Retorna uma cópia dos campos da instância global. No fluxo de itens, é chamado por Item.Clone.","","https://github.com/JonataOliveiraa/Bunny-Loader/blob/main/app/src/main/cpp/script/js/mod/Core/GlobalType.js#L9"
"GlobalProjectile","Colliding","Instância","Colliding(projectile, projHitbox, targetHitbox)","GlobalProjectile","Não","Declarado","undefined","Primeiro booleano global decide; undefined/null consulta o método local e o jogo.","Projectile.Colliding, Projectile.Damage","https://github.com/JonataOliveiraa/Bunny-Loader/blob/main/app/src/main/cpp/script/js/mod/GlobalProjectile.js#L14"
"GlobalProjectile","CutTiles","Instância","CutTiles(projectile)","GlobalProjectile","Não","Declarado","undefined","Globais, método local e corte padrão, quando permitido.","Projectile.CutTiles","https://github.com/JonataOliveiraa/Bunny-Loader/blob/main/app/src/main/cpp/script/js/mod/GlobalProjectile.js#L21"
"GlobalProjectile","GetAlpha","Instância","GetAlpha(projectile, lightColor)","GlobalProjectile","Não","Declarado","undefined","Primeiro Color global decide; undefined/null consulta o método local e o jogo.","Projectile.GetAlpha","https://github.com/JonataOliveiraa/Bunny-Loader/blob/main/app/src/main/cpp/script/js/mod/GlobalProjectile.js#L13"
"GlobalProjectile","GrappleCanLatchOnTo","Instância","GrappleCanLatchOnTo(projectile, player, tile)","GlobalProjectile","Não","Declarado","undefined","Recebe o bloco nativo; false global veta, true global permite.","Projectile.AI_007_GrapplingHooks_CanTileBeLatchedOnTo","https://github.com/JonataOliveiraa/Bunny-Loader/blob/main/app/src/main/cpp/script/js/mod/GlobalProjectile.js#L24"
"GlobalProjectile","InstancePerEntity","Getter","get InstancePerEntity","GlobalType","Sim","Declarado","false","true (campo ou getter): cada entidade ganha a própria cópia, nascida no SetDefaults.","","https://github.com/JonataOliveiraa/Bunny-Loader/blob/main/app/src/main/cpp/script/js/mod/Core/GlobalType.js#L5"
"GlobalProjectile","MinionContactDamage","Instância","MinionContactDamage(projectile)","GlobalProjectile","Não","Declarado","false","true permite dano por contato de pet.","Projectile.Damage","https://github.com/JonataOliveiraa/Bunny-Loader/blob/main/app/src/main/cpp/script/js/mod/GlobalProjectile.js#L19"
"GlobalProjectile","ModifyDamageHitbox","Instância","ModifyDamageHitbox(projectile, hitbox)","GlobalProjectile","Não","Declarado","undefined","Ref<Rectangle>, depois do método local.","Projectile.Damage_GetHitbox","https://github.com/JonataOliveiraa/Bunny-Loader/blob/main/app/src/main/cpp/script/js/mod/GlobalProjectile.js#L16"
"GlobalProjectile","NetReceive","Instância","NetReceive(projectile, reader)","GlobalProjectile","Não","Declarado","undefined","Rede: junto com cada projétil sincronizado, de quem o controla.","NetMessage.SendData (27)","https://github.com/JonataOliveiraa/Bunny-Loader/blob/main/app/src/main/cpp/script/js/mod/GlobalProjectile.js#L26"
"GlobalProjectile","NetSend","Instância","NetSend(projectile, writer)","GlobalProjectile","Não","Declarado","undefined","Rede: junto com cada projétil sincronizado, de quem o controla.","NetMessage.SendData (27)","https://github.com/JonataOliveiraa/Bunny-Loader/blob/main/app/src/main/cpp/script/js/mod/GlobalProjectile.js#L25"
"GlobalProjectile","NewInstance","Instância","NewInstance(target)","GlobalType","Sim","Declarado","Entities.Clone(this)","A cópia de uma entidade nova. Padrão: os campos do modelo.","","https://github.com/JonataOliveiraa/Bunny-Loader/blob/main/app/src/main/cpp/script/js/mod/Core/GlobalType.js#L10"
"GlobalProjectile","OnHitNPC","Instância","OnHitNPC(projectile, target)","GlobalProjectile","Não","Declarado","undefined","Acertou um NPC.","Projectile.StatusNPC","https://github.com/JonataOliveiraa/Bunny-Loader/blob/main/app/src/main/cpp/script/js/mod/GlobalProjectile.js#L9"
"GlobalProjectile","OnHitPlayer","Instância","OnHitPlayer(projectile, target)","GlobalProjectile","Não","Declarado","undefined","Acertou um jogador.","Projectile.StatusPlayer","https://github.com/JonataOliveiraa/Bunny-Loader/blob/main/app/src/main/cpp/script/js/mod/GlobalProjectile.js#L10"
"GlobalProjectile","OnKill","Instância","OnKill(projectile, timeLeft)","GlobalProjectile","Não","Declarado","undefined","Depois da morte nativa, quando PreKill não vetou.","Projectile.Kill","https://github.com/JonataOliveiraa/Bunny-Loader/blob/main/app/src/main/cpp/script/js/mod/GlobalProjectile.js#L8"
"GlobalProjectile","OnSpawn","Instância","OnSpawn(projectile, source)","GlobalProjectile","Não","Declarado","undefined","Criado por NewProjectile, em quem criou.","Projectile.NewProjectile","https://github.com/JonataOliveiraa/Bunny-Loader/blob/main/app/src/main/cpp/script/js/mod/GlobalProjectile.js#L3"
"GlobalProjectile","OnTileCollide","Instância","OnTileCollide(projectile, oldVelocity)","GlobalProjectile","Não","Declarado","true","false impede morte por choque; tempo e NPC continuam chamando OnKill. Todos os Globais rodam antes do método local.","Projectile.HandleMovement, UpdatePosition, Kill","https://github.com/JonataOliveiraa/Bunny-Loader/blob/main/app/src/main/cpp/script/js/mod/GlobalProjectile.js#L17"
"GlobalProjectile","PostAI","Instância","PostAI(projectile)","GlobalProjectile","Não","Declarado","undefined","A cada quadro.","Projectile.AI","https://github.com/JonataOliveiraa/Bunny-Loader/blob/main/app/src/main/cpp/script/js/mod/GlobalProjectile.js#L6"
"GlobalProjectile","PostDraw","Instância","PostDraw(projectile, lightColor)","GlobalProjectile","Não","Declarado","undefined","Cor direta; roda depois do método local, mesmo com veto no desenho.","Main.DrawProjDirect","https://github.com/JonataOliveiraa/Bunny-Loader/blob/main/app/src/main/cpp/script/js/mod/GlobalProjectile.js#L12"
"GlobalProjectile","PostSetupContent","Instância","PostSetupContent()","GlobalType","Sim","Declarado","undefined","Uma vez, com o conteúdo pronto.","","https://github.com/JonataOliveiraa/Bunny-Loader/blob/main/app/src/main/cpp/script/js/mod/Core/GlobalType.js#L16"
"GlobalProjectile","PreAI","Instância","PreAI(projectile)","GlobalProjectile","Não","Declarado","true","A cada quadro.","Projectile.AI","https://github.com/JonataOliveiraa/Bunny-Loader/blob/main/app/src/main/cpp/script/js/mod/GlobalProjectile.js#L4"
"GlobalProjectile","PreDraw","Instância","PreDraw(projectile, lightColor)","GlobalProjectile","Não","Declarado","true","Cor em Ref<Color>; false cancela o sprite. Todos os Globais rodam antes do método local, mantendo extras como correntes.","Main.DrawProjDirect","https://github.com/JonataOliveiraa/Bunny-Loader/blob/main/app/src/main/cpp/script/js/mod/GlobalProjectile.js#L11"
"GlobalProjectile","PreKill","Instância","PreKill(projectile, timeLeft)","GlobalProjectile","Não","Declarado","true","Antes da morte. false remove o projétil sem o efeito nativo e encerra o fluxo antes de OnKill.","Projectile.Kill","https://github.com/JonataOliveiraa/Bunny-Loader/blob/main/app/src/main/cpp/script/js/mod/GlobalProjectile.js#L7"
"GlobalProjectile","register","Estático","register(cls)","GlobalProjectile","Não","Declarado","Consultar fonte","Consulte a implementação na fonte.","","https://github.com/JonataOliveiraa/Bunny-Loader/blob/main/app/src/main/cpp/script/js/mod/GlobalProjectile.js#L28"
"GlobalProjectile","SetDefaults","Instância","SetDefaults(projectile)","GlobalProjectile","Não","Declarado","undefined","O projétil nasce (também no outro lado da rede).","Projectile.SetDefaults","https://github.com/JonataOliveiraa/Bunny-Loader/blob/main/app/src/main/cpp/script/js/mod/GlobalProjectile.js#L2"
"GlobalProjectile","SetStaticDefaults","Instância","SetStaticDefaults()","GlobalType","Sim","Declarado","undefined","Uma vez, com o conteúdo pronto.","","https://github.com/JonataOliveiraa/Bunny-Loader/blob/main/app/src/main/cpp/script/js/mod/Core/GlobalType.js#L12"
"GlobalProjectile","TileCollideStyle","Instância","TileCollideStyle(projectile, width, height, fallThrough, hitboxCenterFrac)","GlobalProjectile","Não","Declarado","true","Quatro Ref, depois do método local; primeiro false pula colisão neste movimento.","Projectile.HandleMovement, GetCollisionParams","https://github.com/JonataOliveiraa/Bunny-Loader/blob/main/app/src/main/cpp/script/js/mod/GlobalProjectile.js#L18"
"GlobalProjectile","UseGrapple","Instância","UseGrapple(player, type)","GlobalProjectile","Não","Declarado","undefined","Tipo em Ref<number>, depois do método local, para todos os templates que implementam o método.","Player.FireGrapple","https://github.com/JonataOliveiraa/Bunny-Loader/blob/main/app/src/main/cpp/script/js/mod/GlobalProjectile.js#L23"
"ItemLoot","Add","Instância","Add(rule)","ItemLoot","Não","Declarado","Consultar fonte","Consulte a implementação na fonte.","","https://github.com/JonataOliveiraa/Bunny-Loader/blob/main/app/src/main/cpp/script/js/mod/ItemLoot.js#L31"
"ItemLoot","constructor","Construtor","constructor(type)","ItemLoot","Não","Declarado","instância","Consulte a implementação na fonte.","","https://github.com/JonataOliveiraa/Bunny-Loader/blob/main/app/src/main/cpp/script/js/mod/ItemLoot.js#L10"
"ItemLoot","For","Estático","For(m)","ItemLoot","Não","Declarado","Consultar fonte","As regras do tipo; o ModifyItemLoot do ModItem roda na primeira vez.","","https://github.com/JonataOliveiraa/Bunny-Loader/blob/main/app/src/main/cpp/script/js/mod/ItemLoot.js#L22"
"ItemLoot","Get","Instância","Get()","ItemLoot","Não","Declarado","[...this.rules]","Consulte a implementação na fonte.","","https://github.com/JonataOliveiraa/Bunny-Loader/blob/main/app/src/main/cpp/script/js/mod/ItemLoot.js#L42"
"ItemLoot","Remove","Instância","Remove(rule)","ItemLoot","Não","Declarado","Consultar fonte","Consulte a implementação na fonte.","","https://github.com/JonataOliveiraa/Bunny-Loader/blob/main/app/src/main/cpp/script/js/mod/ItemLoot.js#L36"
"ItemLoot","RemoveWhere","Instância","RemoveWhere(predicate)","ItemLoot","Não","Declarado","Consultar fonte","Consulte a implementação na fonte.","","https://github.com/JonataOliveiraa/Bunny-Loader/blob/main/app/src/main/cpp/script/js/mod/ItemLoot.js#L46"
"Mod","AddRecipeGroups","Instância","AddRecipeGroups()","Mod","Não","Declarado","undefined","Como no ModSystem.","","https://github.com/JonataOliveiraa/Bunny-Loader/blob/main/app/src/main/cpp/script/js/mod/Mod.js#L21"
"Mod","AddRecipes","Instância","AddRecipes()","Mod","Não","Declarado","undefined","Como no ModSystem.","","https://github.com/JonataOliveiraa/Bunny-Loader/blob/main/app/src/main/cpp/script/js/mod/Mod.js#L22"
"Mod","Call","Instância","Call(...args)","Mod","Não","Declarado","Consultar fonte","Quando outro mod chama.","","https://github.com/JonataOliveiraa/Bunny-Loader/blob/main/app/src/main/cpp/script/js/mod/Mod.js#L37"
"Mod","constructor","Construtor","constructor()","Mod","Não","Declarado","instância","Consulte a implementação na fonte.","","https://github.com/JonataOliveiraa/Bunny-Loader/blob/main/app/src/main/cpp/script/js/mod/Mod.js#L2"
"Mod","dataDirectory","Getter","get dataDirectory","Mod","Não","Declarado","ModRegistry.DataDirectory(this.uuid)","Android/data/com.bunnyloader/mod_data/<uid>.","","https://github.com/JonataOliveiraa/Bunny-Loader/blob/main/app/src/main/cpp/script/js/mod/Mod.js#L16"
"Mod","GetContent","Instância","GetContent(base)","Mod","Não","Declarado","Templates.All(base, this)","Os modelos deste mod que estendem Base, na ordem do registro: this.GetContent(ModItem).map((i) => i.Type) dá os tipos de todos os itens. Não vale para ModPlayer (um por jogador: player.GetModPlayer).","","https://github.com/JonataOliveiraa/Bunny-Loader/blob/main/app/src/main/cpp/script/js/mod/Mod.js#L25"
"Mod","GetPacket","Instância","GetPacket()","Mod","Não","Declarado","Consultar fonte","Consulte a implementação na fonte.","","https://github.com/JonataOliveiraa/Bunny-Loader/blob/main/app/src/main/cpp/script/js/mod/Mod.js#L29"
"Mod","HandlePacket","Instância","HandlePacket(reader, whoAmI)","Mod","Não","Declarado","undefined","A implementação base não executa ações.","","https://github.com/JonataOliveiraa/Bunny-Loader/blob/main/app/src/main/cpp/script/js/mod/Mod.js#L34"
"Mod","id","Getter","get id","Mod","Não","Declarado","this[MOD_INFO].id","Está instalado (e carregou)?","","https://github.com/JonataOliveiraa/Bunny-Loader/blob/main/app/src/main/cpp/script/js/mod/Mod.js#L10"
"Mod","Load","Instância","Load()","Mod","Não","Declarado","undefined","Na carga, depois do registro do conteúdo.","","https://github.com/JonataOliveiraa/Bunny-Loader/blob/main/app/src/main/cpp/script/js/mod/Mod.js#L20"
"Mod","name","Getter","get name","Mod","Não","Declarado","this[MOD_INFO].name","Do manifesto.","","https://github.com/JonataOliveiraa/Bunny-Loader/blob/main/app/src/main/cpp/script/js/mod/Mod.js#L12"
"Mod","path","Getter","get path","Mod","Não","Declarado","this[MOD_INFO].path","A pasta do main.js (content/) e a do pacote.","","https://github.com/JonataOliveiraa/Bunny-Loader/blob/main/app/src/main/cpp/script/js/mod/Mod.js#L14"
"Mod","PostSetupContent","Instância","PostSetupContent()","Mod","Não","Declarado","undefined","Como no ModSystem.","","https://github.com/JonataOliveiraa/Bunny-Loader/blob/main/app/src/main/cpp/script/js/mod/Mod.js#L23"
"Mod","register","Estático","register()","Mod","Não","Declarado","Consultar fonte","Consulte a implementação na fonte.","","https://github.com/JonataOliveiraa/Bunny-Loader/blob/main/app/src/main/cpp/script/js/mod/Mod.js#L48"
"Mod","root","Getter","get root","Mod","Não","Declarado","this[MOD_INFO].root","A pasta do main.js (content/) e a do pacote.","","https://github.com/JonataOliveiraa/Bunny-Loader/blob/main/app/src/main/cpp/script/js/mod/Mod.js#L15"
"Mod","toString","Instância","toString()","Mod","Não","Declarado","'Mod(' + (this.id || this.uuid) + ')'","Consulte a implementação na fonte.","","https://github.com/JonataOliveiraa/Bunny-Loader/blob/main/app/src/main/cpp/script/js/mod/Mod.js#L18"
"Mod","uuid","Getter","get uuid","Mod","Não","Declarado","this[MOD_INFO].uuid","Do manifesto.","","https://github.com/JonataOliveiraa/Bunny-Loader/blob/main/app/src/main/cpp/script/js/mod/Mod.js#L11"
"Mod","version","Getter","get version","Mod","Não","Declarado","this[MOD_INFO].version","Do manifesto.","","https://github.com/JonataOliveiraa/Bunny-Loader/blob/main/app/src/main/cpp/script/js/mod/Mod.js#L13"
"ModAchievement","AddCondition","Instância","AddCondition(key = 'Condition')","ModAchievement","Não","Declarado","this.#Add(Terraria.GameContent.Achievements.CustomFlagCondition['AchievementCondition Create(string name)'](key))","As condições, como no tModLoader. Devolvem a condição do jogo (a de número tem .Value).","","https://github.com/JonataOliveiraa/Bunny-Loader/blob/main/app/src/main/cpp/script/js/mod/ModAchievement.js#L32"
"ModAchievement","AddFloatCondition","Instância","AddFloatCondition(key, maxValue)","ModAchievement","Não","Declarado","Consultar fonte","Consulte a implementação na fonte.","","https://github.com/JonataOliveiraa/Bunny-Loader/blob/main/app/src/main/cpp/script/js/mod/ModAchievement.js#L39"
"ModAchievement","AddIntCondition","Instância","AddIntCondition(key, maxValue)","ModAchievement","Não","Declarado","Consultar fonte","Consulte a implementação na fonte.","","https://github.com/JonataOliveiraa/Bunny-Loader/blob/main/app/src/main/cpp/script/js/mod/ModAchievement.js#L35"
"ModAchievement","AddItemCraftCondition","Instância","AddItemCraftCondition(itemIds)","ModAchievement","Não","Declarado","this.#AddByUser('ItemCraftCondition', 'short', 'items', 'item', itemIds)","Consulte a implementação na fonte.","","https://github.com/JonataOliveiraa/Bunny-Loader/blob/main/app/src/main/cpp/script/js/mod/ModAchievement.js#L43"
"ModAchievement","AddItemPickupCondition","Instância","AddItemPickupCondition(itemIds)","ModAchievement","Não","Declarado","this.#AddByUser('ItemPickupCondition', 'short', 'items', 'item', itemIds)","Consulte a implementação na fonte.","","https://github.com/JonataOliveiraa/Bunny-Loader/blob/main/app/src/main/cpp/script/js/mod/ModAchievement.js#L44"
"ModAchievement","AddNPCKilledCondition","Instância","AddNPCKilledCondition(npcIds)","ModAchievement","Não","Declarado","this.#AddByUser('NPCKilledCondition', 'short', 'npcIds', 'npcId', npcIds)","Consulte a implementação na fonte.","","https://github.com/JonataOliveiraa/Bunny-Loader/blob/main/app/src/main/cpp/script/js/mod/ModAchievement.js#L45"
"ModAchievement","AddTileDestroyedCondition","Instância","AddTileDestroyedCondition(tileIds)","ModAchievement","Não","Declarado","this.#AddByUser('TileDestroyedCondition', 'ushort', 'tileIds', null, Array.isArray(tileIds) ? tileIds : [tileIds])","Consulte a implementação na fonte.","","https://github.com/JonataOliveiraa/Bunny-Loader/blob/main/app/src/main/cpp/script/js/mod/ModAchievement.js#L46"
"ModAchievement","Category","Getter","get Category","ModAchievement","Não","Declarado","Terraria.Achievements.AchievementCategory.Slayer","Terraria.Achievements.AchievementCategory.Slayer (padrão), Collector, Explorer, Challenger.","","https://github.com/JonataOliveiraa/Bunny-Loader/blob/main/app/src/main/cpp/script/js/mod/ModAchievement.js#L17"
"ModAchievement","Hidden","Getter","get Hidden","ModAchievement","Não","Declarado","false","Nome e descrição viram ""???"" no menu enquanto não completa.","","https://github.com/JonataOliveiraa/Bunny-Loader/blob/main/app/src/main/cpp/script/js/mod/ModAchievement.js#L19"
"ModAchievement","Index","Getter","get Index","ModAchievement","Não","Declarado","0","A posição na folha (colunas de 66).","","https://github.com/JonataOliveiraa/Bunny-Loader/blob/main/app/src/main/cpp/script/js/mod/ModAchievement.js#L15"
"ModAchievement","IsCompleted","Getter","get IsCompleted","ModAchievement","Não","Declarado","!!(this.Achievement && this.Achievement.IsCompleted)","Consulte a implementação na fonte.","","https://github.com/JonataOliveiraa/Bunny-Loader/blob/main/app/src/main/cpp/script/js/mod/ModAchievement.js#L20"
"ModAchievement","OnCompleted","Instância","OnCompleted(achievement)","ModAchievement","Não","Declarado","undefined","Completou.","","https://github.com/JonataOliveiraa/Bunny-Loader/blob/main/app/src/main/cpp/script/js/mod/ModAchievement.js#L23"
"ModAchievement","OnItemCraft","Instância","OnItemCraft(itemType, stack)","ModAchievement","Não","Declarado","undefined","Os avisos do jogo, enquanto não completa (do ExMod; o tModLoader usa os eventos do AchievementsHelper).","","https://github.com/JonataOliveiraa/Bunny-Loader/blob/main/app/src/main/cpp/script/js/mod/ModAchievement.js#L27"
"ModAchievement","OnItemPickup","Instância","OnItemPickup(player, itemType, stack)","ModAchievement","Não","Declarado","undefined","Os avisos do jogo, enquanto não completa (do ExMod; o tModLoader usa os eventos do AchievementsHelper).","","https://github.com/JonataOliveiraa/Bunny-Loader/blob/main/app/src/main/cpp/script/js/mod/ModAchievement.js#L26"
"ModAchievement","OnNPCKilled","Instância","OnNPCKilled(player, npcId)","ModAchievement","Não","Declarado","undefined","Os avisos do jogo, enquanto não completa (do ExMod; o tModLoader usa os eventos do AchievementsHelper).","","https://github.com/JonataOliveiraa/Bunny-Loader/blob/main/app/src/main/cpp/script/js/mod/ModAchievement.js#L25"
"ModAchievement","OnTileDestroyed","Instância","OnTileDestroyed(player, tileType)","ModAchievement","Não","Declarado","undefined","Os avisos do jogo, enquanto não completa (do ExMod; o tModLoader usa os eventos do AchievementsHelper).","","https://github.com/JonataOliveiraa/Bunny-Loader/blob/main/app/src/main/cpp/script/js/mod/ModAchievement.js#L28"
"ModAchievement","register","Estático","register(cls)","ModAchievement","Não","Declarado","Consultar fonte","Consulte a implementação na fonte.","","https://github.com/JonataOliveiraa/Bunny-Loader/blob/main/app/src/main/cpp/script/js/mod/ModAchievement.js#L65"
"ModAchievement","SetStaticDefaults","Instância","SetStaticDefaults()","ModAchievement","Não","Declarado","undefined","As condições: AddCondition(chave), AddIntCondition(chave, máx), AddFloatCondition, AddItemCraftCondition(id ou [ids]), AddItemPickupCondition, AddNPCKilledCondition, AddTileDestroyedCondition([ids]). Devolvem a condição do jogo (.Value nas de número, .Complete()).","","https://github.com/JonataOliveiraa/Bunny-Loader/blob/main/app/src/main/cpp/script/js/mod/ModAchievement.js#L22"
"ModBiome","GetWeight","Instância","GetWeight(player)","ModSceneEffect","Sim","Declarado","0.5","0 a 1: desempata efeitos da mesma Priority.","","https://github.com/JonataOliveiraa/Bunny-Loader/blob/main/app/src/main/cpp/script/js/mod/ModSceneEffect.js#L15"
"ModBiome","IsBiomeActive","Instância","IsBiomeActive(player)","ModBiome","Não","Declarado","false","A cada quadro, depois de o jogo atualizar as zonas dele. Um erro vale false nesta avaliação.","","https://github.com/JonataOliveiraa/Bunny-Loader/blob/main/app/src/main/cpp/script/js/mod/ModBiome.js#L12"
"ModBiome","IsSceneEffectActive","Instância","IsSceneEffectActive(player)","ModBiome","Não","Declarado","Consultar fonte","O resultado do IsBiomeActive deste quadro; não repete a detecção.","","https://github.com/JonataOliveiraa/Bunny-Loader/blob/main/app/src/main/cpp/script/js/mod/ModBiome.js#L19"
"ModBiome","MapBackgroundColor","Instância","MapBackgroundColor(color)","ModSceneEffect","Sim","Declarado","undefined","Ref (.value, uma Color): a cor final, depois das duas acima.","","https://github.com/JonataOliveiraa/Bunny-Loader/blob/main/app/src/main/cpp/script/js/mod/ModSceneEffect.js#L21"
"ModBiome","OnEnter","Instância","OnEnter(player)","ModBiome","Não","Declarado","undefined","Uma vez, na troca. Ao sair do mundo dentro do bioma, o OnLeave vem na saída.","","https://github.com/JonataOliveiraa/Bunny-Loader/blob/main/app/src/main/cpp/script/js/mod/ModBiome.js#L14"
"ModBiome","OnInBiome","Instância","OnInBiome(player)","ModBiome","Não","Declarado","undefined","A cada quadro dentro, inclusive no da entrada.","","https://github.com/JonataOliveiraa/Bunny-Loader/blob/main/app/src/main/cpp/script/js/mod/ModBiome.js#L15"
"ModBiome","OnLeave","Instância","OnLeave(player)","ModBiome","Não","Declarado","undefined","Uma vez, na troca. Ao sair do mundo dentro do bioma, o OnLeave vem na saída.","","https://github.com/JonataOliveiraa/Bunny-Loader/blob/main/app/src/main/cpp/script/js/mod/ModBiome.js#L16"
"ModBiome","register","Estático","register(cls)","ModSceneEffect","Sim","Declarado","Consultar fonte","Consulte a implementação na fonte.","","https://github.com/JonataOliveiraa/Bunny-Loader/blob/main/app/src/main/cpp/script/js/mod/ModSceneEffect.js#L28"
"ModBiome","SetStaticDefaults","Instância","SetStaticDefaults()","ModSceneEffect","Sim","Declarado","undefined","A implementação base não executa ações.","","https://github.com/JonataOliveiraa/Bunny-Loader/blob/main/app/src/main/cpp/script/js/mod/ModSceneEffect.js#L26"
"ModBiome","SpecialVisuals","Instância","SpecialVisuals(player, isActive)","ModSceneEffect","Sim","Declarado","undefined","Todo quadro, ativo ou não: é onde se liga e desliga um filtro de tela.","","https://github.com/JonataOliveiraa/Bunny-Loader/blob/main/app/src/main/cpp/script/js/mod/ModSceneEffect.js#L24"
"ModBuff","ApplyNPC","Instância","ApplyNPC(npc, buffTime)","ModBuff","Não","Declarado","undefined","Quando entra.","Player.AddBuff_ActuallyTryToAddTheBuff, NPC.AddBuff","https://github.com/JonataOliveiraa/Bunny-Loader/blob/main/app/src/main/cpp/script/js/mod/ModBuff.js#L19"
"ModBuff","ApplyPlayer","Instância","ApplyPlayer(player, buffTime)","ModBuff","Não","Declarado","undefined","Quando entra.","Player.AddBuff_ActuallyTryToAddTheBuff, NPC.AddBuff","https://github.com/JonataOliveiraa/Bunny-Loader/blob/main/app/src/main/cpp/script/js/mod/ModBuff.js#L18"
"ModBuff","CanRemove","Instância","CanRemove(player, buffTime, buffIndex, debuff)","ModBuff","Não","Declarado","null","Ao tocar no ícone: true/false decide; null, o jogo.","GUIBuffs.RemoveBuff","https://github.com/JonataOliveiraa/Bunny-Loader/blob/main/app/src/main/cpp/script/js/mod/ModBuff.js#L24"
"ModBuff","getModBuff","Estático","getModBuff(type)","ModBuff","Não","Declarado","BuffLoader.ByType.get(type)","Consulte a implementação na fonte.","","https://github.com/JonataOliveiraa/Bunny-Loader/blob/main/app/src/main/cpp/script/js/mod/ModBuff.js#L65"
"ModBuff","getTypeByName","Estático","getTypeByName(name)","ModBuff","Não","Declarado","bl.buffs.typeOf(name)","Consulte a implementação na fonte.","","https://github.com/JonataOliveiraa/Bunny-Loader/blob/main/app/src/main/cpp/script/js/mod/ModBuff.js#L64"
"ModBuff","isModType","Estático","isModType(type)","ModBuff","Não","Declarado","bl.buffs.isModBuff(type)","Consulte a implementação na fonte.","","https://github.com/JonataOliveiraa/Bunny-Loader/blob/main/app/src/main/cpp/script/js/mod/ModBuff.js#L63"
"ModBuff","ModifyDescription","Instância","ModifyDescription()","ModBuff","Não","Declarado","undefined","Uma vez por idioma: mexa em this.DisplayName/this.Description.","no register","https://github.com/JonataOliveiraa/Bunny-Loader/blob/main/app/src/main/cpp/script/js/mod/ModBuff.js#L14"
"ModBuff","ModifyDisplayName","Instância","ModifyDisplayName()","ModBuff","Não","Declarado","undefined","Uma vez por idioma: mexa em this.DisplayName/this.Description.","no register","https://github.com/JonataOliveiraa/Bunny-Loader/blob/main/app/src/main/cpp/script/js/mod/ModBuff.js#L13"
"ModBuff","OnRemove","Instância","OnRemove(player, buffTime, buffIndex)","ModBuff","Não","Declarado","undefined","Depois de tirado pelo toque.","GUIBuffs.RemoveBuff","https://github.com/JonataOliveiraa/Bunny-Loader/blob/main/app/src/main/cpp/script/js/mod/ModBuff.js#L25"
"ModBuff","PostSetupContent","Instância","PostSetupContent()","ModBuff","Não","Declarado","undefined","A implementação base não executa ações.","","https://github.com/JonataOliveiraa/Bunny-Loader/blob/main/app/src/main/cpp/script/js/mod/ModBuff.js#L12"
"ModBuff","PostStaticDefaults","Instância","PostStaticDefaults()","ModBuff","Não","Declarado","undefined","A implementação base não executa ações.","","https://github.com/JonataOliveiraa/Bunny-Loader/blob/main/app/src/main/cpp/script/js/mod/ModBuff.js#L11"
"ModBuff","ReApplyNPC","Instância","ReApplyNPC(npc, buffTime, buffIndex)","ModBuff","Não","Declarado","true","Quando entra de novo; false impede renovar o tempo.","Player.AddBuff_TryUpdatingExistingBuffTime, NPC.AddBuff","https://github.com/JonataOliveiraa/Bunny-Loader/blob/main/app/src/main/cpp/script/js/mod/ModBuff.js#L22"
"ModBuff","ReApplyPlayer","Instância","ReApplyPlayer(player, buffTime, buffIndex)","ModBuff","Não","Declarado","true","Quando entra de novo; false impede renovar o tempo.","Player.AddBuff_TryUpdatingExistingBuffTime, NPC.AddBuff","https://github.com/JonataOliveiraa/Bunny-Loader/blob/main/app/src/main/cpp/script/js/mod/ModBuff.js#L21"
"ModBuff","register","Estático","register(cls)","ModBuff","Não","Declarado","Consultar fonte","Consulte a implementação na fonte.","","https://github.com/JonataOliveiraa/Bunny-Loader/blob/main/app/src/main/cpp/script/js/mod/ModBuff.js#L27"
"ModBuff","SetStaticDefaults","Instância","SetStaticDefaults()","ModBuff","Não","Declarado","undefined","Uma vez: Main.debuff[this.Type], buffNoSave, BuffID.Sets....","nativo","https://github.com/JonataOliveiraa/Bunny-Loader/blob/main/app/src/main/cpp/script/js/mod/ModBuff.js#L10"
"ModBuff","UpdateNPC","Instância","UpdateNPC(npc, buffIndex)","ModBuff","Não","Declarado","undefined","Todo quadro, ativo no NPC.","NPC.UpdateNPC_BuffSetFlags","https://github.com/JonataOliveiraa/Bunny-Loader/blob/main/app/src/main/cpp/script/js/mod/ModBuff.js#L17"
"ModBuff","UpdatePlayer","Instância","UpdatePlayer(player, buffIndex)","ModBuff","Não","Declarado","undefined","Todo quadro, ativo no jogador.","Player.UpdateBuffs","https://github.com/JonataOliveiraa/Bunny-Loader/blob/main/app/src/main/cpp/script/js/mod/ModBuff.js#L16"
"ModCloud","OnSpawn","Instância","OnSpawn(cloud)","ModCloud","Não","Declarado","undefined","A nuvem nasceu (o Cloud do jogo: spriteDir, scale...).","","https://github.com/JonataOliveiraa/Bunny-Loader/blob/main/app/src/main/cpp/script/js/mod/ModCloud.js#L15"
"ModCloud","RareCloud","Getter","get RareCloud","ModCloud","Não","Declarado","false","true: sorteada entre as raras (getter).","","https://github.com/JonataOliveiraa/Bunny-Loader/blob/main/app/src/main/cpp/script/js/mod/ModCloud.js#L10"
"ModCloud","register","Estático","register(cls)","ModCloud","Não","Declarado","Consultar fonte","Consulte a implementação na fonte.","","https://github.com/JonataOliveiraa/Bunny-Loader/blob/main/app/src/main/cpp/script/js/mod/ModCloud.js#L17"
"ModCloud","SetStaticDefaults","Instância","SetStaticDefaults()","ModCloud","Não","Declarado","undefined","A implementação base não executa ações.","","https://github.com/JonataOliveiraa/Bunny-Loader/blob/main/app/src/main/cpp/script/js/mod/ModCloud.js#L12"
"ModCloud","SpawnChance","Instância","SpawnChance()","ModCloud","Não","Declarado","1","O peso: as comuns contra as 22 do jogo (peso 1 cada), as raras contra as 18 raras do jogo.","","https://github.com/JonataOliveiraa/Bunny-Loader/blob/main/app/src/main/cpp/script/js/mod/ModCloud.js#L13"
"ModCommand","Action","Instância","Action(caller, input, args)","ModCommand","Não","Declarado","undefined","O comando. caller.Player, caller.CommandType, caller.Reply(texto, cor). throw new UsageException(texto, cor) responde o erro; return false (do ExMod) responde o Usage.","","https://github.com/JonataOliveiraa/Bunny-Loader/blob/main/app/src/main/cpp/script/js/mod/ModCommand.js#L17"
"ModCommand","Aliases","Getter","get Aliases","ModCommand","Não","Declarado","[]","Outros nomes (do ExMod): get Aliases() { return ['curar']; }.","","https://github.com/JonataOliveiraa/Bunny-Loader/blob/main/app/src/main/cpp/script/js/mod/ModCommand.js#L8"
"ModCommand","Command","Getter","get Command","ModCommand","Não","Declarado","''","O nome, sem a barra (getter).","","https://github.com/JonataOliveiraa/Bunny-Loader/blob/main/app/src/main/cpp/script/js/mod/ModCommand.js#L6"
"ModCommand","Description","Getter","get Description","ModCommand","Não","Declarado","ModCommand.#Text(this, 'Description')","Padrão: Commands.<Classe>.Usage/.Description do Localization (o /help mostra).","","https://github.com/JonataOliveiraa/Bunny-Loader/blob/main/app/src/main/cpp/script/js/mod/ModCommand.js#L10"
"ModCommand","IsCaseSensitive","Getter","get IsCaseSensitive","ModCommand","Não","Declarado","false","false: o texto chega em minúsculas.","","https://github.com/JonataOliveiraa/Bunny-Loader/blob/main/app/src/main/cpp/script/js/mod/ModCommand.js#L11"
"ModCommand","register","Estático","register(cls)","ModCommand","Não","Declarado","Consultar fonte","Consulte a implementação na fonte.","","https://github.com/JonataOliveiraa/Bunny-Loader/blob/main/app/src/main/cpp/script/js/mod/ModCommand.js#L29"
"ModCommand","ResponseColor","Getter estático","get ResponseColor","ModCommand","Não","Declarado","Color.new(255, 240, 20)","A cor das respostas do jogo (a do /help).","","https://github.com/JonataOliveiraa/Bunny-Loader/blob/main/app/src/main/cpp/script/js/mod/ModCommand.js#L20"
"ModCommand","SetStaticDefaults","Instância","SetStaticDefaults()","ModCommand","Não","Declarado","undefined","A implementação base não executa ações.","","https://github.com/JonataOliveiraa/Bunny-Loader/blob/main/app/src/main/cpp/script/js/mod/ModCommand.js#L13"
"ModCommand","Type","Getter","get Type","ModCommand","Não","Declarado","CommandType.Chat","CommandType.Chat (no aparelho de quem digitou), Server (no servidor, pedido por um jogador), World (sozinho no chat; no multijogador, no servidor). Console não existe no celular.","","https://github.com/JonataOliveiraa/Bunny-Loader/blob/main/app/src/main/cpp/script/js/mod/ModCommand.js#L7"
"ModCommand","Usage","Getter","get Usage","ModCommand","Não","Declarado","ModCommand.#Text(this, 'Usage') || '/' + this.Command","Padrão: Commands.<Classe>.Usage/.Description do Localization (o /help mostra).","","https://github.com/JonataOliveiraa/Bunny-Loader/blob/main/app/src/main/cpp/script/js/mod/ModCommand.js#L9"
"ModConfig","Button","Estático","Button(action, extra = {})","ModConfig","Não","Declarado","{ ...extra, type: 'button', action }","Descritores de cor, ação e endereço.","","https://github.com/JonataOliveiraa/Bunny-Loader/blob/main/app/src/main/cpp/script/js/mod/ModConfig.js#L42"
"ModConfig","Color","Estático","Color(defaultValue = '#FFFFFF', extra = {})","ModConfig","Não","Declarado","{ ...extra, type: 'color', default: String(defaultValue).toUpperCase() }","Descritores de cor, ação e endereço.","","https://github.com/JonataOliveiraa/Bunny-Loader/blob/main/app/src/main/cpp/script/js/mod/ModConfig.js#L38"
"ModConfig","Cycle","Estático","Cycle(defaultValue, choices, extra = {})","ModConfig","Não","Declarado","{ ...extra, type: 'cycle', default: defaultValue, choices: [...choices] }","Descritores de seleção.","","https://github.com/JonataOliveiraa/Bunny-Loader/blob/main/app/src/main/cpp/script/js/mod/ModConfig.js#L34"
"ModConfig","Dropdown","Estático","Dropdown(defaultValue, choices, extra = {})","ModConfig","Não","Declarado","{ ...extra, type: 'dropdown', default: defaultValue, choices: [...choices] }","Descritores de seleção.","","https://github.com/JonataOliveiraa/Bunny-Loader/blob/main/app/src/main/cpp/script/js/mod/ModConfig.js#L30"
"ModConfig","Header","Estático","Header(extra = {})","ModConfig","Não","Declarado","{ ...extra, type: 'header' }","Descritores de título, interruptor e barra.","","https://github.com/JonataOliveiraa/Bunny-Loader/blob/main/app/src/main/cpp/script/js/mod/ModConfig.js#L14"
"ModConfig","Link","Estático","Link(url, extra = {})","ModConfig","Não","Declarado","{ ...extra, type: 'link', url: String(url) }","Descritores de cor, ação e endereço.","","https://github.com/JonataOliveiraa/Bunny-Loader/blob/main/app/src/main/cpp/script/js/mod/ModConfig.js#L46"
"ModConfig","OnApply","Instância","OnApply()","ModConfig","Não","Declarado","undefined","Notificação da aplicação das opções.","","https://github.com/JonataOliveiraa/Bunny-Loader/blob/main/app/src/main/cpp/script/js/mod/ModConfig.js#L4"
"ModConfig","OnChanged","Instância","OnChanged(key)","ModConfig","Não","Declarado","undefined","Quando uma opção é alterada na configuração aplicada.","","https://github.com/JonataOliveiraa/Bunny-Loader/blob/main/app/src/main/cpp/script/js/mod/ModConfig.js#L3"
"ModConfig","OnLoaded","Instância","OnLoaded()","ModConfig","Não","Declarado","undefined","Depois de carregar a configuração.","","https://github.com/JonataOliveiraa/Bunny-Loader/blob/main/app/src/main/cpp/script/js/mod/ModConfig.js#L2"
"ModConfig","Radio","Estático","Radio(defaultValue, choices, extra = {})","ModConfig","Não","Declarado","{ ...extra, type: 'radio', default: defaultValue, choices: [...choices] }","Descritores de seleção.","","https://github.com/JonataOliveiraa/Bunny-Loader/blob/main/app/src/main/cpp/script/js/mod/ModConfig.js#L26"
"ModConfig","Range","Estático","Range(defaultValue, { min = 0, max = 100, step = 1, suffix = '', ...extra } = {})","ModConfig","Não","Declarado","{ ...extra, type: 'range', default: defaultValue, min, max, step, suffix }","Descritores de título, interruptor e barra.","","https://github.com/JonataOliveiraa/Bunny-Loader/blob/main/app/src/main/cpp/script/js/mod/ModConfig.js#L22"
"ModConfig","register","Estático","register(cls)","ModConfig","Não","Declarado","Consultar fonte","Registra manualmente uma classe de configuração.","","https://github.com/JonataOliveiraa/Bunny-Loader/blob/main/app/src/main/cpp/script/js/mod/ModConfig.js#L50"
"ModConfig","ResetToDefaults","Instância","ResetToDefaults()","ModConfig","Não","Declarado","Consultar fonte","Solicita ao loader a restauração dos valores padrão.","","https://github.com/JonataOliveiraa/Bunny-Loader/blob/main/app/src/main/cpp/script/js/mod/ModConfig.js#L6"
"ModConfig","SetOption","Instância","SetOption(key, value)","ModConfig","Não","Declarado","Consultar fonte","Altera uma opção pela API de configuração.","","https://github.com/JonataOliveiraa/Bunny-Loader/blob/main/app/src/main/cpp/script/js/mod/ModConfig.js#L10"
"ModConfig","Toggle","Estático","Toggle(defaultValue = false, extra = {})","ModConfig","Não","Declarado","{ ...extra, type: 'toggle', default: !!defaultValue }","Descritores de título, interruptor e barra.","","https://github.com/JonataOliveiraa/Bunny-Loader/blob/main/app/src/main/cpp/script/js/mod/ModConfig.js#L18"
"ModContent","BuffType","Estático","BuffType(which)","ModContent","Não","Declarado","ContentLookup.TypeOf(BuffLoader.ByType, which)","O tipo. x é a classe, o nome ('ExampleBobber') ou 'outromod/Nome'. Não achou: 0.","","https://github.com/JonataOliveiraa/Bunny-Loader/blob/main/app/src/main/cpp/script/js/mod/ModContent.js#L5"
"ModContent","Find","Estático","Find(base, name)","ModContent","Não","Declarado","Consultar fonte","O modelo pelo nome; lança se não há.","","https://github.com/JonataOliveiraa/Bunny-Loader/blob/main/app/src/main/cpp/script/js/mod/ModContent.js#L16"
"ModContent","GetContent","Estático","GetContent(base)","ModContent","Não","Declarado","Templates.All(base)","Os modelos de todos os mods que estendem Base (ModItem, ModNPC, ModBuff, ModSystem...), na ordem do registro.","","https://github.com/JonataOliveiraa/Bunny-Loader/blob/main/app/src/main/cpp/script/js/mod/ModContent.js#L13"
"ModContent","GetInstance","Estático","GetInstance(cls)","ModContent","Não","Declarado","Templates.Get(cls)","O modelo (a instância do register).","","https://github.com/JonataOliveiraa/Bunny-Loader/blob/main/app/src/main/cpp/script/js/mod/ModContent.js#L12"
"ModContent","GetModBuff","Estático","GetModBuff(type)","ModContent","Não","Declarado","BuffLoader.ByType.get(type)","O modelo pelo tipo.","","https://github.com/JonataOliveiraa/Bunny-Loader/blob/main/app/src/main/cpp/script/js/mod/ModContent.js#L32"
"ModContent","GetModItem","Estático","GetModItem(type)","ModContent","Não","Declarado","ItemLoader.ByType.get(type)","O modelo pelo tipo.","","https://github.com/JonataOliveiraa/Bunny-Loader/blob/main/app/src/main/cpp/script/js/mod/ModContent.js#L29"
"ModContent","GetModMount","Estático","GetModMount(type)","ModContent","Não","Declarado","MountLoader.ByType.get(type)","O modelo pelo tipo.","","https://github.com/JonataOliveiraa/Bunny-Loader/blob/main/app/src/main/cpp/script/js/mod/ModContent.js#L36"
"ModContent","GetModNPC","Estático","GetModNPC(type)","ModContent","Não","Declarado","NPCLoader.ByType.get(type)","O modelo pelo tipo.","","https://github.com/JonataOliveiraa/Bunny-Loader/blob/main/app/src/main/cpp/script/js/mod/ModContent.js#L31"
"ModContent","GetModPrefix","Estático","GetModPrefix(type)","ModContent","Não","Declarado","PrefixLoader.ByType.get(type)","O modelo pelo tipo.","","https://github.com/JonataOliveiraa/Bunny-Loader/blob/main/app/src/main/cpp/script/js/mod/ModContent.js#L35"
"ModContent","GetModProjectile","Estático","GetModProjectile(type)","ModContent","Não","Declarado","ProjectileLoader.ByType.get(type)","O modelo pelo tipo.","","https://github.com/JonataOliveiraa/Bunny-Loader/blob/main/app/src/main/cpp/script/js/mod/ModContent.js#L30"
"ModContent","GetModRarity","Estático","GetModRarity(type)","ModContent","Não","Declarado","RarityLoader.GetRarity(type)","O modelo pelo tipo.","","https://github.com/JonataOliveiraa/Bunny-Loader/blob/main/app/src/main/cpp/script/js/mod/ModContent.js#L37"
"ModContent","GetModTile","Estático","GetModTile(type)","ModContent","Não","Declarado","TileLoader.ByType.get(type)","O modelo pelo tipo.","","https://github.com/JonataOliveiraa/Bunny-Loader/blob/main/app/src/main/cpp/script/js/mod/ModContent.js#L33"
"ModContent","GetModWall","Estático","GetModWall(type)","ModContent","Não","Declarado","WallLoader.ByType.get(type)","Consulte a implementação na fonte.","","https://github.com/JonataOliveiraa/Bunny-Loader/blob/main/app/src/main/cpp/script/js/mod/ModContent.js#L34"
"ModContent","HasAsset","Estático","HasAsset(path)","ModContent","Não","Declarado","ContentLookup.FindTexture(path) !== null","A textura existe?","","https://github.com/JonataOliveiraa/Bunny-Loader/blob/main/app/src/main/cpp/script/js/mod/ModContent.js#L43"
"ModContent","ItemType","Estático","ItemType(which)","ModContent","Não","Declarado","ContentLookup.TypeOf(ItemLoader.ByType, which)","O tipo. x é a classe, o nome ('ExampleBobber') ou 'outromod/Nome'. Não achou: 0.","","https://github.com/JonataOliveiraa/Bunny-Loader/blob/main/app/src/main/cpp/script/js/mod/ModContent.js#L2"
"ModContent","MountType","Estático","MountType(which)","ModContent","Não","Declarado","ContentLookup.TypeOf(MountLoader.ByType, which)","O tipo. x é a classe, o nome ('ExampleBobber') ou 'outromod/Nome'. Não achou: 0.","","https://github.com/JonataOliveiraa/Bunny-Loader/blob/main/app/src/main/cpp/script/js/mod/ModContent.js#L9"
"ModContent","NPCType","Estático","NPCType(which)","ModContent","Não","Declarado","ContentLookup.TypeOf(NPCLoader.ByType, which)","O tipo. x é a classe, o nome ('ExampleBobber') ou 'outromod/Nome'. Não achou: 0.","","https://github.com/JonataOliveiraa/Bunny-Loader/blob/main/app/src/main/cpp/script/js/mod/ModContent.js#L4"
"ModContent","PrefixType","Estático","PrefixType(which)","ModContent","Não","Declarado","ContentLookup.TypeOf(PrefixLoader.ByType, which)","O tipo. x é a classe, o nome ('ExampleBobber') ou 'outromod/Nome'. Não achou: 0.","","https://github.com/JonataOliveiraa/Bunny-Loader/blob/main/app/src/main/cpp/script/js/mod/ModContent.js#L8"
"ModContent","ProjectileType","Estático","ProjectileType(which)","ModContent","Não","Declarado","ContentLookup.TypeOf(ProjectileLoader.ByType, which)","O tipo. x é a classe, o nome ('ExampleBobber') ou 'outromod/Nome'. Não achou: 0.","","https://github.com/JonataOliveiraa/Bunny-Loader/blob/main/app/src/main/cpp/script/js/mod/ModContent.js#L3"
"ModContent","RarityType","Estático","RarityType(which)","ModContent","Não","Declarado","ContentLookup.TypeOf(RarityLoader.ByType, which)","O tipo. x é a classe, o nome ('ExampleBobber') ou 'outromod/Nome'. Não achou: 0.","","https://github.com/JonataOliveiraa/Bunny-Loader/blob/main/app/src/main/cpp/script/js/mod/ModContent.js#L10"
"ModContent","Request","Estático","Request(path)","ModContent","Não","Declarado","ContentLookup.Request(path)","Asset<Texture2D> do jogo, carregado uma vez (.Value é a textura). Thread do jogo.","","https://github.com/JonataOliveiraa/Bunny-Loader/blob/main/app/src/main/cpp/script/js/mod/ModContent.js#L41"
"ModContent","SoundStyle","Estático","SoundStyle(path, options)","ModContent","Não","Declarado","new SoundStyle(path, options)","O mesmo que new SoundStyle(...).","","https://github.com/JonataOliveiraa/Bunny-Loader/blob/main/app/src/main/cpp/script/js/mod/ModContent.js#L44"
"ModContent","Texture","Estático","Texture(path)","ModContent","Não","Declarado","ContentLookup.Request(path).Value","A Texture2D (o .Value do Request).","","https://github.com/JonataOliveiraa/Bunny-Loader/blob/main/app/src/main/cpp/script/js/mod/ModContent.js#L42"
"ModContent","TileType","Estático","TileType(which)","ModContent","Não","Declarado","ContentLookup.TypeOf(TileLoader.ByType, which)","O tipo. x é a classe, o nome ('ExampleBobber') ou 'outromod/Nome'. Não achou: 0.","","https://github.com/JonataOliveiraa/Bunny-Loader/blob/main/app/src/main/cpp/script/js/mod/ModContent.js#L6"
"ModContent","TryFind","Estático","TryFind(base, name, result)","ModContent","Não","Declarado","Consultar fonte","O mesmo, no ref.value; devolve true/false.","","https://github.com/JonataOliveiraa/Bunny-Loader/blob/main/app/src/main/cpp/script/js/mod/ModContent.js#L23"
"ModContent","WallType","Estático","WallType(which)","ModContent","Não","Declarado","ContentLookup.TypeOf(WallLoader.ByType, which)","Consulte a implementação na fonte.","","https://github.com/JonataOliveiraa/Bunny-Loader/blob/main/app/src/main/cpp/script/js/mod/ModContent.js#L7"
"ModEmoteBubble","AddToCategory","Instância","AddToCategory(categoryId)","ModEmoteBubble","Não","Declarado","Consultar fonte","No menu de emotes (General, RockPaperScissors, Items, BiomesAndEvents, Town, CrittersAndMonsters, Dangers). No SetStaticDefaults.","","https://github.com/JonataOliveiraa/Bunny-Loader/blob/main/app/src/main/cpp/script/js/mod/ModEmoteBubble.js#L12"
"ModEmoteBubble","GetFrame","Instância","GetFrame()","ModEmoteBubble","Não","Declarado","null","O quadro na textura; null, o do jogo (metade da textura).","","https://github.com/JonataOliveiraa/Bunny-Loader/blob/main/app/src/main/cpp/script/js/mod/ModEmoteBubble.js#L20"
"ModEmoteBubble","GetFrameInEmoteMenu","Instância","GetFrameInEmoteMenu(frame, frameCounter)","ModEmoteBubble","Não","Declarado","null","O quadro no menu (a animação do menu tem dois).","","https://github.com/JonataOliveiraa/Bunny-Loader/blob/main/app/src/main/cpp/script/js/mod/ModEmoteBubble.js#L23"
"ModEmoteBubble","IsUnlocked","Instância","IsUnlocked()","ModEmoteBubble","Não","Declarado","true","No menu só se liberado.","","https://github.com/JonataOliveiraa/Bunny-Loader/blob/main/app/src/main/cpp/script/js/mod/ModEmoteBubble.js#L15"
"ModEmoteBubble","OnSpawn","Instância","OnSpawn()","ModEmoteBubble","Não","Declarado","undefined","A bolha nasceu (EmoteBubble.NewBubble).","","https://github.com/JonataOliveiraa/Bunny-Loader/blob/main/app/src/main/cpp/script/js/mod/ModEmoteBubble.js#L16"
"ModEmoteBubble","PostDraw","Instância","PostDraw(spriteBatch, texture, position, frame, origin, spriteEffects)","ModEmoteBubble","Não","Declarado","undefined","Em volta do desenho da bolha; false não desenha.","","https://github.com/JonataOliveiraa/Bunny-Loader/blob/main/app/src/main/cpp/script/js/mod/ModEmoteBubble.js#L26"
"ModEmoteBubble","PreDraw","Instância","PreDraw(spriteBatch, texture, position, frame, origin, spriteEffects)","ModEmoteBubble","Não","Declarado","true","Em volta do desenho da bolha; false não desenha.","","https://github.com/JonataOliveiraa/Bunny-Loader/blob/main/app/src/main/cpp/script/js/mod/ModEmoteBubble.js#L25"
"ModEmoteBubble","register","Estático","register(cls)","ModEmoteBubble","Não","Declarado","Consultar fonte","Consulte a implementação na fonte.","","https://github.com/JonataOliveiraa/Bunny-Loader/blob/main/app/src/main/cpp/script/js/mod/ModEmoteBubble.js#L28"
"ModEmoteBubble","SetStaticDefaults","Instância","SetStaticDefaults()","ModEmoteBubble","Não","Declarado","undefined","A implementação base não executa ações.","","https://github.com/JonataOliveiraa/Bunny-Loader/blob/main/app/src/main/cpp/script/js/mod/ModEmoteBubble.js#L11"
"ModEmoteBubble","UpdateFrame","Instância","UpdateFrame()","ModEmoteBubble","Não","Declarado","true","false: a animação é do mod (this.EmoteBubble.frame, frameCounter).","","https://github.com/JonataOliveiraa/Bunny-Loader/blob/main/app/src/main/cpp/script/js/mod/ModEmoteBubble.js#L18"
"ModGore","getTypeByName","Estático","getTypeByName(name)","ModGore","Não","Declarado","bl.mod ? GoreLoader.TypeOf(bl.mod.uuid, name) : GoreLoader.TypeOfAny(name)","O tipo do gore '<pasta>/Gores/<nome>.png' deste mod, ou 0. Fora da carga (num hook do jogo, sem mod na pilha), o primeiro mod que o tiver.","","https://github.com/JonataOliveiraa/Bunny-Loader/blob/main/app/src/main/cpp/script/js/mod/ModGore.js#L4"
"ModHair","AltTexture","Getter","get AltTexture","ModHair","Não","Declarado","this.Texture + '_Alt'","A do penteado e a com chapéu (<Texture>_Alt; sem ela, a mesma). Padrão: ao lado do arquivo (Content/Hairs/X.js → Content/Hairs/X.png).","","https://github.com/JonataOliveiraa/Bunny-Loader/blob/main/app/src/main/cpp/script/js/mod/ModHair.js#L10"
"ModHair","AvailableDuringCharacterCreation","Getter","get AvailableDuringCharacterCreation","ModHair","Não","Declarado","true","Na criação de personagem (getter; padrão true).","","https://github.com/JonataOliveiraa/Bunny-Loader/blob/main/app/src/main/cpp/script/js/mod/ModHair.js#L11"
"ModHair","GetUnlockConditions","Instância","GetUnlockConditions()","ModHair","Não","Declarado","[]","No Cabeleireiro quando todas valem: objetos com IsMet() ou funções.","","https://github.com/JonataOliveiraa/Bunny-Loader/blob/main/app/src/main/cpp/script/js/mod/ModHair.js#L14"
"ModHair","IsUnlocked","Instância","IsUnlocked(isAtCharacterCreation, isAtStylist)","ModHair","Não","Declarado","Consultar fonte","Decide tudo sozinho (do ExMod), se escrito.","","https://github.com/JonataOliveiraa/Bunny-Loader/blob/main/app/src/main/cpp/script/js/mod/ModHair.js#L16"
"ModHair","register","Estático","register(cls)","ModHair","Não","Declarado","Consultar fonte","Consulte a implementação na fonte.","","https://github.com/JonataOliveiraa/Bunny-Loader/blob/main/app/src/main/cpp/script/js/mod/ModHair.js#L26"
"ModHair","SetStaticDefaults","Instância","SetStaticDefaults()","ModHair","Não","Declarado","undefined","A implementação base não executa ações.","","https://github.com/JonataOliveiraa/Bunny-Loader/blob/main/app/src/main/cpp/script/js/mod/ModHair.js#L13"
"ModItem","AddArmorSets","Instância","AddArmorSets()","ModItem","Não","Declarado","undefined","O conjunto do 1.4.5 (tooltip ""Bônus definido"" e efeito pelo jogo): no AddArmorSets, CreateArmorSet(cabeça, corpo, pernas, texto) com os tipos; 0 é ""qualquer"". O texto é uma chave de tradução ou o próprio texto. O efeito é o UpdateArmorSet de cada peça de mod vestida.","","https://github.com/JonataOliveiraa/Bunny-Loader/blob/main/app/src/main/cpp/script/js/mod/ModItem.js#L99"
"ModItem","AddRecipeGroups","Instância","AddRecipeGroups()","ModItem","Não","Declarado","undefined","Uma vez, antes de qualquer receita de qualquer mod.","conteúdo pronto","https://github.com/JonataOliveiraa/Bunny-Loader/blob/main/app/src/main/cpp/script/js/mod/ModItem.js#L32"
"ModItem","AddRecipes","Instância","AddRecipes()","ModItem","Não","Declarado","undefined","Uma vez, com as receitas do jogo prontas.","conteúdo pronto","https://github.com/JonataOliveiraa/Bunny-Loader/blob/main/app/src/main/cpp/script/js/mod/ModItem.js#L33"
"ModItem","AllowPrefix","Instância","AllowPrefix(item, pre)","ModItem","Não","Declarado","true","false tira esse prefixo das opções.","Item.GetRollablePrefixes","https://github.com/JonataOliveiraa/Bunny-Loader/blob/main/app/src/main/cpp/script/js/mod/ModItem.js#L161"
"ModItem","AnglerQuestChat","Instância","AnglerQuestChat(description, catchLocation)","ModItem","Não","Declarado","undefined","A fala do Pescador (Ref): description.value e catchLocation.value (sai entre parênteses embaixo). Sem ela, o nome do item.","Lang.AnglerQuestChat","https://github.com/JonataOliveiraa/Bunny-Loader/blob/main/app/src/main/cpp/script/js/mod/ModItem.js#L52"
"ModItem","ApplyPotionDelay","Instância","ApplyPotionDelay(item, player, potionDelay)","ModItem","Não","Declarado","true","false: impede o contador e o buff de doença de poção; conserva cura e consumo. false impede contador e PotionSickness, preservando o contador anterior. Compõe com ModPlayer; qualquer veto prevalece. Cura e consumo continuam.","Player.ApplyPotionDelay, AddBuff com whileIn, compartilhado com ModPlayer","https://github.com/JonataOliveiraa/Bunny-Loader/blob/main/app/src/main/cpp/script/js/mod/ModItem.js#L74"
"ModItem","ApplyPrefix","Instância","ApplyPrefix(item, pre)","ModItem","Não","Declarado","undefined","Depois dos status do prefixo.","Item.Prefix, sem filtro","https://github.com/JonataOliveiraa/Bunny-Loader/blob/main/app/src/main/cpp/script/js/mod/ModItem.js#L163"
"ModItem","ArmorSetShadows","Instância","ArmorSetShadows(player)","ModItem","Não","Declarado","undefined","As sombras do conjunto (armorEffectDraw).","depois do Player.SetArmorEffectVisuals","https://github.com/JonataOliveiraa/Bunny-Loader/blob/main/app/src/main/cpp/script/js/mod/ModItem.js#L121"
"ModItem","buyPrice","Estático","buyPrice(platinum = 0, gold = 0, silver = 0, copper = 0)","ModItem","Não","Declarado","Terraria.Item.buyPrice(platinum, gold, silver, copper)","Preço em cobre.","","https://github.com/JonataOliveiraa/Bunny-Loader/blob/main/app/src/main/cpp/script/js/mod/ModItem.js#L295"
"ModItem","CanAccessoryBeEquippedWith","Instância","CanAccessoryBeEquippedWith(equippedItem, incomingItem, player)","ModItem","Não","Declarado","true","false recusa o par (arrastar para o slot e a troca pelo toque, que vai para o slot do que recusou). Chamado nos dois itens do par.","","https://github.com/JonataOliveiraa/Bunny-Loader/blob/main/app/src/main/cpp/script/js/mod/ModItem.js#L92"
"ModItem","CanBeChosenAsAmmo","Instância","CanBeChosenAsAmmo(item, weapon, player)","ModItem","Não","Declarado","null","Munição: compõe a seleção; qualquer veto prevalece. Na munição. Compõe com a arma; qualquer false prevalece. Inclui armas vanilla e alternância nativa de slots.","Player.PickAmmo_IterateRange, marcas por tipo, inclusive para arma vanilla","https://github.com/JonataOliveiraa/Bunny-Loader/blob/main/app/src/main/cpp/script/js/mod/ModItem.js#L65"
"ModItem","CanBeConsumedAsAmmo","Instância","CanBeConsumedAsAmmo(item, weapon, player)","ModItem","Não","Declarado","true","Munição: false conserva a pilha. Na munição. false conserva a pilha e suprime notificações de consumo.","Player.PickAmmo, compartilhado com ModPlayer","https://github.com/JonataOliveiraa/Bunny-Loader/blob/main/app/src/main/cpp/script/js/mod/ModItem.js#L67"
"ModItem","CanChooseAmmo","Instância","CanChooseAmmo(item, ammo, player)","ModItem","Não","Declarado","null","Arma: false rejeita; true permite outra categoria; null conserva categoria nativa. Na arma. false rejeita; true permite outra categoria; null/undefined seguem ammo == useAmmo. Veto da munição prevalece.","Player.PickAmmo_IterateRange, marcas por tipo","https://github.com/JonataOliveiraa/Bunny-Loader/blob/main/app/src/main/cpp/script/js/mod/ModItem.js#L64"
"ModItem","CanConsumeAmmo","Instância","CanConsumeAmmo(item, ammo, player)","ModItem","Não","Declarado","true","Arma: false conserva a pilha sem impedir o tiro. Na arma. false conserva a pilha sem impedir o tiro. Compõe com a munição e ModPlayer.","Player.PickAmmo, compartilhado com ModPlayer","https://github.com/JonataOliveiraa/Bunny-Loader/blob/main/app/src/main/cpp/script/js/mod/ModItem.js#L66"
"ModItem","CanHitNPC","Instância","CanHitNPC(item, player, target)","ModItem","Não","Declarado","null","false veta; true permite a elegibilidade; null mantém o jogo. undefined também mantém o jogo. A colisão continua sendo verificada. Vetos de ModPlayer e ModNPC prevalecem.","Player.ProcessHitAgainstNPC e CanNPCBeHitByPlayerOrPlayerProjectile","https://github.com/JonataOliveiraa/Bunny-Loader/blob/main/app/src/main/cpp/script/js/mod/ModItem.js#L79"
"ModItem","CanHitPvp","Instância","CanHitPvp(item, player, target)","ModItem","Não","Declarado","true","false impede o golpe corpo a corpo. Contexto de ItemCheck_MeleeHitPVP. Mensagens de Hurt recebidas isoladamente não reconstroem a arma de origem.","Player.ItemCheck_MeleeHitPVP e Hurt","https://github.com/JonataOliveiraa/Bunny-Loader/blob/main/app/src/main/cpp/script/js/mod/ModItem.js#L81"
"ModItem","CanMeleeAttackCollideWithNPC","Instância","CanMeleeAttackCollideWithNPC(item, player, hitbox, target)","ModItem","Não","Declarado","null","false veta; true permite a colisão; null mantém o jogo. undefined também mantém o jogo. Não força Intersects de retângulos sem relação com o ataque.","Player.ProcessHitAgainstNPC, Rectangle.Intersects com flag e whileIn","https://github.com/JonataOliveiraa/Bunny-Loader/blob/main/app/src/main/cpp/script/js/mod/ModItem.js#L84"
"ModItem","CanRightClick","Instância","CanRightClick(item)","ModItem","Não","Declarado","false","true: o item abre no inventário (bolsa, caixa); entra em ItemID.Sets.OpenableBag. No toque, ganha o botão ""Abrir"" e os botões de usar ficam travados, como nas bolsas do jogo.","ItemSlot.TryOpenContainer_GrantItems, GUIPageOptions.CanBeOpened, VirtualControllerInputState.GetItemCategory, filtro tipo","https://github.com/JonataOliveiraa/Bunny-Loader/blob/main/app/src/main/cpp/script/js/mod/ModItem.js#L42"
"ModItem","CanShoot","Instância","CanShoot(item, player)","ModItem","Não","Declarado","true","false: usa, mas não atira.","Player.ItemCheck_Shoot, filtro tipo","https://github.com/JonataOliveiraa/Bunny-Loader/blob/main/app/src/main/cpp/script/js/mod/ModItem.js#L60"
"ModItem","CanUseItem","Instância","CanUseItem(item, player)","ModItem","Não","Declarado","true","Antes de usar; false impede.","Player.ItemCheck_CheckCanUse_Inner, filtro tipo","https://github.com/JonataOliveiraa/Bunny-Loader/blob/main/app/src/main/cpp/script/js/mod/ModItem.js#L36"
"ModItem","ChoosePrefix","Instância","ChoosePrefix(item, rand)","ModItem","Não","Declarado","-1","Um prefixo forçado ao rolar (> 0), ou -1.","Item.RollAPrefix, sem filtro","https://github.com/JonataOliveiraa/Bunny-Loader/blob/main/app/src/main/cpp/script/js/mod/ModItem.js#L158"
"ModItem","Clone","Instância","Clone(newItem)","ModItem","Não","Declarado","Entities.Clone(this)","O jogo copiou o item (Item.Clone); devolva a instância da cópia.","Item.Clone, filtro tipo","https://github.com/JonataOliveiraa/Bunny-Loader/blob/main/app/src/main/cpp/script/js/mod/ModItem.js#L15"
"ModItem","CloneDefaults","Instância","CloneDefaults(type)","ModItem","Não","Declarado","Consultar fonte","Copia os valores de um item do jogo.","","https://github.com/JonataOliveiraa/Bunny-Loader/blob/main/app/src/main/cpp/script/js/mod/ModItem.js#L175"
"ModItem","ConsumeItem","Instância","ConsumeItem(item, player)","ModItem","Não","Declarado","true","false: abrir não gasta o item.","ItemSlot.TryOpenContainer_GrantItems, GUIPageOptions.CanBeOpened, VirtualControllerInputState.GetItemCategory, filtro tipo","https://github.com/JonataOliveiraa/Bunny-Loader/blob/main/app/src/main/cpp/script/js/mod/ModItem.js#L45"
"ModItem","CreateArmorSet","Instância","CreateArmorSet(head, body, legs, text = 'ArmorSetBonus.Empty', primaryPart = 0)","ModItem","Não","Declarado","Consultar fonte","Consulte a implementação na fonte.","","https://github.com/JonataOliveiraa/Bunny-Loader/blob/main/app/src/main/cpp/script/js/mod/ModItem.js#L100"
"ModItem","CreateArmorSets","Instância","CreateArmorSets(heads = [0], bodies = [0], legs = [0], text = 'ArmorSetBonus.Empty', primaryPart = 0)","ModItem","Não","Declarado","Consultar fonte","Consulte a implementação na fonte.","","https://github.com/JonataOliveiraa/Bunny-Loader/blob/main/app/src/main/cpp/script/js/mod/ModItem.js#L103"
"ModItem","CreateRecipe","Instância","CreateRecipe(stack = 1)","ModItem","Não","Declarado","new ModRecipe().SetResult(this.Type, stack)","Uma ModRecipe que dá este item.","","https://github.com/JonataOliveiraa/Bunny-Loader/blob/main/app/src/main/cpp/script/js/mod/ModItem.js#L281"
"ModItem","CreateRecipeGroup","Instância","CreateRecipeGroup(itemTypes = [])","ModItem","Não","Declarado","Consultar fonte","Grupo com o nome do primeiro item.","","https://github.com/JonataOliveiraa/Bunny-Loader/blob/main/app/src/main/cpp/script/js/mod/ModItem.js#L286"
"ModItem","DefaultToFood","Instância","DefaultToFood(buffType, buffTime, useGulpSound = false, animationTime = 17)","ModItem","Não","Declarado","Consultar fonte","Comida.","","https://github.com/JonataOliveiraa/Bunny-Loader/blob/main/app/src/main/cpp/script/js/mod/ModItem.js#L244"
"ModItem","DefaultToGolfBall","Instância","DefaultToGolfBall(projType)","ModItem","Não","Declarado","Consultar fonte","Bola de golfe.","","https://github.com/JonataOliveiraa/Bunny-Loader/blob/main/app/src/main/cpp/script/js/mod/ModItem.js#L277"
"ModItem","DefaultToMusicBox","Instância","DefaultToMusicBox(tileType, styleToPlace = 0)","ModItem","Não","Declarado","Consultar fonte","A caixa de música do jogo, colocando o tile de mod (MusicLoader.AddMusicBox).","","https://github.com/JonataOliveiraa/Bunny-Loader/blob/main/app/src/main/cpp/script/js/mod/ModItem.js#L238"
"ModItem","DefaultToPlaceableTile","Instância","DefaultToPlaceableTile(typeToPlace, styleToPlace = 0)","ModItem","Não","Declarado","Consultar fonte","Item que coloca um bloco.","","https://github.com/JonataOliveiraa/Bunny-Loader/blob/main/app/src/main/cpp/script/js/mod/ModItem.js#L213"
"ModItem","DefaultToPlaceableWall","Instância","DefaultToPlaceableWall(wallToPlace)","ModItem","Não","Declarado","Consultar fonte","Consulte a implementação na fonte.","","https://github.com/JonataOliveiraa/Bunny-Loader/blob/main/app/src/main/cpp/script/js/mod/ModItem.js#L226"
"ModItem","DefaultToSpear","Instância","DefaultToSpear(projType, pushForwardSpeed, animationTime)","ModItem","Não","Declarado","Consultar fonte","Lança.","","https://github.com/JonataOliveiraa/Bunny-Loader/blob/main/app/src/main/cpp/script/js/mod/ModItem.js#L272"
"ModItem","DefaultToTorch","Instância","DefaultToTorch(tileType, styleToPlace = 0, allowWaterPlacement = false)","ModItem","Não","Declarado","Consultar fonte","A tocha do jogo (segurar, luz, colocar na parede), colocando o tile de mod.","","https://github.com/JonataOliveiraa/Bunny-Loader/blob/main/app/src/main/cpp/script/js/mod/ModItem.js#L232"
"ModItem","DefaultToWhip","Instância","DefaultToWhip(projType, damage, knockBack, shootSpeed, animationTime = 30)","ModItem","Não","Declarado","Consultar fonte","Chicote.","","https://github.com/JonataOliveiraa/Bunny-Loader/blob/main/app/src/main/cpp/script/js/mod/ModItem.js#L267"
"ModItem","EquipFrameEffects","Instância","EquipFrameEffects(player, type)","ModItem","Não","Declarado","undefined","A cada quadro, com a textura do item vestida.","depois do Player.PlayerFrame","https://github.com/JonataOliveiraa/Bunny-Loader/blob/main/app/src/main/cpp/script/js/mod/ModItem.js#L126"
"ModItem","GetAlpha","Instância","GetAlpha(item, lightColor)","ModItem","Não","Declarado","undefined","Devolva a Color do desenho. No chão o item é a WorldItem (com Center); no inventário, o Item, sem posição.","Item.GetAlpha, filtro tipo","https://github.com/JonataOliveiraa/Bunny-Loader/blob/main/app/src/main/cpp/script/js/mod/ModItem.js#L165"
"ModItem","getByName","Estático","getByName(name)","ModItem","Não","Declarado","ItemLoader.ByType.get(bl.items.typeOf(name))","O molde.","","https://github.com/JonataOliveiraa/Bunny-Loader/blob/main/app/src/main/cpp/script/js/mod/ModItem.js#L370"
"ModItem","GetHealLife","Instância","GetHealLife(item, player, quickHeal, healValue)","ModItem","Não","Declarado","undefined","Vida restaurada (Ref), com cura base positiva; também na seleção de QuickHeal. Ref de vida, apenas com healLife base positivo. ModItem antes de ModPlayer. QuickHeal usa o valor na seleção; campos temporários restaurados.","Player.ApplyLifeAndOrMana e QuickHeal_GetItemToUse_TryChoosingItem, marcas por tipo","https://github.com/JonataOliveiraa/Bunny-Loader/blob/main/app/src/main/cpp/script/js/mod/ModItem.js#L71"
"ModItem","GetHealMana","Instância","GetHealMana(item, player, quickHeal, healValue)","ModItem","Não","Declarado","undefined","Mana restaurada (Ref), com cura base positiva. Ref de mana, apenas com healMana base positivo. quickHeal true em QuickHeal e QuickMana; ModItem antes de ModPlayer. Campos temporários restaurados.","Player.ApplyLifeAndOrMana, marcas por tipo","https://github.com/JonataOliveiraa/Bunny-Loader/blob/main/app/src/main/cpp/script/js/mod/ModItem.js#L72"
"ModItem","getModItem","Estático","getModItem(type)","ModItem","Não","Declarado","ItemLoader.ByType.get(type)","O molde.","","https://github.com/JonataOliveiraa/Bunny-Loader/blob/main/app/src/main/cpp/script/js/mod/ModItem.js#L369"
"ModItem","getTypeByName","Estático","getTypeByName(name)","ModItem","Não","Declarado","bl.items.typeOf(name)","O tipo de um item deste mod; -1 se não há.","","https://github.com/JonataOliveiraa/Bunny-Loader/blob/main/app/src/main/cpp/script/js/mod/ModItem.js#L368"
"ModItem","HoldItem","Instância","HoldItem(item, player)","ModItem","Não","Declarado","undefined","Todo quadro com o item na mão.","Player.ItemCheck_ApplyUseStyle/ApplyHoldStyle, filtro tipo","https://github.com/JonataOliveiraa/Bunny-Loader/blob/main/app/src/main/cpp/script/js/mod/ModItem.js#L53"
"ModItem","HoldItemFrame","Instância","HoldItemFrame(item, player)","ModItem","Não","Declarado","undefined","Depois do frame nativo, ocioso e com item visualmente permitido. Após PlayerFrame completo, com itemAnimation <= 0 e CanVisuallyHoldItem permitido.","Player.PlayerFrame, filtro nativo pelo item selecionado","https://github.com/JonataOliveiraa/Bunny-Loader/blob/main/app/src/main/cpp/script/js/mod/ModItem.js#L56"
"ModItem","HoldoutOffset","Instância","HoldoutOffset(item, player)","ModItem","Não","Declarado","undefined","Devolva { X, Y }: desloca a arma na mão.","depois do Player.PickAmmo nativo, antes do retorno","https://github.com/JonataOliveiraa/Bunny-Loader/blob/main/app/src/main/cpp/script/js/mod/ModItem.js#L59"
"ModItem","HoldStyle","Instância","HoldStyle(item, player, mountOffset, heldItemFrame)","ModItem","Não","Declarado","undefined","Todo quadro segurando, depois do estilo do jogo.","Player.ItemCheck_ApplyUseStyle/ApplyHoldStyle, filtro tipo","https://github.com/JonataOliveiraa/Bunny-Loader/blob/main/app/src/main/cpp/script/js/mod/ModItem.js#L58"
"ModItem","HorizontalWingSpeeds","Instância","HorizontalWingSpeeds(item, player, speed, acceleration)","ModItem","Não","Declarado","undefined","A corrida no ar com estas asas (dois Ref).","depois do Player.WingAirLogicTweaks, filtro wingsLogic","https://github.com/JonataOliveiraa/Bunny-Loader/blob/main/app/src/main/cpp/script/js/mod/ModItem.js#L130"
"ModItem","IsAnglerQuestAvailable","Instância","IsAnglerQuestAvailable()","ModItem","Não","Declarado","true","false: o sorteio do dia não cai nele (sorteia de novo).","Main.AnglerQuestSwap","https://github.com/JonataOliveiraa/Bunny-Loader/blob/main/app/src/main/cpp/script/js/mod/ModItem.js#L51"
"ModItem","IsArmorSet","Instância","IsArmorSet(head, body, legs)","ModItem","Não","Declarado","false","Para cada peça vestida de mod: true = conjunto completo.","Player.UpdateArmorSets, sem filtro (zera o setBonus antes)","https://github.com/JonataOliveiraa/Bunny-Loader/blob/main/app/src/main/cpp/script/js/mod/ModItem.js#L109"
"ModItem","isModItem","Estático","isModItem(item)","ModItem","Não","Declarado","!!item && bl.items.isModItem(item.type)","É de mod?","","https://github.com/JonataOliveiraa/Bunny-Loader/blob/main/app/src/main/cpp/script/js/mod/ModItem.js#L367"
"ModItem","isModType","Estático","isModType(type)","ModItem","Não","Declarado","bl.items.isModItem(type)","É de mod?","","https://github.com/JonataOliveiraa/Bunny-Loader/blob/main/app/src/main/cpp/script/js/mod/ModItem.js#L366"
"ModItem","IsQuestFish","Instância","IsQuestFish()","ModItem","Não","Declarado","false","true: peixe de missão do Pescador (o mesmo que ItemID.Sets.IsQuestFish[this.Type] = true no SetStaticDefaults). Entra no fim de Main.anglerQuestItemNetIDs.","no Ready","https://github.com/JonataOliveiraa/Bunny-Loader/blob/main/app/src/main/cpp/script/js/mod/ModItem.js#L50"
"ModItem","IsVanitySet","Instância","IsVanitySet(head, body, legs)","ModItem","Não","Declarado","Consultar fonte","Os SLOTS desenhados; true = conjunto de vaidade (padrão: o IsArmorSet dos itens desses slots).","pela textura de cada slot","https://github.com/JonataOliveiraa/Bunny-Loader/blob/main/app/src/main/cpp/script/js/mod/ModItem.js#L114"
"ModItem","Item","Getter","get Item","ModItem","Não","Declarado","Entities.Of(this)","Item do jogo","O item desta instância. No molde, undefined.","https://github.com/JonataOliveiraa/Bunny-Loader/blob/main/app/src/main/cpp/script/js/mod/ModItem.js#L13"
"ModItem","Load","Instância","Load()","ModItem","Não","Declarado","undefined","No registro (o AddEquipTexture vai aqui).","registro","https://github.com/JonataOliveiraa/Bunny-Loader/blob/main/app/src/main/cpp/script/js/mod/ModItem.js#L18"
"ModItem","MagicPrefix","Instância","MagicPrefix(item = this.Item)","ModItem","Não","Declarado","!!item.magic","As categorias de prefixo do item (padrão: melee sem noUseGraphic, melee com, ranged, magic, summon). Só vale para item com dano, sem ser munição nem consumível. Lido uma vez por tipo.","Item.GetRollablePrefixes, sem filtro","https://github.com/JonataOliveiraa/Bunny-Loader/blob/main/app/src/main/cpp/script/js/mod/ModItem.js#L155"
"ModItem","MeleeEffects","Instância","MeleeEffects(item, player, hitbox)","ModItem","Não","Declarado","undefined","Depois dos efeitos visuais nativos de uso. Antes de ModPlayer. Marca por tipo evita despacho JavaScript para itens sem sobrescrita, salvo observador global.","Player.ItemCheck_EmitUseVisuals, marcas por tipo","https://github.com/JonataOliveiraa/Bunny-Loader/blob/main/app/src/main/cpp/script/js/mod/ModItem.js#L85"
"ModItem","MeleePrefix","Instância","MeleePrefix(item = this.Item)","ModItem","Não","Declarado","!!item.melee && !item.noUseGraphic","As categorias de prefixo do item (padrão: melee sem noUseGraphic, melee com, ranged, magic, summon). Só vale para item com dano, sem ser munição nem consumível. Lido uma vez por tipo.","Item.GetRollablePrefixes, sem filtro","https://github.com/JonataOliveiraa/Bunny-Loader/blob/main/app/src/main/cpp/script/js/mod/ModItem.js#L152"
"ModItem","ModifyFishingLine","Instância","ModifyFishingLine(item, bobber, lineOriginOffset, lineColor)","ModItem","Não","Declarado","undefined","Vara na mão, a cada boia: de onde a linha sai e a cor (dois Ref).","Main.DrawProj_FishingLine, sem filtro","https://github.com/JonataOliveiraa/Bunny-Loader/blob/main/app/src/main/cpp/script/js/mod/ModItem.js#L173"
"ModItem","ModifyHitNPC","Instância","ModifyHitNPC(item, player, target, modifiers)","ModItem","Não","Declarado","undefined","Modifica o dano, crítico, direção e repulsão do golpe corpo a corpo. Contrato JS: damage, knockBack, hitDirection, crit, SourceDamage e Knockback (StatModifier), SetCrit() e DisableCrit(). Corpo a corpo; não reaplica em fromNet.","NPC.StrikeNPC, contexto do item","https://github.com/JonataOliveiraa/Bunny-Loader/blob/main/app/src/main/cpp/script/js/mod/ModItem.js#L80"
"ModItem","ModifyHitPvp","Instância","ModifyHitPvp(item, player, target, modifiers)","ModItem","Não","Declarado","undefined","Objeto JS com os parâmetros mutáveis do dano recebido. Contrato JS: damage, hitDirection, quiet, crit, dodgeable. Contexto de ItemCheck_MeleeHitPVP. Origem entre processos ainda pendente.","Player.Hurt, contexto do ataque corpo a corpo","https://github.com/JonataOliveiraa/Bunny-Loader/blob/main/app/src/main/cpp/script/js/mod/ModItem.js#L82"
"ModItem","ModifyItemLoot","Instância","ModifyItemLoot(itemLoot)","ModItem","Não","Declarado","undefined","Uma vez, na primeira abertura: o que sai do item (itemLoot.Add(regra)). As regras do jogo e ItemDropRule.CoinsBasedOnNPCValue(npc) / ItemDropRule.Coins(valor); o que cairia no NPC vai para o jogador (QuickSpawnItem).","ItemSlot.TryOpenContainer_GrantItems, GUIPageOptions.CanBeOpened, VirtualControllerInputState.GetItemCategory, filtro tipo","https://github.com/JonataOliveiraa/Bunny-Loader/blob/main/app/src/main/cpp/script/js/mod/ModItem.js#L44"
"ModItem","ModifyItemScale","Instância","ModifyItemScale(item, player, scale)","ModItem","Não","Declarado","undefined","scale é Ref<number> do multiplicador, incluindo a luva nativa. Atua na escala consultada e na hitbox. Item.scale é restaurado após o cálculo nativo.","Player.GetAdjustedItemScale e ItemCheck_GetMeleeHitbox, marcas por tipo","https://github.com/JonataOliveiraa/Bunny-Loader/blob/main/app/src/main/cpp/script/js/mod/ModItem.js#L78"
"ModItem","ModifyPotionDelay","Instância","ModifyPotionDelay(item, player, baseDelay)","ModItem","Não","Declarado","undefined","Atraso calculado pelo jogo móvel (Ref), antes do veto e da aplicação. Ref do atraso já calculado pelo jogo móvel, incluindo reduções nativas; não existe Player.PotionDelayModifier móvel. Antes do veto e da aplicação.","Player.ApplyPotionDelay, AddBuff com whileIn","https://github.com/JonataOliveiraa/Bunny-Loader/blob/main/app/src/main/cpp/script/js/mod/ModItem.js#L73"
"ModItem","ModifyShootStats","Instância","ModifyShootStats(item, player, stats)","ModItem","Não","Declarado","undefined","Antes de cada projétil: stats.position, velocity, type, damage, knockBack.","Player.ItemCheck_Shoot, filtro tipo + Projectile.NewProjectile (sem filtro; só age durante o tiro)","https://github.com/JonataOliveiraa/Bunny-Loader/blob/main/app/src/main/cpp/script/js/mod/ModItem.js#L61"
"ModItem","ModifyTooltipLines","Instância","ModifyTooltipLines()","ModItem","Não","Declarado","undefined","Uma vez por idioma, com this.TooltipLines preenchido.","no register","https://github.com/JonataOliveiraa/Bunny-Loader/blob/main/app/src/main/cpp/script/js/mod/ModItem.js#L24"
"ModItem","ModifyTooltips","Instância","ModifyTooltips(item, tooltips)","ModItem","Não","Declarado","undefined","Toda vez que o tooltip aparece, e no popup do guia de criação (sem cor).","Main.MouseText_DrawItemTooltip (porte em JS, só para o item que pede; + DrawString com whileIn); GetLinesInfo com whileIn no GUICraftGuidePopup.UpdateText","https://github.com/JonataOliveiraa/Bunny-Loader/blob/main/app/src/main/cpp/script/js/mod/ModItem.js#L25"
"ModItem","ModifyWeaponCrit","Instância","ModifyWeaponCrit(item, player, crit)","ModItem","Não","Declarado","undefined","crit é Ref<number>. ModItem antes de ModPlayer. Resultado inteiro; valor não finito vira zero.","Player.GetWeaponCrit, marcas por tipo","https://github.com/JonataOliveiraa/Bunny-Loader/blob/main/app/src/main/cpp/script/js/mod/ModItem.js#L76"
"ModItem","ModifyWeaponDamage","Instância","ModifyWeaponDamage(item, player, damage)","ModItem","Não","Declarado","undefined","StatModifier; também aceita retorno numérico. Ordem compartilhada: ModItem, GlobalItem, ModPlayer. Resultado finito, inteiro e não negativo.","Player.GetWeaponDamage, marcas por tipo","https://github.com/JonataOliveiraa/Bunny-Loader/blob/main/app/src/main/cpp/script/js/mod/ModItem.js#L75"
"ModItem","ModifyWeaponKnockback","Instância","ModifyWeaponKnockback(item, player, knockback)","ModItem","Não","Declarado","undefined","knockback é StatModifier. ModItem antes de ModPlayer. Resultado finito não negativo.","Player.GetWeaponKnockback, marcas por tipo","https://github.com/JonataOliveiraa/Bunny-Loader/blob/main/app/src/main/cpp/script/js/mod/ModItem.js#L77"
"ModItem","NeedsAmmo","Instância","NeedsAmmo(item, player)","ModItem","Não","Declarado","true","false: pode atirar com a munição padrão temporária quando não há candidato. false usa munição padrão temporária quando não há candidato; ela não é consumida nem entra no inventário.","Player.HasAmmo e PickAmmo, marcas por tipo","https://github.com/JonataOliveiraa/Bunny-Loader/blob/main/app/src/main/cpp/script/js/mod/ModItem.js#L63"
"ModItem","OnConsumeAmmo","Instância","OnConsumeAmmo(item, ammo, player)","ModItem","Não","Declarado","undefined","Arma: consumo efetivo, com a pilha já reduzida e antes de limpar o tipo. Na arma, após decremento efetivo no jogo móvel. Tipo e instância preservados na última unidade, antes de TurnToAir.","Player.PickAmmo, compartilhado com ModPlayer","https://github.com/JonataOliveiraa/Bunny-Loader/blob/main/app/src/main/cpp/script/js/mod/ModItem.js#L68"
"ModItem","OnConsumedAsAmmo","Instância","OnConsumedAsAmmo(item, weapon, player)","ModItem","Não","Declarado","undefined","Munição: consumo efetivo, inclusive da última unidade. Na munição, após decremento efetivo. Antes da limpeza da última unidade e de ModPlayer.OnConsumeAmmo.","Player.PickAmmo, compartilhado com ModPlayer","https://github.com/JonataOliveiraa/Bunny-Loader/blob/main/app/src/main/cpp/script/js/mod/ModItem.js#L69"
"ModItem","OnCraft","Instância","OnCraft(item, player, recipe)","ModItem","Não","Declarado","undefined","Ao criar o item no menu de criação.","Main.CraftItem_GrantItem, filtro tipo","https://github.com/JonataOliveiraa/Bunny-Loader/blob/main/app/src/main/cpp/script/js/mod/ModItem.js#L34"
"ModItem","OnHitNPC","Instância","OnHitNPC(item, player, npc, damageDone, knockBack, crit)","ModItem","Não","Declarado","undefined","Acerto corpo a corpo.","Player.ApplyNPCOnHitEffects, filtro tipo","https://github.com/JonataOliveiraa/Bunny-Loader/blob/main/app/src/main/cpp/script/js/mod/ModItem.js#L87"
"ModItem","OnHitPvp","Instância","OnHitPvp(item, player, target, hurtInfo)","ModItem","Não","Declarado","undefined","Só após dano positivo, com HurtInfo do resultado aplicado. HurtInfo: DamageSource, Damage, HitDirection, PvP, Quiet, Crit, CooldownCounter, Dodgeable. Contexto de ItemCheck_MeleeHitPVP; origem entre processos ainda pendente.","retorno de Player.Hurt, contexto do ataque corpo a corpo","https://github.com/JonataOliveiraa/Bunny-Loader/blob/main/app/src/main/cpp/script/js/mod/ModItem.js#L83"
"ModItem","PickAmmo","Instância","PickAmmo(item, weapon, player, type, speed, damage, knockback)","ModItem","Não","Declarado","undefined","Munição: três Ref<number> e StatModifier do dano total móvel. Na munição: item, weapon, player, type/speed/knockback (Ref) e damage (StatModifier sobre dano total móvel). Após cálculo nativo e antes das notificações.","depois do Player.PickAmmo nativo, antes do retorno","https://github.com/JonataOliveiraa/Bunny-Loader/blob/main/app/src/main/cpp/script/js/mod/ModItem.js#L70"
"ModItem","PostDrawTooltip","Instância","PostDrawTooltip(item, lines)","ModItem","Não","Declarado","undefined","Depois de todas as linhas (DrawableTooltipLine).","Main.MouseText_DrawItemTooltip (porte em JS, só para o item que pede; + DrawString com whileIn); GetLinesInfo com whileIn no GUICraftGuidePopup.UpdateText","https://github.com/JonataOliveiraa/Bunny-Loader/blob/main/app/src/main/cpp/script/js/mod/ModItem.js#L29"
"ModItem","PostDrawTooltipLine","Instância","PostDrawTooltipLine(item, line)","ModItem","Não","Declarado","undefined","Depois de cada linha (também a não desenhada).","Main.MouseText_DrawItemTooltip (porte em JS, só para o item que pede; + DrawString com whileIn); GetLinesInfo com whileIn no GUICraftGuidePopup.UpdateText","https://github.com/JonataOliveiraa/Bunny-Loader/blob/main/app/src/main/cpp/script/js/mod/ModItem.js#L31"
"ModItem","PostSetDefaults","Instância","PostSetDefaults(item)","ModItem","Não","Declarado","undefined","Logo depois do SetDefaults.","nativo","https://github.com/JonataOliveiraa/Bunny-Loader/blob/main/app/src/main/cpp/script/js/mod/ModItem.js#L22"
"ModItem","PostSetupContent","Instância","PostSetupContent()","ModItem","Não","Declarado","undefined","Uma vez, com todo o conteúdo de mod no jogo.","conteúdo pronto","https://github.com/JonataOliveiraa/Bunny-Loader/blob/main/app/src/main/cpp/script/js/mod/ModItem.js#L23"
"ModItem","PostStaticDefaults","Instância","PostStaticDefaults()","ModItem","Não","Declarado","undefined","Logo depois do SetStaticDefaults.","nativo","https://github.com/JonataOliveiraa/Bunny-Loader/blob/main/app/src/main/cpp/script/js/mod/ModItem.js#L21"
"ModItem","PostUpdate","Instância","PostUpdate(item)","ModItem","Não","Declarado","undefined","A cada quadro, com o item no chão (item é a WorldItem). Luz, poeira.","WorldItem.UpdateItem, filtro inner.type","https://github.com/JonataOliveiraa/Bunny-Loader/blob/main/app/src/main/cpp/script/js/mod/ModItem.js#L166"
"ModItem","PostUpdateInWorld","Instância","PostUpdateInWorld(item, worldItem)","ModItem","Não","Declarado","undefined","A implementação base não executa ações.","","https://github.com/JonataOliveiraa/Bunny-Loader/blob/main/app/src/main/cpp/script/js/mod/ModItem.js#L171"
"ModItem","PreDrawTooltip","Instância","PreDrawTooltip(item, lines, x, y)","ModItem","Não","Declarado","true","Antes das linhas; x, y são Ref; false não desenha as linhas.","Main.MouseText_DrawItemTooltip (porte em JS, só para o item que pede; + DrawString com whileIn); GetLinesInfo com whileIn no GUICraftGuidePopup.UpdateText","https://github.com/JonataOliveiraa/Bunny-Loader/blob/main/app/src/main/cpp/script/js/mod/ModItem.js#L28"
"ModItem","PreDrawTooltipLine","Instância","PreDrawTooltipLine(item, line, yOffset)","ModItem","Não","Declarado","true","Antes de cada linha; yOffset (Ref) soma depois de cada linha seguinte; false não desenha a linha.","Main.MouseText_DrawItemTooltip (porte em JS, só para o item que pede; + DrawString com whileIn); GetLinesInfo com whileIn no GUICraftGuidePopup.UpdateText","https://github.com/JonataOliveiraa/Bunny-Loader/blob/main/app/src/main/cpp/script/js/mod/ModItem.js#L30"
"ModItem","PrefixChance","Instância","PrefixChance(item, pre, rand)","ModItem","Não","Declarado","null","false impede, true força um prefixo; null = o do jogo (pre: -1 criar/baú, -2 reforja).","Item.Prefix, sem filtro","https://github.com/JonataOliveiraa/Bunny-Loader/blob/main/app/src/main/cpp/script/js/mod/ModItem.js#L160"
"ModItem","PreUpdateInWorld","Instância","PreUpdateInWorld(item, worldItem)","ModItem","Não","Declarado","true","O item no chão, todo quadro: item é o Item, worldItem a WorldItem que o leva (position, velocity, Center). false no Pre pula a atualização do jogo naquele quadro (o Post roda igual).","","https://github.com/JonataOliveiraa/Bunny-Loader/blob/main/app/src/main/cpp/script/js/mod/ModItem.js#L170"
"ModItem","PreUpdateVanitySet","Instância","PreUpdateVanitySet(player)","ModItem","Não","Declarado","undefined","Antes e depois do FrameEffects, com o conjunto de vaidade.","depois do Player.PlayerFrame","https://github.com/JonataOliveiraa/Bunny-Loader/blob/main/app/src/main/cpp/script/js/mod/ModItem.js#L119"
"ModItem","RangedPrefix","Instância","RangedPrefix(item = this.Item)","ModItem","Não","Declarado","!!item.ranged","As categorias de prefixo do item (padrão: melee sem noUseGraphic, melee com, ranged, magic, summon). Só vale para item com dano, sem ser munição nem consumível. Lido uma vez por tipo.","Item.GetRollablePrefixes, sem filtro","https://github.com/JonataOliveiraa/Bunny-Loader/blob/main/app/src/main/cpp/script/js/mod/ModItem.js#L154"
"ModItem","register","Estático","register(cls)","ModItem","Não","Declarado","Consultar fonte","Registra na mão (a classe exportada já é registrada sozinha); devolve o tipo.","","https://github.com/JonataOliveiraa/Bunny-Loader/blob/main/app/src/main/cpp/script/js/mod/ModItem.js#L299"
"ModItem","RightClick","Instância","RightClick(item, player)","ModItem","Não","Declarado","undefined","Ao abrir, antes do ItemLoot.","ItemSlot.TryOpenContainer_GrantItems, GUIPageOptions.CanBeOpened, VirtualControllerInputState.GetItemCategory, filtro tipo","https://github.com/JonataOliveiraa/Bunny-Loader/blob/main/app/src/main/cpp/script/js/mod/ModItem.js#L43"
"ModItem","sellPrice","Estático","sellPrice(platinum = 0, gold = 0, silver = 0, copper = 0)","ModItem","Não","Declarado","Terraria.Item.sellPrice(platinum, gold, silver, copper)","Preço em cobre.","","https://github.com/JonataOliveiraa/Bunny-Loader/blob/main/app/src/main/cpp/script/js/mod/ModItem.js#L291"
"ModItem","SetDefaults","Instância","SetDefaults(item)","ModItem","Não","Declarado","undefined","Todo item deste tipo que nasce.","nativo (Item.SetDefaults)","https://github.com/JonataOliveiraa/Bunny-Loader/blob/main/app/src/main/cpp/script/js/mod/ModItem.js#L20"
"ModItem","SetDefaultWeaponStyle","Instância","SetDefaultWeaponStyle(useTime = 30, autoReuse = false)","ModItem","Não","Declarado","Consultar fonte","useTime, useAnimation, autoReuse e o useStyle que combina.","","https://github.com/JonataOliveiraa/Bunny-Loader/blob/main/app/src/main/cpp/script/js/mod/ModItem.js#L189"
"ModItem","SetItemAnimation","Instância","SetItemAnimation(frameCount, ticksPerFrame = 5, pingPong = false)","ModItem","Não","Declarado","Consultar fonte","Item animado (tira vertical). No SetStaticDefaults.","","https://github.com/JonataOliveiraa/Bunny-Loader/blob/main/app/src/main/cpp/script/js/mod/ModItem.js#L260"
"ModItem","SetMatch","Instância","SetMatch(male, equipSlot, robes)","ModItem","Não","Declarado","undefined","O slot desenhado desta peça (Ref); o manto põe robes e as pernas.","depois do Player.SetMatch","https://github.com/JonataOliveiraa/Bunny-Loader/blob/main/app/src/main/cpp/script/js/mod/ModItem.js#L124"
"ModItem","SetShopValues","Instância","SetShopValues(rarity = 0, coinValue = 0)","ModItem","Não","Declarado","Consultar fonte","Consulte a implementação na fonte.","","https://github.com/JonataOliveiraa/Bunny-Loader/blob/main/app/src/main/cpp/script/js/mod/ModItem.js#L208"
"ModItem","SetStaticDefaults","Instância","SetStaticDefaults()","ModItem","Não","Declarado","undefined","Uma vez, com o tipo já nas tabelas do jogo.","nativo","https://github.com/JonataOliveiraa/Bunny-Loader/blob/main/app/src/main/cpp/script/js/mod/ModItem.js#L19"
"ModItem","SetWeaponValues","Instância","SetWeaponValues(damage = 0, knockBack = 0, crit = 0)","ModItem","Não","Declarado","Consultar fonte","Consulte a implementação na fonte.","","https://github.com/JonataOliveiraa/Bunny-Loader/blob/main/app/src/main/cpp/script/js/mod/ModItem.js#L202"
"ModItem","SetWingStats","Instância","SetWingStats(flyTime = 100, flySpeedOverride = -1, accelerationMultiplier = 1, hasHoldDownHoverFeatures = false, hoverFlySpeedOverride = -1, hoverAccelerationMultiplier = 1)","ModItem","Não","Declarado","Consultar fonte","O WingStats das asas do item. No SetStaticDefaults.","","https://github.com/JonataOliveiraa/Bunny-Loader/blob/main/app/src/main/cpp/script/js/mod/ModItem.js#L135"
"ModItem","Shoot","Instância","Shoot(item, player, position, velocity, type, damage, knockBack)","ModItem","Não","Declarado","true","false: o projétil do jogo não nasce.","Player.ItemCheck_Shoot, filtro tipo + Projectile.NewProjectile (sem filtro; só age durante o tiro)","https://github.com/JonataOliveiraa/Bunny-Loader/blob/main/app/src/main/cpp/script/js/mod/ModItem.js#L62"
"ModItem","SummonPrefix","Instância","SummonPrefix(item = this.Item)","ModItem","Não","Declarado","!!item.summon","As categorias de prefixo do item (padrão: melee sem noUseGraphic, melee com, ranged, magic, summon). Só vale para item com dano, sem ser munição nem consumível. Lido uma vez por tipo.","Item.GetRollablePrefixes, sem filtro","https://github.com/JonataOliveiraa/Bunny-Loader/blob/main/app/src/main/cpp/script/js/mod/ModItem.js#L156"
"ModItem","UpdateAccessory","Instância","UpdateAccessory(item, player, vanity, hideVisual)","ModItem","Não","Declarado","undefined","Todo quadro, acessório equipado (também no slot de vaidade).","Player.ApplyEquipFunctional, ApplyEquipVanity, filtro tipo","https://github.com/JonataOliveiraa/Bunny-Loader/blob/main/app/src/main/cpp/script/js/mod/ModItem.js#L89"
"ModItem","UpdateArmorSet","Instância","UpdateArmorSet(item, player)","ModItem","Não","Declarado","undefined","O bônus do conjunto; o texto vai em player.setBonus.","Player.UpdateArmorSets, sem filtro (zera o setBonus antes)","https://github.com/JonataOliveiraa/Bunny-Loader/blob/main/app/src/main/cpp/script/js/mod/ModItem.js#L110"
"ModItem","UpdateEquip","Instância","UpdateEquip(item, player)","ModItem","Não","Declarado","undefined","Todo quadro, equipado (armadura ou acessório).","Player.ApplyEquipFunctional, GrantArmorBenefits, filtro tipo","https://github.com/JonataOliveiraa/Bunny-Loader/blob/main/app/src/main/cpp/script/js/mod/ModItem.js#L88"
"ModItem","UpdateInventory","Instância","UpdateInventory(item, player)","ModItem","Não","Declarado","undefined","Todo quadro, no inventário.","Player.UpdateEquips, sem filtro (percorre só os itens de mod do jogador)","https://github.com/JonataOliveiraa/Bunny-Loader/blob/main/app/src/main/cpp/script/js/mod/ModItem.js#L148"
"ModItem","UpdateVanity","Instância","UpdateVanity(item, player)","ModItem","Não","Declarado","undefined","Acessório no slot de vaidade.","Player.ApplyEquipVanity","https://github.com/JonataOliveiraa/Bunny-Loader/blob/main/app/src/main/cpp/script/js/mod/ModItem.js#L94"
"ModItem","UpdateVanitySet","Instância","UpdateVanitySet(player)","ModItem","Não","Declarado","undefined","Antes e depois do FrameEffects, com o conjunto de vaidade.","depois do Player.PlayerFrame","https://github.com/JonataOliveiraa/Bunny-Loader/blob/main/app/src/main/cpp/script/js/mod/ModItem.js#L120"
"ModItem","UseAnimation","Instância","UseAnimation(item, player)","ModItem","Não","Declarado","undefined","Antes do cálculo nativo da duração da animação. Antes do cálculo nativo da duração. Compartilha ApplyItemAnimation com os modificadores de ModPlayer.","Player.ApplyItemAnimation, marcas por tipo e ponto compartilhado com ModPlayer","https://github.com/JonataOliveiraa/Bunny-Loader/blob/main/app/src/main/cpp/script/js/mod/ModItem.js#L54"
"ModItem","UseItem","Instância","UseItem(item, player)","ModItem","Não","Declarado","undefined","No quadro em que o uso começa. true: o item conta como usado (tempo de uso aplicado, como o ApplyItemTime do tModLoader), e o consumível é gasto.","Player.ItemCheck_StartActualUse, filtro tipo; o tempo, logo depois do ItemCheck_OwnerOnlyCode","https://github.com/JonataOliveiraa/Bunny-Loader/blob/main/app/src/main/cpp/script/js/mod/ModItem.js#L38"
"ModItem","UseItemFrame","Instância","UseItemFrame(item, player)","ModItem","Não","Declarado","undefined","Depois do frame nativo, durante animação de uso. Após PlayerFrame completo, com itemAnimation > 0. Filtro nativo pelo item selecionado.","Player.PlayerFrame, filtro nativo pelo item selecionado","https://github.com/JonataOliveiraa/Bunny-Loader/blob/main/app/src/main/cpp/script/js/mod/ModItem.js#L55"
"ModItem","UseItemHitbox","Instância","UseItemHitbox(item, player, hitbox, noHitbox)","ModItem","Não","Declarado","undefined","Ref<Rectangle> e Ref<boolean> depois da hitbox nativa. Aceita substituir hitbox.value.","Player.ItemCheck_GetMeleeHitbox, marcas por tipo","https://github.com/JonataOliveiraa/Bunny-Loader/blob/main/app/src/main/cpp/script/js/mod/ModItem.js#L86"
"ModItem","UseStyle","Instância","UseStyle(item, player, mountOffset, heldItemFrame)","ModItem","Não","Declarado","undefined","Todo quadro de uso, depois do estilo do jogo.","Player.ItemCheck_ApplyUseStyle/ApplyHoldStyle, filtro tipo","https://github.com/JonataOliveiraa/Bunny-Loader/blob/main/app/src/main/cpp/script/js/mod/ModItem.js#L57"
"ModItem","VerticalWingSpeeds","Instância","VerticalWingSpeeds(item, player, ascentWhenFalling, ascentWhenRising, maxCanAscendMultiplier, maxAscentMultiplier, constantAscend)","ModItem","Não","Declarado","undefined","As asas deste item no ar (cinco Ref).","Player.WingMovement, filtro wingsLogic ≥ o Count do jogo","https://github.com/JonataOliveiraa/Bunny-Loader/blob/main/app/src/main/cpp/script/js/mod/ModItem.js#L129"
"ModItem","WeaponPrefix","Instância","WeaponPrefix(item = this.Item)","ModItem","Não","Declarado","!!item.melee && !!item.noUseGraphic","As categorias de prefixo do item (padrão: melee sem noUseGraphic, melee com, ranged, magic, summon). Só vale para item com dano, sem ser munição nem consumível. Lido uma vez por tipo.","Item.GetRollablePrefixes, sem filtro","https://github.com/JonataOliveiraa/Bunny-Loader/blob/main/app/src/main/cpp/script/js/mod/ModItem.js#L153"
"ModItem","WingUpdate","Instância","WingUpdate(player, inUse)","ModItem","Não","Declarado","false","true: o mod anima as asas (o WingFrame do jogo não roda).","Player.WingFrame, filtro wings","https://github.com/JonataOliveiraa/Bunny-Loader/blob/main/app/src/main/cpp/script/js/mod/ModItem.js#L132"
"ModLoader","GetMod","Estático","GetMod(name)","ModLoader","Não","Declarado","Consultar fonte","O Mod; lança se não está.","","https://github.com/JonataOliveiraa/Bunny-Loader/blob/main/app/src/main/cpp/script/js/mod/ModLoader.js#L14"
"ModLoader","HasMod","Estático","HasMod(name)","ModLoader","Não","Declarado","ModRegistry.Find(name, 'ModLoader.HasMod') !== null","Está instalado (e carregou)?","","https://github.com/JonataOliveiraa/Bunny-Loader/blob/main/app/src/main/cpp/script/js/mod/ModLoader.js#L21"
"ModLoader","Mods","Getter estático","get Mods","ModLoader","Não","Declarado","ModRegistry.All()","Todos, na ordem de carga.","","https://github.com/JonataOliveiraa/Bunny-Loader/blob/main/app/src/main/cpp/script/js/mod/ModLoader.js#L25"
"ModLoader","TryGetMod","Estático","TryGetMod(name, result)","ModLoader","Não","Declarado","Consultar fonte","true e o Mod em ref.value; ou false e null.","","https://github.com/JonataOliveiraa/Bunny-Loader/blob/main/app/src/main/cpp/script/js/mod/ModLoader.js#L2"
"ModLocalization","ActiveCultureName","Getter estático","get ActiveCultureName","ModLocalization","Não","Declarado","Consultar fonte","'pt-BR', 'en-US'...","","https://github.com/JonataOliveiraa/Bunny-Loader/blob/main/app/src/main/cpp/script/js/mod/ModLocalization.js#L2"
"ModLocalization","Exists","Estático","Exists(key)","ModLocalization","Não","Declarado","LocalizationLoader.Lookup(key) !== undefined || Terraria.Localization.Language['bool Exists(string key)'](key)","Se o mod ou o jogo tem o texto.","","https://github.com/JonataOliveiraa/Bunny-Loader/blob/main/app/src/main/cpp/script/js/mod/ModLocalization.js#L48"
"ModLocalization","GetText","Estático","GetText(key)","ModLocalization","Não","Declarado","Consultar fonte","O LocalizedText do mod ou do jogo.","","https://github.com/JonataOliveiraa/Bunny-Loader/blob/main/app/src/main/cpp/script/js/mod/ModLocalization.js#L27"
"ModLocalization","GetTextValue","Estático","GetTextValue(key)","ModLocalization","Não","Declarado","Consultar fonte","Texto do mod ou, sem ele, o do jogo.","","https://github.com/JonataOliveiraa/Bunny-Loader/blob/main/app/src/main/cpp/script/js/mod/ModLocalization.js#L22"
"ModLocalization","Key","Estático","Key(path)","ModLocalization","Não","Declarado","Consultar fonte","A chave Mods.<id>.Secao.Chave (o que o Bestiário e a moeda pedem).","","https://github.com/JonataOliveiraa/Bunny-Loader/blob/main/app/src/main/cpp/script/js/mod/ModLocalization.js#L40"
"ModLocalization","Register","Estático","Register(key, text)","ModLocalization","Não","Declarado","Consultar fonte","Um texto (ou { cultura: texto }) sob uma chave qualquer.","","https://github.com/JonataOliveiraa/Bunny-Loader/blob/main/app/src/main/cpp/script/js/mod/ModLocalization.js#L54"
"ModLocalization","Translate","Estático","Translate(path)","ModLocalization","Não","Declarado","Consultar fonte","O texto no idioma do jogo (como no TL); sem texto, o próprio caminho.","","https://github.com/JonataOliveiraa/Bunny-Loader/blob/main/app/src/main/cpp/script/js/mod/ModLocalization.js#L11"
"ModLocalization","TryTranslate","Estático","TryTranslate(path)","ModLocalization","Não","Declarado","Consultar fonte","O mesmo, com '' quando não há texto.","","https://github.com/JonataOliveiraa/Bunny-Loader/blob/main/app/src/main/cpp/script/js/mod/ModLocalization.js#L16"
"ModMenu","IsSelected","Getter","get IsSelected","ModMenu","Não","Declarado","MenuLoader.CurrentMenu === this","Se é o tema que vale agora (só leitura).","","https://github.com/JonataOliveiraa/Bunny-Loader/blob/main/app/src/main/cpp/script/js/mod/ModMenu.js#L16"
"ModMenu","OnDeselected","Instância","OnDeselected()","ModMenu","Não","Declarado","undefined","Quando o tema passa a valer (na abertura do jogo, já nos menus) e quando deixa de valer.","","https://github.com/JonataOliveiraa/Bunny-Loader/blob/main/app/src/main/cpp/script/js/mod/ModMenu.js#L21"
"ModMenu","OnSelected","Instância","OnSelected()","ModMenu","Não","Declarado","undefined","Quando o tema passa a valer (na abertura do jogo, já nos menus) e quando deixa de valer.","","https://github.com/JonataOliveiraa/Bunny-Loader/blob/main/app/src/main/cpp/script/js/mod/ModMenu.js#L19"
"ModMenu","PostDrawLogo","Instância","PostDrawLogo(spriteBatch, logoDrawCenter, logoRotation, logoScale, drawColor)","ModMenu","Não","Declarado","undefined","Depois do logo, com os valores com que ele foi desenhado.","","https://github.com/JonataOliveiraa/Bunny-Loader/blob/main/app/src/main/cpp/script/js/mod/ModMenu.js#L31"
"ModMenu","PreDrawLogo","Instância","PreDrawLogo(spriteBatch, logoDrawCenter, logoRotation, logoScale, drawColor)","ModMenu","Não","Declarado","true","Antes do logo. Os quatro últimos são Ref (.value): o centro, a rotação, a escala e a cor do logo do jogo neste quadro. false não desenha o logo.","","https://github.com/JonataOliveiraa/Bunny-Loader/blob/main/app/src/main/cpp/script/js/mod/ModMenu.js#L28"
"ModMenu","register","Estático","register(cls)","ModMenu","Não","Declarado","Consultar fonte","Consulte a implementação na fonte.","","https://github.com/JonataOliveiraa/Bunny-Loader/blob/main/app/src/main/cpp/script/js/mod/ModMenu.js#L35"
"ModMenu","SetStaticDefaults","Instância","SetStaticDefaults()","ModMenu","Não","Declarado","undefined","A implementação base não executa ações.","","https://github.com/JonataOliveiraa/Bunny-Loader/blob/main/app/src/main/cpp/script/js/mod/ModMenu.js#L33"
"ModMenu","Update","Instância","Update(isOnTitleScreen)","ModMenu","Não","Declarado","undefined","Todo quadro nos menus; isOnTitleScreen na tela de título (menuMode 0).","","https://github.com/JonataOliveiraa/Bunny-Loader/blob/main/app/src/main/cpp/script/js/mod/ModMenu.js#L24"
"ModMount","AddDrawData","Estático","AddDrawData(playerDrawData, data)","ModMount","Não","Declarado","MountLoader.AddDrawData(playerDrawData, data)","O playerDrawData.Add do tModLoader, dentro do Draw.","","https://github.com/JonataOliveiraa/Bunny-Loader/blob/main/app/src/main/cpp/script/js/mod/ModMount.js#L44"
"ModMount","AimAbility","Instância","AimAbility(player, mousePosition)","ModMount","Não","Declarado","undefined","Habilidade da montaria.","Mount.UseAbility/AimAbility","https://github.com/JonataOliveiraa/Bunny-Loader/blob/main/app/src/main/cpp/script/js/mod/ModMount.js#L22"
"ModMount","Dismount","Instância","Dismount(player, skipDust)","ModMount","Não","Declarado","undefined","Ao desmontar, antes do jogo.","Mount.Dismount","https://github.com/JonataOliveiraa/Bunny-Loader/blob/main/app/src/main/cpp/script/js/mod/ModMount.js#L25"
"ModMount","Draw","Instância","Draw(playerDrawData, drawType, drawPlayer, texture, glowTexture, drawPosition, frame, drawColor, glowColor, rotation, spriteEffects, drawOrigin, drawScale, shadow)","ModMount","Não","Declarado","true","Uma vez por camada com textura (0 Back, 1 BackExtra, 2 Front, 3 FrontExtra). Os Ref trazem o que o jogo desenharia; mudados, desenha-se com os novos. false: a camada não é desenhada.","Mount.Draw","https://github.com/JonataOliveiraa/Bunny-Loader/blob/main/app/src/main/cpp/script/js/mod/ModMount.js#L32"
"ModMount","GetSpecificData","Estático","GetSpecificData(player)","ModMount","Não","Declarado","MountLoader.SpecificData(player)","O dado do jogador nesta montaria (o _mountSpecificData do tModLoader, que no C# é object). Apagado ao montar outra e ao desmontar.","","https://github.com/JonataOliveiraa/Bunny-Loader/blob/main/app/src/main/cpp/script/js/mod/ModMount.js#L37"
"ModMount","JumpHeight","Instância","JumpHeight(mountedPlayer, jumpHeight, xVelocity)","ModMount","Não","Declarado","undefined","O pulo, com o valor do jogo no Ref.","Mount.JumpHeight/JumpSpeed","https://github.com/JonataOliveiraa/Bunny-Loader/blob/main/app/src/main/cpp/script/js/mod/ModMount.js#L14"
"ModMount","JumpSpeed","Instância","JumpSpeed(mountedPlayer, jumpSpeed, xVelocity)","ModMount","Não","Declarado","undefined","O pulo, com o valor do jogo no Ref.","Mount.JumpHeight/JumpSpeed","https://github.com/JonataOliveiraa/Bunny-Loader/blob/main/app/src/main/cpp/script/js/mod/ModMount.js#L15"
"ModMount","NewDrawData","Estático","NewDrawData(texture, position, sourceRect, color, rotation, origin, scale, effect)","ModMount","Não","Declarado","MountLoader.NewDrawData(texture, position, sourceRect, color, rotation, origin, scale, effect)","Um DrawData.","","https://github.com/JonataOliveiraa/Bunny-Loader/blob/main/app/src/main/cpp/script/js/mod/ModMount.js#L41"
"ModMount","register","Estático","register(cls)","ModMount","Não","Declarado","Consultar fonte","Consulte a implementação na fonte.","","https://github.com/JonataOliveiraa/Bunny-Loader/blob/main/app/src/main/cpp/script/js/mod/ModMount.js#L46"
"ModMount","SetMount","Instância","SetMount(player, skipDust)","ModMount","Não","Declarado","undefined","Ao montar, depois do FinalizeMountData; skipDust.value = true pula a poeira do jogo.","Mount.SetMount/DoSpawnDust","https://github.com/JonataOliveiraa/Bunny-Loader/blob/main/app/src/main/cpp/script/js/mod/ModMount.js#L24"
"ModMount","SetSpecificData","Estático","SetSpecificData(player, value)","ModMount","Não","Declarado","Consultar fonte","O dado do jogador nesta montaria (o _mountSpecificData do tModLoader, que no C# é object). Apagado ao montar outra e ao desmontar.","","https://github.com/JonataOliveiraa/Bunny-Loader/blob/main/app/src/main/cpp/script/js/mod/ModMount.js#L38"
"ModMount","SetStaticDefaults","Instância","SetStaticDefaults()","ModMount","Não","Declarado","undefined","Uma vez, com as texturas já no MountData.","no Ready","https://github.com/JonataOliveiraa/Bunny-Loader/blob/main/app/src/main/cpp/script/js/mod/ModMount.js#L11"
"ModMount","UpdateEffects","Instância","UpdateEffects(player)","ModMount","Não","Declarado","undefined","Todo quadro montado, antes dos efeitos do jogo.","Mount.UpdateEffects","https://github.com/JonataOliveiraa/Bunny-Loader/blob/main/app/src/main/cpp/script/js/mod/ModMount.js#L17"
"ModMount","UpdateFrame","Instância","UpdateFrame(mountedPlayer, state, velocity)","ModMount","Não","Declarado","true","A animação; false pula a do jogo.","Mount.UpdateFrame","https://github.com/JonataOliveiraa/Bunny-Loader/blob/main/app/src/main/cpp/script/js/mod/ModMount.js#L20"
"ModMount","UseAbility","Instância","UseAbility(player, mousePosition, toggleOn)","ModMount","Não","Declarado","undefined","Habilidade da montaria.","Mount.UseAbility/AimAbility","https://github.com/JonataOliveiraa/Bunny-Loader/blob/main/app/src/main/cpp/script/js/mod/ModMount.js#L21"
"ModNPC","AddShops","Instância","AddShops()","ModNPC","Não","Declarado","undefined","Uma vez: as lojas (NPCShop).","conteúdo pronto","https://github.com/JonataOliveiraa/Bunny-Loader/blob/main/app/src/main/cpp/script/js/mod/ModNPC.js#L89"
"ModNPC","AI","Instância","AI(npc)","ModNPC","Não","Declarado","undefined","Todo quadro. PreAI → false pula a IA do jogo.","NPC.AI, filtro tipo","https://github.com/JonataOliveiraa/Bunny-Loader/blob/main/app/src/main/cpp/script/js/mod/ModNPC.js#L55"
"ModNPC","ApplyBuffImmunity","Instância","ApplyBuffImmunity(npc)","ModNPC","Não","Declarado","undefined","Depois do SetDefaults: npc.buffImmune[id] = true.","nativo","https://github.com/JonataOliveiraa/Bunny-Loader/blob/main/app/src/main/cpp/script/js/mod/ModNPC.js#L30"
"ModNPC","ApplyDifficultyAndPlayerScaling","Instância","ApplyDifficultyAndPlayerScaling(npc, numPlayers, balance, bossAdjustment)","ModNPC","Não","Declarado","undefined","Depois do escalonamento por jogadores. Recebe a contagem usada pelo NPC, balance calculado pelo jogo e ajuste 0,85 em Master ou 1 nos demais modos.","NPC.ScaleStats_ByPlayerCount, filtro por tipo e sobrescrita","https://github.com/JonataOliveiraa/Bunny-Loader/blob/main/app/src/main/cpp/script/js/mod/ModNPC.js#L44"
"ModNPC","BossHeadRotation","Instância","BossHeadRotation(npc, rotation)","ModNPC","Não","Declarado","undefined","Recebem Ref inicializada com o resultado do jogo. Índice -1 esconde o ícone.","getters NPC.GetBossHead, filtro por tipo e sobrescrita","https://github.com/JonataOliveiraa/Bunny-Loader/blob/main/app/src/main/cpp/script/js/mod/ModNPC.js#L51"
"ModNPC","BossHeadSlot","Instância","BossHeadSlot(npc, index)","ModNPC","Não","Declarado","undefined","Recebem Ref inicializada com o resultado do jogo. Índice -1 esconde o ícone.","getters NPC.GetBossHead, filtro por tipo e sobrescrita","https://github.com/JonataOliveiraa/Bunny-Loader/blob/main/app/src/main/cpp/script/js/mod/ModNPC.js#L50"
"ModNPC","BossHeadSpriteEffects","Instância","BossHeadSpriteEffects(npc, spriteEffects)","ModNPC","Não","Declarado","undefined","Recebem Ref inicializada com o resultado do jogo. Índice -1 esconde o ícone.","getters NPC.GetBossHead, filtro por tipo e sobrescrita","https://github.com/JonataOliveiraa/Bunny-Loader/blob/main/app/src/main/cpp/script/js/mod/ModNPC.js#L52"
"ModNPC","CanBeHitByItem","Instância","CanBeHitByItem(npc, player, item)","ModNPC","Não","Declarado","null","false veta; true permite no teste de elegibilidade; null/undefined mantém o jogo. Um veto de ModPlayer prevalece.","fluxo compartilhado de Player.ProcessHitAgainstNPC e CanNPCBeHitByPlayerOrPlayerProjectile","https://github.com/JonataOliveiraa/Bunny-Loader/blob/main/app/src/main/cpp/script/js/mod/ModNPC.js#L41"
"ModNPC","CanBeHitByProjectile","Não implementado","","","Não","Não implementado","","Não há um ponto de elegibilidade que cubra todos os fluxos de Damage_PVE, incluindo projéteis sem dono. Um veto em StrikeNPC ocorreria após efeitos de contato.","","https://github.com/JonataOliveiraa/Bunny-Loader/blob/main/tools/tests/modnpchooks/README.md#métodos-descartados"
"ModNPC","CanChat","Instância","CanChat(npc)","ModNPC","Não","Declarado","npc.townNPC","Decide se pode conversar, inclusive fora de AI 7; retorno indefinido mantém o jogo.","NPC.get_CanTalk e get_CanBeTalkedTo, filtro por tipo e sobrescrita","https://github.com/JonataOliveiraa/Bunny-Loader/blob/main/app/src/main/cpp/script/js/mod/ModNPC.js#L80"
"ModNPC","CanHitPlayer","Instância","CanHitPlayer(npc, player, cooldownSlot)","ModNPC","Não","Declarado","true","false veta dano; cooldownSlot.value altera o slot de imunidade.","fluxo compartilhado de Player.Hurt","https://github.com/JonataOliveiraa/Bunny-Loader/blob/main/app/src/main/cpp/script/js/mod/ModNPC.js#L38"
"ModNPC","CanTownNPCSpawn","Instância","CanTownNPCSpawn(numTownNPCs)","ModNPC","Não","Declarado","false","De tempos em tempos, sem um deste no mundo: true e ele se muda.","Main.UpdateTime_SpawnTownNPCs, sem filtro","https://github.com/JonataOliveiraa/Bunny-Loader/blob/main/app/src/main/cpp/script/js/mod/ModNPC.js#L76"
"ModNPC","CheckActive","Instância","CheckActive(npc)","ModNPC","Não","Declarado","true","false: não some quando longe.","NPC.CheckActive, filtro tipo","https://github.com/JonataOliveiraa/Bunny-Loader/blob/main/app/src/main/cpp/script/js/mod/ModNPC.js#L60"
"ModNPC","CheckConditions","Instância","CheckConditions(left, right, top, bottom)","ModNPC","Não","Declarado","true","A sala serve para ele?","WorldGen.CheckSpecialTownNPCSpawningConditions","https://github.com/JonataOliveiraa/Bunny-Loader/blob/main/app/src/main/cpp/script/js/mod/ModNPC.js#L77"
"ModNPC","CheckDead","Instância","CheckDead(npc)","ModNPC","Não","Declarado","true","Com NPC ativo e vida ≤ 0: false impede a morte; restaure a vida para evitar nova checagem.","NPC.checkDead, filtro por tipo e sobrescrita","https://github.com/JonataOliveiraa/Bunny-Loader/blob/main/app/src/main/cpp/script/js/mod/ModNPC.js#L43"
"ModNPC","Clone","Instância","Clone(newNPC)","ModNPC","Não","Declarado","Entities.Clone(this)","Cópia da instância.","","https://github.com/JonataOliveiraa/Bunny-Loader/blob/main/app/src/main/cpp/script/js/mod/ModNPC.js#L23"
"ModNPC","DrawBehind","Instância","DrawBehind(npc, index)","ModNPC","Não","Declarado","undefined","Após o cache de desenho; adicione o índice às listas Main.instance.DrawCacheNPCs.","Main.CacheNPCDraws, só entidades rastreadas com sobrescrita","https://github.com/JonataOliveiraa/Bunny-Loader/blob/main/app/src/main/cpp/script/js/mod/ModNPC.js#L48"
"ModNPC","DrawEffects","Instância","DrawEffects(npc, drawColor)","ModNPC","Não","Declarado","undefined","Ref<Color> da iluminação do centro; roda antes de PreDraw. A cor alterada passa pelo tint dos buffs do jogo.","duas sobrecargas de Main.DrawNPCDirect, filtro por NPC e sobrescrita","https://github.com/JonataOliveiraa/Bunny-Loader/blob/main/app/src/main/cpp/script/js/mod/ModNPC.js#L47"
"ModNPC","DrawHealthBar","Não implementado","","","Não","Não implementado","","Main.DrawHealthBar não recebe NPC e também atende jogadores e partes de vermes. Associar pela posição ou vida poderia alterar a entidade errada.","","https://github.com/JonataOliveiraa/Bunny-Loader/blob/main/tools/tests/modnpchooks/README.md#métodos-descartados"
"ModNPC","DrawTownAttackGun","Não implementado","","","Não","Não implementado","","Textura, frame, escala e offsets são locais do renderer. Não há um método com todos os argumentos mutáveis.","","https://github.com/JonataOliveiraa/Bunny-Loader/blob/main/tools/tests/modnpchooks/README.md#métodos-descartados"
"ModNPC","DrawTownAttackSwing","Não implementado","","","Não","Não implementado","","Textura, frame, escala e offsets são locais do renderer. Não há um método com todos os argumentos mutáveis.","","https://github.com/JonataOliveiraa/Bunny-Loader/blob/main/tools/tests/modnpchooks/README.md#métodos-descartados"
"ModNPC","FindFrame","Instância","FindFrame(npc, frameHeight)","ModNPC","Não","Declarado","undefined","Animação própria: mude npc.frame.","NPC.FindFrame, filtro tipo","https://github.com/JonataOliveiraa/Bunny-Loader/blob/main/app/src/main/cpp/script/js/mod/ModNPC.js#L59"
"ModNPC","GetAlpha","Instância","GetAlpha(npc, drawColor)","ModNPC","Não","Declarado","null","Color substitui o resultado, inclusive alfa 0; null/undefined usa o jogo.","NPC.GetAlpha, filtro por tipo e sobrescrita","https://github.com/JonataOliveiraa/Bunny-Loader/blob/main/app/src/main/cpp/script/js/mod/ModNPC.js#L49"
"ModNPC","getByName","Estático","getByName(name)","ModNPC","Não","Declarado","NPCLoader.ByType.get(bl.npcs.typeOf(name))","Como no item.","","https://github.com/JonataOliveiraa/Bunny-Loader/blob/main/app/src/main/cpp/script/js/mod/ModNPC.js#L204"
"ModNPC","GetChat","Instância","GetChat(npc)","ModNPC","Não","Declarado","undefined","A fala ao conversar.","NPC.GetChat, filtro tipo","https://github.com/JonataOliveiraa/Bunny-Loader/blob/main/app/src/main/cpp/script/js/mod/ModNPC.js#L79"
"ModNPC","getModNPC","Estático","getModNPC(type)","ModNPC","Não","Declarado","NPCLoader.ByType.get(type)","Como no item.","","https://github.com/JonataOliveiraa/Bunny-Loader/blob/main/app/src/main/cpp/script/js/mod/ModNPC.js#L203"
"ModNPC","getTypeByName","Estático","getTypeByName(name)","ModNPC","Não","Declarado","bl.npcs.typeOf(name)","Como no item.","","https://github.com/JonataOliveiraa/Bunny-Loader/blob/main/app/src/main/cpp/script/js/mod/ModNPC.js#L202"
"ModNPC","Happiness","Getter","get Happiness","ModNPC","Não","Declarado","new NPCHappiness(this.Type)","NPCHappiness","Gostos do morador (no SetStaticDefaults).","https://github.com/JonataOliveiraa/Bunny-Loader/blob/main/app/src/main/cpp/script/js/mod/ModNPC.js#L21"
"ModNPC","HitEffect","Instância","HitEffect(npc, hitDirection, damage)","ModNPC","Não","Declarado","undefined","A cada golpe, depois do efeito do jogo.","nativo (NPC.HitEffect), só se escrito","https://github.com/JonataOliveiraa/Bunny-Loader/blob/main/app/src/main/cpp/script/js/mod/ModNPC.js#L33"
"ModNPC","isModNPC","Estático","isModNPC(npc)","ModNPC","Não","Declarado","!!npc && bl.npcs.isModNpc(npc.type)","Como no item.","","https://github.com/JonataOliveiraa/Bunny-Loader/blob/main/app/src/main/cpp/script/js/mod/ModNPC.js#L201"
"ModNPC","isModType","Estático","isModType(type)","ModNPC","Não","Declarado","bl.npcs.isModNpc(type)","Como no item.","","https://github.com/JonataOliveiraa/Bunny-Loader/blob/main/app/src/main/cpp/script/js/mod/ModNPC.js#L200"
"ModNPC","ModifyActiveShop","Instância","ModifyActiveShop(npc, shopName, items)","ModNPC","Não","Declarado","undefined","Ao preencher uma loja registrada deste NPC em conversa, após NPCShop montar os itens. Recebe o nome local da loja e o array nativo de itens.","InventoryStorage.SetupShop","https://github.com/JonataOliveiraa/Bunny-Loader/blob/main/app/src/main/cpp/script/js/mod/ModNPC.js#L82"
"ModNPC","ModifyDeathMessage","Não implementado","","","Não","Não implementado","","Mensagem e cor são locais de checkDead. DropTombstoneTownNPC expõe apenas o texto da lápide.","","https://github.com/JonataOliveiraa/Bunny-Loader/blob/main/tools/tests/modnpchooks/README.md#métodos-descartados"
"ModNPC","ModifyHitPlayer","Instância","ModifyHitPlayer(npc, player, modifiers)","ModNPC","Não","Declarado","undefined","Altera os parâmetros de dano suportados pelo mobile antes de Hurt. Contrato JS: damage, hitDirection, quiet, crit e dodgeable. Não contém todos os campos de HurtModifiers do tModLoader.","fluxo compartilhado de Player.Hurt","https://github.com/JonataOliveiraa/Bunny-Loader/blob/main/app/src/main/cpp/script/js/mod/ModNPC.js#L39"
"ModNPC","ModifyIncomingHit","Instância","ModifyIncomingHit(npc, modifiers)","ModNPC","Não","Declarado","undefined","Altera dano, empurrão, direção e crítico antes do golpe nativo. Não reaplica em fromNet. Contrato JS: damage, knockBack, hitDirection, crit, SourceDamage e Knockback (StatModifier), SetCrit() e DisableCrit(). Não reaplica em fromNet.","NPC.StrikeNPC_Inner, filtro por tipo e sobrescrita","https://github.com/JonataOliveiraa/Bunny-Loader/blob/main/app/src/main/cpp/script/js/mod/ModNPC.js#L42"
"ModNPC","ModifyNPCHappiness","Instância","ModifyNPCHappiness(npc, player, primaryPlayerBiome, shopHelper, nearbyNPCsByType)","ModNPC","Não","Declarado","undefined","Após as preferências nativas, antes de limitar o preço. Usa a alternativa de ExMod; o método está desativado no tModLoader stable. Adaptação do ExMod. Bioma primário: 0 floresta, 1 subterrâneo, 2 neve, 3 deserto, 4 selva, 5 oceano, 6 sagrado, 7 cogumelo, 8 masmorra, 9 corrupção, 10 carmim. shopHelper e vizinhos são nativos.","AllPersonalitiesModifier.ModifyShopPrice, sem filtro nativo, somente cálculos de preço","https://github.com/JonataOliveiraa/Bunny-Loader/blob/main/app/src/main/cpp/script/js/mod/ModNPC.js#L83"
"ModNPC","ModifyNPCLoot","Instância","ModifyNPCLoot(npcLoot)","ModNPC","Não","Declarado","undefined","Uma vez: os drops.","nativo","https://github.com/JonataOliveiraa/Bunny-Loader/blob/main/app/src/main/cpp/script/js/mod/ModNPC.js#L31"
"ModNPC","NPC","Getter","get NPC","ModNPC","Não","Declarado","Entities.Of(this)","Consulte a implementação na fonte.","","https://github.com/JonataOliveiraa/Bunny-Loader/blob/main/app/src/main/cpp/script/js/mod/ModNPC.js#L20"
"ModNPC","NPCHeadSlot","Instância","NPCHeadSlot()","ModNPC","Não","Declarado","bl.npcs.headSlot(this.Type)","(para ler) o índice da cabeça, -1 sem cabeça.","","https://github.com/JonataOliveiraa/Bunny-Loader/blob/main/app/src/main/cpp/script/js/mod/ModNPC.js#L84"
"ModNPC","NPCValue","Estático","NPCValue(p = 0, g = 0, s = 0, c = 0)","ModNPC","Não","Declarado","p * 1000000 + g * 10000 + s * 100 + c","O dinheiro que ele solta.","","https://github.com/JonataOliveiraa/Bunny-Loader/blob/main/app/src/main/cpp/script/js/mod/ModNPC.js#L95"
"ModNPC","OnChatButtonClicked","Instância","OnChatButtonClicked(npc, firstButton)","ModNPC","Não","Declarado","undefined","Tocou num botão; devolva o nome de uma loja para abri-la.","GUINPCDialogue.Option1Clicked/Option2Clicked","https://github.com/JonataOliveiraa/Bunny-Loader/blob/main/app/src/main/cpp/script/js/mod/ModNPC.js#L88"
"ModNPC","OnHitByItem","Instância","OnHitByItem(npc, player, item, hit, damageDone)","ModNPC","Não","Declarado","undefined","Após dano efetivo de item, uma vez por golpe. hit contém Damage, SourceDamage, Knockback, HitDirection e Crit. damageDone é o retorno efetivo nativo.","fluxo compartilhado de NPC.StrikeNPC","https://github.com/JonataOliveiraa/Bunny-Loader/blob/main/app/src/main/cpp/script/js/mod/ModNPC.js#L36"
"ModNPC","OnHitByProjectile","Instância","OnHitByProjectile(npc, projectile, hit, damageDone)","ModNPC","Não","Declarado","undefined","Após dano efetivo de projétil, inclusive sem dono jogador. Inclui projéteis sem dono jogador. hit contém Damage, SourceDamage, Knockback, HitDirection e Crit. damageDone é o retorno efetivo nativo.","Projectile.Damage_PVE e fluxo compartilhado de NPC.StrikeNPC","https://github.com/JonataOliveiraa/Bunny-Loader/blob/main/app/src/main/cpp/script/js/mod/ModNPC.js#L37"
"ModNPC","OnHitPlayer","Instância","OnHitPlayer(npc, player, hurtInfo)","ModNPC","Não","Declarado","undefined","Após dano efetivo, recebe os dados do golpe e o slot usado. hurtInfo contém DamageSource, Damage, HitDirection, PvP, Quiet, Crit, CooldownCounter e Dodgeable.","fluxo compartilhado de Player.Hurt","https://github.com/JonataOliveiraa/Bunny-Loader/blob/main/app/src/main/cpp/script/js/mod/ModNPC.js#L40"
"ModNPC","OnKill","Instância","OnKill(npc)","ModNPC","Não","Declarado","undefined","Na morte. PreKill → false cancela o drop.","NPC.NPCLoot, filtro tipo","https://github.com/JonataOliveiraa/Bunny-Loader/blob/main/app/src/main/cpp/script/js/mod/ModNPC.js#L62"
"ModNPC","OnSpawn","Instância","OnSpawn(npc, source)","ModNPC","Não","Declarado","undefined","Uma vez após nascer; recebe a fonte nativa.","NPC.NewNPC, filtro no argumento Type e por sobrescrita","https://github.com/JonataOliveiraa/Bunny-Loader/blob/main/app/src/main/cpp/script/js/mod/ModNPC.js#L34"
"ModNPC","PostAI","Instância","PostAI(npc)","ModNPC","Não","Declarado","undefined","Todo quadro. PreAI → false pula a IA do jogo.","NPC.AI, filtro tipo","https://github.com/JonataOliveiraa/Bunny-Loader/blob/main/app/src/main/cpp/script/js/mod/ModNPC.js#L56"
"ModNPC","PostDraw","Instância","PostDraw(npc, spriteBatch, screenPos, drawColor)","ModNPC","Não","Declarado","undefined","Após desenhar, inclusive quando PreDraw veta.","duas sobrecargas de Main.DrawNPCDirect, filtro por NPC e sobrescrita","https://github.com/JonataOliveiraa/Bunny-Loader/blob/main/app/src/main/cpp/script/js/mod/ModNPC.js#L46"
"ModNPC","PostSetDefaults","Instância","PostSetDefaults(npc)","ModNPC","Não","Declarado","undefined","A implementação base não executa ações.","","https://github.com/JonataOliveiraa/Bunny-Loader/blob/main/app/src/main/cpp/script/js/mod/ModNPC.js#L28"
"ModNPC","PostSetupContent","Instância","PostSetupContent()","ModNPC","Não","Declarado","undefined","A implementação base não executa ações.","","https://github.com/JonataOliveiraa/Bunny-Loader/blob/main/app/src/main/cpp/script/js/mod/ModNPC.js#L29"
"ModNPC","PostStaticDefaults","Instância","PostStaticDefaults()","ModNPC","Não","Declarado","undefined","A implementação base não executa ações.","","https://github.com/JonataOliveiraa/Bunny-Loader/blob/main/app/src/main/cpp/script/js/mod/ModNPC.js#L27"
"ModNPC","PreAI","Instância","PreAI(npc)","ModNPC","Não","Declarado","true","Todo quadro. PreAI → false pula a IA do jogo.","NPC.AI, filtro tipo","https://github.com/JonataOliveiraa/Bunny-Loader/blob/main/app/src/main/cpp/script/js/mod/ModNPC.js#L54"
"ModNPC","PreDraw","Instância","PreDraw(npc, spriteBatch, screenPos, drawColor)","ModNPC","Não","Declarado","true","false pula o desenho nativo.","duas sobrecargas de Main.DrawNPCDirect, filtro por NPC e sobrescrita","https://github.com/JonataOliveiraa/Bunny-Loader/blob/main/app/src/main/cpp/script/js/mod/ModNPC.js#L45"
"ModNPC","PreKill","Instância","PreKill(npc)","ModNPC","Não","Declarado","true","Na morte. PreKill → false cancela o drop.","NPC.NPCLoot, filtro tipo","https://github.com/JonataOliveiraa/Bunny-Loader/blob/main/app/src/main/cpp/script/js/mod/ModNPC.js#L61"
"ModNPC","ReceiveExtraAI","Instância","ReceiveExtraAI(reader)","ModNPC","Não","Declarado","undefined","A implementação base não executa ações.","","https://github.com/JonataOliveiraa/Bunny-Loader/blob/main/app/src/main/cpp/script/js/mod/ModNPC.js#L58"
"ModNPC","register","Estático","register(cls)","ModNPC","Não","Declarado","Consultar fonte","Como no item.","","https://github.com/JonataOliveiraa/Bunny-Loader/blob/main/app/src/main/cpp/script/js/mod/ModNPC.js#L99"
"ModNPC","ResetEffects","Instância","ResetEffects(npc)","ModNPC","Não","Declarado","undefined","Depois de zerar os flags de buffs, antes de reaplicar efeitos e executar AI.","entrada de NPC.UpdateNPC_BuffSetFlags, filtro por tipo e sobrescrita","https://github.com/JonataOliveiraa/Bunny-Loader/blob/main/app/src/main/cpp/script/js/mod/ModNPC.js#L35"
"ModNPC","SendExtraAI","Instância","SendExtraAI(writer)","ModNPC","Não","Declarado","undefined","A implementação base não executa ações.","","https://github.com/JonataOliveiraa/Bunny-Loader/blob/main/app/src/main/cpp/script/js/mod/ModNPC.js#L57"
"ModNPC","SetBestiary","Instância","SetBestiary(database, bestiaryEntry)","ModNPC","Não","Declarado","undefined","Uma vez: a entrada do Bestiário.","conteúdo pronto","https://github.com/JonataOliveiraa/Bunny-Loader/blob/main/app/src/main/cpp/script/js/mod/ModNPC.js#L32"
"ModNPC","SetChatButtons","Instância","SetChatButtons(npc, buttons)","ModNPC","Não","Declarado","undefined","Os botões da conversa (até dois no celular).","GUINPCDialogue.SetupButtonText","https://github.com/JonataOliveiraa/Bunny-Loader/blob/main/app/src/main/cpp/script/js/mod/ModNPC.js#L86"
"ModNPC","SetDefaults","Instância","SetDefaults(npc)","ModNPC","Não","Declarado","undefined","Todo NPC deste tipo que nasce. A escala de Expert/Mestre vem depois.","nativo (NPC.SetDefaults)","https://github.com/JonataOliveiraa/Bunny-Loader/blob/main/app/src/main/cpp/script/js/mod/ModNPC.js#L26"
"ModNPC","SetNPCNameList","Instância","SetNPCNameList()","ModNPC","Não","Declarado","[]","Os nomes próprios; um é sorteado.","NPC.getNewNPCName","https://github.com/JonataOliveiraa/Bunny-Loader/blob/main/app/src/main/cpp/script/js/mod/ModNPC.js#L78"
"ModNPC","SetStaticDefaults","Instância","SetStaticDefaults()","ModNPC","Não","Declarado","undefined","Uma vez. Main.npcFrameCount[this.Type] = n: quadros da textura.","nativo","https://github.com/JonataOliveiraa/Bunny-Loader/blob/main/app/src/main/cpp/script/js/mod/ModNPC.js#L25"
"ModNPC","SpawnChance","Instância","SpawnChance(spawnInfo)","ModNPC","Não","Declarado","0","A cada spawn natural: devolva o peso (o do jogo pesa 1; 0 = não nasce). Só sozinho ou no servidor.","NPC.Spawner.SpawnAnNPC, sem filtro","https://github.com/JonataOliveiraa/Bunny-Loader/blob/main/app/src/main/cpp/script/js/mod/ModNPC.js#L67"
"ModNPC","SpawnNPC","Instância","SpawnNPC(tileX, tileY)","ModNPC","Não","Declarado","Consultar fonte","Sorteado: como nasce, no bloco do spawn; devolve o índice. Padrão: em cima do bloco (tileX  16 + 8, tileY  16), como no tModLoader.","NPC.Spawner.SpawnAnNPC, sem filtro","https://github.com/JonataOliveiraa/Bunny-Loader/blob/main/app/src/main/cpp/script/js/mod/ModNPC.js#L70"
"ModNPC","TownNPCAttackCooldown","Não implementado","","","Não","Não implementado","","Cooldown e seus parâmetros ficam em variáveis locais da AI de moradores. Não há helper interceptável com as referências completas.","","https://github.com/JonataOliveiraa/Bunny-Loader/blob/main/tools/tests/modnpchooks/README.md#métodos-descartados"
"ModNPC","TownNPCAttackMagic","Não implementado","","","Não","Não implementado","","Os parâmetros da aura ficam em variáveis locais da AI de moradores. Não há helper interceptável com as referências completas.","","https://github.com/JonataOliveiraa/Bunny-Loader/blob/main/tools/tests/modnpchooks/README.md#métodos-descartados"
"ModNPC","TownNPCAttackProj","Instância","TownNPCAttackProj(npc, attack)","ModNPC","Não","Declarado","undefined","O projétil do ataque (projType, attackDelay).","NPC.AI, filtro tipo","https://github.com/JonataOliveiraa/Bunny-Loader/blob/main/app/src/main/cpp/script/js/mod/ModNPC.js#L92"
"ModNPC","TownNPCAttackProjSpeed","Instância","TownNPCAttackProjSpeed(npc, attack)","ModNPC","Não","Declarado","undefined","speed, gravityCorrection, randomOffset.","NPC.AI, filtro tipo","https://github.com/JonataOliveiraa/Bunny-Loader/blob/main/app/src/main/cpp/script/js/mod/ModNPC.js#L93"
"ModNPC","TownNPCAttackShoot","Não implementado","","","Não","Não implementado","","Os parâmetros de tiro ficam em variáveis locais da AI de moradores. Não há helper interceptável com as referências completas.","","https://github.com/JonataOliveiraa/Bunny-Loader/blob/main/tools/tests/modnpchooks/README.md#métodos-descartados"
"ModNPC","TownNPCAttackStrength","Instância","TownNPCAttackStrength(npc, attack)","ModNPC","Não","Declarado","undefined","damage, knockback.","NPC.AI, filtro tipo","https://github.com/JonataOliveiraa/Bunny-Loader/blob/main/app/src/main/cpp/script/js/mod/ModNPC.js#L91"
"ModNPC","TownNPCAttackSwing","Não implementado","","","Não","Não implementado","","Os parâmetros da hitbox ficam em variáveis locais da AI de moradores. Não há helper interceptável com as referências completas.","","https://github.com/JonataOliveiraa/Bunny-Loader/blob/main/tools/tests/modnpchooks/README.md#métodos-descartados"
"ModNPC","TownNPCProfile","Instância","TownNPCProfile()","ModNPC","Não","Declarado","null","Uma vez após carregar conteúdo: devolva um ITownNPCProfile nativo; null mantém a aparência automática. Chamado uma vez no template, com conteúdo pronto. Retorne um ITownNPCProfile nativo ou null.","registro em TownNPCProfiles.Instance, sem hook por frame","https://github.com/JonataOliveiraa/Bunny-Loader/blob/main/app/src/main/cpp/script/js/mod/ModNPC.js#L81"
"ModNPC","UpdateLifeRegen","Não implementado","","","Não","Não implementado","","UpdateNPC_BuffApplyDOTs acumula e aplica o dano em uma DOTTally local. A referência de dano não fica acessível antes da aplicação.","","https://github.com/JonataOliveiraa/Bunny-Loader/blob/main/tools/tests/modnpchooks/README.md#métodos-descartados"
"ModPacket","constructor","Construtor","constructor(mod)","ModPacket","Não","Declarado","instância","Consulte a implementação na fonte.","","https://github.com/JonataOliveiraa/Bunny-Loader/blob/main/app/src/main/cpp/script/js/mod/ModPacket.js#L3"
"ModPacket","Send","Instância","Send(toClient = -1, ignoreClient = -1)","ModPacket","Não","Declarado","Consultar fonte","Do cliente: ao servidor. Do servidor: a um cliente, ou a todos menos um.","","https://github.com/JonataOliveiraa/Bunny-Loader/blob/main/app/src/main/cpp/script/js/mod/ModPacket.js#L9"
"ModPacket","Write","Instância","Write(value)","NetWriter","Sim","Declarado","Consultar fonte","Guarda número, texto, booleano, array, objeto simples ou Vector2. Os nomes com tipo (WriteInt32...) fazem o mesmo. Grava valores JS no protocolo do loader, não bytes de BinaryWriter. As variantes WriteByte, WriteInt32 etc. são aliases de Write.","","https://github.com/JonataOliveiraa/Bunny-Loader/blob/main/app/src/main/cpp/script/js/mod/NetWriter.js#L6"
"ModPacket","Write7BitEncodedInt","Instância","Write7BitEncodedInt(value)","NetWriter","Sim","Declarado","Consultar fonte","Alias de NetWriter.Write.","","https://github.com/JonataOliveiraa/Bunny-Loader/blob/main/app/src/main/cpp/script/js/mod/NetWriter.js#L18"
"ModPacket","WriteBoolean","Instância","WriteBoolean(value)","NetWriter","Sim","Declarado","Consultar fonte","Alias de NetWriter.Write.","","https://github.com/JonataOliveiraa/Bunny-Loader/blob/main/app/src/main/cpp/script/js/mod/NetWriter.js#L18"
"ModPacket","WriteByte","Instância","WriteByte(value)","NetWriter","Sim","Declarado","Consultar fonte","Alias de NetWriter.Write.","","https://github.com/JonataOliveiraa/Bunny-Loader/blob/main/app/src/main/cpp/script/js/mod/NetWriter.js#L18"
"ModPacket","WriteDouble","Instância","WriteDouble(value)","NetWriter","Sim","Declarado","Consultar fonte","Alias de NetWriter.Write.","","https://github.com/JonataOliveiraa/Bunny-Loader/blob/main/app/src/main/cpp/script/js/mod/NetWriter.js#L18"
"ModPacket","WriteFlags","Instância","WriteFlags(...flags)","NetWriter","Sim","Declarado","Consultar fonte","Vários booleanos; um vetor.","","https://github.com/JonataOliveiraa/Bunny-Loader/blob/main/app/src/main/cpp/script/js/mod/NetWriter.js#L12"
"ModPacket","WriteInt16","Instância","WriteInt16(value)","NetWriter","Sim","Declarado","Consultar fonte","Alias de NetWriter.Write.","","https://github.com/JonataOliveiraa/Bunny-Loader/blob/main/app/src/main/cpp/script/js/mod/NetWriter.js#L18"
"ModPacket","WriteInt32","Instância","WriteInt32(value)","NetWriter","Sim","Declarado","Consultar fonte","Alias de NetWriter.Write.","","https://github.com/JonataOliveiraa/Bunny-Loader/blob/main/app/src/main/cpp/script/js/mod/NetWriter.js#L18"
"ModPacket","WriteInt64","Instância","WriteInt64(value)","NetWriter","Sim","Declarado","Consultar fonte","Alias de NetWriter.Write.","","https://github.com/JonataOliveiraa/Bunny-Loader/blob/main/app/src/main/cpp/script/js/mod/NetWriter.js#L18"
"ModPacket","WriteSByte","Instância","WriteSByte(value)","NetWriter","Sim","Declarado","Consultar fonte","Alias de NetWriter.Write.","","https://github.com/JonataOliveiraa/Bunny-Loader/blob/main/app/src/main/cpp/script/js/mod/NetWriter.js#L18"
"ModPacket","WriteSingle","Instância","WriteSingle(value)","NetWriter","Sim","Declarado","Consultar fonte","Alias de NetWriter.Write.","","https://github.com/JonataOliveiraa/Bunny-Loader/blob/main/app/src/main/cpp/script/js/mod/NetWriter.js#L18"
"ModPacket","WriteString","Instância","WriteString(value)","NetWriter","Sim","Declarado","Consultar fonte","Alias de NetWriter.Write.","","https://github.com/JonataOliveiraa/Bunny-Loader/blob/main/app/src/main/cpp/script/js/mod/NetWriter.js#L18"
"ModPacket","WriteUInt16","Instância","WriteUInt16(value)","NetWriter","Sim","Declarado","Consultar fonte","Alias de NetWriter.Write.","","https://github.com/JonataOliveiraa/Bunny-Loader/blob/main/app/src/main/cpp/script/js/mod/NetWriter.js#L18"
"ModPacket","WriteUInt32","Instância","WriteUInt32(value)","NetWriter","Sim","Declarado","Consultar fonte","Alias de NetWriter.Write.","","https://github.com/JonataOliveiraa/Bunny-Loader/blob/main/app/src/main/cpp/script/js/mod/NetWriter.js#L18"
"ModPacket","WriteVector2","Instância","WriteVector2(v)","NetWriter","Sim","Declarado","Consultar fonte","Vários booleanos; um vetor.","","https://github.com/JonataOliveiraa/Bunny-Loader/blob/main/app/src/main/cpp/script/js/mod/NetWriter.js#L13"
"ModPlayer","AddDrawData","Estático","AddDrawData(drawInfo, drawData)","ModPlayer","Não","Declarado","Consultar fonte","Estático de ModPlayer: grava no próximo slot ativo e incrementa DrawDataCacheCount depois da escrita. Retorna true na inserção e false para cache cheio, contador inválido ou cache/dado ausente. Reaproveita o array nativo, sem alocar outro array ou instalar hooks. Tempo e espaço adicional constantes.","","https://github.com/JonataOliveiraa/Bunny-Loader/blob/main/app/src/main/cpp/script/js/mod/ModPlayer.js#L152"
"ModPlayer","AddMaterialsForCrafting","Instância","AddMaterialsForCrafting(player, itemConsumedCallback)","ModPlayer","Não","Declarado","null","Retorna itens; ponha uma função (item, index) em itemConsumedCallback.value.","","https://github.com/JonataOliveiraa/Bunny-Loader/blob/main/app/src/main/cpp/script/js/mod/ModPlayer.js#L134"
"ModPlayer","AddStartingItems","Instância","AddStartingItems(player, mediumCoreDeath)","ModPlayer","Não","Declarado","[]","Retorna uma lista de itens; padrão vazio.","","https://github.com/JonataOliveiraa/Bunny-Loader/blob/main/app/src/main/cpp/script/js/mod/ModPlayer.js#L132"
"ModPlayer","AnglerQuestReward","Instância","AnglerQuestReward(player, rareMultiplier, rewardItems)","ModPlayer","Não","Declarado","undefined","Lista JS mutável de itens antes da entrega.","","https://github.com/JonataOliveiraa/Bunny-Loader/blob/main/app/src/main/cpp/script/js/mod/ModPlayer.js#L121"
"ModPlayer","ApplyPotionDelay","Instância","ApplyPotionDelay(player, item, potionDelay)","ModPlayer","Não","Declarado","true","Recebe o tempo efetivo, incluindo sorteios; false impede o atraso e o buff. Recebe o atraso final após ModItem.ModifyPotionDelay. Qualquer veto de ModItem ou ModPlayer impede contador e buff; conserva cura e consumo.","","https://github.com/JonataOliveiraa/Bunny-Loader/blob/main/app/src/main/cpp/script/js/mod/ModPlayer.js#L86"
"ModPlayer","ArmorSetBonusActivated","Instância","ArmorSetBonusActivated(player)","ModPlayer","Não","Declarado","undefined","Duplo toque na direção de ativação configurada.","","https://github.com/JonataOliveiraa/Bunny-Loader/blob/main/app/src/main/cpp/script/js/mod/ModPlayer.js#L95"
"ModPlayer","ArmorSetBonusHeld","Instância","ArmorSetBonusHeld(player, holdTime)","ModPlayer","Não","Declarado","undefined","Direção de ativação mantida pressionada.","","https://github.com/JonataOliveiraa/Bunny-Loader/blob/main/app/src/main/cpp/script/js/mod/ModPlayer.js#L96"
"ModPlayer","CanAutoReuseItem","Instância","CanAutoReuseItem(player, item)","ModPlayer","Não","Declarado","null","Decisão opcional, preservando os campos permanentes do item.","","https://github.com/JonataOliveiraa/Bunny-Loader/blob/main/app/src/main/cpp/script/js/mod/ModPlayer.js#L72"
"ModPlayer","CanBeHitByNPC","Instância","CanBeHitByNPC(player, npc, cooldownSlot)","ModPlayer","Não","Declarado","true","Veto; cooldownSlot é Ref<int>.","","https://github.com/JonataOliveiraa/Bunny-Loader/blob/main/app/src/main/cpp/script/js/mod/ModPlayer.js#L60"
"ModPlayer","CanBeHitByProjectile","Instância","CanBeHitByProjectile(player, projectile)","ModPlayer","Não","Declarado","true","Veto ao dano recebido de projétil.","","https://github.com/JonataOliveiraa/Bunny-Loader/blob/main/app/src/main/cpp/script/js/mod/ModPlayer.js#L61"
"ModPlayer","CanBeTeleportedTo","Instância","CanBeTeleportedTo(player, teleportPosition, context)","ModPlayer","Não","Declarado","true","Veto no teleporte nativo; contexto 'TeleportRod', 'TeleportationPotion', 'Teleport' ou 'Wormhole'.","","https://github.com/JonataOliveiraa/Bunny-Loader/blob/main/app/src/main/cpp/script/js/mod/ModPlayer.js#L138"
"ModPlayer","CanBuyItem","Instância","CanBuyItem(player, vendor, shopInventory, item)","ModPlayer","Não","Declarado","true","Veto antes do pagamento da compra.","","https://github.com/JonataOliveiraa/Bunny-Loader/blob/main/app/src/main/cpp/script/js/mod/ModPlayer.js#L122"
"ModPlayer","CanCatchNPC","Instância","CanCatchNPC(player, target, item)","ModPlayer","Não","Declarado","null","Decisão opcional para a captura.","","https://github.com/JonataOliveiraa/Bunny-Loader/blob/main/app/src/main/cpp/script/js/mod/ModPlayer.js#L130"
"ModPlayer","CanConsumeAmmo","Instância","CanConsumeAmmo(player, weapon, ammo)","ModPlayer","Não","Declarado","true","false preserva a munição; não consulta em chamadas dontConsume.","","https://github.com/JonataOliveiraa/Bunny-Loader/blob/main/app/src/main/cpp/script/js/mod/ModPlayer.js#L70"
"ModPlayer","CanConsumeBait","Instância","CanConsumeBait(player, bait)","ModPlayer","Não","Declarado","null","Decisão opcional depois do sorteio nativo de consumo.","","https://github.com/JonataOliveiraa/Bunny-Loader/blob/main/app/src/main/cpp/script/js/mod/ModPlayer.js#L120"
"ModPlayer","CanHitNPC","Instância","CanHitNPC(player, target)","ModPlayer","Não","Declarado","true","true por padrão; veto geral.","","https://github.com/JonataOliveiraa/Bunny-Loader/blob/main/app/src/main/cpp/script/js/mod/ModPlayer.js#L46"
"ModPlayer","CanHitNPCWithItem","Instância","CanHitNPCWithItem(player, item, target)","ModPlayer","Não","Declarado","null","null por padrão; decisão opcional para o item.","","https://github.com/JonataOliveiraa/Bunny-Loader/blob/main/app/src/main/cpp/script/js/mod/ModPlayer.js#L47"
"ModPlayer","CanHitNPCWithProj","Instância","CanHitNPCWithProj(player, projectile, target)","ModPlayer","Não","Declarado","null","Decisão opcional para o projétil.","","https://github.com/JonataOliveiraa/Bunny-Loader/blob/main/app/src/main/cpp/script/js/mod/ModPlayer.js#L48"
"ModPlayer","CanHitPvp","Instância","CanHitPvp(player, item, target)","ModPlayer","Não","Declarado","true","false impede o acerto corpo a corpo em outro jogador.","","https://github.com/JonataOliveiraa/Bunny-Loader/blob/main/app/src/main/cpp/script/js/mod/ModPlayer.js#L49"
"ModPlayer","CanMeleeAttackCollideWithNPC","Instância","CanMeleeAttackCollideWithNPC(player, item, hitbox, target)","ModPlayer","Não","Declarado","null","Decisão opcional para a interseção do golpe.","","https://github.com/JonataOliveiraa/Bunny-Loader/blob/main/app/src/main/cpp/script/js/mod/ModPlayer.js#L50"
"ModPlayer","CanSellItem","Instância","CanSellItem(player, vendor, shopInventory, item)","ModPlayer","Não","Declarado","true","Veto antes da venda.","","https://github.com/JonataOliveiraa/Bunny-Loader/blob/main/app/src/main/cpp/script/js/mod/ModPlayer.js#L124"
"ModPlayer","CanShoot","Instância","CanShoot(player, item)","ModPlayer","Não","Declarado","true","Veta o disparo, mantendo o tempo de uso.","","https://github.com/JonataOliveiraa/Bunny-Loader/blob/main/app/src/main/cpp/script/js/mod/ModPlayer.js#L67"
"ModPlayer","CanShowExtraJumpVisuals","Instância","CanShowExtraJumpVisuals(player, jump)","ModPlayer","Não","Declarado","true","Veto aos efeitos nativos do salto ativo.","","https://github.com/JonataOliveiraa/Bunny-Loader/blob/main/app/src/main/cpp/script/js/mod/ModPlayer.js#L100"
"ModPlayer","CanStartExtraJump","Instância","CanStartExtraJump(player, jump)","ModPlayer","Não","Declarado","true","Veto ao salto extra disponível.","","https://github.com/JonataOliveiraa/Bunny-Loader/blob/main/app/src/main/cpp/script/js/mod/ModPlayer.js#L99"
"ModPlayer","CanUseItem","Instância","CanUseItem(player, item)","ModPlayer","Não","Declarado","true","false impede usar.","Player.ItemCheck_CheckCanUse_Inner","https://github.com/JonataOliveiraa/Bunny-Loader/blob/main/app/src/main/cpp/script/js/mod/ModPlayer.js#L33"
"ModPlayer","CatchFish","Instância","CatchFish(attempt, itemDrop, npcSpawn, sonar, sonarPosition)","ModPlayer","Não","Declarado","undefined","Pescou, depois do sorteio do jogo: itemDrop.value e npcSpawn.value (Ref, 0 = nada) decidem o que sai; attempt tem questFish, common/uncommon/rare..., inLava... sonar/sonarPosition ainda não fazem nada. itemDrop e npcSpawn são Ref. sonar e sonarPosition ainda não são aplicados ao jogo.","Projectile.FishingCheck_RollItemDrop","https://github.com/JonataOliveiraa/Bunny-Loader/blob/main/app/src/main/cpp/script/js/mod/ModPlayer.js#L44"
"ModPlayer","ConsumableDodge","Instância","ConsumableDodge(player, info)","ModPlayer","Não","Declarado","false","true evita o dano após ModifyHurt e FreeDodge. Só para golpes esquiváveis do jogador local.","","https://github.com/JonataOliveiraa/Bunny-Loader/blob/main/app/src/main/cpp/script/js/mod/ModPlayer.js#L38"
"ModPlayer","CopyClientState","Instância","CopyClientState(player, targetCopy)","ModPlayer","Não","Declarado","undefined","Copia para outra instância da mesma classe, associada ao clone nativo.","","https://github.com/JonataOliveiraa/Bunny-Loader/blob/main/app/src/main/cpp/script/js/mod/ModPlayer.js#L145"
"ModPlayer","DrawEffects","Instância","DrawEffects(player, drawInfo, r, g, b, a, fullBright)","ModPlayer","Não","Declarado","undefined","Multiplicadores Ref<float> e Ref<bool>; depois da preparação nativa.","","https://github.com/JonataOliveiraa/Bunny-Loader/blob/main/app/src/main/cpp/script/js/mod/ModPlayer.js#L108"
"ModPlayer","DrawPlayer","Instância","DrawPlayer(player, camera)","ModPlayer","Não","Declarado","undefined","Depois do desenho nativo completo.","","https://github.com/JonataOliveiraa/Bunny-Loader/blob/main/app/src/main/cpp/script/js/mod/ModPlayer.js#L109"
"ModPlayer","EmitEnchantmentVisualsAt","Instância","EmitEnchantmentVisualsAt(player, projectile, position, width, height)","ModPlayer","Não","Declarado","undefined","Depois dos efeitos de encantamento do projétil.","","https://github.com/JonataOliveiraa/Bunny-Loader/blob/main/app/src/main/cpp/script/js/mod/ModPlayer.js#L59"
"ModPlayer","ExtraJumpVisuals","Instância","ExtraJumpVisuals(player, jump)","ModPlayer","Não","Declarado","undefined","Efeitos adicionais do salto permitido.","","https://github.com/JonataOliveiraa/Bunny-Loader/blob/main/app/src/main/cpp/script/js/mod/ModPlayer.js#L101"
"ModPlayer","FrameEffects","Instância","FrameEffects(player)","ModPlayer","Não","Declarado","undefined","Depois de o jogo montar o que se desenha: trocar player.head/body/legs muda o desenho.","depois do Player.PlayerFrame","https://github.com/JonataOliveiraa/Bunny-Loader/blob/main/app/src/main/cpp/script/js/mod/ModPlayer.js#L28"
"ModPlayer","FreeDodge","Instância","FreeDodge(player, damageSource, damage, hitDirection, pvp, quiet, crit, cooldownCounter, dodgeable)","ModPlayer","Não","Declarado","false","true: esquiva.","Player.Hurt","https://github.com/JonataOliveiraa/Bunny-Loader/blob/main/app/src/main/cpp/script/js/mod/ModPlayer.js#L37"
"ModPlayer","get","Estático","get(player)","ModPlayer","Não","Declarado","PlayerLoader.Of(player).get(this)","O mesmo.","","https://github.com/JonataOliveiraa/Bunny-Loader/blob/main/app/src/main/cpp/script/js/mod/ModPlayer.js#L161"
"ModPlayer","getByName","Estático","getByName(name)","ModPlayer","Não","Declarado","PlayerLoader.Find(Terraria.Main.player[Terraria.Main.myPlayer], name)","A do jogador local (para interface).","","https://github.com/JonataOliveiraa/Bunny-Loader/blob/main/app/src/main/cpp/script/js/mod/ModPlayer.js#L165"
"ModPlayer","GetDyeTraderReward","Instância","GetDyeTraderReward(player, rewardPool)","ModPlayer","Não","Declarado","undefined","Lista JS mutável de IDs antes do sorteio. Lista vazia produz item vazio.","","https://github.com/JonataOliveiraa/Bunny-Loader/blob/main/app/src/main/cpp/script/js/mod/ModPlayer.js#L129"
"ModPlayer","GetFishingLevel","Instância","GetFishingLevel(player, fishingRod, bait, fishingLevel)","ModPlayer","Não","Declarado","undefined","Ref<float>; os itens podem ser null quando não encontrados.","","https://github.com/JonataOliveiraa/Bunny-Loader/blob/main/app/src/main/cpp/script/js/mod/ModPlayer.js#L117"
"ModPlayer","GetHealLife","Instância","GetHealLife(player, item, quickHeal, healValue)","ModPlayer","Não","Declarado","undefined","healValue é Ref<int>; também influencia a escolha da cura rápida. Depois de ModItem, somente com healLife base positivo. quickHeal usa contexto por jogador; também participa da seleção de QuickHeal.","","https://github.com/JonataOliveiraa/Bunny-Loader/blob/main/app/src/main/cpp/script/js/mod/ModPlayer.js#L84"
"ModPlayer","GetHealMana","Instância","GetHealMana(player, item, quickHeal, healValue)","ModPlayer","Não","Declarado","undefined","healValue é Ref<int>. Depois de ModItem, somente com healMana base positivo. quickHeal true em QuickHeal e QuickMana; campos temporários restaurados.","","https://github.com/JonataOliveiraa/Bunny-Loader/blob/main/app/src/main/cpp/script/js/mod/ModPlayer.js#L85"
"ModPlayer","HideDrawLayers","Instância","HideDrawLayers(player, drawInfo)","ModPlayer","Não","Declarado","undefined","Chame PlayerDrawLayers.Head.Hide(), por exemplo, para aquele desenho.","","https://github.com/JonataOliveiraa/Bunny-Loader/blob/main/app/src/main/cpp/script/js/mod/ModPlayer.js#L110"
"ModPlayer","HoverSlot","Instância","HoverSlot(player, inventory, context, slot)","ModPlayer","Não","Declarado","false","true trata o hover e pula o nativo.","","https://github.com/JonataOliveiraa/Bunny-Loader/blob/main/app/src/main/cpp/script/js/mod/ModPlayer.js#L136"
"ModPlayer","ImmuneTo","Instância","ImmuneTo(player, damageSource, cooldownCounter, dodgeable)","ModPlayer","Não","Declarado","false","true: o golpe não acontece.","Player.Hurt","https://github.com/JonataOliveiraa/Bunny-Loader/blob/main/app/src/main/cpp/script/js/mod/ModPlayer.js#L36"
"ModPlayer","Initialize","Instância","Initialize()","ModPlayer","Não","Declarado","undefined","Uma vez, quando a instância nasce.","","https://github.com/JonataOliveiraa/Bunny-Loader/blob/main/app/src/main/cpp/script/js/mod/ModPlayer.js#L8"
"ModPlayer","Kill","Instância","Kill(player, damageSource, damage, hitDirection, pvp)","ModPlayer","Não","Declarado","undefined","Morreu.","Player.KillMe","https://github.com/JonataOliveiraa/Bunny-Loader/blob/main/app/src/main/cpp/script/js/mod/ModPlayer.js#L43"
"ModPlayer","LoadData","Instância","LoadData(data)","ModPlayer","Não","Declarado","undefined","Ao carregar o personagem.","Player.LoadPlayer","https://github.com/JonataOliveiraa/Bunny-Loader/blob/main/app/src/main/cpp/script/js/mod/ModPlayer.js#L150"
"ModPlayer","MeleeEffects","Instância","MeleeEffects(player, item, hitbox)","ModPlayer","Não","Declarado","undefined","Durante os efeitos visuais de uso.","","https://github.com/JonataOliveiraa/Bunny-Loader/blob/main/app/src/main/cpp/script/js/mod/ModPlayer.js#L58"
"ModPlayer","ModifyCaughtFish","Instância","ModifyCaughtFish(player, fish)","ModPlayer","Não","Declarado","undefined","Altera o item efetivo antes de entregá-lo.","","https://github.com/JonataOliveiraa/Bunny-Loader/blob/main/app/src/main/cpp/script/js/mod/ModPlayer.js#L119"
"ModPlayer","ModifyDrawInfo","Instância","ModifyDrawInfo(player, drawInfo)","ModPlayer","Não","Declarado","undefined","Altera o PlayerDrawSet antes de construir as camadas. Cache móvel é DrawData[] com DrawDataCacheCount, não List<DrawData>. Use ModPlayer.AddDrawData(drawInfo, drawData). A entrada precede as camadas nativas e pode ficar atrás do jogador.","","https://github.com/JonataOliveiraa/Bunny-Loader/blob/main/app/src/main/cpp/script/js/mod/ModPlayer.js#L111"
"ModPlayer","ModifyDrawLayerOrdering","Instância","ModifyDrawLayerOrdering(player, positions)","ModPlayer","Não","Declarado","undefined","Map de descritor para { Before: descritor } ou { After: descritor }.","","https://github.com/JonataOliveiraa/Bunny-Loader/blob/main/app/src/main/cpp/script/js/mod/ModPlayer.js#L112"
"ModPlayer","ModifyExtraJumpDurationMultiplier","Instância","ModifyExtraJumpDurationMultiplier(player, jump, duration)","ModPlayer","Não","Declarado","undefined","duration é Ref<float>, inicialmente 1.","","https://github.com/JonataOliveiraa/Bunny-Loader/blob/main/app/src/main/cpp/script/js/mod/ModPlayer.js#L102"
"ModPlayer","ModifyFishingAttempt","Instância","ModifyFishingAttempt(player, attempt)","ModPlayer","Não","Declarado","undefined","Antes do sorteio do item; altera a tentativa diretamente.","","https://github.com/JonataOliveiraa/Bunny-Loader/blob/main/app/src/main/cpp/script/js/mod/ModPlayer.js#L118"
"ModPlayer","ModifyHitByNPC","Instância","ModifyHitByNPC(player, npc, modifiers)","ModPlayer","Não","Declarado","undefined","Antes de ModifyHurt.","","https://github.com/JonataOliveiraa/Bunny-Loader/blob/main/app/src/main/cpp/script/js/mod/ModPlayer.js#L62"
"ModPlayer","ModifyHitByProjectile","Instância","ModifyHitByProjectile(player, projectile, modifiers)","ModPlayer","Não","Declarado","undefined","Antes de ModifyHurt.","","https://github.com/JonataOliveiraa/Bunny-Loader/blob/main/app/src/main/cpp/script/js/mod/ModPlayer.js#L63"
"ModPlayer","ModifyHitNPC","Instância","ModifyHitNPC(player, target, modifiers)","ModPlayer","Não","Declarado","undefined","Antes do dano nativo, seguido do callback específico da origem.","","https://github.com/JonataOliveiraa/Bunny-Loader/blob/main/app/src/main/cpp/script/js/mod/ModPlayer.js#L51"
"ModPlayer","ModifyHitNPCWithItem","Instância","ModifyHitNPCWithItem(player, item, target, modifiers)","ModPlayer","Não","Declarado","undefined","Modifica o golpe de item.","","https://github.com/JonataOliveiraa/Bunny-Loader/blob/main/app/src/main/cpp/script/js/mod/ModPlayer.js#L52"
"ModPlayer","ModifyHitNPCWithProj","Instância","ModifyHitNPCWithProj(player, projectile, target, modifiers)","ModPlayer","Não","Declarado","undefined","Modifica o golpe de projétil.","","https://github.com/JonataOliveiraa/Bunny-Loader/blob/main/app/src/main/cpp/script/js/mod/ModPlayer.js#L53"
"ModPlayer","ModifyHurt","Instância","ModifyHurt(player, modifiers)","ModPlayer","Não","Declarado","undefined","Antes do golpe: modifiers.damage, hitDirection, quiet, crit, dodgeable.","Player.Hurt","https://github.com/JonataOliveiraa/Bunny-Loader/blob/main/app/src/main/cpp/script/js/mod/ModPlayer.js#L39"
"ModPlayer","ModifyItemScale","Instância","ModifyItemScale(player, item, scale)","ModPlayer","Não","Declarado","undefined","scale é Ref<float> do multiplicador. Atua em GetAdjustedItemScale e na hitbox nativa, junto com ModItem.","","https://github.com/JonataOliveiraa/Bunny-Loader/blob/main/app/src/main/cpp/script/js/mod/ModPlayer.js#L75"
"ModPlayer","ModifyLuck","Instância","ModifyLuck(player, luck)","ModPlayer","Não","Declarado","undefined","A sorte, luck.value; PreModifyLuck false pula a do jogo.","Player.RecalculateLuck","https://github.com/JonataOliveiraa/Bunny-Loader/blob/main/app/src/main/cpp/script/js/mod/ModPlayer.js#L31"
"ModPlayer","ModifyManaCost","Instância","ModifyManaCost(player, item, reduce, mult)","ModPlayer","Não","Declarado","undefined","Ref<float>: custo atual × (1 - reduce.value) × mult.value.","","https://github.com/JonataOliveiraa/Bunny-Loader/blob/main/app/src/main/cpp/script/js/mod/ModPlayer.js#L79"
"ModPlayer","ModifyMaxStats","Instância","ModifyMaxStats(player)","ModPlayer","Não","Declarado","Consultar fonte","Depois do ResetEffects.","Player.ResetEffects","https://github.com/JonataOliveiraa/Bunny-Loader/blob/main/app/src/main/cpp/script/js/mod/ModPlayer.js#L13"
"ModPlayer","ModifyNurseHeal","Instância","ModifyNurseHeal(player, nurse, health, removeDebuffs, chatText)","ModPlayer","Não","Declarado","true","Três Ref; false impede o atendimento e usa o texto informado.","","https://github.com/JonataOliveiraa/Bunny-Loader/blob/main/app/src/main/cpp/script/js/mod/ModPlayer.js#L127"
"ModPlayer","ModifyNursePrice","Instância","ModifyNursePrice(player, nurse, health, removeDebuffs, price)","ModPlayer","Não","Declarado","undefined","price é Ref<int>; consulta também ao mostrar o preço.","","https://github.com/JonataOliveiraa/Bunny-Loader/blob/main/app/src/main/cpp/script/js/mod/ModPlayer.js#L126"
"ModPlayer","ModifyScreenPosition","Instância","ModifyScreenPosition(player)","ModPlayer","Não","Declarado","undefined","Depois de atualizar a câmera; altere Main.screenPosition.","","https://github.com/JonataOliveiraa/Bunny-Loader/blob/main/app/src/main/cpp/script/js/mod/ModPlayer.js#L114"
"ModPlayer","ModifyShootStats","Instância","ModifyShootStats(player, item, position, velocity, type, damage, knockBack)","ModPlayer","Não","Declarado","undefined","Os cinco últimos parâmetros são Ref.","","https://github.com/JonataOliveiraa/Bunny-Loader/blob/main/app/src/main/cpp/script/js/mod/ModPlayer.js#L69"
"ModPlayer","ModifyStartingInventory","Instância","ModifyStartingInventory(player, itemsByMod, mediumCoreDeath)","ModPlayer","Não","Declarado","undefined","Map de UUID para listas de itens; itens nativos sob 'Terraria'.","","https://github.com/JonataOliveiraa/Bunny-Loader/blob/main/app/src/main/cpp/script/js/mod/ModPlayer.js#L133"
"ModPlayer","ModifyWeaponCrit","Instância","ModifyWeaponCrit(player, item, crit)","ModPlayer","Não","Declarado","undefined","crit é Ref<int>.","","https://github.com/JonataOliveiraa/Bunny-Loader/blob/main/app/src/main/cpp/script/js/mod/ModPlayer.js#L73"
"ModPlayer","ModifyWeaponDamage","Instância","ModifyWeaponDamage(player, item, damage)","ModPlayer","Não","Declarado","undefined","Devolva o dano novo.","Player.GetWeaponDamage","https://github.com/JonataOliveiraa/Bunny-Loader/blob/main/app/src/main/cpp/script/js/mod/ModPlayer.js#L34"
"ModPlayer","ModifyWeaponKnockback","Instância","ModifyWeaponKnockback(player, item, knockback)","ModPlayer","Não","Declarado","undefined","knockback é StatModifier.","","https://github.com/JonataOliveiraa/Bunny-Loader/blob/main/app/src/main/cpp/script/js/mod/ModPlayer.js#L74"
"ModPlayer","ModifyZoom","Instância","ModifyZoom(player, zoom)","ModPlayer","Não","Declarado","undefined","Ref<float>; preserva a proporção dos eixos.","","https://github.com/JonataOliveiraa/Bunny-Loader/blob/main/app/src/main/cpp/script/js/mod/ModPlayer.js#L115"
"ModPlayer","NaturalLifeRegen","Instância","NaturalLifeRegen(player, regen)","ModPlayer","Não","Declarado","undefined","Ref<float> no cálculo nativo da regeneração natural.","","https://github.com/JonataOliveiraa/Bunny-Loader/blob/main/app/src/main/cpp/script/js/mod/ModPlayer.js#L91"
"ModPlayer","OnCatchNPC","Instância","OnCatchNPC(player, npc, item, failed)","ModPlayer","Não","Declarado","undefined","Captura concluída ou tentativa que provoca dano ao tentar pegar criatura de lava.","","https://github.com/JonataOliveiraa/Bunny-Loader/blob/main/app/src/main/cpp/script/js/mod/ModPlayer.js#L131"
"ModPlayer","OnConsumeAmmo","Instância","OnConsumeAmmo(player, weapon, ammo)","ModPlayer","Não","Declarado","undefined","Quando a pilha diminui; conserva o tipo da última munição antes de TurnToAir.","","https://github.com/JonataOliveiraa/Bunny-Loader/blob/main/app/src/main/cpp/script/js/mod/ModPlayer.js#L71"
"ModPlayer","OnConsumeMana","Instância","OnConsumeMana(player, item, manaConsumed)","ModPlayer","Não","Declarado","undefined","Notifica a mana consumida.","","https://github.com/JonataOliveiraa/Bunny-Loader/blob/main/app/src/main/cpp/script/js/mod/ModPlayer.js#L80"
"ModPlayer","OnEnterWorld","Instância","OnEnterWorld(player)","ModPlayer","Não","Declarado","undefined","Entrou no mundo.","Player.Hooks.EnterWorld","https://github.com/JonataOliveiraa/Bunny-Loader/blob/main/app/src/main/cpp/script/js/mod/ModPlayer.js#L9"
"ModPlayer","OnEquipmentLoadoutSwitched","Instância","OnEquipmentLoadoutSwitched(player, oldLoadoutIndex, loadoutIndex)","ModPlayer","Não","Declarado","undefined","Depois de uma troca efetiva.","","https://github.com/JonataOliveiraa/Bunny-Loader/blob/main/app/src/main/cpp/script/js/mod/ModPlayer.js#L97"
"ModPlayer","OnExtraJumpCleared","Instância","OnExtraJumpCleared(player, jump)","ModPlayer","Não","Declarado","undefined","Ao retirar a disponibilidade de um salto sem equipamento habilitador.","","https://github.com/JonataOliveiraa/Bunny-Loader/blob/main/app/src/main/cpp/script/js/mod/ModPlayer.js#L106"
"ModPlayer","OnExtraJumpEnded","Instância","OnExtraJumpEnded(player, jump)","ModPlayer","Não","Declarado","undefined","Ao encerrar o salto ativo.","","https://github.com/JonataOliveiraa/Bunny-Loader/blob/main/app/src/main/cpp/script/js/mod/ModPlayer.js#L104"
"ModPlayer","OnExtraJumpRefreshed","Instância","OnExtraJumpRefreshed(player, jump)","ModPlayer","Não","Declarado","undefined","Após renovar os saltos disponíveis dos equipamentos.","","https://github.com/JonataOliveiraa/Bunny-Loader/blob/main/app/src/main/cpp/script/js/mod/ModPlayer.js#L105"
"ModPlayer","OnExtraJumpStarted","Instância","OnExtraJumpStarted(player, jump, playSound)","ModPlayer","Não","Declarado","undefined","playSound é Ref<bool>; false suprime o som do início.","","https://github.com/JonataOliveiraa/Bunny-Loader/blob/main/app/src/main/cpp/script/js/mod/ModPlayer.js#L103"
"ModPlayer","OnHitAnything","Instância","OnHitAnything(player, x, y, victim)","ModPlayer","Não","Declarado","undefined","Depois de Player.OnHit.","","https://github.com/JonataOliveiraa/Bunny-Loader/blob/main/app/src/main/cpp/script/js/mod/ModPlayer.js#L57"
"ModPlayer","OnHitByNPC","Instância","OnHitByNPC(player, npc, info)","ModPlayer","Não","Declarado","undefined","Depois do dano positivo causado pelo NPC.","","https://github.com/JonataOliveiraa/Bunny-Loader/blob/main/app/src/main/cpp/script/js/mod/ModPlayer.js#L64"
"ModPlayer","OnHitByProjectile","Instância","OnHitByProjectile(player, projectile, info)","ModPlayer","Não","Declarado","undefined","Depois do dano positivo causado pelo projétil.","","https://github.com/JonataOliveiraa/Bunny-Loader/blob/main/app/src/main/cpp/script/js/mod/ModPlayer.js#L65"
"ModPlayer","OnHitNPC","Instância","OnHitNPC(player, target, hit, damageDone)","ModPlayer","Não","Declarado","undefined","Depois de um acerto com dano positivo.","","https://github.com/JonataOliveiraa/Bunny-Loader/blob/main/app/src/main/cpp/script/js/mod/ModPlayer.js#L54"
"ModPlayer","OnHitNPCWithItem","Instância","OnHitNPCWithItem(player, item, target, hit, damageDone)","ModPlayer","Não","Declarado","undefined","Notificação específica do item.","","https://github.com/JonataOliveiraa/Bunny-Loader/blob/main/app/src/main/cpp/script/js/mod/ModPlayer.js#L55"
"ModPlayer","OnHitNPCWithProj","Instância","OnHitNPCWithProj(player, projectile, target, hit, damageDone)","ModPlayer","Não","Declarado","undefined","Notificação específica do projétil.","","https://github.com/JonataOliveiraa/Bunny-Loader/blob/main/app/src/main/cpp/script/js/mod/ModPlayer.js#L56"
"ModPlayer","OnHurt","Instância","OnHurt(player, damageSource, damage, hitDirection, pvp, quiet, crit, cooldownCounter, dodgeable)","ModPlayer","Não","Declarado","undefined","Depois do golpe.","Player.Hurt","https://github.com/JonataOliveiraa/Bunny-Loader/blob/main/app/src/main/cpp/script/js/mod/ModPlayer.js#L40"
"ModPlayer","OnMissingMana","Instância","OnMissingMana(player, item, neededMana)","ModPlayer","Não","Declarado","undefined","Antes da tentativa nativa de recuperar mana.","","https://github.com/JonataOliveiraa/Bunny-Loader/blob/main/app/src/main/cpp/script/js/mod/ModPlayer.js#L81"
"ModPlayer","OnPickup","Instância","OnPickup(player, item)","ModPlayer","Não","Declarado","true","false elimina o item do chão sem pôr no inventário.","","https://github.com/JonataOliveiraa/Bunny-Loader/blob/main/app/src/main/cpp/script/js/mod/ModPlayer.js#L135"
"ModPlayer","OnRespawn","Instância","OnRespawn(player)","ModPlayer","Não","Declarado","undefined","Voltou a viver.","Player.Spawn","https://github.com/JonataOliveiraa/Bunny-Loader/blob/main/app/src/main/cpp/script/js/mod/ModPlayer.js#L10"
"ModPlayer","Player","Getter","get Player","ModPlayer","Não","Declarado","Entities.Of(this)","O jogador desta instância.","","https://github.com/JonataOliveiraa/Bunny-Loader/blob/main/app/src/main/cpp/script/js/mod/ModPlayer.js#L6"
"ModPlayer","PlayerConnect","Instância","PlayerConnect(player)","ModPlayer","Não","Declarado","undefined","Após a conexão do jogador.","","https://github.com/JonataOliveiraa/Bunny-Loader/blob/main/app/src/main/cpp/script/js/mod/ModPlayer.js#L146"
"ModPlayer","PlayerDisconnect","Instância","PlayerDisconnect(player)","ModPlayer","Não","Declarado","undefined","Antes de remover o jogador desconectado.","","https://github.com/JonataOliveiraa/Bunny-Loader/blob/main/app/src/main/cpp/script/js/mod/ModPlayer.js#L147"
"ModPlayer","PostBuyItem","Instância","PostBuyItem(player, vendor, shopInventory, item)","ModPlayer","Não","Declarado","undefined","Após compra paga; item recebido pelo cursor.","","https://github.com/JonataOliveiraa/Bunny-Loader/blob/main/app/src/main/cpp/script/js/mod/ModPlayer.js#L123"
"ModPlayer","PostHurt","Instância","PostHurt(player, damageSource, damage, hitDirection, pvp, quiet, crit, cooldownCounter, dodgeable)","ModPlayer","Não","Declarado","undefined","Depois do golpe, se sobreviveu.","Player.Hurt","https://github.com/JonataOliveiraa/Bunny-Loader/blob/main/app/src/main/cpp/script/js/mod/ModPlayer.js#L41"
"ModPlayer","PostItemCheck","Instância","PostItemCheck(player)","ModPlayer","Não","Declarado","undefined","Após a verificação, inclusive quando vetada.","","https://github.com/JonataOliveiraa/Bunny-Loader/blob/main/app/src/main/cpp/script/js/mod/ModPlayer.js#L83"
"ModPlayer","PostNurseHeal","Instância","PostNurseHeal(player, nurse, health, removeDebuffs, price)","ModPlayer","Não","Declarado","undefined","Depois de um atendimento pago, incluindo preço zero.","","https://github.com/JonataOliveiraa/Bunny-Loader/blob/main/app/src/main/cpp/script/js/mod/ModPlayer.js#L128"
"ModPlayer","PostSavePlayer","Instância","PostSavePlayer(player)","ModPlayer","Não","Declarado","undefined","Ao finalizar o save nativo e os dados auxiliares, inclusive se o save nativo lançar erro.","","https://github.com/JonataOliveiraa/Bunny-Loader/blob/main/app/src/main/cpp/script/js/mod/ModPlayer.js#L141"
"ModPlayer","PostSellItem","Instância","PostSellItem(player, vendor, shopInventory, item)","ModPlayer","Não","Declarado","undefined","Após venda aceita.","","https://github.com/JonataOliveiraa/Bunny-Loader/blob/main/app/src/main/cpp/script/js/mod/ModPlayer.js#L125"
"ModPlayer","PostUpdate","Instância","PostUpdate(player)","ModPlayer","Não","Declarado","undefined","Fim do quadro.","Player.Update","https://github.com/JonataOliveiraa/Bunny-Loader/blob/main/app/src/main/cpp/script/js/mod/ModPlayer.js#L18"
"ModPlayer","PostUpdateBuffs","Instância","PostUpdateBuffs(player)","ModPlayer","Não","Declarado","undefined","Em volta dos buffs.","Player.UpdateBuffs","https://github.com/JonataOliveiraa/Bunny-Loader/blob/main/app/src/main/cpp/script/js/mod/ModPlayer.js#L20"
"ModPlayer","PostUpdateEquips","Instância","PostUpdateEquips(player)","ModPlayer","Não","Declarado","undefined","Depois dos equipamentos.","Player.UpdateEquips","https://github.com/JonataOliveiraa/Bunny-Loader/blob/main/app/src/main/cpp/script/js/mod/ModPlayer.js#L22"
"ModPlayer","PostUpdateMiscEffects","Instância","PostUpdateMiscEffects(player)","ModPlayer","Não","Declarado","undefined","Depois de CapAttackSpeeds.","","https://github.com/JonataOliveiraa/Bunny-Loader/blob/main/app/src/main/cpp/script/js/mod/ModPlayer.js#L89"
"ModPlayer","PostUpdateRunSpeeds","Instância","PostUpdateRunSpeeds(player)","ModPlayer","Não","Declarado","undefined","Antes de HorizontalMovement.","","https://github.com/JonataOliveiraa/Bunny-Loader/blob/main/app/src/main/cpp/script/js/mod/ModPlayer.js#L90"
"ModPlayer","PreItemCheck","Instância","PreItemCheck(player)","ModPlayer","Não","Declarado","true","false pula a verificação dos itens.","","https://github.com/JonataOliveiraa/Bunny-Loader/blob/main/app/src/main/cpp/script/js/mod/ModPlayer.js#L82"
"ModPlayer","PreKill","Instância","PreKill(player, damageSource, damage, hitDirection, pvp)","ModPlayer","Não","Declarado","true","false impede a morte.","Player.KillMe","https://github.com/JonataOliveiraa/Bunny-Loader/blob/main/app/src/main/cpp/script/js/mod/ModPlayer.js#L42"
"ModPlayer","PreModifyLuck","Instância","PreModifyLuck(player, luck)","ModPlayer","Não","Declarado","true","A sorte, luck.value; PreModifyLuck false pula a do jogo.","Player.RecalculateLuck","https://github.com/JonataOliveiraa/Bunny-Loader/blob/main/app/src/main/cpp/script/js/mod/ModPlayer.js#L30"
"ModPlayer","PreSaveCustomData","Instância","PreSaveCustomData(player)","ModPlayer","Não","Declarado","undefined","Antes de montar os dados do arquivo .plr.bl.json.","","https://github.com/JonataOliveiraa/Bunny-Loader/blob/main/app/src/main/cpp/script/js/mod/ModPlayer.js#L142"
"ModPlayer","PreSavePlayer","Instância","PreSavePlayer(player)","ModPlayer","Não","Declarado","undefined","Antes do save nativo.","","https://github.com/JonataOliveiraa/Bunny-Loader/blob/main/app/src/main/cpp/script/js/mod/ModPlayer.js#L140"
"ModPlayer","PreUpdate","Instância","PreUpdate(player)","ModPlayer","Não","Declarado","undefined","Começo do quadro do jogador.","Player.Update","https://github.com/JonataOliveiraa/Bunny-Loader/blob/main/app/src/main/cpp/script/js/mod/ModPlayer.js#L17"
"ModPlayer","PreUpdateBuffs","Instância","PreUpdateBuffs(player)","ModPlayer","Não","Declarado","undefined","Em volta dos buffs.","Player.UpdateBuffs","https://github.com/JonataOliveiraa/Bunny-Loader/blob/main/app/src/main/cpp/script/js/mod/ModPlayer.js#L19"
"ModPlayer","PreUpdateMovement","Instância","PreUpdateMovement(player)","ModPlayer","Não","Declarado","undefined","Antes da primeira etapa de colisão e deslocamento do quadro.","","https://github.com/JonataOliveiraa/Bunny-Loader/blob/main/app/src/main/cpp/script/js/mod/ModPlayer.js#L88"
"ModPlayer","ProcessTriggers","Instância","ProcessTriggers(player, triggersSet)","ModPlayer","Não","Declarado","undefined","Após copiar os controles para o jogador local.","","https://github.com/JonataOliveiraa/Bunny-Loader/blob/main/app/src/main/cpp/script/js/mod/ModPlayer.js#L93"
"ModPlayer","register","Estático","register(cls)","ModPlayer","Não","Declarado","Consultar fonte","Registra.","","https://github.com/JonataOliveiraa/Bunny-Loader/blob/main/app/src/main/cpp/script/js/mod/ModPlayer.js#L169"
"ModPlayer","ResetEffects","Instância","ResetEffects(player)","ModPlayer","Não","Declarado","undefined","Logo depois do jogo zerar os efeitos.","Player.ResetEffects","https://github.com/JonataOliveiraa/Bunny-Loader/blob/main/app/src/main/cpp/script/js/mod/ModPlayer.js#L12"
"ModPlayer","ResetInfoAccessories","Instância","ResetInfoAccessories(player)","ModPlayer","Não","Declarado","undefined","Depois de zerar efeitos e depois de atualizar os acessórios informativos.","","https://github.com/JonataOliveiraa/Bunny-Loader/blob/main/app/src/main/cpp/script/js/mod/ModPlayer.js#L94"
"ModPlayer","SaveData","Instância","SaveData(data)","ModPlayer","Não","Declarado","undefined","A cada save: ponha o que lembrar em data.","Player.InternalSavePlayerFile","https://github.com/JonataOliveiraa/Bunny-Loader/blob/main/app/src/main/cpp/script/js/mod/ModPlayer.js#L149"
"ModPlayer","SendClientChanges","Instância","SendClientChanges(player, clientPlayer)","ModPlayer","Não","Declarado","undefined","No cliente, compara com a instância copiada no quadro anterior.","","https://github.com/JonataOliveiraa/Bunny-Loader/blob/main/app/src/main/cpp/script/js/mod/ModPlayer.js#L144"
"ModPlayer","ShiftClickSlot","Instância","ShiftClickSlot(player, inventory, context, slot)","ModPlayer","Não","Declarado","false","Com Shift ativo, true trata o clique.","","https://github.com/JonataOliveiraa/Bunny-Loader/blob/main/app/src/main/cpp/script/js/mod/ModPlayer.js#L137"
"ModPlayer","Shoot","Instância","Shoot(player, item, source, position, velocity, type, damage, knockBack)","ModPlayer","Não","Declarado","true","false impede a criação do projétil.","","https://github.com/JonataOliveiraa/Bunny-Loader/blob/main/app/src/main/cpp/script/js/mod/ModPlayer.js#L68"
"ModPlayer","SyncPlayer","Instância","SyncPlayer(player, toWho, fromWho, newPlayer)","ModPlayer","Não","Declarado","undefined","Após sincronizar o jogador nativo.","","https://github.com/JonataOliveiraa/Bunny-Loader/blob/main/app/src/main/cpp/script/js/mod/ModPlayer.js#L143"
"ModPlayer","TransformDrawData","Instância","TransformDrawData(player, drawInfo)","ModPlayer","Não","Declarado","undefined","Depois das transformações nativas e antes de renderizar o cache.","","https://github.com/JonataOliveiraa/Bunny-Loader/blob/main/app/src/main/cpp/script/js/mod/ModPlayer.js#L113"
"ModPlayer","UpdateAutopause","Instância","UpdateAutopause(player)","ModPlayer","Não","Declarado","undefined","Após a atualização pausada do jogador local.","","https://github.com/JonataOliveiraa/Bunny-Loader/blob/main/app/src/main/cpp/script/js/mod/ModPlayer.js#L92"
"ModPlayer","UpdateBadLifeRegen","Instância","UpdateBadLifeRegen(player)","ModPlayer","Não","Declarado","undefined","Antes e depois da regeneração de vida.","Player.UpdateLifeRegen","https://github.com/JonataOliveiraa/Bunny-Loader/blob/main/app/src/main/cpp/script/js/mod/ModPlayer.js#L23"
"ModPlayer","UpdateDead","Instância","UpdateDead(player)","ModPlayer","Não","Declarado","undefined","Todo quadro morto.","Player.UpdateDead","https://github.com/JonataOliveiraa/Bunny-Loader/blob/main/app/src/main/cpp/script/js/mod/ModPlayer.js#L26"
"ModPlayer","UpdateEquips","Instância","UpdateEquips(player)","ModPlayer","Não","Declarado","undefined","Depois dos equipamentos.","Player.UpdateEquips","https://github.com/JonataOliveiraa/Bunny-Loader/blob/main/app/src/main/cpp/script/js/mod/ModPlayer.js#L21"
"ModPlayer","UpdateLifeRegen","Instância","UpdateLifeRegen(player)","ModPlayer","Não","Declarado","undefined","Antes e depois da regeneração de vida.","Player.UpdateLifeRegen","https://github.com/JonataOliveiraa/Bunny-Loader/blob/main/app/src/main/cpp/script/js/mod/ModPlayer.js#L24"
"ModPlayer","UpdateManaRegen","Instância","UpdateManaRegen(player)","ModPlayer","Não","Declarado","undefined","Depois da regeneração de mana.","Player.UpdateManaRegen","https://github.com/JonataOliveiraa/Bunny-Loader/blob/main/app/src/main/cpp/script/js/mod/ModPlayer.js#L25"
"ModPlayer","UpdateMovement","Instância","UpdateMovement(player)","ModPlayer","Não","Declarado","undefined","Movimento próprio (dash), perto do fim do quadro.","Player.BordersMovement","https://github.com/JonataOliveiraa/Bunny-Loader/blob/main/app/src/main/cpp/script/js/mod/ModPlayer.js#L27"
"ModPlayer","UseAnimationMultiplier","Instância","UseAnimationMultiplier(player, item)","ModPlayer","Não","Declarado","1","Multiplica o tempo da animação; padrão 1.","","https://github.com/JonataOliveiraa/Bunny-Loader/blob/main/app/src/main/cpp/script/js/mod/ModPlayer.js#L78"
"ModPlayer","UseSpeedMultiplier","Instância","UseSpeedMultiplier(player, item)","ModPlayer","Não","Declarado","1","Divisor dos tempos de uso e animação; padrão 1.","","https://github.com/JonataOliveiraa/Bunny-Loader/blob/main/app/src/main/cpp/script/js/mod/ModPlayer.js#L76"
"ModPlayer","UseTimeMultiplier","Instância","UseTimeMultiplier(player, item)","ModPlayer","Não","Declarado","1","Multiplica o tempo de uso; padrão 1.","","https://github.com/JonataOliveiraa/Bunny-Loader/blob/main/app/src/main/cpp/script/js/mod/ModPlayer.js#L77"
"ModPrefix","AllStatChangesHaveEffectOn","Instância","AllStatChangesHaveEffectOn(item)","ModPrefix","Não","Declarado","true","false: não pega neste item (para status que não são do jogo).","Item.TryGetPrefixStatMultipliersForItem, filtro: prefixo de mod","https://github.com/JonataOliveiraa/Bunny-Loader/blob/main/app/src/main/cpp/script/js/mod/ModPrefix.js#L29"
"ModPrefix","Apply","Instância","Apply(item)","ModPrefix","Não","Declarado","undefined","Depois dos status: o que mais o prefixo muda no item.","Item.Prefix, sem filtro","https://github.com/JonataOliveiraa/Bunny-Loader/blob/main/app/src/main/cpp/script/js/mod/ModPrefix.js#L32"
"ModPrefix","ApplyAccessoryEffects","Instância","ApplyAccessoryEffects(player)","ModPrefix","Não","Declarado","undefined","A cada quadro, com o acessório equipado.","Player.GrantPrefixBenefits, filtro: prefixo de mod","https://github.com/JonataOliveiraa/Bunny-Loader/blob/main/app/src/main/cpp/script/js/mod/ModPrefix.js#L38"
"ModPrefix","CanRoll","Instância","CanRoll(item)","ModPrefix","Não","Declarado","this.RollChance(item) > 0","false: este item não pode ganhar (padrão: RollChance > 0).","Item.GetRollablePrefixes, CanRollPrefix","https://github.com/JonataOliveiraa/Bunny-Loader/blob/main/app/src/main/cpp/script/js/mod/ModPrefix.js#L19"
"ModPrefix","Category","Getter","get Category","ModPrefix","Não","Declarado","PrefixCategory.Custom","PrefixCategory","Que itens podem ganhar (padrão Custom). Escreva como getter: get Category() { return PrefixCategory.AnyWeapon; }.","https://github.com/JonataOliveiraa/Bunny-Loader/blob/main/app/src/main/cpp/script/js/mod/ModPrefix.js#L12"
"ModPrefix","FullName","Getter","get FullName","ModPrefix","Não","Declarado","(this.Mod ? this.Mod.id || this.Mod.uuid : '?') + '/' + this.Name","Consulte a implementação na fonte.","","https://github.com/JonataOliveiraa/Bunny-Loader/blob/main/app/src/main/cpp/script/js/mod/ModPrefix.js#L9"
"ModPrefix","getModPrefix","Estático","getModPrefix(type)","ModPrefix","Não","Declarado","PrefixLoader.GetPrefix(type)","Consulte a implementação na fonte.","","https://github.com/JonataOliveiraa/Bunny-Loader/blob/main/app/src/main/cpp/script/js/mod/ModPrefix.js#L55"
"ModPrefix","GetTooltipLines","Instância","GetTooltipLines(item)","ModPrefix","Não","Declarado","null","Linhas a mais (array de TooltipLine; IsModifier = true pinta de verde). As de dano, velocidade, crítico etc. o jogo já escreve.","Main.MouseText_DrawItemTooltip_GetLinesInfo","https://github.com/JonataOliveiraa/Bunny-Loader/blob/main/app/src/main/cpp/script/js/mod/ModPrefix.js#L41"
"ModPrefix","getTypeByName","Estático","getTypeByName(name)","ModPrefix","Não","Declarado","ContentLookup.TypeOf(PrefixLoader.ByType, name)","Consulte a implementação na fonte.","","https://github.com/JonataOliveiraa/Bunny-Loader/blob/main/app/src/main/cpp/script/js/mod/ModPrefix.js#L56"
"ModPrefix","isModType","Estático","isModType(type)","ModPrefix","Não","Declarado","PrefixLoader.GetPrefix(type) !== undefined","Consulte a implementação na fonte.","","https://github.com/JonataOliveiraa/Bunny-Loader/blob/main/app/src/main/cpp/script/js/mod/ModPrefix.js#L54"
"ModPrefix","ModifyValue","Instância","ModifyValue(valueMult)","ModPrefix","Não","Declarado","undefined","O preço (Ref); a raridade sobe ou desce junto.","Item.TryGetPrefixStatMultipliersForItem, filtro: prefixo de mod","https://github.com/JonataOliveiraa/Bunny-Loader/blob/main/app/src/main/cpp/script/js/mod/ModPrefix.js#L35"
"ModPrefix","Name","Getter","get Name","ModPrefix","Não","Declarado","this.constructor.name","Consulte a implementação na fonte.","","https://github.com/JonataOliveiraa/Bunny-Loader/blob/main/app/src/main/cpp/script/js/mod/ModPrefix.js#L8"
"ModPrefix","register","Estático","register(cls)","ModPrefix","Não","Declarado","Consultar fonte","Registra na mão; devolve o tipo.","","https://github.com/JonataOliveiraa/Bunny-Loader/blob/main/app/src/main/cpp/script/js/mod/ModPrefix.js#L43"
"ModPrefix","RollChance","Instância","RollChance(item)","ModPrefix","Não","Declarado","1","O peso na rolagem (cada prefixo do jogo pesa 1).","Item.RollAPrefix, sem filtro","https://github.com/JonataOliveiraa/Bunny-Loader/blob/main/app/src/main/cpp/script/js/mod/ModPrefix.js#L18"
"ModPrefix","SetStaticDefaults","Instância","SetStaticDefaults()","ModPrefix","Não","Declarado","undefined","Uma vez, com o conteúdo pronto e as tabelas crescidas (PrefixID.Sets.ReducedNaturalChance[this.Type]).","conteúdo pronto","https://github.com/JonataOliveiraa/Bunny-Loader/blob/main/app/src/main/cpp/script/js/mod/ModPrefix.js#L15"
"ModPrefix","SetStats","Instância","SetStats(damageMult, knockbackMult, useTimeMult, scaleMult, shootSpeedMult, manaMult, critBonus, tagDamage, armorPenetration)","ModPrefix","Não","Declarado","undefined","Os status, em Ref (damageMult.value = 1.2). Com um parâmetro só, recebe { damage, knockBack, speed, size, shootSpeed, mana, crit, tagDamage, armorPenetration } (a forma do ExMod do TL). O jogo aplica e confere, como os dele: se algum status não mudar de verdade no item, o prefixo não pega.","Item.TryGetPrefixStatMultipliersForItem, filtro: prefixo de mod","https://github.com/JonataOliveiraa/Bunny-Loader/blob/main/app/src/main/cpp/script/js/mod/ModPrefix.js#L25"
"ModProjectile","AI","Instância","AI(proj)","ModProjectile","Não","Declarado","undefined","Todo quadro.","Projectile.AI, filtro tipo","https://github.com/JonataOliveiraa/Bunny-Loader/blob/main/app/src/main/cpp/script/js/mod/ModProjectile.js#L32"
"ModProjectile","AutoStaticDefaults","Instância","AutoStaticDefaults()","ModProjectile","Não","Declarado","Consultar fonte","Como o do tModLoader: roda antes do SetStaticDefaults, com this.Projectile já montado pelo SetDefaults. Sem o projHook, o botão de gancho do celular (QuickGrapple) não acha o item.","","https://github.com/JonataOliveiraa/Bunny-Loader/blob/main/app/src/main/cpp/script/js/mod/ModProjectile.js#L16"
"ModProjectile","CanCutTiles","Instância","CanCutTiles(proj)","ModProjectile","Não","Declarado","undefined","Cortar grama e teia.","Projectile.CanCutTiles/CutTiles, filtro tipo","https://github.com/JonataOliveiraa/Bunny-Loader/blob/main/app/src/main/cpp/script/js/mod/ModProjectile.js#L51"
"ModProjectile","CanDamage","Instância","CanDamage(proj)","ModProjectile","Não","Declarado","true","false: não causa dano.","Projectile.Damage, filtro tipo","https://github.com/JonataOliveiraa/Bunny-Loader/blob/main/app/src/main/cpp/script/js/mod/ModProjectile.js#L48"
"ModProjectile","CanUseGrapple","Instância","CanUseGrapple(player, type)","ModProjectile","Não","Declarado","true","No molde, antes de lançar o gancho; false impede.","Player.FireGrapple, filtro pelo item.shoot","https://github.com/JonataOliveiraa/Bunny-Loader/blob/main/app/src/main/cpp/script/js/mod/ModProjectile.js#L59"
"ModProjectile","Clone","Instância","Clone(newProjectile)","ModProjectile","Não","Declarado","Entities.Clone(this)","Cópia da instância.","","https://github.com/JonataOliveiraa/Bunny-Loader/blob/main/app/src/main/cpp/script/js/mod/ModProjectile.js#L11"
"ModProjectile","CloneDefaults","Instância","CloneDefaults(type)","ModProjectile","Não","Declarado","Consultar fonte","Copia os valores de um projétil do jogo.","","https://github.com/JonataOliveiraa/Bunny-Loader/blob/main/app/src/main/cpp/script/js/mod/ModProjectile.js#L63"
"ModProjectile","Colliding","Instância","Colliding(proj, projHitbox, targetHitbox)","ModProjectile","Não","Declarado","undefined","true/false decide o acerto; undefined, o do jogo.","Projectile.Colliding, filtro tipo","https://github.com/JonataOliveiraa/Bunny-Loader/blob/main/app/src/main/cpp/script/js/mod/ModProjectile.js#L47"
"ModProjectile","CutTiles","Instância","CutTiles(proj)","ModProjectile","Não","Declarado","undefined","Cortar grama e teia.","Projectile.CanCutTiles/CutTiles, filtro tipo","https://github.com/JonataOliveiraa/Bunny-Loader/blob/main/app/src/main/cpp/script/js/mod/ModProjectile.js#L52"
"ModProjectile","DefaultToDrillOrChainsaw","Instância","DefaultToDrillOrChainsaw()","ModProjectile","Não","Declarado","Consultar fonte","Os padrões do jogo para cada família de projétil segurado.","","https://github.com/JonataOliveiraa/Bunny-Loader/blob/main/app/src/main/cpp/script/js/mod/ModProjectile.js#L81"
"ModProjectile","DefaultToFlail","Instância","DefaultToFlail()","ModProjectile","Não","Declarado","Consultar fonte","Os padrões do jogo para cada família de projétil segurado.","","https://github.com/JonataOliveiraa/Bunny-Loader/blob/main/app/src/main/cpp/script/js/mod/ModProjectile.js#L79"
"ModProjectile","DefaultToKite","Instância","DefaultToKite()","ModProjectile","Não","Declarado","Consultar fonte","Os padrões do jogo para cada família de projétil segurado.","","https://github.com/JonataOliveiraa/Bunny-Loader/blob/main/app/src/main/cpp/script/js/mod/ModProjectile.js#L82"
"ModProjectile","DefaultToSpear","Instância","DefaultToSpear()","ModProjectile","Não","Declarado","Consultar fonte","Os padrões do jogo para cada família de projétil segurado.","","https://github.com/JonataOliveiraa/Bunny-Loader/blob/main/app/src/main/cpp/script/js/mod/ModProjectile.js#L77"
"ModProjectile","DefaultToWhip","Instância","DefaultToWhip()","ModProjectile","Não","Declarado","Consultar fonte","Os padrões do jogo para cada família de projétil segurado.","","https://github.com/JonataOliveiraa/Bunny-Loader/blob/main/app/src/main/cpp/script/js/mod/ModProjectile.js#L80"
"ModProjectile","DefaultToYoyo","Instância","DefaultToYoyo()","ModProjectile","Não","Declarado","Consultar fonte","Os padrões do jogo para cada família de projétil segurado.","","https://github.com/JonataOliveiraa/Bunny-Loader/blob/main/app/src/main/cpp/script/js/mod/ModProjectile.js#L78"
"ModProjectile","GetAlpha","Instância","GetAlpha(proj, lightColor)","ModProjectile","Não","Declarado","undefined","A cor final; undefined, a do jogo.","Projectile.GetAlpha, filtro tipo","https://github.com/JonataOliveiraa/Bunny-Loader/blob/main/app/src/main/cpp/script/js/mod/ModProjectile.js#L53"
"ModProjectile","getByName","Estático","getByName(name)","ModProjectile","Não","Declarado","ProjectileLoader.ByType.get(bl.projectiles.typeOf(name))","Como no item.","","https://github.com/JonataOliveiraa/Bunny-Loader/blob/main/app/src/main/cpp/script/js/mod/ModProjectile.js#L145"
"ModProjectile","getModProjectile","Estático","getModProjectile(type)","ModProjectile","Não","Declarado","ProjectileLoader.ByType.get(type)","Como no item.","","https://github.com/JonataOliveiraa/Bunny-Loader/blob/main/app/src/main/cpp/script/js/mod/ModProjectile.js#L144"
"ModProjectile","getTypeByName","Estático","getTypeByName(name)","ModProjectile","Não","Declarado","bl.projectiles.typeOf(name)","Como no item.","","https://github.com/JonataOliveiraa/Bunny-Loader/blob/main/app/src/main/cpp/script/js/mod/ModProjectile.js#L143"
"ModProjectile","GrappleCanLatchOnTo","Instância","GrappleCanLatchOnTo(proj, player, tile)","ModProjectile","Não","Declarado","undefined","true/false: agarra neste bloco.","Projectile.AI_007_GrapplingHooks_CanTileBeLatchedOnTo, filtro tipo","https://github.com/JonataOliveiraa/Bunny-Loader/blob/main/app/src/main/cpp/script/js/mod/ModProjectile.js#L61"
"ModProjectile","isModProjectile","Estático","isModProjectile(proj)","ModProjectile","Não","Declarado","!!proj && bl.projectiles.isModProjectile(proj.type)","Como no item.","","https://github.com/JonataOliveiraa/Bunny-Loader/blob/main/app/src/main/cpp/script/js/mod/ModProjectile.js#L142"
"ModProjectile","isModType","Estático","isModType(type)","ModProjectile","Não","Declarado","bl.projectiles.isModProjectile(type)","Como no item.","","https://github.com/JonataOliveiraa/Bunny-Loader/blob/main/app/src/main/cpp/script/js/mod/ModProjectile.js#L141"
"ModProjectile","MinionContactDamage","Instância","MinionContactDamage(proj)","ModProjectile","Não","Declarado","false","true: lacaio ou pet fere ao encostar.","Projectile.Damage, filtro tipo","https://github.com/JonataOliveiraa/Bunny-Loader/blob/main/app/src/main/cpp/script/js/mod/ModProjectile.js#L49"
"ModProjectile","ModifyDamageHitbox","Instância","ModifyDamageHitbox(proj, hitbox)","ModProjectile","Não","Declarado","undefined","Mude o Rectangle da área de dano.","Projectile.Damage_GetHitbox, filtro tipo","https://github.com/JonataOliveiraa/Bunny-Loader/blob/main/app/src/main/cpp/script/js/mod/ModProjectile.js#L50"
"ModProjectile","OnHitNPC","Instância","OnHitNPC(proj, npc)","ModProjectile","Não","Declarado","undefined","Acertou um NPC.","Projectile.StatusNPC, filtro tipo","https://github.com/JonataOliveiraa/Bunny-Loader/blob/main/app/src/main/cpp/script/js/mod/ModProjectile.js#L45"
"ModProjectile","OnHitPlayer","Instância","OnHitPlayer(proj, player)","ModProjectile","Não","Declarado","undefined","Acertou um jogador.","Projectile.StatusPlayer, filtro tipo","https://github.com/JonataOliveiraa/Bunny-Loader/blob/main/app/src/main/cpp/script/js/mod/ModProjectile.js#L46"
"ModProjectile","OnKill","Instância","OnKill(proj, timeLeft)","ModProjectile","Não","Declarado","undefined","Ao morrer.","Projectile.Kill, filtro tipo","https://github.com/JonataOliveiraa/Bunny-Loader/blob/main/app/src/main/cpp/script/js/mod/ModProjectile.js#L37"
"ModProjectile","OnSpawn","Instância","OnSpawn(proj)","ModProjectile","Não","Declarado","undefined","Uma vez, no primeiro quadro de vida.","Projectile.AI, filtro tipo","https://github.com/JonataOliveiraa/Bunny-Loader/blob/main/app/src/main/cpp/script/js/mod/ModProjectile.js#L30"
"ModProjectile","OnTileCollide","Instância","OnTileCollide(proj, oldVelocity)","ModProjectile","Não","Declarado","true","Bateu num bloco e ia morrer; false o mantém vivo. false impede somente a morte causada pela colisão neste movimento. Expiração e acerto em NPC continuam no fluxo de Kill e OnKill.","Projectile.HandleMovement + Kill, filtro tipo","https://github.com/JonataOliveiraa/Bunny-Loader/blob/main/app/src/main/cpp/script/js/mod/ModProjectile.js#L44"
"ModProjectile","PostAI","Instância","PostAI(proj)","ModProjectile","Não","Declarado","undefined","Depois da IA.","Projectile.AI, filtro tipo","https://github.com/JonataOliveiraa/Bunny-Loader/blob/main/app/src/main/cpp/script/js/mod/ModProjectile.js#L33"
"ModProjectile","PostDraw","Instância","PostDraw(proj, lightColor)","ModProjectile","Não","Declarado","undefined","Depois do desenho, mesmo com o PreDraw false (como no tModLoader).","Main.DrawProjDirect, filtro tipo","https://github.com/JonataOliveiraa/Bunny-Loader/blob/main/app/src/main/cpp/script/js/mod/ModProjectile.js#L57"
"ModProjectile","PostSetDefaults","Instância","PostSetDefaults(proj)","ModProjectile","Não","Declarado","undefined","Todo projétil deste tipo que nasce.","nativo (Projectile.SetDefaults)","https://github.com/JonataOliveiraa/Bunny-Loader/blob/main/app/src/main/cpp/script/js/mod/ModProjectile.js#L27"
"ModProjectile","PostSetupContent","Instância","PostSetupContent()","ModProjectile","Não","Declarado","undefined","Uma vez.","nativo / conteúdo pronto","https://github.com/JonataOliveiraa/Bunny-Loader/blob/main/app/src/main/cpp/script/js/mod/ModProjectile.js#L28"
"ModProjectile","PostStaticDefaults","Instância","PostStaticDefaults()","ModProjectile","Não","Declarado","undefined","Uma vez.","nativo / conteúdo pronto","https://github.com/JonataOliveiraa/Bunny-Loader/blob/main/app/src/main/cpp/script/js/mod/ModProjectile.js#L26"
"ModProjectile","PreAI","Instância","PreAI(proj)","ModProjectile","Não","Declarado","true","Antes da IA; false pula a IA do jogo e o AI.","Projectile.AI, filtro tipo","https://github.com/JonataOliveiraa/Bunny-Loader/blob/main/app/src/main/cpp/script/js/mod/ModProjectile.js#L31"
"ModProjectile","PreDraw","Instância","PreDraw(proj, lightColor)","ModProjectile","Não","Declarado","true","Antes do desenho; false não desenha o sprite do jogo (os extras do PreDrawExtras continuam).","Main.DrawProjDirect, filtro tipo","https://github.com/JonataOliveiraa/Bunny-Loader/blob/main/app/src/main/cpp/script/js/mod/ModProjectile.js#L56"
"ModProjectile","PreDrawExtras","Instância","PreDrawExtras(proj)","ModProjectile","Não","Declarado","true","Antes do PreDraw; false tira o que o jogo desenha antes do sprite: a corrente do gancho, a linha de pesca, o fio do ioiô, a corrente do mangual. O gancho com corrente própria desenha a dele aqui.","Main.DrawProjDirect (no celular a corrente fica dentro dele: até o primeiro desenho com a textura do projétil, os outros não saem)","https://github.com/JonataOliveiraa/Bunny-Loader/blob/main/app/src/main/cpp/script/js/mod/ModProjectile.js#L55"
"ModProjectile","PreKill","Instância","PreKill(proj, timeLeft)","ModProjectile","Não","Declarado","true","Antes de morrer; false tira os efeitos do jogo. false remove o projétil sem os efeitos de morte nativos e encerra o fluxo antes de OnKill.","Projectile.Kill, filtro tipo","https://github.com/JonataOliveiraa/Bunny-Loader/blob/main/app/src/main/cpp/script/js/mod/ModProjectile.js#L36"
"ModProjectile","Projectile","Getter","get Projectile","ModProjectile","Não","Declarado","Entities.Of(this)","Projectile do jogo","O projétil desta instância.","https://github.com/JonataOliveiraa/Bunny-Loader/blob/main/app/src/main/cpp/script/js/mod/ModProjectile.js#L9"
"ModProjectile","ReceiveExtraAI","Instância","ReceiveExtraAI(reader)","ModProjectile","Não","Declarado","undefined","A implementação base não executa ações.","","https://github.com/JonataOliveiraa/Bunny-Loader/blob/main/app/src/main/cpp/script/js/mod/ModProjectile.js#L35"
"ModProjectile","register","Estático","register(cls)","ModProjectile","Não","Declarado","Consultar fonte","Como no item.","","https://github.com/JonataOliveiraa/Bunny-Loader/blob/main/app/src/main/cpp/script/js/mod/ModProjectile.js#L84"
"ModProjectile","SendExtraAI","Instância","SendExtraAI(writer)","ModProjectile","Não","Declarado","undefined","A implementação base não executa ações.","","https://github.com/JonataOliveiraa/Bunny-Loader/blob/main/app/src/main/cpp/script/js/mod/ModProjectile.js#L34"
"ModProjectile","SetDefaults","Instância","SetDefaults(proj)","ModProjectile","Não","Declarado","undefined","Todo projétil deste tipo que nasce.","nativo (Projectile.SetDefaults)","https://github.com/JonataOliveiraa/Bunny-Loader/blob/main/app/src/main/cpp/script/js/mod/ModProjectile.js#L25"
"ModProjectile","SetStaticDefaults","Instância","SetStaticDefaults()","ModProjectile","Não","Declarado","undefined","Uma vez. Main.projFrames[this.Type] = n aqui vale como os quadros da textura.","nativo","https://github.com/JonataOliveiraa/Bunny-Loader/blob/main/app/src/main/cpp/script/js/mod/ModProjectile.js#L24"
"ModProjectile","TileCollideStyle","Instância","TileCollideStyle(proj, width, height, fallThrough, hitboxCenterFrac)","ModProjectile","Não","Declarado","true","Quatro Ref: dimensões da colisão, passagem por plataformas e centro. false pula a colisão neste movimento.","Projectile.HandleMovement/GetCollisionParams, filtro por tipo e sobrescrita","https://github.com/JonataOliveiraa/Bunny-Loader/blob/main/app/src/main/cpp/script/js/mod/ModProjectile.js#L41"
"ModProjectile","UseGrapple","Instância","UseGrapple(player, type)","ModProjectile","Não","Declarado","type","No molde: devolva o tipo a lançar.","Player.FireGrapple, filtro pelo item.shoot","https://github.com/JonataOliveiraa/Bunny-Loader/blob/main/app/src/main/cpp/script/js/mod/ModProjectile.js#L60"
"ModRarity","GetPrefixedRarity","Instância","GetPrefixedRarity(offset, valueMult)","ModRarity","Não","Declarado","this.Type","A raridade quando um prefixo sobe (1, 2) ou desce (-1, -2) o item; padrão this.Type.","","https://github.com/JonataOliveiraa/Bunny-Loader/blob/main/app/src/main/cpp/script/js/mod/ModRarity.js#L12"
"ModRarity","RarityColor","Getter","get RarityColor","ModRarity","Não","Declarado","Color.White","A cor do nome (lida a cada desenho: pode piscar).","","https://github.com/JonataOliveiraa/Bunny-Loader/blob/main/app/src/main/cpp/script/js/mod/ModRarity.js#L10"
"ModRarity","register","Estático","register(cls)","ModRarity","Não","Declarado","Consultar fonte","Consulte a implementação na fonte.","","https://github.com/JonataOliveiraa/Bunny-Loader/blob/main/app/src/main/cpp/script/js/mod/ModRarity.js#L14"
"ModRarity","SetStaticDefaults","Instância","SetStaticDefaults()","ModRarity","Não","Declarado","undefined","Uma vez, com o jogo pronto.","","https://github.com/JonataOliveiraa/Bunny-Loader/blob/main/app/src/main/cpp/script/js/mod/ModRarity.js#L8"
"ModRecipe","AddCustomShimmerResult","Instância","AddCustomShimmerResult(type, stack = 1)","ModRecipe","Não","Declarado","Consultar fonte","O que sai no Brilho.","","https://github.com/JonataOliveiraa/Bunny-Loader/blob/main/app/src/main/cpp/script/js/mod/ModRecipe.js#L61"
"ModRecipe","AddIngredient","Instância","AddIngredient(type, stack = 1)","ModRecipe","Não","Declarado","Consultar fonte","Até 15.","","https://github.com/JonataOliveiraa/Bunny-Loader/blob/main/app/src/main/cpp/script/js/mod/ModRecipe.js#L19"
"ModRecipe","AddRecipeGroup","Instância","AddRecipeGroup(group, stack = 1)","ModRecipe","Não","Declarado","Consultar fonte","Aceita qualquer item do grupo (objeto, nome do jogo como 'IronBar', ou um criado por mod).","","https://github.com/JonataOliveiraa/Bunny-Loader/blob/main/app/src/main/cpp/script/js/mod/ModRecipe.js#L33"
"ModRecipe","AddTile","Instância","AddTile(tileType)","ModRecipe","Não","Declarado","Consultar fonte","A estação (uma por receita).","","https://github.com/JonataOliveiraa/Bunny-Loader/blob/main/app/src/main/cpp/script/js/mod/ModRecipe.js#L50"
"ModRecipe","constructor","Construtor","constructor()","ModRecipe","Não","Declarado","instância","Consulte a implementação na fonte.","","https://github.com/JonataOliveiraa/Bunny-Loader/blob/main/app/src/main/cpp/script/js/mod/ModRecipe.js#L5"
"ModRecipe","CreateRecipeGroup","Estático","CreateRecipeGroup(name, itemTypes = [])","ModRecipe","Não","Declarado","Consultar fonte","Grupo novo (no AddRecipeGroups).","","https://github.com/JonataOliveiraa/Bunny-Loader/blob/main/app/src/main/cpp/script/js/mod/ModRecipe.js#L107"
"ModRecipe","GetGroup","Estático","GetGroup(groupOrName)","ModRecipe","Não","Declarado","Consultar fonte","Um grupo pelo objeto, nome ou número.","","https://github.com/JonataOliveiraa/Bunny-Loader/blob/main/app/src/main/cpp/script/js/mod/ModRecipe.js#L86"
"ModRecipe","GetGroupByName","Estático","GetGroupByName(name)","ModRecipe","Não","Declarado","ModRecipe.GetGroup(name)","Consulte a implementação na fonte.","","https://github.com/JonataOliveiraa/Bunny-Loader/blob/main/app/src/main/cpp/script/js/mod/ModRecipe.js#L104"
"ModRecipe","Register","Instância","Register()","ModRecipe","Não","Declarado","Consultar fonte","Põe no jogo.","","https://github.com/JonataOliveiraa/Bunny-Loader/blob/main/app/src/main/cpp/script/js/mod/ModRecipe.js#L74"
"ModRecipe","SetProperty","Instância","SetProperty(name, value)","ModRecipe","Não","Declarado","Consultar fonte","needWater, needLava, needHoney, needSnowBiome, needGraveyardBiome, needTorchGodsFavor, needMechdusa, notDecraftable, crimson, corruption, alchemy.","","https://github.com/JonataOliveiraa/Bunny-Loader/blob/main/app/src/main/cpp/script/js/mod/ModRecipe.js#L69"
"ModRecipe","SetResult","Instância","SetResult(type, stack = 1)","ModRecipe","Não","Declarado","Consultar fonte","O que ela dá.","","https://github.com/JonataOliveiraa/Bunny-Loader/blob/main/app/src/main/cpp/script/js/mod/ModRecipe.js#L12"
"ModSceneEffect","GetWeight","Instância","GetWeight(player)","ModSceneEffect","Não","Declarado","0.5","0 a 1: desempata efeitos da mesma Priority.","","https://github.com/JonataOliveiraa/Bunny-Loader/blob/main/app/src/main/cpp/script/js/mod/ModSceneEffect.js#L15"
"ModSceneEffect","IsSceneEffectActive","Instância","IsSceneEffectActive(player)","ModSceneEffect","Não","Declarado","false","Consulte a implementação na fonte.","","https://github.com/JonataOliveiraa/Bunny-Loader/blob/main/app/src/main/cpp/script/js/mod/ModSceneEffect.js#L17"
"ModSceneEffect","MapBackgroundColor","Instância","MapBackgroundColor(color)","ModSceneEffect","Não","Declarado","undefined","Ref (.value, uma Color): a cor final, depois das duas acima.","","https://github.com/JonataOliveiraa/Bunny-Loader/blob/main/app/src/main/cpp/script/js/mod/ModSceneEffect.js#L21"
"ModSceneEffect","register","Estático","register(cls)","ModSceneEffect","Não","Declarado","Consultar fonte","Consulte a implementação na fonte.","","https://github.com/JonataOliveiraa/Bunny-Loader/blob/main/app/src/main/cpp/script/js/mod/ModSceneEffect.js#L28"
"ModSceneEffect","SetStaticDefaults","Instância","SetStaticDefaults()","ModSceneEffect","Não","Declarado","undefined","A implementação base não executa ações.","","https://github.com/JonataOliveiraa/Bunny-Loader/blob/main/app/src/main/cpp/script/js/mod/ModSceneEffect.js#L26"
"ModSceneEffect","SpecialVisuals","Instância","SpecialVisuals(player, isActive)","ModSceneEffect","Não","Declarado","undefined","Todo quadro, ativo ou não: é onde se liga e desliga um filtro de tela.","","https://github.com/JonataOliveiraa/Bunny-Loader/blob/main/app/src/main/cpp/script/js/mod/ModSceneEffect.js#L24"
"ModSurfaceBackgroundStyle","ChooseCloseTexture","Instância","ChooseCloseTexture(scale, parallax, a, b)","ModSurfaceBackgroundStyle","Não","Declarado","-1","scale, parallax, a e b são Ref (.value), como os ref do tModLoader: escala 1.25, parallax 0.37, e a altura = a × (posição da tela) + b.","","https://github.com/JonataOliveiraa/Bunny-Loader/blob/main/app/src/main/cpp/script/js/mod/ModSurfaceBackgroundStyle.js#L25"
"ModSurfaceBackgroundStyle","ChooseFarTexture","Instância","ChooseFarTexture()","ModSurfaceBackgroundStyle","Não","Declarado","-1","O número da textura, ou -1 para não desenhar essa camada.","","https://github.com/JonataOliveiraa/Bunny-Loader/blob/main/app/src/main/cpp/script/js/mod/ModSurfaceBackgroundStyle.js#L17"
"ModSurfaceBackgroundStyle","ChooseMiddleTexture","Instância","ChooseMiddleTexture()","ModSurfaceBackgroundStyle","Não","Declarado","-1","Consulte a implementação na fonte.","","https://github.com/JonataOliveiraa/Bunny-Loader/blob/main/app/src/main/cpp/script/js/mod/ModSurfaceBackgroundStyle.js#L18"
"ModSurfaceBackgroundStyle","ModifyFarFades","Instância","ModifyFarFades(fades, transitionSpeed)","ModSurfaceBackgroundStyle","Não","Declarado","Consultar fonte","fades: um por estilo (Main.bgAlphaFrontLayer). O padrão sobe o deste estilo e desce os outros, o que o Example Mod do tModLoader escreve.","","https://github.com/JonataOliveiraa/Bunny-Loader/blob/main/app/src/main/cpp/script/js/mod/ModSurfaceBackgroundStyle.js#L8"
"ModSurfaceBackgroundStyle","PreDrawCloseBackground","Instância","PreDrawCloseBackground(spriteBatch)","ModSurfaceBackgroundStyle","Não","Declarado","true","false: não desenha a camada da frente (o mod desenha a dele aqui).","","https://github.com/JonataOliveiraa/Bunny-Loader/blob/main/app/src/main/cpp/script/js/mod/ModSurfaceBackgroundStyle.js#L21"
"ModSurfaceBackgroundStyle","register","Estático","register(cls)","ModSurfaceBackgroundStyle","Não","Declarado","Consultar fonte","Consulte a implementação na fonte.","","https://github.com/JonataOliveiraa/Bunny-Loader/blob/main/app/src/main/cpp/script/js/mod/ModSurfaceBackgroundStyle.js#L29"
"ModSurfaceBackgroundStyle","SetStaticDefaults","Instância","SetStaticDefaults()","ModSurfaceBackgroundStyle","Não","Declarado","undefined","A implementação base não executa ações.","","https://github.com/JonataOliveiraa/Bunny-Loader/blob/main/app/src/main/cpp/script/js/mod/ModSurfaceBackgroundStyle.js#L27"
"ModSystem","AddRecipeGroups","Instância","AddRecipeGroups()","ModSystem","Não","Declarado","undefined","Uma vez, antes de qualquer receita.","nativo","https://github.com/JonataOliveiraa/Bunny-Loader/blob/main/app/src/main/cpp/script/js/mod/ModSystem.js#L3"
"ModSystem","AddRecipes","Instância","AddRecipes()","ModSystem","Não","Declarado","undefined","Uma vez, com as receitas do jogo prontas.","nativo","https://github.com/JonataOliveiraa/Bunny-Loader/blob/main/app/src/main/cpp/script/js/mod/ModSystem.js#L4"
"ModSystem","ClearWorld","Instância","ClearWorld()","ModSystem","Não","Declarado","undefined","Ao entrar em qualquer mundo (e antes de gerar um).","WorldGen.clearWorld","https://github.com/JonataOliveiraa/Bunny-Loader/blob/main/app/src/main/cpp/script/js/mod/ModSystem.js#L14"
"ModSystem","LoadWorldData","Instância","LoadWorldData(tag)","ModSystem","Não","Declarado","undefined","Depois do OnWorldLoad, com os dados do mundo. Só no servidor ou sozinho.","WorldFile.LoadWorld; no cliente, WorldGen.clearWorld","https://github.com/JonataOliveiraa/Bunny-Loader/blob/main/app/src/main/cpp/script/js/mod/ModSystem.js#L11"
"ModSystem","NetReceive","Instância","NetReceive(reader)","ModSystem","Não","Declarado","undefined","Rede: o servidor manda junto com os dados do mundo (ao entrar e a cada sincronização); o cliente lê.","NetMessage.SendData (7)","https://github.com/JonataOliveiraa/Bunny-Loader/blob/main/app/src/main/cpp/script/js/mod/ModSystem.js#L33"
"ModSystem","NetSend","Instância","NetSend(writer)","ModSystem","Não","Declarado","undefined","Rede: o servidor manda junto com os dados do mundo (ao entrar e a cada sincronização); o cliente lê.","NetMessage.SendData (7)","https://github.com/JonataOliveiraa/Bunny-Loader/blob/main/app/src/main/cpp/script/js/mod/ModSystem.js#L32"
"ModSystem","OnModLoad","Instância","OnModLoad()","ModSystem","Não","Declarado","undefined","No register.","—","https://github.com/JonataOliveiraa/Bunny-Loader/blob/main/app/src/main/cpp/script/js/mod/ModSystem.js#L2"
"ModSystem","OnWorldLoad","Instância","OnWorldLoad()","ModSystem","Não","Declarado","undefined","O mundo abriu; no cliente, ao chegar do servidor.","WorldFile.LoadWorld; no cliente, WorldGen.clearWorld","https://github.com/JonataOliveiraa/Bunny-Loader/blob/main/app/src/main/cpp/script/js/mod/ModSystem.js#L10"
"ModSystem","OnWorldUnload","Instância","OnWorldUnload()","ModSystem","Não","Declarado","undefined","Depois de sair.","WorldGen.SaveAndQuitCallBack","https://github.com/JonataOliveiraa/Bunny-Loader/blob/main/app/src/main/cpp/script/js/mod/ModSystem.js#L16"
"ModSystem","PostAddRecipes","Instância","PostAddRecipes()","ModSystem","Não","Declarado","undefined","Uma vez, com as receitas do jogo prontas.","nativo","https://github.com/JonataOliveiraa/Bunny-Loader/blob/main/app/src/main/cpp/script/js/mod/ModSystem.js#L5"
"ModSystem","PostSetupContent","Instância","PostSetupContent()","ModSystem","Não","Declarado","undefined","Uma vez, com todo o conteúdo de mod no jogo.","nativo","https://github.com/JonataOliveiraa/Bunny-Loader/blob/main/app/src/main/cpp/script/js/mod/ModSystem.js#L6"
"ModSystem","PostUpdateEverything","Instância","PostUpdateEverything()","ModSystem","Não","Declarado","undefined","A cada quadro, em todos.","Main.DoUpdateInWorld","https://github.com/JonataOliveiraa/Bunny-Loader/blob/main/app/src/main/cpp/script/js/mod/ModSystem.js#L23"
"ModSystem","PostUpdateTime","Instância","PostUpdateTime()","ModSystem","Não","Declarado","undefined","A cada quadro. Só no servidor ou sozinho.","Main.UpdateTime","https://github.com/JonataOliveiraa/Bunny-Loader/blob/main/app/src/main/cpp/script/js/mod/ModSystem.js#L22"
"ModSystem","PostUpdateWorld","Instância","PostUpdateWorld()","ModSystem","Não","Declarado","undefined","A cada quadro. Só no servidor ou sozinho.","WorldGen.UpdateWorld","https://github.com/JonataOliveiraa/Bunny-Loader/blob/main/app/src/main/cpp/script/js/mod/ModSystem.js#L20"
"ModSystem","PostWorldLoad","Instância","PostWorldLoad()","ModSystem","Não","Declarado","undefined","Depois dos dados.","WorldFile.LoadWorld; no cliente, WorldGen.clearWorld","https://github.com/JonataOliveiraa/Bunny-Loader/blob/main/app/src/main/cpp/script/js/mod/ModSystem.js#L12"
"ModSystem","PreSaveAndQuit","Instância","PreSaveAndQuit()","ModSystem","Não","Declarado","undefined","Ao sair, antes de salvar.","WorldGen.SaveAndQuit","https://github.com/JonataOliveiraa/Bunny-Loader/blob/main/app/src/main/cpp/script/js/mod/ModSystem.js#L15"
"ModSystem","PreUpdateTime","Instância","PreUpdateTime()","ModSystem","Não","Declarado","undefined","A cada quadro. Só no servidor ou sozinho.","Main.UpdateTime","https://github.com/JonataOliveiraa/Bunny-Loader/blob/main/app/src/main/cpp/script/js/mod/ModSystem.js#L21"
"ModSystem","PreUpdateWorld","Instância","PreUpdateWorld()","ModSystem","Não","Declarado","undefined","A cada quadro. Só no servidor ou sozinho.","WorldGen.UpdateWorld","https://github.com/JonataOliveiraa/Bunny-Loader/blob/main/app/src/main/cpp/script/js/mod/ModSystem.js#L19"
"ModSystem","register","Estático","register(cls)","ModSystem","Não","Declarado","Consultar fonte","Consulte a implementação na fonte.","","https://github.com/JonataOliveiraa/Bunny-Loader/blob/main/app/src/main/cpp/script/js/mod/ModSystem.js#L35"
"ModSystem","ResetNearbyTileEffects","Instância","ResetNearbyTileEffects()","ModSystem","Não","Declarado","undefined","Antes de o jogo contar os blocos em volta do jogador local (a cada 5 quadros), e também ao sair do mundo e ao carregar outro (a contagem do anterior não vale no novo).","SceneMetrics.Reset, WorldGen.SaveAndQuit, WorldGen.clearWorld","https://github.com/JonataOliveiraa/Bunny-Loader/blob/main/app/src/main/cpp/script/js/mod/ModSystem.js#L29"
"ModSystem","SaveWorldData","Instância","SaveWorldData(tag)","ModSystem","Não","Declarado","undefined","A cada save do mundo. Só no servidor ou sozinho.","WorldFile.InternalSaveWorld","https://github.com/JonataOliveiraa/Bunny-Loader/blob/main/app/src/main/cpp/script/js/mod/ModSystem.js#L13"
"ModSystem","TileCountsAvailable","Instância","TileCountsAvailable(tileCounts)","ModSystem","Não","Declarado","undefined","Com a contagem pronta: tileCounts[tipo] é quantos blocos daquele tipo há em volta. Vale durante a chamada: guarde o número, não o array. Só a varredura do jogador local (a dos pilares e a da câmera não chamam).","SceneMetrics.AggregateTileCounts","https://github.com/JonataOliveiraa/Bunny-Loader/blob/main/app/src/main/cpp/script/js/mod/ModSystem.js#L30"
"ModTile","AddMapEntry","Instância","AddMapEntry(color, name)","ModTile","Não","Declarado","Consultar fonte","A cor e o nome no mapa; cada chamada é uma opção a mais.","","https://github.com/JonataOliveiraa/Bunny-Loader/blob/main/app/src/main/cpp/script/js/mod/ModTile.js#L28"
"ModTile","AnimateIndividualTile","Instância","AnimateIndividualTile(type, i, j, frameXOffset, frameYOffset)","ModTile","Não","Declarado","undefined","o desenho nativo (GetTileDrawData); marca tile.drawdata","","https://github.com/JonataOliveiraa/Bunny-Loader/blob/main/app/src/main/cpp/script/js/mod/ModTile.js#L77"
"ModTile","AnimateTile","Instância","AnimateTile(frame, frameCounter)","ModTile","Não","Declarado","undefined","Main.AnimateTiles (só se algum tile o usa)","","https://github.com/JonataOliveiraa/Bunny-Loader/blob/main/app/src/main/cpp/script/js/mod/ModTile.js#L76"
"ModTile","CanDrop","Instância","CanDrop(i, j)","ModTile","Não","Declarado","true","WorldGen.KillTile, TileFrameImportant; filtro de tile","","https://github.com/JonataOliveiraa/Bunny-Loader/blob/main/app/src/main/cpp/script/js/mod/ModTile.js#L70"
"ModTile","CanKillTile","Instância","CanKillTile(i, j, blockDamaged)","ModTile","Não","Declarado","true","WorldGen.KillTile, TileFrameImportant; filtro de tile","","https://github.com/JonataOliveiraa/Bunny-Loader/blob/main/app/src/main/cpp/script/js/mod/ModTile.js#L63"
"ModTile","CreateDust","Instância","CreateDust(i, j, type)","ModTile","Não","Declarado","true","WorldGen.KillTile, TileFrameImportant; filtro de tile","","https://github.com/JonataOliveiraa/Bunny-Loader/blob/main/app/src/main/cpp/script/js/mod/ModTile.js#L68"
"ModTile","CreateMapEntryName","Instância","CreateMapEntryName()","ModTile","Não","Declarado","this.constructor.name","O nome da classe.","","https://github.com/JonataOliveiraa/Bunny-Loader/blob/main/app/src/main/cpp/script/js/mod/ModTile.js#L52"
"ModTile","DefaultContainerName","Instância","DefaultContainerName(frameX, frameY)","ModTile","Não","Declarado","this.CreateMapEntryName()","Consulte a implementação na fonte.","","https://github.com/JonataOliveiraa/Bunny-Loader/blob/main/app/src/main/cpp/script/js/mod/ModTile.js#L106"
"ModTile","DrawEffects","Instância","DrawEffects(i, j, spriteBatch, drawData)","ModTile","Não","Declarado","undefined","passada depois do TileDrawing.PostDrawTiles; marca tile.draw","","https://github.com/JonataOliveiraa/Bunny-Loader/blob/main/app/src/main/cpp/script/js/mod/ModTile.js#L83"
"ModTile","EmitParticles","Instância","EmitParticles(i, j, tile, tileFrameX, tileFrameY, tileLight, visible)","ModTile","Não","Declarado","undefined","passada depois do TileDrawing.PostDrawTiles; marca tile.draw","","https://github.com/JonataOliveiraa/Bunny-Loader/blob/main/app/src/main/cpp/script/js/mod/ModTile.js#L85"
"ModTile","GetItemDrops","Instância","GetItemDrops(i, j)","ModTile","Não","Declarado","undefined","WorldGen.KillTile, TileFrameImportant; filtro de tile","","https://github.com/JonataOliveiraa/Bunny-Loader/blob/main/app/src/main/cpp/script/js/mod/ModTile.js#L72"
"ModTile","GetMapOption","Instância","GetMapOption(i, j)","ModTile","Não","Declarado","0","Consulte a implementação na fonte.","","https://github.com/JonataOliveiraa/Bunny-Loader/blob/main/app/src/main/cpp/script/js/mod/ModTile.js#L61"
"ModTile","getModTile","Estático","getModTile(type)","ModTile","Não","Declarado","TileLoader.ByType.get(type)","Consulte a implementação na fonte.","","https://github.com/JonataOliveiraa/Bunny-Loader/blob/main/app/src/main/cpp/script/js/mod/ModTile.js#L137"
"ModTile","getTypeByName","Estático","getTypeByName(name)","ModTile","Não","Declarado","bl.tiles.typeOf(name)","Consulte a implementação na fonte.","","https://github.com/JonataOliveiraa/Bunny-Loader/blob/main/app/src/main/cpp/script/js/mod/ModTile.js#L136"
"ModTile","HasSmartInteract","Instância","HasSmartInteract(i, j, settings)","ModTile","Não","Declarado","Hooks.Overrides(this.constructor, ModTile, 'RightClick')","Se o tile é alvo do smart-interact. No celular o toque num móvel passa por ele (é o clique direito do PC): sem sobrescrever, vale para quem tem RightClick.","","https://github.com/JonataOliveiraa/Bunny-Loader/blob/main/app/src/main/cpp/script/js/mod/ModTile.js#L94"
"ModTile","HighlightTexture","Getter","get HighlightTexture","ModTile","Não","Declarado","this.Texture + '_Highlight'","A folha de quadros; o contorno (HasOutlines).","","https://github.com/JonataOliveiraa/Bunny-Loader/blob/main/app/src/main/cpp/script/js/mod/ModTile.js#L18"
"ModTile","HitWire","Instância","HitWire(i, j)","ModTile","Não","Declarado","undefined","Wiring.HitWireSingle; marca tile.wire","","https://github.com/JonataOliveiraa/Bunny-Loader/blob/main/app/src/main/cpp/script/js/mod/ModTile.js#L95"
"ModTile","IsLockedChest","Instância","IsLockedChest(i, j)","ModTile","Não","Declarado","false","Chest.IsLocked/Unlock/Lock; marca tile.chest","","https://github.com/JonataOliveiraa/Bunny-Loader/blob/main/app/src/main/cpp/script/js/mod/ModTile.js#L103"
"ModTile","isModType","Estático","isModType(type)","ModTile","Não","Declarado","bl.tiles.isModTile(type)","Consulte a implementação na fonte.","","https://github.com/JonataOliveiraa/Bunny-Loader/blob/main/app/src/main/cpp/script/js/mod/ModTile.js#L135"
"ModTile","KillMultiTile","Instância","KillMultiTile(i, j, frameX, frameY)","ModTile","Não","Declarado","undefined","WorldGen.KillTile, TileFrameImportant; filtro de tile","","https://github.com/JonataOliveiraa/Bunny-Loader/blob/main/app/src/main/cpp/script/js/mod/ModTile.js#L66"
"ModTile","KillSound","Instância","KillSound(i, j, fail)","ModTile","Não","Declarado","true","WorldGen.KillTile, TileFrameImportant; filtro de tile","","https://github.com/JonataOliveiraa/Bunny-Loader/blob/main/app/src/main/cpp/script/js/mod/ModTile.js#L69"
"ModTile","KillTile","Instância","KillTile(i, j, fail, effectOnly, noItem)","ModTile","Não","Declarado","undefined","WorldGen.KillTile, TileFrameImportant; filtro de tile","","https://github.com/JonataOliveiraa/Bunny-Loader/blob/main/app/src/main/cpp/script/js/mod/ModTile.js#L64"
"ModTile","LockChest","Instância","LockChest(i, j, frameXAdjustment, manual)","ModTile","Não","Declarado","false","Chest.IsLocked/Unlock/Lock; marca tile.chest","","https://github.com/JonataOliveiraa/Bunny-Loader/blob/main/app/src/main/cpp/script/js/mod/ModTile.js#L105"
"ModTile","ModifyLight","Instância","ModifyLight(i, j, r, g, b)","ModTile","Não","Declarado","undefined","Lighting.LightTiles (a cada 3 quadros) + Lighting.AddLight em lote; marca tile.light","","https://github.com/JonataOliveiraa/Bunny-Loader/blob/main/app/src/main/cpp/script/js/mod/ModTile.js#L75"
"ModTile","ModifySittingTargetInfo","Instância","ModifySittingTargetInfo(i, j, info)","ModTile","Não","Declarado","undefined","PlayerSittingHelper/PlayerSleepingHelper","","https://github.com/JonataOliveiraa/Bunny-Loader/blob/main/app/src/main/cpp/script/js/mod/ModTile.js#L100"
"ModTile","ModifySleepingTargetInfo","Instância","ModifySleepingTargetInfo(i, j, info)","ModTile","Não","Declarado","undefined","PlayerSittingHelper/PlayerSleepingHelper","","https://github.com/JonataOliveiraa/Bunny-Loader/blob/main/app/src/main/cpp/script/js/mod/ModTile.js#L101"
"ModTile","MouseOver","Instância","MouseOver(i, j)","ModTile","Não","Declarado","undefined","Player.TileInteractions; filtro de tile","","https://github.com/JonataOliveiraa/Bunny-Loader/blob/main/app/src/main/cpp/script/js/mod/ModTile.js#L89"
"ModTile","MouseOverFar","Instância","MouseOverFar(i, j)","ModTile","Não","Declarado","undefined","Player.TileInteractions; filtro de tile","","https://github.com/JonataOliveiraa/Bunny-Loader/blob/main/app/src/main/cpp/script/js/mod/ModTile.js#L90"
"ModTile","NearbyEffects","Instância","NearbyEffects(i, j, closer)","ModTile","Não","Declarado","undefined","SceneMetrics.Scan","","https://github.com/JonataOliveiraa/Bunny-Loader/blob/main/app/src/main/cpp/script/js/mod/ModTile.js#L86"
"ModTile","NumDust","Instância","NumDust(i, j, fail, num)","ModTile","Não","Declarado","undefined","WorldGen.KillTile, TileFrameImportant; filtro de tile","","https://github.com/JonataOliveiraa/Bunny-Loader/blob/main/app/src/main/cpp/script/js/mod/ModTile.js#L67"
"ModTile","PlaceInWorld","Instância","PlaceInWorld(i, j, item)","ModTile","Não","Declarado","undefined","TileObjectData.CallPostPlacementPlayerHook e WorldGen.PlaceTile (colocando)","","https://github.com/JonataOliveiraa/Bunny-Loader/blob/main/app/src/main/cpp/script/js/mod/ModTile.js#L73"
"ModTile","PostDraw","Instância","PostDraw(i, j, spriteBatch)","ModTile","Não","Declarado","undefined","passada depois do TileDrawing.PostDrawTiles; marca tile.draw","","https://github.com/JonataOliveiraa/Bunny-Loader/blob/main/app/src/main/cpp/script/js/mod/ModTile.js#L82"
"ModTile","PostSetDefaults","Instância","PostSetDefaults()","ModTile","Não","Declarado","undefined","nativo, conteúdo pronto","","https://github.com/JonataOliveiraa/Bunny-Loader/blob/main/app/src/main/cpp/script/js/mod/ModTile.js#L21"
"ModTile","PostSetupContent","Instância","PostSetupContent()","ModTile","Não","Declarado","undefined","nativo, conteúdo pronto","","https://github.com/JonataOliveiraa/Bunny-Loader/blob/main/app/src/main/cpp/script/js/mod/ModTile.js#L22"
"ModTile","PreDraw","Instância","PreDraw(i, j, spriteBatch)","ModTile","Não","Declarado","true","passada depois do TileDrawing.PostDrawTiles; marca tile.draw","","https://github.com/JonataOliveiraa/Bunny-Loader/blob/main/app/src/main/cpp/script/js/mod/ModTile.js#L81"
"ModTile","RandomUpdate","Instância","RandomUpdate(i, j)","ModTile","Não","Declarado","undefined","WorldGen.UpdateWorld_Tile; marca tile.random","","https://github.com/JonataOliveiraa/Bunny-Loader/blob/main/app/src/main/cpp/script/js/mod/ModTile.js#L97"
"ModTile","register","Estático","register(cls)","ModTile","Não","Declarado","Consultar fonte","Consulte a implementação na fonte.","","https://github.com/JonataOliveiraa/Bunny-Loader/blob/main/app/src/main/cpp/script/js/mod/ModTile.js#L108"
"ModTile","RegisterItemDrop","Instância","RegisterItemDrop(itemType, ...styles)","ModTile","Não","Declarado","Consultar fonte","O item que cai.","","https://github.com/JonataOliveiraa/Bunny-Loader/blob/main/app/src/main/cpp/script/js/mod/ModTile.js#L55"
"ModTile","RightClick","Instância","RightClick(i, j)","ModTile","Não","Declarado","false","Player.TileInteractions; filtro de tile","","https://github.com/JonataOliveiraa/Bunny-Loader/blob/main/app/src/main/cpp/script/js/mod/ModTile.js#L88"
"ModTile","SetDrawPositions","Instância","SetDrawPositions(i, j, width, offsetY, height, tileFrameX, tileFrameY)","ModTile","Não","Declarado","undefined","o desenho nativo (GetTileDrawData); marca tile.drawdata","","https://github.com/JonataOliveiraa/Bunny-Loader/blob/main/app/src/main/cpp/script/js/mod/ModTile.js#L78"
"ModTile","SetSpriteEffects","Instância","SetSpriteEffects(i, j, spriteEffects)","ModTile","Não","Declarado","undefined","o desenho nativo (GetTileDrawData); marca tile.drawdata","","https://github.com/JonataOliveiraa/Bunny-Loader/blob/main/app/src/main/cpp/script/js/mod/ModTile.js#L79"
"ModTile","SetStaticDefaults","Instância","SetStaticDefaults()","ModTile","Não","Declarado","undefined","nativo, conteúdo pronto","","https://github.com/JonataOliveiraa/Bunny-Loader/blob/main/app/src/main/cpp/script/js/mod/ModTile.js#L20"
"ModTile","Slope","Instância","Slope(i, j)","ModTile","Não","Declarado","true","WorldGen.SlopeTile/PoundTile; marca tile.slope","","https://github.com/JonataOliveiraa/Bunny-Loader/blob/main/app/src/main/cpp/script/js/mod/ModTile.js#L96"
"ModTile","SpecialDraw","Instância","SpecialDraw(i, j, spriteBatch)","ModTile","Não","Declarado","undefined","passada depois do TileDrawing.PostDrawTiles; marca tile.draw","","https://github.com/JonataOliveiraa/Bunny-Loader/blob/main/app/src/main/cpp/script/js/mod/ModTile.js#L84"
"ModTile","TileFrame","Instância","TileFrame(i, j, resetFrame, noBreak)","ModTile","Não","Declarado","true","WorldGen.TileFrame; marca tile.frame","","https://github.com/JonataOliveiraa/Bunny-Loader/blob/main/app/src/main/cpp/script/js/mod/ModTile.js#L98"
"ModTile","UnlockChest","Instância","UnlockChest(i, j, frameXAdjustment, dustType, manual)","ModTile","Não","Declarado","false","Chest.IsLocked/Unlock/Lock; marca tile.chest","","https://github.com/JonataOliveiraa/Bunny-Loader/blob/main/app/src/main/cpp/script/js/mod/ModTile.js#L104"
"ModUndergroundBackgroundStyle","FillTextureArray","Instância","FillTextureArray(textureSlots)","ModUndergroundBackgroundStyle","Não","Declarado","undefined","textureSlots[0]: a borda entre o céu e a terra (160x16); [1]: a terra; [2]: a borda entre a terra e a pedra (160x16); [3]: a pedra (160x96). [4]: a passagem para o inferno (vem com a do jogo). Números do BackgroundTextureLoader.GetBackgroundSlot.","","https://github.com/JonataOliveiraa/Bunny-Loader/blob/main/app/src/main/cpp/script/js/mod/ModUndergroundBackgroundStyle.js#L9"
"ModUndergroundBackgroundStyle","register","Estático","register(cls)","ModUndergroundBackgroundStyle","Não","Declarado","Consultar fonte","Consulte a implementação na fonte.","","https://github.com/JonataOliveiraa/Bunny-Loader/blob/main/app/src/main/cpp/script/js/mod/ModUndergroundBackgroundStyle.js#L13"
"ModUndergroundBackgroundStyle","SetStaticDefaults","Instância","SetStaticDefaults()","ModUndergroundBackgroundStyle","Não","Declarado","undefined","A implementação base não executa ações.","","https://github.com/JonataOliveiraa/Bunny-Loader/blob/main/app/src/main/cpp/script/js/mod/ModUndergroundBackgroundStyle.js#L11"
"ModWall","AddMapEntry","Instância","AddMapEntry(color, name)","ModWall","Não","Declarado","Consultar fonte","A cor e o nome no mapa.","MapHelper.wallLookup","https://github.com/JonataOliveiraa/Bunny-Loader/blob/main/app/src/main/cpp/script/js/mod/ModWall.js#L12"
"ModWall","AnimateWall","Instância","AnimateWall(frame, frameCounter)","ModWall","Não","Declarado","undefined","O quadro (Main.wallFrame), por tipo, a cada quadro.","Main.DoUpdate_AnimateWalls","https://github.com/JonataOliveiraa/Bunny-Loader/blob/main/app/src/main/cpp/script/js/mod/ModWall.js#L42"
"ModWall","CreateDust","Instância","CreateDust(i, j, type)","ModWall","Não","Declarado","true","Cada poeira.","WorldGen.KillWall_MakeWallDust","https://github.com/JonataOliveiraa/Bunny-Loader/blob/main/app/src/main/cpp/script/js/mod/ModWall.js#L38"
"ModWall","CreateMapEntryName","Instância","CreateMapEntryName()","ModWall","Não","Declarado","this.constructor.name","Consulte a implementação na fonte.","","https://github.com/JonataOliveiraa/Bunny-Loader/blob/main/app/src/main/cpp/script/js/mod/ModWall.js#L34"
"ModWall","Drop","Instância","Drop(i, j, type)","ModWall","Não","Declarado","true","O item que cai; false nada.","WorldGen.KillWall_DropItems/_GetItemDrops","https://github.com/JonataOliveiraa/Bunny-Loader/blob/main/app/src/main/cpp/script/js/mod/ModWall.js#L40"
"ModWall","getModWall","Estático","getModWall(type)","ModWall","Não","Declarado","WallLoader.ByType.get(type)","Como no tile.","","https://github.com/JonataOliveiraa/Bunny-Loader/blob/main/app/src/main/cpp/script/js/mod/ModWall.js#L74"
"ModWall","getTypeByName","Estático","getTypeByName(name)","ModWall","Não","Declarado","bl.walls.typeOf(name)","Como no tile.","","https://github.com/JonataOliveiraa/Bunny-Loader/blob/main/app/src/main/cpp/script/js/mod/ModWall.js#L73"
"ModWall","isModType","Estático","isModType(type)","ModWall","Não","Declarado","bl.walls.isModWall(type)","Como no tile.","","https://github.com/JonataOliveiraa/Bunny-Loader/blob/main/app/src/main/cpp/script/js/mod/ModWall.js#L72"
"ModWall","KillSound","Instância","KillSound(i, j, fail)","ModWall","Não","Declarado","true","false cala.","WorldGen.KillWall_PlaySounds","https://github.com/JonataOliveiraa/Bunny-Loader/blob/main/app/src/main/cpp/script/js/mod/ModWall.js#L39"
"ModWall","KillWall","Instância","KillWall(i, j, fail)","ModWall","Não","Declarado","undefined","Ao bater ou quebrar (fail, num: Ref).","WorldGen.KillWall, filtro pela parede em (i, j)","https://github.com/JonataOliveiraa/Bunny-Loader/blob/main/app/src/main/cpp/script/js/mod/ModWall.js#L36"
"ModWall","ModifyLight","Instância","ModifyLight(i, j, r, g, b)","ModWall","Não","Declarado","undefined","A luz da parede (Ref), perto da tela.","Lighting.LightTiles + Lighting.AddLight, marca wall.light","https://github.com/JonataOliveiraa/Bunny-Loader/blob/main/app/src/main/cpp/script/js/mod/ModWall.js#L41"
"ModWall","NumDust","Instância","NumDust(i, j, fail, num)","ModWall","Não","Declarado","undefined","Ao bater ou quebrar (fail, num: Ref).","WorldGen.KillWall, filtro pela parede em (i, j)","https://github.com/JonataOliveiraa/Bunny-Loader/blob/main/app/src/main/cpp/script/js/mod/ModWall.js#L37"
"ModWall","PostSetupContent","Instância","PostSetupContent()","ModWall","Não","Declarado","undefined","A implementação base não executa ações.","","https://github.com/JonataOliveiraa/Bunny-Loader/blob/main/app/src/main/cpp/script/js/mod/ModWall.js#L10"
"ModWall","RandomUpdate","Instância","RandomUpdate(i, j)","ModWall","Não","Declarado","undefined","Atualização aleatória.","WorldGen.UpdateWorld_Tile, filtro pela parede, marca wall.random","https://github.com/JonataOliveiraa/Bunny-Loader/blob/main/app/src/main/cpp/script/js/mod/ModWall.js#L43"
"ModWall","register","Estático","register(cls)","ModWall","Não","Declarado","Consultar fonte","Consulte a implementação na fonte.","","https://github.com/JonataOliveiraa/Bunny-Loader/blob/main/app/src/main/cpp/script/js/mod/ModWall.js#L46"
"ModWall","SetStaticDefaults","Instância","SetStaticDefaults()","ModWall","Não","Declarado","undefined","Com o tipo já nas tabelas (Main.wallHouse, WallID.Sets).","na instalação","https://github.com/JonataOliveiraa/Bunny-Loader/blob/main/app/src/main/cpp/script/js/mod/ModWall.js#L9"
"ModWall","WallFrame","Instância","WallFrame(i, j, randomizeFrame, style, frameNumber)","ModWall","Não","Declarado","true","O quadro da moldura; false mantém o anterior.","Framing.WallFrame, filtro pela parede, marca wall.frame","https://github.com/JonataOliveiraa/Bunny-Loader/blob/main/app/src/main/cpp/script/js/mod/ModWall.js#L44"
"ModWaterfallStyle","AddLight","Instância","AddLight(i, j)","ModWaterfallStyle","Não","Declarado","undefined","Luz em cada ponto de cachoeira deste estilo na tela (Lighting.AddLight). O celular embute a luz das cachoeiras do jogo no desenho; esta roda depois dele, uma vez por quadro.","","https://github.com/JonataOliveiraa/Bunny-Loader/blob/main/app/src/main/cpp/script/js/mod/ModWaterfallStyle.js#L9"
"ModWaterfallStyle","ColorMultiplier","Instância","ColorMultiplier(r, g, b, a)","ModWaterfallStyle","Não","Declarado","undefined","A cor da cachoeira: r, g, b são Ref (.value, 0 a 255, a luz do lugar vezes a opacidade) e a, a opacidade. Para cores que mudam com o tempo.","","https://github.com/JonataOliveiraa/Bunny-Loader/blob/main/app/src/main/cpp/script/js/mod/ModWaterfallStyle.js#L13"
"ModWaterfallStyle","register","Estático","register(cls)","ModWaterfallStyle","Não","Declarado","Consultar fonte","Consulte a implementação na fonte.","","https://github.com/JonataOliveiraa/Bunny-Loader/blob/main/app/src/main/cpp/script/js/mod/ModWaterfallStyle.js#L17"
"ModWaterfallStyle","SetStaticDefaults","Instância","SetStaticDefaults()","ModWaterfallStyle","Não","Declarado","undefined","A implementação base não executa ações.","","https://github.com/JonataOliveiraa/Bunny-Loader/blob/main/app/src/main/cpp/script/js/mod/ModWaterfallStyle.js#L15"
"ModWaterStyle","BiomeHairColor","Instância","BiomeHairColor()","ModWaterStyle","Não","Declarado","Color.new(28, 216, 94, 255)","A cor da tintura de bioma (a do cabelo) com esta água. O padrão é a da floresta, como no tModLoader.","","https://github.com/JonataOliveiraa/Bunny-Loader/blob/main/app/src/main/cpp/script/js/mod/ModWaterStyle.js#L39"
"ModWaterStyle","ChooseWaterfallStyle","Instância","ChooseWaterfallStyle()","ModWaterStyle","Não","Declarado","0","O número da cachoeira desta água: ModContent.GetInstance(ModWaterfallStyle).Slot ou uma do jogo (0 é a da floresta).","","https://github.com/JonataOliveiraa/Bunny-Loader/blob/main/app/src/main/cpp/script/js/mod/ModWaterStyle.js#L9"
"ModWaterStyle","GetDropletGore","Instância","GetDropletGore()","ModWaterStyle","Não","Declarado","706","O gore da gota que pinga do bloco. Uma de mod (ModGore.getTypeByName) se comporta como a gota d'água do jogo (GoreID.WaterDrip), como o UpdateType do tModLoader.","","https://github.com/JonataOliveiraa/Bunny-Loader/blob/main/app/src/main/cpp/script/js/mod/ModWaterStyle.js#L17"
"ModWaterStyle","GetRainTexture","Instância","GetRainTexture()","ModWaterStyle","Não","Declarado","null","A textura da chuva: o caminho de um PNG no mod (ou um Asset<Texture2D>), ou null para a do jogo (o padrão).","","https://github.com/JonataOliveiraa/Bunny-Loader/blob/main/app/src/main/cpp/script/js/mod/ModWaterStyle.js#L35"
"ModWaterStyle","GetRainVariant","Instância","GetRainVariant()","ModWaterStyle","Não","Declarado","Rand.Next(3)","A variante da chuva: a coluna da textura dividida por 4 (a do jogo tem 3 por estilo; 0 a 2 é a da floresta). Com GetRainTexture, a coluna na textura do mod. O padrão é o sorteio do próprio jogo, sem custo; sobrescrever custa uma entrada no JS por gota nova.","","https://github.com/JonataOliveiraa/Bunny-Loader/blob/main/app/src/main/cpp/script/js/mod/ModWaterStyle.js#L31"
"ModWaterStyle","GetSplashDust","Instância","GetSplashDust()","ModWaterStyle","Não","Declarado","33","O pó do respingo (quem cai na água). O padrão é o do jogo (DustID.Water).","","https://github.com/JonataOliveiraa/Bunny-Loader/blob/main/app/src/main/cpp/script/js/mod/ModWaterStyle.js#L12"
"ModWaterStyle","LightColorMultiplier","Instância","LightColorMultiplier(r, g, b)","ModWaterStyle","Não","Declarado","Consultar fonte","r, g, b são Ref (.value): quanto da luz atravessa a água (o motor de luz novo, os modos Cor e Branco). O padrão é o do jogo.","","https://github.com/JonataOliveiraa/Bunny-Loader/blob/main/app/src/main/cpp/script/js/mod/ModWaterStyle.js#L21"
"ModWaterStyle","register","Estático","register(cls)","ModWaterStyle","Não","Declarado","Consultar fonte","Consulte a implementação na fonte.","","https://github.com/JonataOliveiraa/Bunny-Loader/blob/main/app/src/main/cpp/script/js/mod/ModWaterStyle.js#L43"
"ModWaterStyle","SetStaticDefaults","Instância","SetStaticDefaults()","ModWaterStyle","Não","Declarado","undefined","A implementação base não executa ações.","","https://github.com/JonataOliveiraa/Bunny-Loader/blob/main/app/src/main/cpp/script/js/mod/ModWaterStyle.js#L41"
"MusicLoader","AddMusicBox","Estático","AddMusicBox(mod, musicSlot, itemType, tileType, tileFrameY = 0)","MusicLoader","Não","Declarado","Consultar fonte","A caixa de música de mod: o tile tileType (2x2, como a do jogo) toca a faixa musicSlot quando ligado (quadro X a partir de 36) e na tela.","","https://github.com/JonataOliveiraa/Bunny-Loader/blob/main/app/src/main/cpp/script/js/mod/MusicLoader.js#L34"
"MusicLoader","GetMusicSlot","Estático","GetMusicSlot(modOrPath, path)","MusicLoader","Não","Declarado","Consultar fonte","O número de uma música do mod (0 = não existe).","","https://github.com/JonataOliveiraa/Bunny-Loader/blob/main/app/src/main/cpp/script/js/mod/MusicLoader.js#L5"
"MusicLoader","IsMusicPlaying","Estático","IsMusicPlaying(slot)","MusicLoader","Não","Declarado","Consultar fonte","Consulte a implementação na fonte.","","https://github.com/JonataOliveiraa/Bunny-Loader/blob/main/app/src/main/cpp/script/js/mod/MusicLoader.js#L49"
"MusicLoader","MusicCount","Getter estático","get MusicCount","MusicLoader","Não","Declarado","ModMusic.Base() + ModMusic.Tracks.length","Consulte a implementação na fonte.","","https://github.com/JonataOliveiraa/Bunny-Loader/blob/main/app/src/main/cpp/script/js/mod/MusicLoader.js#L2"
"MusicLoader","MusicExists","Estático","MusicExists(modOrPath, path)","MusicLoader","Não","Declarado","Consultar fonte","Consulte a implementação na fonte.","","https://github.com/JonataOliveiraa/Bunny-Loader/blob/main/app/src/main/cpp/script/js/mod/MusicLoader.js#L27"
"NetReader","constructor","Construtor","constructor(values)","NetReader","Não","Declarado","instância","Consulte a implementação na fonte.","","https://github.com/JonataOliveiraa/Bunny-Loader/blob/main/app/src/main/cpp/script/js/mod/NetReader.js#L2"
"NetReader","HasMore","Getter","get HasMore","NetReader","Não","Declarado","this.index < this.values.length","Ainda há valores?","","https://github.com/JonataOliveiraa/Bunny-Loader/blob/main/app/src/main/cpp/script/js/mod/NetReader.js#L7"
"NetReader","Read","Instância","Read()","NetReader","Não","Declarado","Consultar fonte","O próximo valor, como foi escrito. Lê na ordem escrita pelo NetWriter. Lança RangeError quando a mensagem não tem mais valores.","","https://github.com/JonataOliveiraa/Bunny-Loader/blob/main/app/src/main/cpp/script/js/mod/NetReader.js#L9"
"NetReader","Read7BitEncodedInt","Instância","Read7BitEncodedInt()","NetReader","Não","Declarado","Number(this.Read()) | 0","Alias de NetReader.ReadInt32.","","https://github.com/JonataOliveiraa/Bunny-Loader/blob/main/app/src/main/cpp/script/js/mod/NetReader.js#L29"
"NetReader","ReadBoolean","Instância","ReadBoolean()","NetReader","Não","Declarado","!!this.Read()","O próximo, convertido.","","https://github.com/JonataOliveiraa/Bunny-Loader/blob/main/app/src/main/cpp/script/js/mod/NetReader.js#L18"
"NetReader","ReadByte","Instância","ReadByte()","NetReader","Não","Declarado","Number(this.Read()) | 0","O próximo, convertido.","","https://github.com/JonataOliveiraa/Bunny-Loader/blob/main/app/src/main/cpp/script/js/mod/NetReader.js#L29"
"NetReader","ReadDouble","Instância","ReadDouble()","NetReader","Não","Declarado","Number(this.Read())","O próximo, convertido.","","https://github.com/JonataOliveiraa/Bunny-Loader/blob/main/app/src/main/cpp/script/js/mod/NetReader.js#L32"
"NetReader","ReadFlags","Instância","ReadFlags()","NetReader","Não","Declarado","this.Read()","Um array de booleanos; um Vector2.","","https://github.com/JonataOliveiraa/Bunny-Loader/blob/main/app/src/main/cpp/script/js/mod/NetReader.js#L20"
"NetReader","ReadInt16","Instância","ReadInt16()","NetReader","Não","Declarado","Number(this.Read()) | 0","Alias de NetReader.ReadInt32.","","https://github.com/JonataOliveiraa/Bunny-Loader/blob/main/app/src/main/cpp/script/js/mod/NetReader.js#L29"
"NetReader","ReadInt32","Instância","ReadInt32()","NetReader","Não","Declarado","Number(this.Read()) | 0","O próximo, convertido.","","https://github.com/JonataOliveiraa/Bunny-Loader/blob/main/app/src/main/cpp/script/js/mod/NetReader.js#L16"
"NetReader","ReadInt64","Instância","ReadInt64()","NetReader","Não","Declarado","Number(this.Read())","Alias de NetReader.ReadSingle.","","https://github.com/JonataOliveiraa/Bunny-Loader/blob/main/app/src/main/cpp/script/js/mod/NetReader.js#L31"
"NetReader","ReadSByte","Instância","ReadSByte()","NetReader","Não","Declarado","Number(this.Read()) | 0","Alias de NetReader.ReadInt32.","","https://github.com/JonataOliveiraa/Bunny-Loader/blob/main/app/src/main/cpp/script/js/mod/NetReader.js#L29"
"NetReader","ReadSingle","Instância","ReadSingle()","NetReader","Não","Declarado","Number(this.Read())","O próximo, convertido.","","https://github.com/JonataOliveiraa/Bunny-Loader/blob/main/app/src/main/cpp/script/js/mod/NetReader.js#L17"
"NetReader","ReadString","Instância","ReadString()","NetReader","Não","Declarado","String(this.Read())","O próximo, convertido.","","https://github.com/JonataOliveiraa/Bunny-Loader/blob/main/app/src/main/cpp/script/js/mod/NetReader.js#L19"
"NetReader","ReadUInt16","Instância","ReadUInt16()","NetReader","Não","Declarado","Number(this.Read()) | 0","Alias de NetReader.ReadInt32.","","https://github.com/JonataOliveiraa/Bunny-Loader/blob/main/app/src/main/cpp/script/js/mod/NetReader.js#L29"
"NetReader","ReadUInt32","Instância","ReadUInt32()","NetReader","Não","Declarado","Number(this.Read()) | 0","Alias de NetReader.ReadInt32.","","https://github.com/JonataOliveiraa/Bunny-Loader/blob/main/app/src/main/cpp/script/js/mod/NetReader.js#L29"
"NetReader","ReadVector2","Instância","ReadVector2()","NetReader","Não","Declarado","Consultar fonte","Um array de booleanos; um Vector2.","","https://github.com/JonataOliveiraa/Bunny-Loader/blob/main/app/src/main/cpp/script/js/mod/NetReader.js#L22"
"NetWriter","constructor","Construtor","constructor()","NetWriter","Não","Declarado","instância","Consulte a implementação na fonte.","","https://github.com/JonataOliveiraa/Bunny-Loader/blob/main/app/src/main/cpp/script/js/mod/NetWriter.js#L2"
"NetWriter","Write","Instância","Write(value)","NetWriter","Não","Declarado","Consultar fonte","Guarda número, texto, booleano, array, objeto simples ou Vector2. Os nomes com tipo (WriteInt32...) fazem o mesmo. Grava valores JS no protocolo do loader, não bytes de BinaryWriter. As variantes WriteByte, WriteInt32 etc. são aliases de Write.","","https://github.com/JonataOliveiraa/Bunny-Loader/blob/main/app/src/main/cpp/script/js/mod/NetWriter.js#L6"
"NetWriter","Write7BitEncodedInt","Instância","Write7BitEncodedInt(value)","NetWriter","Não","Declarado","Consultar fonte","Alias de NetWriter.Write.","","https://github.com/JonataOliveiraa/Bunny-Loader/blob/main/app/src/main/cpp/script/js/mod/NetWriter.js#L18"
"NetWriter","WriteBoolean","Instância","WriteBoolean(value)","NetWriter","Não","Declarado","Consultar fonte","Alias de NetWriter.Write.","","https://github.com/JonataOliveiraa/Bunny-Loader/blob/main/app/src/main/cpp/script/js/mod/NetWriter.js#L18"
"NetWriter","WriteByte","Instância","WriteByte(value)","NetWriter","Não","Declarado","Consultar fonte","Alias de NetWriter.Write.","","https://github.com/JonataOliveiraa/Bunny-Loader/blob/main/app/src/main/cpp/script/js/mod/NetWriter.js#L18"
"NetWriter","WriteDouble","Instância","WriteDouble(value)","NetWriter","Não","Declarado","Consultar fonte","Alias de NetWriter.Write.","","https://github.com/JonataOliveiraa/Bunny-Loader/blob/main/app/src/main/cpp/script/js/mod/NetWriter.js#L18"
"NetWriter","WriteFlags","Instância","WriteFlags(...flags)","NetWriter","Não","Declarado","Consultar fonte","Vários booleanos; um vetor.","","https://github.com/JonataOliveiraa/Bunny-Loader/blob/main/app/src/main/cpp/script/js/mod/NetWriter.js#L12"
"NetWriter","WriteInt16","Instância","WriteInt16(value)","NetWriter","Não","Declarado","Consultar fonte","Alias de NetWriter.Write.","","https://github.com/JonataOliveiraa/Bunny-Loader/blob/main/app/src/main/cpp/script/js/mod/NetWriter.js#L18"
"NetWriter","WriteInt32","Instância","WriteInt32(value)","NetWriter","Não","Declarado","Consultar fonte","Alias de NetWriter.Write.","","https://github.com/JonataOliveiraa/Bunny-Loader/blob/main/app/src/main/cpp/script/js/mod/NetWriter.js#L18"
"NetWriter","WriteInt64","Instância","WriteInt64(value)","NetWriter","Não","Declarado","Consultar fonte","Alias de NetWriter.Write.","","https://github.com/JonataOliveiraa/Bunny-Loader/blob/main/app/src/main/cpp/script/js/mod/NetWriter.js#L18"
"NetWriter","WriteSByte","Instância","WriteSByte(value)","NetWriter","Não","Declarado","Consultar fonte","Alias de NetWriter.Write.","","https://github.com/JonataOliveiraa/Bunny-Loader/blob/main/app/src/main/cpp/script/js/mod/NetWriter.js#L18"
"NetWriter","WriteSingle","Instância","WriteSingle(value)","NetWriter","Não","Declarado","Consultar fonte","Alias de NetWriter.Write.","","https://github.com/JonataOliveiraa/Bunny-Loader/blob/main/app/src/main/cpp/script/js/mod/NetWriter.js#L18"
"NetWriter","WriteString","Instância","WriteString(value)","NetWriter","Não","Declarado","Consultar fonte","Alias de NetWriter.Write.","","https://github.com/JonataOliveiraa/Bunny-Loader/blob/main/app/src/main/cpp/script/js/mod/NetWriter.js#L18"
"NetWriter","WriteUInt16","Instância","WriteUInt16(value)","NetWriter","Não","Declarado","Consultar fonte","Alias de NetWriter.Write.","","https://github.com/JonataOliveiraa/Bunny-Loader/blob/main/app/src/main/cpp/script/js/mod/NetWriter.js#L18"
"NetWriter","WriteUInt32","Instância","WriteUInt32(value)","NetWriter","Não","Declarado","Consultar fonte","Alias de NetWriter.Write.","","https://github.com/JonataOliveiraa/Bunny-Loader/blob/main/app/src/main/cpp/script/js/mod/NetWriter.js#L18"
"NetWriter","WriteVector2","Instância","WriteVector2(v)","NetWriter","Não","Declarado","Consultar fonte","Vários booleanos; um vetor.","","https://github.com/JonataOliveiraa/Bunny-Loader/blob/main/app/src/main/cpp/script/js/mod/NetWriter.js#L13"
"NPCHappiness","constructor","Construtor","constructor(npcType)","NPCHappiness","Não","Declarado","instância","Consulte a implementação na fonte.","","https://github.com/JonataOliveiraa/Bunny-Loader/blob/main/app/src/main/cpp/script/js/mod/NPCHappiness.js#L2"
"NPCHappiness","SetBiomeAffection","Instância","SetBiomeAffection(biome, level)","NPCHappiness","Não","Declarado","Consultar fonte","Consulte a implementação na fonte.","","https://github.com/JonataOliveiraa/Bunny-Loader/blob/main/app/src/main/cpp/script/js/mod/NPCHappiness.js#L16"
"NPCHappiness","SetNPCAffection","Instância","SetNPCAffection(npcType, level)","NPCHappiness","Não","Declarado","Consultar fonte","Consulte a implementação na fonte.","","https://github.com/JonataOliveiraa/Bunny-Loader/blob/main/app/src/main/cpp/script/js/mod/NPCHappiness.js#L6"
"NPCLoot","Add","Instância","Add(rule)","NPCLoot","Não","Declarado","Consultar fonte","Consulte a implementação na fonte.","","https://github.com/JonataOliveiraa/Bunny-Loader/blob/main/app/src/main/cpp/script/js/mod/NPCLoot.js#L7"
"NPCLoot","constructor","Construtor","constructor(type)","NPCLoot","Não","Declarado","instância","Consulte a implementação na fonte.","","https://github.com/JonataOliveiraa/Bunny-Loader/blob/main/app/src/main/cpp/script/js/mod/NPCLoot.js#L2"
"NPCLoot","Get","Instância","Get()","NPCLoot","Não","Declarado","Consultar fonte","Sem as regras globais.","","https://github.com/JonataOliveiraa/Bunny-Loader/blob/main/app/src/main/cpp/script/js/mod/NPCLoot.js#L20"
"NPCLoot","Remove","Instância","Remove(rule)","NPCLoot","Não","Declarado","Consultar fonte","Consulte a implementação na fonte.","","https://github.com/JonataOliveiraa/Bunny-Loader/blob/main/app/src/main/cpp/script/js/mod/NPCLoot.js#L13"
"NPCLoot","RemoveWhere","Instância","RemoveWhere(predicate)","NPCLoot","Não","Declarado","Consultar fonte","Consulte a implementação na fonte.","","https://github.com/JonataOliveiraa/Bunny-Loader/blob/main/app/src/main/cpp/script/js/mod/NPCLoot.js#L25"
"NPCShop","Add","Instância","Add(type, options = {})","NPCShop","Não","Declarado","Consultar fonte","options: { condition: () => bool, price, currency }.","","https://github.com/JonataOliveiraa/Bunny-Loader/blob/main/app/src/main/cpp/script/js/mod/NPCShop.js#L16"
"NPCShop","constructor","Construtor","constructor(npcType, name = 'Shop')","NPCShop","Não","Declarado","instância","Consulte a implementação na fonte.","","https://github.com/JonataOliveiraa/Bunny-Loader/blob/main/app/src/main/cpp/script/js/mod/NPCShop.js#L8"
"NPCShop","get","Estático","get(npcType, name)","NPCShop","Não","Declarado","NPCShop.#byKey.get(npcType + '/' + name)","Consulte a implementação na fonte.","","https://github.com/JonataOliveiraa/Bunny-Loader/blob/main/app/src/main/cpp/script/js/mod/NPCShop.js#L39"
"NPCShop","Open","Instância","Open()","NPCShop","Não","Declarado","Consultar fonte","Consulte a implementação na fonte.","","https://github.com/JonataOliveiraa/Bunny-Loader/blob/main/app/src/main/cpp/script/js/mod/NPCShop.js#L32"
"NPCShop","Register","Instância","Register()","NPCShop","Não","Declarado","Consultar fonte","Consulte a implementação na fonte.","","https://github.com/JonataOliveiraa/Bunny-Loader/blob/main/app/src/main/cpp/script/js/mod/NPCShop.js#L21"
"NPCSpawnInfo","AboveSurface","Getter","get AboveSurface","NPCSpawnInfo","Não","Declarado","this.Surface || this.Sky","Consulte a implementação na fonte.","","https://github.com/JonataOliveiraa/Bunny-Loader/blob/main/app/src/main/cpp/script/js/mod/NPCSpawnInfo.js#L48"
"NPCSpawnInfo","AnyEvent","Getter","get AnyEvent","NPCSpawnInfo","Não","Declarado","this.SlimeRain || this.SolarEclipse || this.PumpkinMoon || this.FrostMoon","Consulte a implementação na fonte.","","https://github.com/JonataOliveiraa/Bunny-Loader/blob/main/app/src/main/cpp/script/js/mod/NPCSpawnInfo.js#L59"
"NPCSpawnInfo","AnyTower","Getter","get AnyTower","NPCSpawnInfo","Não","Declarado","Consultar fonte","Consulte a implementação na fonte.","","https://github.com/JonataOliveiraa/Bunny-Loader/blob/main/app/src/main/cpp/script/js/mod/NPCSpawnInfo.js#L89"
"NPCSpawnInfo","BelowSurface","Getter","get BelowSurface","NPCSpawnInfo","Não","Declarado","!this.AboveSurface && !this.Underworld","Consulte a implementação na fonte.","","https://github.com/JonataOliveiraa/Bunny-Loader/blob/main/app/src/main/cpp/script/js/mod/NPCSpawnInfo.js#L49"
"NPCSpawnInfo","BloodMoon","Getter","get BloodMoon","NPCSpawnInfo","Não","Declarado","Terraria.Main.bloodMoon","Consulte a implementação na fonte.","","https://github.com/JonataOliveiraa/Bunny-Loader/blob/main/app/src/main/cpp/script/js/mod/NPCSpawnInfo.js#L55"
"NPCSpawnInfo","Cavern","Getter","get Cavern","NPCSpawnInfo","Não","Declarado","this.Player.ZoneRockLayerHeight","Consulte a implementação na fonte.","","https://github.com/JonataOliveiraa/Bunny-Loader/blob/main/app/src/main/cpp/script/js/mod/NPCSpawnInfo.js#L46"
"NPCSpawnInfo","CommonEnemy","Getter","get CommonEnemy","NPCSpawnInfo","Não","Declarado","!this.Invasion && !this.AnyEvent && !this.AnyTower","Consulte a implementação na fonte.","","https://github.com/JonataOliveiraa/Bunny-Loader/blob/main/app/src/main/cpp/script/js/mod/NPCSpawnInfo.js#L88"
"NPCSpawnInfo","constructor","Construtor","constructor(spawner, tileX, tileY, target, xRange = false)","NPCSpawnInfo","Não","Declarado","instância","spawner: o NPC.Spawner do jogo; tileX/tileY: o ponto do spawn (-1 no EditSpawnFlags, antes de o jogo escolher); target: o índice do jogador. xRange: longe o bastante na horizontal (SafeRangeX).","","https://github.com/JonataOliveiraa/Bunny-Loader/blob/main/app/src/main/cpp/script/js/mod/NPCSpawnInfo.js#L25"
"NPCSpawnInfo","Corruption","Getter","get Corruption","NPCSpawnInfo","Não","Declarado","this.Player.ZoneCorrupt && this.AboveSurface","Consulte a implementação na fonte.","","https://github.com/JonataOliveiraa/Bunny-Loader/blob/main/app/src/main/cpp/script/js/mod/NPCSpawnInfo.js#L65"
"NPCSpawnInfo","Crimson","Getter","get Crimson","NPCSpawnInfo","Não","Declarado","this.Player.ZoneCrimson && this.AboveSurface","Consulte a implementação na fonte.","","https://github.com/JonataOliveiraa/Bunny-Loader/blob/main/app/src/main/cpp/script/js/mod/NPCSpawnInfo.js#L67"
"NPCSpawnInfo","Day","Getter","get Day","NPCSpawnInfo","Não","Declarado","Terraria.Main.dayTime","Consulte a implementação na fonte.","","https://github.com/JonataOliveiraa/Bunny-Loader/blob/main/app/src/main/cpp/script/js/mod/NPCSpawnInfo.js#L51"
"NPCSpawnInfo","Desert","Getter","get Desert","NPCSpawnInfo","Não","Declarado","this.Player.ZoneDesert","Consulte a implementação na fonte.","","https://github.com/JonataOliveiraa/Bunny-Loader/blob/main/app/src/main/cpp/script/js/mod/NPCSpawnInfo.js#L79"
"NPCSpawnInfo","DesertCave","Getter","get DesertCave","NPCSpawnInfo","Não","Declarado","this.Player.ZoneUndergroundDesert","Consulte a implementação na fonte.","","https://github.com/JonataOliveiraa/Bunny-Loader/blob/main/app/src/main/cpp/script/js/mod/NPCSpawnInfo.js#L80"
"NPCSpawnInfo","Dungeon","Getter","get Dungeon","NPCSpawnInfo","Não","Declarado","this.Player.ZoneDungeon","Consulte a implementação na fonte.","","https://github.com/JonataOliveiraa/Bunny-Loader/blob/main/app/src/main/cpp/script/js/mod/NPCSpawnInfo.js#L84"
"NPCSpawnInfo","Expert","Getter","get Expert","NPCSpawnInfo","Não","Declarado","Terraria.Main.expertMode","Consulte a implementação na fonte.","","https://github.com/JonataOliveiraa/Bunny-Loader/blob/main/app/src/main/cpp/script/js/mod/NPCSpawnInfo.js#L62"
"NPCSpawnInfo","FrostMoon","Getter","get FrostMoon","NPCSpawnInfo","Não","Declarado","Terraria.Main.snowMoon","Consulte a implementação na fonte.","","https://github.com/JonataOliveiraa/Bunny-Loader/blob/main/app/src/main/cpp/script/js/mod/NPCSpawnInfo.js#L58"
"NPCSpawnInfo","Granite","Getter","get Granite","NPCSpawnInfo","Não","Declarado","this.Player.ZoneGranite","Consulte a implementação na fonte.","","https://github.com/JonataOliveiraa/Bunny-Loader/blob/main/app/src/main/cpp/script/js/mod/NPCSpawnInfo.js#L82"
"NPCSpawnInfo","Graveyard","Getter","get Graveyard","NPCSpawnInfo","Não","Declarado","this.Player.ZoneGraveyard","Consulte a implementação na fonte.","","https://github.com/JonataOliveiraa/Bunny-Loader/blob/main/app/src/main/cpp/script/js/mod/NPCSpawnInfo.js#L83"
"NPCSpawnInfo","Hallow","Getter","get Hallow","NPCSpawnInfo","Não","Declarado","this.Player.ZoneHallow && this.AboveSurface","Consulte a implementação na fonte.","","https://github.com/JonataOliveiraa/Bunny-Loader/blob/main/app/src/main/cpp/script/js/mod/NPCSpawnInfo.js#L69"
"NPCSpawnInfo","HardMode","Getter","get HardMode","NPCSpawnInfo","Não","Declarado","Terraria.Main.hardMode","Consulte a implementação na fonte.","","https://github.com/JonataOliveiraa/Bunny-Loader/blob/main/app/src/main/cpp/script/js/mod/NPCSpawnInfo.js#L61"
"NPCSpawnInfo","Ice","Getter","get Ice","NPCSpawnInfo","Não","Declarado","this.Player.ZoneSnow && (this.Underground || this.Cavern)","Consulte a implementação na fonte.","","https://github.com/JonataOliveiraa/Bunny-Loader/blob/main/app/src/main/cpp/script/js/mod/NPCSpawnInfo.js#L72"
"NPCSpawnInfo","Invasion","Getter","get Invasion","NPCSpawnInfo","Não","Declarado","Terraria.Main.invasionType > 0","Consulte a implementação na fonte.","","https://github.com/JonataOliveiraa/Bunny-Loader/blob/main/app/src/main/cpp/script/js/mod/NPCSpawnInfo.js#L87"
"NPCSpawnInfo","Jungle","Getter","get Jungle","NPCSpawnInfo","Não","Declarado","this.Player.ZoneJungle && this.AboveSurface","Consulte a implementação na fonte.","","https://github.com/JonataOliveiraa/Bunny-Loader/blob/main/app/src/main/cpp/script/js/mod/NPCSpawnInfo.js#L73"
"NPCSpawnInfo","Lihzahrd","Getter","get Lihzahrd","NPCSpawnInfo","Não","Declarado","this.Player.ZoneLihzhardTemple","Consulte a implementação na fonte.","","https://github.com/JonataOliveiraa/Bunny-Loader/blob/main/app/src/main/cpp/script/js/mod/NPCSpawnInfo.js#L85"
"NPCSpawnInfo","Marble","Getter","get Marble","NPCSpawnInfo","Não","Declarado","this.Player.ZoneMarble","Consulte a implementação na fonte.","","https://github.com/JonataOliveiraa/Bunny-Loader/blob/main/app/src/main/cpp/script/js/mod/NPCSpawnInfo.js#L81"
"NPCSpawnInfo","Master","Getter","get Master","NPCSpawnInfo","Não","Declarado","Terraria.Main.masterMode","Consulte a implementação na fonte.","","https://github.com/JonataOliveiraa/Bunny-Loader/blob/main/app/src/main/cpp/script/js/mod/NPCSpawnInfo.js#L63"
"NPCSpawnInfo","Meteor","Getter","get Meteor","NPCSpawnInfo","Não","Declarado","this.Player.ZoneMeteor","Consulte a implementação na fonte.","","https://github.com/JonataOliveiraa/Bunny-Loader/blob/main/app/src/main/cpp/script/js/mod/NPCSpawnInfo.js#L78"
"NPCSpawnInfo","Mushroom","Getter","get Mushroom","NPCSpawnInfo","Não","Declarado","this.Player.ZoneGlowshroom && this.Cavern","Consulte a implementação na fonte.","","https://github.com/JonataOliveiraa/Bunny-Loader/blob/main/app/src/main/cpp/script/js/mod/NPCSpawnInfo.js#L76"
"NPCSpawnInfo","Night","Getter","get Night","NPCSpawnInfo","Não","Declarado","!Terraria.Main.dayTime","Consulte a implementação na fonte.","","https://github.com/JonataOliveiraa/Bunny-Loader/blob/main/app/src/main/cpp/script/js/mod/NPCSpawnInfo.js#L52"
"NPCSpawnInfo","Ocean","Getter","get Ocean","NPCSpawnInfo","Não","Declarado","this.Player.ZoneBeach","Consulte a implementação na fonte.","","https://github.com/JonataOliveiraa/Bunny-Loader/blob/main/app/src/main/cpp/script/js/mod/NPCSpawnInfo.js#L77"
"NPCSpawnInfo","PumpkinMoon","Getter","get PumpkinMoon","NPCSpawnInfo","Não","Declarado","Terraria.Main.pumpkinMoon","Consulte a implementação na fonte.","","https://github.com/JonataOliveiraa/Bunny-Loader/blob/main/app/src/main/cpp/script/js/mod/NPCSpawnInfo.js#L57"
"NPCSpawnInfo","Rain","Getter","get Rain","NPCSpawnInfo","Não","Declarado","Terraria.Main.raining","Consulte a implementação na fonte.","","https://github.com/JonataOliveiraa/Bunny-Loader/blob/main/app/src/main/cpp/script/js/mod/NPCSpawnInfo.js#L53"
"NPCSpawnInfo","Sky","Getter","get Sky","NPCSpawnInfo","Não","Declarado","this.Player.ZoneSkyHeight","Consulte a implementação na fonte.","","https://github.com/JonataOliveiraa/Bunny-Loader/blob/main/app/src/main/cpp/script/js/mod/NPCSpawnInfo.js#L43"
"NPCSpawnInfo","SlimeRain","Getter","get SlimeRain","NPCSpawnInfo","Não","Declarado","Terraria.Main.slimeRain","Consulte a implementação na fonte.","","https://github.com/JonataOliveiraa/Bunny-Loader/blob/main/app/src/main/cpp/script/js/mod/NPCSpawnInfo.js#L54"
"NPCSpawnInfo","Snow","Getter","get Snow","NPCSpawnInfo","Não","Declarado","this.Player.ZoneSnow && this.AboveSurface","Consulte a implementação na fonte.","","https://github.com/JonataOliveiraa/Bunny-Loader/blob/main/app/src/main/cpp/script/js/mod/NPCSpawnInfo.js#L71"
"NPCSpawnInfo","SolarEclipse","Getter","get SolarEclipse","NPCSpawnInfo","Não","Declarado","Terraria.Main.eclipse","Consulte a implementação na fonte.","","https://github.com/JonataOliveiraa/Bunny-Loader/blob/main/app/src/main/cpp/script/js/mod/NPCSpawnInfo.js#L56"
"NPCSpawnInfo","Surface","Getter","get Surface","NPCSpawnInfo","Não","Declarado","this.Player.ZoneOverworldHeight","Consulte a implementação na fonte.","","https://github.com/JonataOliveiraa/Bunny-Loader/blob/main/app/src/main/cpp/script/js/mod/NPCSpawnInfo.js#L44"
"NPCSpawnInfo","SurfaceMushroom","Getter","get SurfaceMushroom","NPCSpawnInfo","Não","Declarado","this.Player.ZoneGlowshroom && this.Surface","Consulte a implementação na fonte.","","https://github.com/JonataOliveiraa/Bunny-Loader/blob/main/app/src/main/cpp/script/js/mod/NPCSpawnInfo.js#L75"
"NPCSpawnInfo","Underground","Getter","get Underground","NPCSpawnInfo","Não","Declarado","this.Player.ZoneDirtLayerHeight","Consulte a implementação na fonte.","","https://github.com/JonataOliveiraa/Bunny-Loader/blob/main/app/src/main/cpp/script/js/mod/NPCSpawnInfo.js#L45"
"NPCSpawnInfo","UndergroundCorruption","Getter","get UndergroundCorruption","NPCSpawnInfo","Não","Declarado","this.Player.ZoneCorrupt && (this.Underground || this.Cavern)","Consulte a implementação na fonte.","","https://github.com/JonataOliveiraa/Bunny-Loader/blob/main/app/src/main/cpp/script/js/mod/NPCSpawnInfo.js#L66"
"NPCSpawnInfo","UndergroundCrimson","Getter","get UndergroundCrimson","NPCSpawnInfo","Não","Declarado","this.Player.ZoneCrimson && (this.Underground || this.Cavern)","Consulte a implementação na fonte.","","https://github.com/JonataOliveiraa/Bunny-Loader/blob/main/app/src/main/cpp/script/js/mod/NPCSpawnInfo.js#L68"
"NPCSpawnInfo","UndergroundHallow","Getter","get UndergroundHallow","NPCSpawnInfo","Não","Declarado","this.Player.ZoneHallow && (this.Underground || this.Cavern)","Consulte a implementação na fonte.","","https://github.com/JonataOliveiraa/Bunny-Loader/blob/main/app/src/main/cpp/script/js/mod/NPCSpawnInfo.js#L70"
"NPCSpawnInfo","UndergroundJungle","Getter","get UndergroundJungle","NPCSpawnInfo","Não","Declarado","this.Player.ZoneJungle && (this.Underground || this.Cavern)","Consulte a implementação na fonte.","","https://github.com/JonataOliveiraa/Bunny-Loader/blob/main/app/src/main/cpp/script/js/mod/NPCSpawnInfo.js#L74"
"NPCSpawnInfo","Underworld","Getter","get Underworld","NPCSpawnInfo","Não","Declarado","this.Player.ZoneUnderworldHeight","Consulte a implementação na fonte.","","https://github.com/JonataOliveiraa/Bunny-Loader/blob/main/app/src/main/cpp/script/js/mod/NPCSpawnInfo.js#L47"
"PlayerDrawLayer","AfterParent","Estático","AfterParent(layer)","PlayerDrawLayer","Não","Declarado","{ After: layer }","Consulte a implementação na fonte.","","https://github.com/JonataOliveiraa/Bunny-Loader/blob/main/app/src/main/cpp/script/js/mod/Loaders/PlayerDrawHooks.js#L11"
"PlayerDrawLayer","BeforeParent","Estático","BeforeParent(layer)","PlayerDrawLayer","Não","Declarado","{ Before: layer }","Consulte a implementação na fonte.","","https://github.com/JonataOliveiraa/Bunny-Loader/blob/main/app/src/main/cpp/script/js/mod/Loaders/PlayerDrawHooks.js#L10"
"PlayerDrawLayer","constructor","Construtor","constructor(name, method = null)","PlayerDrawLayer","Não","Declarado","instância","Consulte a implementação na fonte. Base de camadas personalizadas e descritor das nativas. Classes exportadas são registradas automaticamente; o nome padrão é o nome da classe.","","https://github.com/JonataOliveiraa/Bunny-Loader/blob/main/app/src/main/cpp/script/js/mod/Loaders/PlayerDrawHooks.js#L2"
"PlayerDrawLayer","Draw","Instância","Draw(drawInfo)","PlayerDrawLayer","Não","Declarado","undefined","A implementação base não executa ações. Obrigatório. Adicione DrawData com ModPlayer.AddDrawData(drawInfo, drawData). Executado junto do pai, antes das transformações e da renderização nativas.","","https://github.com/JonataOliveiraa/Bunny-Loader/blob/main/app/src/main/cpp/script/js/mod/Loaders/PlayerDrawHooks.js#L8"
"PlayerDrawLayer","FullName","Getter","get FullName","PlayerDrawLayer","Não","Declarado","this.Mod ? this.Mod.uuid + '/' + this.Name : this.Name","Consulte a implementação na fonte. Nome qualificado como uuid-do-mod/nome-da-camada.","","https://github.com/JonataOliveiraa/Bunny-Loader/blob/main/app/src/main/cpp/script/js/mod/Loaders/PlayerDrawHooks.js#L4"
"PlayerDrawLayer","GetDefaultPosition","Instância","GetDefaultPosition()","PlayerDrawLayer","Não","Declarado","Consultar fonte","Consulte a implementação na fonte. Obrigatório. Retorne BeforeParent ou AfterParent com descritor nativo, classe registrada, instância ou nome completo. Posições padrão ficam em cache.","","https://github.com/JonataOliveiraa/Bunny-Loader/blob/main/app/src/main/cpp/script/js/mod/Loaders/PlayerDrawHooks.js#L6"
"PlayerDrawLayer","GetDefaultVisibility","Instância","GetDefaultVisibility(drawInfo)","PlayerDrawLayer","Não","Declarado","true","Consulte a implementação na fonte. Consultado em cada desenho e para cada jogador. false oculta a camada e seus filhos. Verifique drawInfo.shadow para excluir pós-imagens.","","https://github.com/JonataOliveiraa/Bunny-Loader/blob/main/app/src/main/cpp/script/js/mod/Loaders/PlayerDrawHooks.js#L7"
"PlayerDrawLayer","Hide","Instância","Hide()","PlayerDrawLayer","Não","Declarado","Consultar fonte","Consulte a implementação na fonte. Oculta a camada e seus filhos no desenho atual. O estado é restaurado ao terminar, inclusive em chamadas aninhadas.","","https://github.com/JonataOliveiraa/Bunny-Loader/blob/main/app/src/main/cpp/script/js/mod/Loaders/PlayerDrawHooks.js#L9"
"PlayerDrawLayer","register","Estático","register(cls)","PlayerDrawLayer","Não","Declarado","Consultar fonte","Registra. Registro manual para classes com Autoload=false ou criadas em execução. Valida Draw e GetDefaultPosition, rejeita duplicatas e cria o template de ModContent.GetInstance.","","https://github.com/JonataOliveiraa/Bunny-Loader/blob/main/app/src/main/cpp/script/js/mod/Loaders/PlayerDrawHooks.js#L12"
"PlayerDrawLayer","SetStaticDefaults","Instância","SetStaticDefaults()","PlayerDrawLayer","Não","Declarado","undefined","A implementação base não executa ações. Uma vez com conteúdo pronto, após o registro dos itens e equipamentos.","","https://github.com/JonataOliveiraa/Bunny-Loader/blob/main/app/src/main/cpp/script/js/mod/Loaders/PlayerDrawHooks.js#L5"
"PlayerDrawLayer","Visible","Getter","get Visible","PlayerDrawLayer","Não","Declarado","!this.IsHidden","Consulte a implementação na fonte. Visibilidade própria da camada no desenho atual; um pai oculto também suprime sua execução.","","https://github.com/JonataOliveiraa/Bunny-Loader/blob/main/app/src/main/cpp/script/js/mod/Loaders/PlayerDrawHooks.js#L3"
"PrefixLoader","AllowPrefix","Estático","AllowPrefix(item, pre)","PrefixLoader","Não","Declarado","Consultar fonte","Consulte a implementação na fonte.","","https://github.com/JonataOliveiraa/Bunny-Loader/blob/main/app/src/main/cpp/script/js/mod/Loaders/PrefixLoader.js#L122"
"PrefixLoader","Categories","Estático","Categories(item)","PrefixLoader","Não","Declarado","Consultar fonte","As categorias do item; os prefixos do jogo de uma categoria.","","https://github.com/JonataOliveiraa/Bunny-Loader/blob/main/app/src/main/cpp/script/js/mod/Loaders/PrefixLoader.js#L83"
"PrefixLoader","GetPrefix","Estático","GetPrefix(type)","PrefixLoader","Não","Declarado","PrefixLoader.ByType.get(type)","O ModPrefix, ou undefined (prefixo do jogo).","","https://github.com/JonataOliveiraa/Bunny-Loader/blob/main/app/src/main/cpp/script/js/mod/Loaders/PrefixLoader.js#L26"
"PrefixLoader","GetPrefixesInCategory","Estático","GetPrefixesInCategory(category)","PrefixLoader","Não","Declarado","PrefixLoader.#byCategory.get(category) || []","Consulte a implementação na fonte.","","https://github.com/JonataOliveiraa/Bunny-Loader/blob/main/app/src/main/cpp/script/js/mod/Loaders/PrefixLoader.js#L28"
"PrefixLoader","IsWeaponSubCategory","Estático","IsWeaponSubCategory(category)","PrefixLoader","Não","Declarado","category === PrefixCategory.Melee || category === PrefixCategory.Ranged || category === PrefixCategory.Magic","Consulte a implementação na fonte.","","https://github.com/JonataOliveiraa/Bunny-Loader/blob/main/app/src/main/cpp/script/js/mod/Loaders/PrefixLoader.js#L30"
"PrefixLoader","PrefixCount","Getter estático","get PrefixCount","PrefixLoader","Não","Declarado","PrefixLoader.VanillaCount + PrefixLoader.ByType.size","Consulte a implementação na fonte.","","https://github.com/JonataOliveiraa/Bunny-Loader/blob/main/app/src/main/cpp/script/js/mod/Loaders/PrefixLoader.js#L24"
"PrefixLoader","Register","Estático","Register(inst)","PrefixLoader","Não","Declarado","Consultar fonte","Consulte a implementação na fonte.","","https://github.com/JonataOliveiraa/Bunny-Loader/blob/main/app/src/main/cpp/script/js/mod/Loaders/PrefixLoader.js#L34"
"PrefixLoader","TooltipLines","Estático","TooltipLines(item)","PrefixLoader","Não","Declarado","Consultar fonte","As linhas do GetTooltipLines do prefixo do item, ou null.","","https://github.com/JonataOliveiraa/Bunny-Loader/blob/main/app/src/main/cpp/script/js/mod/Loaders/PrefixLoader.js#L132"
"PrefixLoader","VanillaCount","Getter estático","get VanillaCount","PrefixLoader","Não","Declarado","Consultar fonte","Consulte a implementação na fonte.","","https://github.com/JonataOliveiraa/Bunny-Loader/blob/main/app/src/main/cpp/script/js/mod/Loaders/PrefixLoader.js#L19"
"PrefixLoader","VanillaPrefixes","Estático","VanillaPrefixes(category)","PrefixLoader","Não","Declarado","Consultar fonte","As categorias do item; os prefixos do jogo de uma categoria.","","https://github.com/JonataOliveiraa/Bunny-Loader/blob/main/app/src/main/cpp/script/js/mod/Loaders/PrefixLoader.js#L109"
"PrefixLoader","WantItemHooks","Estático","WantItemHooks(methods)","PrefixLoader","Não","Declarado","Consultar fonte","Os métodos de prefixo que um ModItem/GlobalItem sobrescreve (ChoosePrefix, AllowPrefix...).","","https://github.com/JonataOliveiraa/Bunny-Loader/blob/main/app/src/main/cpp/script/js/mod/Loaders/PrefixLoader.js#L64"
"PrefixLoader","WantRollable","Estático","WantRollable()","PrefixLoader","Não","Declarado","Consultar fonte","Item de mod ganha os prefixos das categorias dele (MeleePrefix...): sem isto, as tabelas PrefixLegacy.ItemSets do jogo não o conhecem e ele não ganha nenhum.","","https://github.com/JonataOliveiraa/Bunny-Loader/blob/main/app/src/main/cpp/script/js/mod/Loaders/PrefixLoader.js#L73"
"PrefixLoader","WantRolling","Estático","WantRolling()","PrefixLoader","Não","Declarado","Consultar fonte","Consulte a implementação na fonte.","","https://github.com/JonataOliveiraa/Bunny-Loader/blob/main/app/src/main/cpp/script/js/mod/Loaders/PrefixLoader.js#L77"
"RarityLoader","Add","Estático","Add(inst)","RarityLoader","Não","Declarado","Consultar fonte","Consulte a implementação na fonte.","","https://github.com/JonataOliveiraa/Bunny-Loader/blob/main/app/src/main/cpp/script/js/mod/Loaders/RarityLoader.js#L19"
"RarityLoader","ColorOf","Estático","ColorOf(type)","RarityLoader","Não","Declarado","Consultar fonte","A cor de uma raridade de mod; branco se o RarityColor falhar.","","https://github.com/JonataOliveiraa/Bunny-Loader/blob/main/app/src/main/cpp/script/js/mod/Loaders/RarityLoader.js#L30"
"RarityLoader","GetRarity","Estático","GetRarity(type)","RarityLoader","Não","Declarado","RarityLoader.ByType.get(type) || null","Consulte a implementação na fonte.","","https://github.com/JonataOliveiraa/Bunny-Loader/blob/main/app/src/main/cpp/script/js/mod/Loaders/RarityLoader.js#L27"
"RarityLoader","RarityCount","Getter estático","get RarityCount","RarityLoader","Não","Declarado","RarityLoader.VanillaCount + RarityLoader.ByType.size","Consulte a implementação na fonte.","","https://github.com/JonataOliveiraa/Bunny-Loader/blob/main/app/src/main/cpp/script/js/mod/Loaders/RarityLoader.js#L17"
"SoundEngine","FindActiveSound","Estático","FindActiveSound(style)","SoundEngine","Não","Declarado","Consultar fonte","Consulte a implementação na fonte.","","https://github.com/JonataOliveiraa/Bunny-Loader/blob/main/app/src/main/cpp/script/js/mod/SoundEngine.js#L19"
"SoundEngine","PlaySound","Estático","PlaySound(style, position)","SoundEngine","Não","Declarado","Consultar fonte","Toca agora; som de mod devolve o número (0 = não tocou).","","https://github.com/JonataOliveiraa/Bunny-Loader/blob/main/app/src/main/cpp/script/js/mod/SoundEngine.js#L4"
"SoundEngine","StopSound","Estático","StopSound(stream)","SoundEngine","Não","Declarado","Consultar fonte","Consulte a implementação na fonte.","","https://github.com/JonataOliveiraa/Bunny-Loader/blob/main/app/src/main/cpp/script/js/mod/SoundEngine.js#L28"
"SoundStyle","constructor","Construtor","constructor(path, options)","SoundStyle","Não","Declarado","instância","Consulte a implementação na fonte.","","https://github.com/JonataOliveiraa/Bunny-Loader/blob/main/app/src/main/cpp/script/js/mod/SoundStyle.js#L5"
"SpawnCondition","Active","Getter","get Active","SpawnCondition","Não","Declarado","Consultar fonte","Consulte a implementação na fonte.","","https://github.com/JonataOliveiraa/Bunny-Loader/blob/main/app/src/main/cpp/script/js/mod/SpawnCondition.js#L37"
"SpawnCondition","Begin","Estático","Begin(info)","SpawnCondition","Não","Declarado","Consultar fonte","O spawnInfo do sorteio que começa (o SpawnLoader chama antes dos SpawnChance).","","https://github.com/JonataOliveiraa/Bunny-Loader/blob/main/app/src/main/cpp/script/js/mod/SpawnCondition.js#L41"
"SpawnCondition","BlockWeight","Getter","get BlockWeight","SpawnCondition","Não","Declarado","this.#blockWeight","Consulte a implementação na fonte.","","https://github.com/JonataOliveiraa/Bunny-Loader/blob/main/app/src/main/cpp/script/js/mod/SpawnCondition.js#L38"
"SpawnCondition","Chance","Getter","get Chance","SpawnCondition","Não","Declarado","Consultar fonte","Consulte a implementação na fonte.","","https://github.com/JonataOliveiraa/Bunny-Loader/blob/main/app/src/main/cpp/script/js/mod/SpawnCondition.js#L36"
"SpawnCondition","CheckAll","Estático","CheckAll(info)","SpawnCondition","Não","Declarado","Consultar fonte","Todas as condições no spawnInfo dado, na hora (para testes).","","https://github.com/JonataOliveiraa/Bunny-Loader/blob/main/app/src/main/cpp/script/js/mod/SpawnCondition.js#L47"
"SpawnCondition","constructor","Construtor","constructor(parent, test, blockWeight = 1)","SpawnCondition","Não","Declarado","instância","Consulte a implementação na fonte.","","https://github.com/JonataOliveiraa/Bunny-Loader/blob/main/app/src/main/cpp/script/js/mod/SpawnCondition.js#L24"
"SpawnCondition","Name","Estático","Name(all)","SpawnCondition","Não","Declarado","Consultar fonte","Os nomes, para o aviso (depois de criar todas).","","https://github.com/JonataOliveiraa/Bunny-Loader/blob/main/app/src/main/cpp/script/js/mod/SpawnCondition.js#L92"
"SpawnPool","Add","Instância","Add(type, weight)","SpawnPool","Não","Declarado","Consultar fonte","Consulte a implementação na fonte.","","https://github.com/JonataOliveiraa/Bunny-Loader/blob/main/app/src/main/cpp/script/js/mod/SpawnPool.js#L9"
"SpawnPool","Choose","Instância","Choose()","SpawnPool","Não","Declarado","Consultar fonte","O tipo sorteado pelo Main.rand, ou null com o total 0 (nada nasce). Peso negativo vale 0.","","https://github.com/JonataOliveiraa/Bunny-Loader/blob/main/app/src/main/cpp/script/js/mod/SpawnPool.js#L28"
"SpawnPool","Clear","Instância","Clear()","SpawnPool","Não","Declarado","Consultar fonte","Consulte a implementação na fonte.","","https://github.com/JonataOliveiraa/Bunny-Loader/blob/main/app/src/main/cpp/script/js/mod/SpawnPool.js#L22"
"SpawnPool","ContainsKey","Instância","ContainsKey(type)","SpawnPool","Não","Declarado","Object.prototype.hasOwnProperty.call(this, type)","Consulte a implementação na fonte.","","https://github.com/JonataOliveiraa/Bunny-Loader/blob/main/app/src/main/cpp/script/js/mod/SpawnPool.js#L14"
"SpawnPool","Count","Getter","get Count","SpawnPool","Não","Declarado","Object.keys(this).length","Consulte a implementação na fonte.","","https://github.com/JonataOliveiraa/Bunny-Loader/blob/main/app/src/main/cpp/script/js/mod/SpawnPool.js#L6"
"SpawnPool","Keys","Getter","get Keys","SpawnPool","Não","Declarado","Object.keys(this).map(Number)","Consulte a implementação na fonte.","","https://github.com/JonataOliveiraa/Bunny-Loader/blob/main/app/src/main/cpp/script/js/mod/SpawnPool.js#L7"
"SpawnPool","Remove","Instância","Remove(type)","SpawnPool","Não","Declarado","Consultar fonte","Consulte a implementação na fonte.","","https://github.com/JonataOliveiraa/Bunny-Loader/blob/main/app/src/main/cpp/script/js/mod/SpawnPool.js#L16"
"StatInheritanceData","constructor","Construtor","constructor(damageInheritance = 0, critChanceInheritance = 0, attackSpeedInheritance = 0, armorPenInheritance = 0, knockbackInheritance = 0)","StatInheritanceData","Não","Declarado","instância","Consulte a implementação na fonte.","","https://github.com/JonataOliveiraa/Bunny-Loader/blob/main/app/src/main/cpp/script/js/mod/StatInheritanceData.js#L5"
"StatInheritanceData","Full","Getter estático","get Full","StatInheritanceData","Não","Declarado","new StatInheritanceData(1, 1, 1, 1, 1)","Um novo a cada leitura: o Full with { attackSpeedInheritance = 0 } do C# vira Object.assign(StatInheritanceData.Full, { attackSpeedInheritance: 0 }).","","https://github.com/JonataOliveiraa/Bunny-Loader/blob/main/app/src/main/cpp/script/js/mod/StatInheritanceData.js#L24"
"StatInheritanceData","IsNone","Getter","get IsNone","StatInheritanceData","Não","Declarado","!this.damageInheritance && !this.critChanceInheritance && !this.attackSpeedInheritance && !this.armorPenInheritance && !this.knockbackInheritance","Consulte a implementação na fonte.","","https://github.com/JonataOliveiraa/Bunny-Loader/blob/main/app/src/main/cpp/script/js/mod/StatInheritanceData.js#L27"
"StatInheritanceData","None","Getter estático","get None","StatInheritanceData","Não","Declarado","new StatInheritanceData()","Consulte a implementação na fonte.","","https://github.com/JonataOliveiraa/Bunny-Loader/blob/main/app/src/main/cpp/script/js/mod/StatInheritanceData.js#L25"
"StatModifier","ApplyTo","Instância","ApplyTo(baseValue)","StatModifier","Não","Declarado","(baseValue + this.Base) * this.Additive * this.Multiplicative + this.Flat","Consulte a implementação na fonte.","","https://github.com/JonataOliveiraa/Bunny-Loader/blob/main/app/src/main/cpp/script/js/mod/StatModifier.js#L15"
"StatModifier","Clone","Instância","Clone()","StatModifier","Não","Declarado","new StatModifier(this.Additive, this.Multiplicative, this.Flat, this.Base)","Consulte a implementação na fonte.","","https://github.com/JonataOliveiraa/Bunny-Loader/blob/main/app/src/main/cpp/script/js/mod/StatModifier.js#L33"
"StatModifier","CombineWith","Instância","CombineWith(m)","StatModifier","Não","Declarado","new StatModifier(this.Additive + m.Additive - 1, this.Multiplicative * m.Multiplicative, this.Flat + m.Flat, this.Base + m.Base)","Consulte a implementação na fonte.","","https://github.com/JonataOliveiraa/Bunny-Loader/blob/main/app/src/main/cpp/script/js/mod/StatModifier.js#L19"
"StatModifier","constructor","Construtor","constructor(additive = 1, multiplicative = 1, flat = 0, base = 0)","StatModifier","Não","Declarado","instância","Consulte a implementação na fonte.","","https://github.com/JonataOliveiraa/Bunny-Loader/blob/main/app/src/main/cpp/script/js/mod/StatModifier.js#L6"
"StatModifier","Default","Getter estático","get Default","StatModifier","Não","Declarado","new StatModifier()","Consulte a implementação na fonte.","","https://github.com/JonataOliveiraa/Bunny-Loader/blob/main/app/src/main/cpp/script/js/mod/StatModifier.js#L13"
"StatModifier","Equals","Instância","Equals(m)","StatModifier","Não","Declarado","!!m && this.Additive === m.Additive && this.Multiplicative === m.Multiplicative && this.Flat === m.Flat && this.Base === m.Base","Consulte a implementação na fonte.","","https://github.com/JonataOliveiraa/Bunny-Loader/blob/main/app/src/main/cpp/script/js/mod/StatModifier.js#L37"
"StatModifier","ForValue","Estático","ForValue(value)","StatModifier","Não","Declarado","Consultar fonte","O damage dos ModifyWeaponDamage: vale como número (return damage  2, o jeito de antes) e como StatModifier (damage.Additive += 0.1, o do tModLoader). O que o mod devolver em número ganha; senão vale o modificador.","","https://github.com/JonataOliveiraa/Bunny-Loader/blob/main/app/src/main/cpp/script/js/mod/StatModifier.js#L45"
"StatModifier","Resolve","Estático","Resolve(result, modifier, value)","StatModifier","Não","Declarado","Consultar fonte","Consulte a implementação na fonte.","","https://github.com/JonataOliveiraa/Bunny-Loader/blob/main/app/src/main/cpp/script/js/mod/StatModifier.js#L51"
"StatModifier","Scale","Instância","Scale(scale)","StatModifier","Não","Declarado","new StatModifier(1 + (this.Additive - 1) * scale, 1 + (this.Multiplicative - 1) * scale, this.Flat * scale, this.Base * scale)","Consulte a implementação na fonte.","","https://github.com/JonataOliveiraa/Bunny-Loader/blob/main/app/src/main/cpp/script/js/mod/StatModifier.js#L24"
"StatModifier","Undo","Instância","Undo(currentValue)","StatModifier","Não","Declarado","(currentValue - this.Flat) / (this.Multiplicative * this.Additive) - this.Base","Consulte a implementação na fonte.","","https://github.com/JonataOliveiraa/Bunny-Loader/blob/main/app/src/main/cpp/script/js/mod/StatModifier.js#L29"
"TagCompound","Add","Instância","Add(key, value)","TagCompound","Não","Declarado","Consultar fonte","Escrever e apagar.","","https://github.com/JonataOliveiraa/Bunny-Loader/blob/main/app/src/main/cpp/script/js/mod/TagCompound.js#L7"
"TagCompound","ContainsKey","Instância","ContainsKey(key)","TagCompound","Não","Declarado","Object.prototype.hasOwnProperty.call(this, key)","A chave foi salva?","","https://github.com/JonataOliveiraa/Bunny-Loader/blob/main/app/src/main/cpp/script/js/mod/TagCompound.js#L4"
"TagCompound","Count","Getter","get Count","TagCompound","Não","Declarado","Object.keys(this).length","Quantas chaves.","","https://github.com/JonataOliveiraa/Bunny-Loader/blob/main/app/src/main/cpp/script/js/mod/TagCompound.js#L2"
"TagCompound","from","Estático","from(data)","TagCompound","Não","Declarado","Object.assign(new TagCompound(), data && typeof data === 'object' ? data : {})","Um TagCompound com os campos do objeto.","","https://github.com/JonataOliveiraa/Bunny-Loader/blob/main/app/src/main/cpp/script/js/mod/TagCompound.js#L17"
"TagCompound","Get","Instância","Get(key, fallback)","TagCompound","Não","Declarado","this.ContainsKey(key) ? this[key] : fallback","O valor, ou o padrão.","","https://github.com/JonataOliveiraa/Bunny-Loader/blob/main/app/src/main/cpp/script/js/mod/TagCompound.js#L5"
"TagCompound","GetBool","Instância","GetBool(key)","TagCompound","Não","Declarado","!!this.Get(key, false)","O valor já convertido (falso, 0, '', [] se não há).","","https://github.com/JonataOliveiraa/Bunny-Loader/blob/main/app/src/main/cpp/script/js/mod/TagCompound.js#L10"
"TagCompound","GetCompound","Instância","GetCompound(key)","TagCompound","Não","Declarado","TagCompound.from(this[key])","O valor já convertido (falso, 0, '', [] se não há).","","https://github.com/JonataOliveiraa/Bunny-Loader/blob/main/app/src/main/cpp/script/js/mod/TagCompound.js#L15"
"TagCompound","GetFloat","Instância","GetFloat(key)","TagCompound","Não","Declarado","Number(this.Get(key, 0))","O valor já convertido (falso, 0, '', [] se não há).","","https://github.com/JonataOliveiraa/Bunny-Loader/blob/main/app/src/main/cpp/script/js/mod/TagCompound.js#L12"
"TagCompound","GetInt","Instância","GetInt(key)","TagCompound","Não","Declarado","Number(this.Get(key, 0)) | 0","O valor já convertido (falso, 0, '', [] se não há).","","https://github.com/JonataOliveiraa/Bunny-Loader/blob/main/app/src/main/cpp/script/js/mod/TagCompound.js#L11"
"TagCompound","GetList","Instância","GetList(key)","TagCompound","Não","Declarado","Array.isArray(this[key]) ? this[key] : []","O valor já convertido (falso, 0, '', [] se não há).","","https://github.com/JonataOliveiraa/Bunny-Loader/blob/main/app/src/main/cpp/script/js/mod/TagCompound.js#L14"
"TagCompound","GetString","Instância","GetString(key)","TagCompound","Não","Declarado","String(this.Get(key, ''))","O valor já convertido (falso, 0, '', [] se não há).","","https://github.com/JonataOliveiraa/Bunny-Loader/blob/main/app/src/main/cpp/script/js/mod/TagCompound.js#L13"
"TagCompound","Remove","Instância","Remove(key)","TagCompound","Não","Declarado","Consultar fonte","Escrever e apagar.","","https://github.com/JonataOliveiraa/Bunny-Loader/blob/main/app/src/main/cpp/script/js/mod/TagCompound.js#L8"
"TagCompound","Set","Instância","Set(key, value)","TagCompound","Não","Declarado","Consultar fonte","Escrever e apagar.","","https://github.com/JonataOliveiraa/Bunny-Loader/blob/main/app/src/main/cpp/script/js/mod/TagCompound.js#L6"
"TooltipLine","colorTag","Estático","colorTag(text, color)","TooltipLine","Não","Declarado","'[c/' + TooltipLoader.Hex(color) + ':' + text + ']'","'[c/RRGGBB:texto]' para pintar um trecho.","","https://github.com/JonataOliveiraa/Bunny-Loader/blob/main/app/src/main/cpp/script/js/mod/TooltipLine.js#L20"
"TooltipLine","constructor","Construtor","constructor(...args)","TooltipLine","Não","Declarado","instância","Consulte a implementação na fonte.","","https://github.com/JonataOliveiraa/Bunny-Loader/blob/main/app/src/main/cpp/script/js/mod/TooltipLine.js#L5"
"TooltipLine","Hide","Instância","Hide()","TooltipLine","Não","Declarado","Consultar fonte","Hide() tira a linha do tooltip.","","https://github.com/JonataOliveiraa/Bunny-Loader/blob/main/app/src/main/cpp/script/js/mod/TooltipLine.js#L18"
"UsageException","constructor","Construtor","constructor(msg, color)","UsageException","Não","Declarado","instância","Consulte a implementação na fonte.","","https://github.com/JonataOliveiraa/Bunny-Loader/blob/main/app/src/main/cpp/script/js/mod/ModCommand.js#L45"
